Date,Open,High,Low,Close,Adj Close,Volume
2018-01-02,39.81283908,40.31354106,39.60226128,40.30418015,40.30418015,102223600
2018-01-03,40.36734606,40.83997234,40.23398336,40.29715347,40.29715347,118071600
2018-01-04,40.36968883,40.58728552,40.26206328,40.48433685,40.48433685,89738400
2018-01-05,40.58025815,41.03182411,40.48900886,40.94525528,40.94525528,94640000
2018-01-08,40.79317856,41.08798314,40.69490679,40.79317856,40.79317856,82271200
2018-01-09,40.83997225,40.95929715,40.57324328,40.78849792,40.78849792,86336000
2018-01-10,40.51474591,40.78147486,40.47730939,40.77913284,40.77913284,95839600
2018-01-11,40.84932702,41.05990477,40.82593187,41.01076889,41.01076889,74670800
2018-01-12,41.22136030,41.49745029,41.09735490,41.43427658,41.43427658,101672400
2018-01-16,41.62377788,41.97239879,41.21198686,41.22368622,41.22368622,118263600
2018-01-17,41.21432947,41.93964697,40.96164185,41.90455246,41.90455246,137547200
2018-01-18,41.96771943,42.13852223,41.70567092,41.94198227,41.94198227,124773600
2018-01-19,41.78989339,42.01684735,41.50912667,41.75479889,41.75479889,129700400
2018-01-22,41.48339296,41.59569894,41.31961265,41.41320038,41.41320038,108434400
2018-01-23,41.48340071,41.98410263,41.37109470,41.42256546,41.42256546,130756400
2018-01-24,41.47170555,41.48340491,40.52411438,40.76276779,40.76276779,204420400
2018-01-25,40.83060538,40.93355402,39.89939433,40.03509903,40.03509903,166116000
2018-01-26,40.24333299,40.24333299,39.78942506,40.12868500,40.12868500,156572000
2018-01-29,39.81283545,39.81283545,39.08985993,39.29809570,39.29809570,202561600
2018-01-30,38.72954185,39.16005122,38.53534388,39.06646347,39.06646347,184192800
2018-01-31,39.04306325,39.41040248,38.95649440,39.17408752,39.17408752,129915600
2018-02-01,39.11325020,39.45251020,39.01732045,39.25597382,39.25597382,188923200
2018-02-02,38.83950535,39.02668440,37.45906652,37.55265427,37.55265427,346375200
2018-02-05,37.22509128,38.34348150,36.49977383,36.61442184,36.61442184,290954000
2018-02-06,36.22603380,38.30605327,36.03183582,38.14461136,38.14461136,272975200
2018-02-07,38.15864572,38.23117676,37.21807708,37.32804108,37.32804108,206434400
2018-02-08,37.50352025,37.66964261,36.27282390,36.30089951,36.30089951,217562000
2018-02-09,36.89996378,37.09260194,35.29541289,36.74491119,36.74491119,282690400
2018-02-12,37.23590528,38.50216084,37.00332641,38.22494888,38.22494888,243278000
2018-02-13,38.04640834,38.70420434,37.97592956,38.60788345,38.60788345,130196800
2018-02-14,38.30246855,39.35963928,38.26488298,39.31970215,39.31970215,162579600
2018-02-15,39.88823805,40.66349756,39.70264737,40.64000702,40.64000702,204588800
2018-02-16,40.49200272,41.06992450,40.35339670,40.50844574,40.50844574,160704400
2018-02-20,40.41916177,40.93834806,40.27115672,40.37217712,40.37217712,135722000
2018-02-21,40.60240811,40.90546217,40.17483952,40.18893814,40.18893814,149886400
2018-02-22,40.36043139,40.86552265,40.33928883,40.52487946,40.52487946,123967600
2018-02-23,40.79974727,41.26490144,40.76920563,41.22966385,41.22966385,135249600
2018-02-26,41.42934985,42.14352587,41.39646023,42.04485703,42.04485703,152648800
2018-02-27,42.07540332,42.39959996,41.85457149,41.90860367,41.90860367,155712400
2018-02-28,42.11299321,42.43249392,41.82873368,41.84517670,41.84517670,151128400
2018-03-01,41.94382955,42.23514007,40.56246239,41.11219025,41.11219025,195208000
2018-03-02,40.59536756,41.41761168,40.51314171,41.39646912,41.39646912,153816000
2018-03-05,41.16152828,41.75589283,40.99942821,41.53976059,41.53976059,113605600
2018-03-06,41.79583480,41.87570907,41.37766532,41.50452423,41.50452423,95154000
2018-03-07,41.09810488,41.31188918,40.94070432,41.11924744,41.11924744,126814000
2018-03-08,41.22496404,41.61024395,41.12864675,41.56795883,41.56795883,95096400
2018-03-09,41.80758911,42.28683837,41.67367907,42.28213882,42.28213882,128740800
2018-03-12,42.35496306,42.84831091,42.33617206,42.69091034,42.69091034,128828400
2018-03-13,42.89529235,43.10907664,42.10828956,42.27978516,42.27978516,126774000
2018-03-14,42.36200891,42.40899356,41.77234025,41.92034531,41.92034531,117473600
2018-03-15,41.93443557,42.34320951,41.83341876,41.96967316,41.96967316,90975200
2018-03-16,41.96967198,42.08008787,41.72769766,41.82167053,41.82167053,157618800
2018-03-19,41.65723147,41.69246907,40.79739833,41.18267822,41.18267822,133787200
2018-03-20,41.16858673,41.53507208,41.09810795,41.16858673,41.16858673,78597600
2018-03-21,41.12159544,41.13334250,40.23357220,40.23592377,40.23592377,148219600
2018-03-22,39.93756481,40.56716705,39.60866865,39.66740036,39.66740036,165963200
2018-03-23,39.55934514,39.91878306,38.74884796,38.74884796,38.74884796,164115200
2018-03-26,39.48415855,40.66584035,39.10122662,40.58831406,40.58831406,150164800
2018-03-27,40.80209304,41.14743579,39.21398884,39.54758453,39.54758453,163690400
2018-03-28,39.29150943,39.94225770,38.80756077,39.11061478,39.11061478,166674000
2018-03-29,39.42307077,40.34868306,39.20928650,39.41602325,39.41602325,153594000
2018-04-02,39.14820872,39.68854117,38.63841791,39.15760422,39.15760422,150347200
2018-04-03,39.38314625,39.64391526,38.73474928,39.55934143,39.55934143,121112000
2018-04-04,38.73474657,40.40977285,38.70890447,40.31580353,40.31580353,138422000
2018-04-05,40.54367561,40.93130347,40.42621219,40.59535980,40.59535980,107732800
2018-04-06,40.16544363,40.52018188,39.51469525,39.55698395,39.55698395,140021200
2018-04-09,39.90937317,40.66348633,39.90232565,39.94931030,39.94931030,116070800
2018-04-10,40.64234099,40.87726781,40.29699826,40.70107269,40.70107269,113634400
2018-04-11,40.46145937,40.85848640,40.33694840,40.51079559,40.51079559,89726400
2018-04-12,40.73866447,41.11219729,40.65173910,40.91016006,40.91016006,91557200
2018-04-13,41.06051033,41.30953220,40.84203011,41.04876328,41.04876328,100497200
2018-04-16,41.11924587,41.39176187,41.07226122,41.30484009,41.30484009,86313600
2018-04-17,41.46223773,42.03780775,41.44344315,41.87335968,41.87335968,106421600
2018-04-18,41.77234854,42.00962698,41.55386826,41.77939606,41.77939606,83018000
2018-04-19,40.82088757,41.20381947,40.56247019,40.59535980,40.59535980,139235200
2018-04-20,40.07853139,40.22418492,38.86395613,38.93208694,38.93208694,261964400
2018-04-23,39.19284587,39.21398843,38.54914503,38.81931305,38.81931305,146062000
2018-04-24,38.92033341,39.07538600,37.87490957,38.27898407,38.27898407,134768000
2018-04-25,38.20381110,38.86160714,38.15447846,38.44578552,38.44578552,113528400
2018-04-26,38.55619109,38.93442344,38.37999597,38.57968521,38.57968521,111852000
2018-04-27,38.52800672,38.60553302,37.73630431,38.13333130,38.13333130,142623200
2018-04-30,38.08869784,39.29387035,38.02056704,38.82401657,38.82401657,169709600
2018-05-01,39.09417389,39.74961816,38.82635745,39.72612762,39.72612762,214277600
2018-05-02,41.16623621,41.75825295,40.83029249,41.48104095,41.48104095,266157600
2018-05-03,41.31893095,41.69951126,40.98063575,41.55620575,41.55620575,136272800
2018-05-04,41.87570759,43.28526857,41.85691301,43.18659973,43.18659973,224805200
2018-05-07,43.50374991,44.08871902,43.40273309,43.49905396,43.49905396,169805600
2018-05-08,43.45913082,43.74808992,43.14902557,43.70815277,43.70815277,113611200
2018-05-09,43.82559427,44.02527989,43.51314120,44.01588440,44.01588440,92844800
2018-05-10,44.10517126,44.72302648,44.08402511,44.64550018,44.64550018,111957200
2018-05-11,44.68794819,44.82237099,44.20684738,44.47569656,44.47569656,104848800
2018-05-14,44.57475697,44.69739103,44.30355068,44.37194061,44.37194061,83115200
2018-05-15,44.04883690,44.11723040,43.65263964,43.96865463,43.96865463,94780800
2018-05-16,43.88139047,44.44503045,43.86488045,44.37899399,44.37899399,76732400
2018-05-17,44.33655172,44.55116036,43.94978620,44.09836197,44.09836197,69176000
2018-05-18,44.14552987,44.29174501,43.89554775,43.93799591,43.93799591,73190800
2018-05-21,44.33656652,44.63607519,44.07950964,44.24930954,44.24930954,73603200
2018-05-22,44.42618217,44.54409857,44.04884827,44.13846588,44.13846588,60962800
2018-05-23,43.94743664,44.45447564,43.80829258,44.42145920,44.42145920,80233600
2018-05-24,44.51815940,44.53466582,43.91442800,44.37194061,44.37194061,92936000
2018-05-25,44.39079999,44.72568208,44.25401655,44.47334290,44.47334290,69844000
2018-05-29,44.24222227,44.51342847,44.07006178,44.31296921,44.31296921,90056400
2018-05-30,44.27052668,44.33655957,44.04884331,44.21864319,44.21864319,74762000
2018-05-31,44.15261127,44.39080107,43.89791145,44.07006836,44.07006836,109931200
2018-06-01,44.33420248,44.86954027,44.27760133,44.86482620,44.86482620,93770000
2018-06-04,45.19499070,45.61477273,45.12660078,45.23979950,45.23979950,105064800
2018-06-05,45.53223529,45.73740865,45.36479244,45.58883286,45.58883286,86264000
2018-06-06,45.66429831,45.77042233,45.26102271,45.74683762,45.74683762,83734400
2018-06-07,45.78455961,45.79870899,45.36006003,45.62419510,45.62419510,85388800
2018-06-08,45.08413829,45.27987987,44.75397394,45.20912933,45.20912933,106627200
2018-06-11,45.12660713,45.27282231,44.85775789,45.09830475,45.09830475,73234000
2018-06-12,45.13602197,45.42373816,45.07942082,45.34591293,45.34591293,67644400
2018-06-13,45.37894507,45.48742973,44.91199715,44.97331238,44.97331238,86553600
2018-06-14,45.17377325,45.17849091,44.86011520,44.99689865,44.99689865,86440400
2018-06-15,44.81530576,44.84596517,44.39788070,44.53466415,44.53466415,246876800
2018-06-18,44.30825776,44.62427278,44.14788962,44.51107407,44.51107407,73939600
2018-06-19,43.66208126,43.94272285,43.26352328,43.79179001,43.79179001,134314000
2018-06-20,43.94744512,44.14790085,43.80122633,43.98281860,43.98281860,82514800
2018-06-21,44.15968407,44.41910154,43.61491097,43.73754501,43.73754501,102847600
2018-06-22,43.89319760,43.90027230,43.55831547,43.61019897,43.61019897,108801600
2018-06-25,43.25172412,43.61019090,42.62205112,42.96165085,42.96165085,126652400
2018-06-26,43.15503280,43.98987908,43.04890519,43.49462891,43.49462891,98276800
2018-06-27,43.68329695,44.16675478,43.40029839,43.43095779,43.43095779,101141200
2018-06-28,43.41681811,43.91442544,43.34606755,43.74698257,43.74698257,69460800
2018-06-29,43.93327969,44.14553131,43.13616747,43.65499878,43.65499878,90950800
2018-07-02,43.35077487,44.17147178,43.25643962,44.14316940,44.14316940,70925200
2018-07-03,44.28702683,44.32476093,43.28473773,43.37435532,43.37435532,55819200
2018-07-05,43.69036842,43.96157821,43.45925336,43.72338486,43.72338486,66416800
2018-07-06,43.72810126,44.43795644,43.67621778,44.32947540,44.32947540,69940800
2018-07-09,44.69030751,44.96858844,44.64314168,44.94500732,44.94500732,79026400
2018-07-10,44.97566608,45.11008888,44.85067141,44.89076614,44.89076614,63756400
2018-07-11,44.45446938,44.75633499,44.24457840,44.30825424,44.30825424,75326000
2018-07-12,44.69738306,45.14074980,44.64549956,45.05113220,45.05113220,72164400
2018-07-13,45.06293663,45.24216828,45.02048485,45.12189484,45.12189484,50055600
2018-07-16,45.16668526,45.43317379,44.90726782,45.02282715,45.02282715,60172400
2018-07-17,44.74925829,45.24922250,44.61954957,45.15017319,45.15017319,62138000
2018-07-18,45.22800774,45.23272541,44.79171568,44.90255737,44.90255737,65573600
2018-07-19,44.73511641,45.40959824,44.73511641,45.25159073,45.25159073,81147200
2018-07-20,45.22799796,45.38128779,44.84830715,45.14781570,45.14781570,82704800
2018-07-23,44.96857428,45.27044342,44.70444282,45.18790054,45.18790054,63957600
2018-07-24,45.38601164,45.67137084,45.29167998,45.51572037,45.51572037,74791600
2018-07-25,45.52988205,45.95202480,45.38130623,45.94495010,45.94495010,66839600
2018-07-26,45.89541810,46.21379380,45.65958532,45.80108643,45.80108643,76304000
2018-07-27,45.98502488,46.03219071,44.83180299,45.03933334,45.03933334,96096000
2018-07-30,45.25630362,45.32705417,44.58890010,44.78699875,44.78699875,84118000
2018-07-31,44.87897806,45.31290951,44.65257701,44.87661743,44.87661743,157492000
2018-08-01,46.96138686,47.58162468,46.53216944,47.52030945,47.52030945,271742800
2018-08-02,47.30332729,49.14282322,47.24908677,48.90934753,48.90934753,249616000
2018-08-03,48.82446031,49.22773594,48.45891878,49.05086136,49.05086136,133789600
2018-08-06,49.05321447,49.34800542,48.83389173,49.30555725,49.30555725,101701600
2018-08-07,49.36451088,49.40695904,48.76077604,48.84331894,48.84331894,102349600
2018-08-08,48.59334037,49.00840473,48.23251654,48.87633896,48.87633896,90102000
2018-08-09,49.41403585,49.47299404,48.86454511,49.26074600,49.26074600,93970400
2018-08-10,49.07378575,49.48557518,48.91048987,49.11401749,49.11401749,98444800
2018-08-13,49.53526416,49.92338611,49.15424173,49.43113327,49.43113327,103563600
2018-08-14,49.73643953,49.83110203,49.28678360,49.63940811,49.63940811,82992000
2018-08-15,49.51397702,49.87370103,49.30334989,49.75537109,49.75537109,115230400
2018-08-16,50.11272194,50.60024064,50.04645748,50.48427963,50.48427963,114001600
2018-08-17,50.51267159,51.58000606,50.44640713,51.49244308,51.49244308,141708000
2018-08-20,51.61551984,51.87110932,50.90790551,50.99073792,50.99073792,121150800
2018-08-21,51.30785820,51.40015540,50.65230938,50.89133453,50.89133453,104639200
2018-08-22,50.66887352,51.20372346,50.60733965,50.89369965,50.89369965,76072400
2018-08-23,50.79904003,51.36702589,50.78720993,50.99783707,50.99783707,75532800
2018-08-24,51.26054116,51.33153625,50.90791657,51.15641022,51.15641022,73905600
2018-08-27,51.39066966,51.76696145,51.19661051,51.57763290,51.57763290,82100400
2018-08-28,51.83087526,52.19296456,51.80957674,51.99417114,51.99417114,91107200
2018-08-29,52.10066463,52.89111128,51.92553866,52.77041245,52.77041245,109019200
2018-08-30,52.83430762,54.01997208,52.63314531,53.25556183,53.25556183,195175200
2018-08-31,53.60581865,54.16433602,53.48512344,53.87088013,53.87088013,173360400
2018-09-04,54.05547767,54.23770315,53.63422342,54.04364395,54.04364395,109560400
2018-09-05,54.19274617,54.35367315,53.27213940,53.69102478,53.69102478,133332000
2018-09-06,53.53955573,53.80461721,52.37282442,52.79881287,52.79881287,137160000
2018-09-07,52.50300074,53.33604099,52.23320859,52.37283707,52.37283707,150479200
2018-09-10,52.29000013,52.50299619,51.22976487,51.66995239,51.66995239,158066000
2018-09-11,51.59420698,53.08279930,51.25105096,52.97630310,52.97630310,142996000
2018-09-12,53.23425839,53.24845740,52.02729191,52.31838608,52.31838608,197114800
2018-09-13,52.89820655,54.04127397,52.67338043,53.58215332,53.58215332,166825600
2018-09-14,53.42595530,53.68391365,52.66154508,52.97393417,52.97393417,127997200
2018-09-17,52.57399261,52.76332124,51.41909481,51.56345749,51.56345749,148780400
2018-09-18,51.54214749,52.50298952,51.38358582,51.64864731,51.64864731,126286800
2018-09-19,51.71017596,51.97523383,50.95286518,51.67940903,51.67940903,108495200
2018-09-20,52.12197724,52.60476184,51.86401520,52.07227707,52.07227707,106435200
2018-09-21,52.24976449,52.38702765,51.42382027,51.51138687,51.51138687,384986800
2018-09-24,51.31258854,52.36335520,51.26762259,52.25212479,52.25212479,110773600
2018-09-25,52.00600728,52.73255482,51.99417356,52.58345795,52.58345795,98217600
2018-09-26,52.30182537,52.95263994,52.00836586,52.16456223,52.16456223,95938800
2018-09-27,52.96921392,53.58926162,52.90294583,53.23663712,53.23663712,120724800
2018-09-28,53.19876189,53.44725543,53.01653642,53.42359161,53.42359161,91717600
2018-10-01,53.94662110,54.29451142,53.56796744,53.78332520,53.78332520,94403200
2018-10-02,53.78095995,54.43177465,53.63423198,54.26137924,54.26137924,99152800
2018-10-03,54.44359983,55.25297610,54.37970066,54.92165375,54.92165375,114619200
2018-10-04,54.61636079,54.98791850,53.65788766,53.95608139,53.95608139,128168000
2018-10-05,53.94898542,54.05548164,52.20243443,53.08044052,53.08044052,134322000
2018-10-08,52.58817822,53.20112626,52.11248968,52.95736694,52.95736694,118655600
2018-10-09,52.92661439,53.78569090,52.59765731,53.69102478,53.69102478,107564000
2018-10-10,53.35732993,53.56795705,51.13035993,51.20372391,51.20372391,167962400
2018-10-11,50.76826928,51.94683425,50.24761836,50.75170135,50.75170135,212497600
2018-10-12,52.16456226,52.74674707,51.31731959,52.56451797,52.56451797,161351600
2018-10-15,52.33969204,52.49825370,51.41908539,51.44038391,51.44038391,123164000
2018-10-16,51.81193726,52.77277925,51.29838584,52.57398224,52.57398224,116736000
2018-10-17,52.60947138,52.68993484,51.90895682,52.34677887,52.34677887,91541600
2018-10-18,51.55870990,52.00363153,50.40854300,51.12325668,51.12325668,130325200
2018-10-19,51.60604592,52.36335671,51.45694906,51.90187073,51.90187073,132314800
2018-10-22,52.01547033,52.86034778,51.81431161,52.21899796,52.21899796,115168400
2018-10-23,51.07829869,52.83431445,50.81087189,52.71125031,52.71125031,155071200
2018-10-24,52.68047766,53.06623072,50.77299647,50.90316010,50.90316010,163702000
2018-10-25,51.52321551,52.39175669,51.29602047,52.01783371,52.01783371,119423200
2018-10-26,51.09485950,52.11013226,50.33044920,51.18952560,51.18952560,189033600
2018-10-29,51.87347644,51.99180637,48.77323076,50.22869110,50.22869110,183742000
2018-10-30,49.97072854,50.92446749,49.52581045,50.47954941,50.47954941,146640000
2018-10-31,51.32679032,52.17166413,51.26525645,51.79537582,51.79537582,153435600
2018-11-01,51.84034574,52.62368934,51.31022632,52.59055710,52.59055710,233292800
2018-11-02,49.59206806,50.56237120,48.61702711,49.10218048,49.10218048,365314800
2018-11-05,48.34961325,48.37091177,46.89888706,47.70826340,47.70826340,264654800
2018-11-06,47.78634481,48.44899295,47.73191407,48.22416687,48.22416687,127531600
2018-11-07,48.74482808,49.71276597,48.30937484,49.68673325,49.68673325,133697600
2018-11-08,49.86722556,49.90047339,49.10014808,49.51337433,49.51337433,101450400
2018-11-09,48.81516254,48.92440388,48.03145939,48.55867767,48.55867767,137463200
2018-11-12,47.25964307,47.46150731,46.02234127,46.11258698,46.11258698,204542000
2018-11-13,45.50937009,46.82741237,45.46662079,45.65185928,45.65185928,187531600
2018-11-14,46.04846192,46.18620402,44.15570117,44.36231613,44.36231613,243204000
2018-11-15,44.73992273,45.59012182,44.38606780,45.45713043,45.45713043,185915200
2018-11-16,45.24100174,46.30256254,44.99401833,45.96058273,45.96058273,147713200
2018-11-19,45.12225483,45.28849399,43.93245352,44.13906479,44.13906479,167701200
2018-11-20,42.36029811,43.09650480,41.68108927,42.03019333,42.03019333,271300800
2018-11-21,42.68328984,42.81153410,41.92808730,41.98270798,41.98270798,124496800
2018-11-23,41.54573618,41.93996319,40.87127787,40.91639709,40.91639709,94496000
2018-11-26,41.37949593,41.54810870,40.43430055,41.46973801,41.46973801,179994000
2018-11-27,40.73115539,41.50536080,40.58154192,41.37949371,41.37949371,165549600
2018-11-28,41.97083737,43.05377134,41.54336248,42.97065353,42.97065353,184250000
2018-11-29,43.37912145,43.41236929,42.20119126,42.64054108,42.64054108,167080000
2018-11-30,42.81627749,42.82577894,42.04207573,42.41017914,42.41017914,158126000
2018-12-03,43.80659108,43.92058314,43.03476295,43.89208603,43.89208603,163210000
2018-12-04,42.97301384,43.31499364,41.86158309,41.96132660,41.96132660,165377200
2018-12-06,40.79052927,41.50773687,40.47229941,41.49348831,41.49348831,172393600
2018-12-07,41.20137443,41.43886001,39.96882369,40.01394653,40.01394653,169126400
2018-12-10,39.18512964,40.39393064,38.78852906,40.27756500,40.27756500,248104000
2018-12-11,40.76678424,40.79765490,39.66010033,40.04720306,40.04720306,189126800
2018-12-12,40.46754568,40.82852481,40.13981801,40.15881729,40.15881729,142510800
2018-12-13,40.48892226,40.98289275,40.26568521,40.59816360,40.59816360,127594400
2018-12-14,40.13506841,40.15406769,39.25162164,39.29911804,39.29911804,162814800
2018-12-17,39.29198969,39.98070007,38.64602860,38.93338776,38.93338776,177151600
2018-12-18,39.27535865,39.78595109,39.04024666,39.43922424,39.43922424,135366000
2018-12-19,39.42261231,39.76696573,37.78158583,38.20906067,38.20906067,196189200
2018-12-20,38.09269099,38.49879298,36.88151653,37.24486923,37.24486923,259092000
2018-12-21,37.25199945,37.56073152,35.53497920,35.79621124,35.79621124,382978400
2018-12-24,35.18349333,35.99094661,34.81301634,34.87001419,34.87001419,148676800
2018-12-26,35.21911141,37.33985585,34.84388377,37.32560730,37.32560730,234330000
2018-12-27,37.00975026,37.23061373,35.63946114,37.08337021,37.08337021,212468400
2018-12-28,37.40397507,37.64621135,36.70339341,37.10236740,37.10236740,169165600
2018-12-31,37.64858382,37.84569726,37.16173772,37.46097183,37.46097183,140014000
2019-01-02,36.78414959,37.72459430,36.62740821,37.50373077,37.50373077,148158800
2019-01-03,34.19316003,34.60638609,33.72293977,33.76806259,33.76806259,365248800
2019-01-04,34.32380096,35.27849430,34.15043745,35.20962143,35.20962143,234428400
2019-01-07,35.31410959,35.34498388,34.64914916,35.13124466,35.13124466,219111200
2019-01-08,35.51834826,36.05506808,35.27136482,35.80095673,35.80095673,164101200
2019-01-09,35.92919079,36.69864535,35.53496749,36.40891266,36.40891266,180396400
2019-01-10,36.21655561,36.56565975,35.82707935,36.52528763,36.52528763,143122800
2019-01-11,36.30679098,36.50152724,35.98143332,36.16667175,36.16667175,108092800
2019-01-14,35.82470126,35.92444477,35.43759860,35.62283707,35.62283707,129756800
2019-01-15,35.68696445,36.42791841,35.63471732,36.35192490,36.35192490,114843600
2019-01-16,36.35429337,37.01925372,36.33529408,36.79601669,36.79601669,122278800
2019-01-17,36.62028409,37.44198597,36.39704701,37.01451111,37.01451111,119284800
2019-01-18,37.40398114,37.49422683,37.04300202,37.24249268,37.24249268,135004000
2019-01-22,37.14513189,37.22112541,36.24505923,36.40655136,36.40655136,121576000
2019-01-23,36.60841173,36.84352383,36.02657261,36.55379105,36.55379105,92522400
2019-01-24,36.59890124,36.68676974,36.03606160,36.26404572,36.26404572,101766000
2019-01-25,36.92426186,37.55360090,36.64878130,37.46572876,37.46572876,134142000
2019-01-28,36.99788331,37.12612757,36.49204140,37.11900330,37.11900330,104768400
2019-01-29,37.10711844,37.55359245,36.59889949,36.73426437,36.73426437,166348800
2019-01-30,38.76952796,39.45823482,38.05232036,39.24449921,39.24449921,244439200
2019-01-31,39.44874036,40.13507372,39.08063688,39.52711105,39.52711105,162958400
2019-02-01,39.65059868,40.13031700,39.40598517,39.54610443,39.54610443,130672400
2019-02-04,39.75747056,40.76678450,39.72659627,40.66941452,40.66941452,125982000
2019-02-05,41.05176667,41.57898506,40.93065030,41.36524582,41.36524582,144406400
2019-02-06,41.47686006,41.69535001,41.04938886,41.37949371,41.37949371,112958400
2019-02-07,40.94252167,41.30825158,40.45330185,40.59579468,40.59579468,126966800
2019-02-08,40.30481441,40.70311587,40.16886531,40.64348984,40.64348984,95280000
2019-02-11,40.79612720,40.83428873,40.36681909,40.40974808,40.40974808,83973600
2019-02-12,40.56955605,40.78420832,40.47415221,40.75797272,40.75797272,89134000
2019-02-13,40.87721843,41.13718703,40.52661710,40.58862686,40.58862686,89960800
2019-02-14,40.47653878,40.84621728,40.39783198,40.73650742,40.73650742,87342800
2019-02-15,40.84382906,40.95115518,40.48607289,40.64587021,40.64587021,98507200
2019-02-19,40.47654156,40.88915272,40.42407035,40.76751328,40.76751328,75891200
2019-02-20,40.82952267,41.33753763,40.78182257,41.02986526,41.02986526,104457600
2019-02-21,40.97500968,41.11095514,40.61725349,40.79851532,40.79851532,68998800
2019-02-22,40.92254203,41.26121749,40.87484193,41.25406265,41.25406265,75652800
2019-02-25,41.53787585,41.94571583,41.48778839,41.55456924,41.55456924,87493600
2019-02-26,41.43055116,41.80977183,41.30175690,41.57842255,41.57842255,68280800
2019-02-27,41.31129272,41.73821342,41.19680815,41.70720673,41.70720673,111341600
2019-02-28,41.57603864,41.71675519,41.24213070,41.29698563,41.29698563,112861600
2019-03-01,41.56649923,41.77399665,41.23497863,41.73106766,41.73106766,103544800
2019-03-04,41.90279839,42.39411640,41.49257092,41.94095993,41.94095993,109744800
2019-03-05,41.96241158,41.97672124,41.62850366,41.86462402,41.86462402,78949600
2019-03-06,41.65951150,41.85508661,41.48540452,41.62373734,41.62373734,83241600
2019-03-07,41.46870577,41.60465486,41.02747538,41.14195633,41.14195633,99185600
2019-03-08,40.62202509,41.27791144,40.42644995,41.23974991,41.23974991,95997600
2019-03-11,41.85508829,42.72085575,41.82169786,42.66838455,42.66838455,128044000
2019-03-12,42.93073036,43.56753576,42.78047164,43.14776993,43.14776993,129870400
2019-03-13,43.46737170,43.71780173,43.15016081,43.33858109,43.33858109,124130000
2019-03-14,43.86089972,43.90860345,43.54130512,43.82035446,43.82035446,94318000
2019-03-15,44.08748707,44.67897625,43.82274736,44.39038467,44.39038467,156171600
2019-03-18,44.31407213,44.93179701,44.31168476,44.84355164,44.84355164,104879200
2019-03-19,44.92226140,45.07490392,44.34269438,44.48818207,44.48818207,126585600
2019-03-20,44.41661923,45.19414495,44.05886306,44.87693405,44.87693405,124140800
2019-03-21,45.32055213,46.82551249,45.27046467,46.52976608,46.52976608,204136800
2019-03-22,46.58939275,47.14987887,45.50181457,45.56621170,45.56621170,169630800
2019-03-25,45.67592404,45.78802128,44.50487155,45.01527023,45.01527023,175381200
2019-03-26,45.71169204,46.00266730,44.02308274,44.55017471,44.55017471,199202000
2019-03-27,45.01764373,45.25853154,44.49293550,44.95086288,44.95086288,119393600
2019-03-28,45.06535680,45.21084447,44.72668135,45.01050186,45.01050186,83121600
2019-03-29,45.27523657,45.33486260,44.96756422,45.30385590,45.30385590,94256000
2019-04-01,45.70692668,45.71646524,44.92940460,45.61152649,45.61152649,111448000
2019-04-02,45.57575150,46.37951286,45.56621294,46.27457047,46.27457047,91062800
2019-04-03,46.09092151,46.86605990,46.06706964,46.59178162,46.59178162,93087200
2019-04-04,46.45822614,46.83506317,46.06469571,46.67288208,46.67288208,76457200
2019-04-05,46.85413542,47.00916528,46.73011225,46.98531342,46.98531342,74106400
2019-04-08,46.84697720,47.75567728,46.82789644,47.72467422,47.72467422,103526800
2019-04-09,47.77714862,48.38056377,47.51717635,47.58157349,47.58157349,143072800
2019-04-10,47.38599529,47.87731682,47.26674323,47.84869385,47.84869385,86781200
2019-04-11,47.90355754,47.93933170,47.32876169,47.45039749,47.45039749,83603200
2019-04-12,47.51001554,47.73420997,46.79689061,47.43130875,47.43130875,111042800
2019-04-15,47.36215515,47.66505645,47.22620604,47.51718140,47.51718140,70146400
2019-04-16,47.57203724,48.02757738,47.35738133,47.52194977,47.52194977,102785600
2019-04-17,47.59111313,48.50697177,47.36930603,48.44734573,48.44734573,115627200
2019-04-18,48.44496557,48.69062457,48.30186525,48.62145996,48.62145996,96783200
2019-04-22,48.37579370,48.87903757,48.25892537,48.78125000,48.78125000,77758000
2019-04-23,48.75740200,49.54923753,48.63099509,49.48484039,49.48484039,93292000
2019-04-24,49.45621603,49.72333949,49.38228033,49.40851593,49.40851593,70162400
2019-04-25,49.32981092,49.55161802,48.92196725,48.96012878,48.96012878,74172800
2019-04-26,48.86949112,48.89334299,48.20644998,48.72639084,48.72639084,74596400
2019-04-29,48.75024365,49.12469688,48.62145301,48.80033112,48.80033112,88818800
2019-04-30,48.43064326,48.51173378,47.48855277,47.86061859,47.86061859,186139600
2019-05-01,50.05724216,51.35231769,49.90221231,50.20988464,50.20988464,259309200
2019-05-02,50.04771283,50.71790895,49.63987275,49.88314438,49.88314438,127985200
2019-05-03,50.29813642,50.52471462,50.14072282,50.50325012,50.50325012,83569600
2019-05-06,48.72400621,49.80920071,48.53558955,49.72333908,49.72333908,129772400
2019-05-07,49.10323335,49.47052812,47.89878672,48.38294983,48.38294983,155054800
2019-05-08,48.15399003,48.97444495,48.11821586,48.39249420,48.39249420,105358000
2019-05-09,47.79622408,48.10150907,46.90422101,47.87254715,47.87254715,139634400
2019-05-10,47.26680569,47.60918188,46.15349215,47.20934296,47.20934296,164834800
2019-05-13,44.94202086,45.36579626,43.77842680,44.46556854,44.46556854,229722400
2019-05-14,44.63076708,45.41846582,44.39134449,45.16946793,45.16946793,146118800
2019-05-15,44.59725000,45.90928486,44.53739435,45.71056366,45.71056366,106178800
2019-05-16,45.46874379,46.08166502,45.21255987,45.50944519,45.50944519,132125600
2019-05-17,44.75526701,45.70577507,44.71456560,45.25087357,45.25087357,131516400
2019-05-20,43.93884536,44.13756660,43.16311467,43.83589172,43.83589172,154449200
2019-05-21,44.34586509,45.01145979,44.22136429,44.67626953,44.67626953,113459200
2019-05-22,44.21177718,44.46317163,43.70659536,43.76166153,43.76166153,118994400
2019-05-23,43.04817890,43.22534926,42.57172666,43.01465988,43.01465988,146118800
2019-05-24,43.14395320,43.60843364,42.76566504,42.84946442,42.84946442,94858800
2019-05-28,42.83749299,43.23732831,42.59567747,42.67229080,42.67229080,111792800
2019-05-29,42.23892184,42.94043174,42.13836482,42.46876907,42.46876907,113924800
2019-05-30,42.60526082,42.91172153,42.29880011,42.68906021,42.68906021,84873600
2019-05-31,42.19344937,42.61483554,41.89656764,41.91572189,41.91572189,108174400
2019-06-03,42.04261615,42.59807476,40.76649307,41.49194336,41.49194336,161584400
2019-06-04,42.00430205,43.05536713,41.78403369,43.00987625,43.00987625,123872000
2019-06-05,44.12079739,44.29078905,43.36901056,43.70420074,43.70420074,119093600
2019-06-06,43.83348771,44.40570754,43.61082280,44.34585190,44.34585190,90105200
2019-06-07,44.65470883,45.94998600,44.47753844,45.52620697,45.52620697,122737600
2019-06-10,45.92364910,46.77599298,45.87815822,46.10800552,46.10800552,104883600
2019-06-11,46.65388241,46.92682400,46.35221129,46.64191055,46.64191055,107731600
2019-06-12,46.43601032,46.91964497,46.30193425,46.49347305,46.49347305,73012800
2019-06-13,46.61558515,47.11597757,46.35222245,46.48390198,46.48390198,86698400
2019-06-14,45.86139545,46.34981590,45.56211723,46.14630890,46.14630890,75046000
2019-06-17,46.18462023,46.67783388,46.00984275,46.42164993,46.42164993,58676400
2019-06-18,46.93879972,47.95394917,46.73768562,47.51341248,47.51341248,106204000
2019-06-19,47.80790420,47.85579164,47.24047379,47.37454987,47.37454987,84496800
2019-06-20,47.97310556,48.03056830,47.41285754,47.75523376,47.75523376,86056000
2019-06-21,47.59721196,48.08802900,47.44158508,47.59242249,47.59242249,191202400
2019-06-24,47.53496146,47.92282855,47.44637626,47.54454041,47.54454041,72881600
2019-06-25,47.50862437,47.70734556,46.75683755,46.82387924,46.82387924,84281200
2019-06-26,47.35060801,48.12154906,47.25005096,47.83663559,47.83663559,104270000
2019-06-27,47.95396042,48.26042477,47.78157947,47.82228088,47.82228088,83598800
2019-06-28,47.56847642,47.76480469,47.17822010,47.38651657,47.38651657,124442400
2019-07-01,48.64348628,48.95952585,48.04014034,48.25562286,48.25562286,109012000
2019-07-02,48.22210343,48.63391057,48.21013157,48.53813934,48.53813934,67740800
2019-07-03,48.66983515,48.94756630,48.52857667,48.94038391,48.94038391,45448000
2019-07-05,48.68658462,49.10078468,48.57884154,48.89727402,48.89727402,69062000
2019-07-08,48.07845117,48.21970963,47.50383840,47.88930893,47.88930893,101354400
2019-07-09,47.69297620,48.24604176,47.59960154,48.18140030,48.18140030,82312000
2019-07-10,48.32745906,48.77757112,48.25802445,48.65785980,48.65785980,71588400
2019-07-11,48.67699974,48.93557654,48.29392583,48.30350113,48.30350113,80767200
2019-07-12,48.47110329,48.84220904,48.41124764,48.67461395,48.67461395,70380800
2019-07-15,48.86376024,49.28993219,48.84221308,49.13191605,49.13191605,67789600
2019-07-16,48.98346885,49.34739222,48.72249909,48.96192169,48.96192169,67467200
2019-07-17,48.85419104,49.10318898,48.66744167,48.68659592,48.68659592,56430000
2019-07-18,48.84220835,49.29232399,48.77038084,49.23965073,49.23965073,74162400
2019-07-19,49.27077500,49.44076665,48.44955724,48.50462341,48.50462341,83717200
2019-07-22,48.75841861,49.61555209,48.74884331,49.61315918,49.61315918,89111600
2019-07-23,49.91004803,50.01778749,49.62992031,50.00102615,50.00102615,73420800
2019-07-24,49.72089309,50.07523753,49.60118179,49.96031570,49.96031570,59966400
2019-07-25,50.01299628,50.09679566,49.49584249,49.56527710,49.56527710,55638400
2019-07-26,49.67540723,50.21410816,49.59400441,49.73765945,49.73765945,70475600
2019-07-29,49.91003336,50.43197284,49.90524388,50.20212555,50.20212555,86693600
2019-07-30,49.98186290,50.31705675,49.63470084,49.98665237,49.98665237,135742800
2019-07-31,51.81584140,53.00098260,50.58999879,51.00659180,51.00659180,277125600
2019-08-01,51.21249303,52.20130954,49.49822998,49.90285110,49.90285110,216071600
2019-08-02,49.20852693,49.42400581,48.27478025,48.84700012,48.84700012,163448400
2019-08-05,47.40328001,47.56129614,46.10800291,46.28996277,46.28996277,209572000
2019-08-06,47.00104996,47.42243607,46.45755963,47.16625214,47.16625214,143299200
2019-08-07,46.78557294,47.77917531,46.40489187,47.65467453,47.65467453,133457600
2019-08-08,47.93241160,48.72968942,47.73847984,48.70574570,48.70574570,108038000
2019-08-09,48.37888856,48.72977163,47.89581833,48.30438614,48.30438614,98478800
2019-08-12,47.97512259,48.55913186,47.86216614,48.18180847,48.18180847,89927600
2019-08-13,48.31159575,50.98408952,48.18181426,50.22223663,50.22223663,188874000
2019-08-14,48.82590833,49.61419794,48.68891717,48.72737122,48.72737122,146189600
2019-08-15,48.89799466,49.30175103,47.98713350,48.48462296,48.48462296,108909600
2019-08-16,49.09507083,49.78722887,48.98932405,49.62860870,49.62860870,110481600
2019-08-19,50.61878493,51.12588621,50.47698977,50.55389786,50.55389786,97654400
2019-08-20,50.68127876,51.27489986,50.54669325,50.55630493,50.55630493,107537200
2019-08-21,51.18836962,51.34698613,50.85430792,51.10425186,51.10425186,86141600
2019-08-22,51.23645003,51.53686544,50.65003856,51.06100845,51.06100845,89014800
2019-08-23,50.33279001,50.96246311,48.30679055,48.70093536,48.70093536,187272000
2019-08-26,49.47479876,49.79444111,49.28253222,49.62620926,49.62620926,104174400
2019-08-27,49.95546321,50.12129305,48.91482409,49.06623459,49.06623459,103493200
2019-08-28,49.05181537,49.44115245,48.86435650,49.39548874,49.39548874,63755200
2019-08-29,50.10927391,50.30634812,49.66706346,50.23184204,50.23184204,83962000
2019-08-30,50.50823691,50.57793166,49.79685169,50.16696548,50.16696548,84573600
2019-09-03,49.61179332,49.74397682,49.08066101,49.43635178,49.43635178,80092000
2019-09-04,50.08284559,50.34480690,49.82569194,50.27511215,50.27511215,76752400
2019-09-05,50.95045065,51.42390560,50.83268649,51.25807571,51.25807571,95654800
2019-09-06,51.44312612,51.53204790,51.07301235,51.25326157,51.25326157,77449200
2019-09-09,51.63298416,52.01751726,50.72693414,51.47196198,51.47196198,109237600
2019-09-10,51.39746283,52.09923267,50.88074989,52.08000565,52.08000565,127111600
2019-09-11,52.40926543,53.76473943,52.32754967,53.73589706,53.73589706,177158400
2019-09-12,54.02670012,54.41603726,53.56045489,53.61573029,53.61573029,128906800
2019-09-13,52.87310442,53.06296532,52.15691522,52.57268906,52.57268906,159053200
2019-09-16,52.32754330,52.90434293,52.28668725,52.84906387,52.84906387,84632400
2019-09-17,52.86349631,53.07018225,52.66161439,53.04133987,53.04133987,73274800
2019-09-18,53.12785615,53.55805301,52.73851901,53.53882599,53.53882599,101360000
2019-09-19,53.35617059,53.77675210,52.96202578,53.10382462,53.10382462,88242400
2019-09-20,53.20476405,53.48835439,52.26506390,52.32754898,52.32754898,221652400
2019-09-23,52.62075086,52.83464644,52.30831817,52.56547546,52.56547546,76662000
2019-09-24,53.12065122,53.47153801,52.19777601,52.31553650,52.31553650,124763200
2019-09-25,52.52462813,53.23360773,52.18575869,53.12065125,53.12065125,87613600
2019-09-26,52.87310494,53.09901789,52.59191660,52.84666824,52.84666824,75334000
2019-09-27,53.00287233,53.10381511,52.21939053,52.58950424,52.58950424,101408000
2019-09-30,53.08940282,53.97382758,53.06296612,53.82722473,53.82722473,103909600
2019-10-01,54.09158894,54.84863417,53.88249736,53.97622681,53.97622681,139223200
2019-10-02,53.60852542,53.73349925,52.37561947,52.62316513,52.62316513,138449200
2019-10-03,52.49578506,53.10382918,51.70269136,53.07018280,53.07018280,114426000
2019-10-04,54.22858054,54.67319677,53.80799902,54.55783463,54.55783463,138478800
2019-10-07,54.37998242,55.25959572,54.27663764,54.56984329,54.56984329,122306000
2019-10-08,54.27184380,54.81018583,53.91374734,53.93056870,53.93056870,111820000
2019-10-09,54.56264114,54.74529237,54.22857940,54.56264114,54.56264114,74770400
2019-10-10,54.77894269,55.38217915,54.62753583,55.29806137,55.29806137,113013600
2019-10-11,55.98540479,57.11256379,55.83159227,56.76889038,56.76889038,166795600
2019-10-14,56.45404554,57.23032137,56.39877015,56.68716812,56.68716812,96427600
2019-10-15,56.81214630,57.11496365,56.44924589,56.55499268,56.55499268,87360000
2019-10-16,56.08633934,56.53576316,56.04548329,56.32667160,56.32667160,73903200
2019-10-17,56.49971592,56.75446755,56.12239614,56.54537964,56.54537964,67585200
2019-10-18,56.37955284,57.09814773,56.30745242,56.81695938,56.81695938,97433600
2019-10-21,57.08372360,57.91767689,57.03565787,57.80231476,57.80231476,87247200
2019-10-22,57.95852967,58.20847361,57.58841593,57.67013168,57.67013168,82293600
2019-10-23,58.18444841,58.45842708,57.97295483,58.44400406,58.44400406,75828800
2019-10-24,58.76365317,58.83335159,58.11475665,58.54014587,58.54014587,69275200
2019-10-25,58.43920289,59.29718729,58.37191014,59.26113892,59.26113892,73477200
2019-10-28,59.46300503,59.90281349,59.29477319,59.85474777,59.85474777,96572800
2019-10-29,59.83551748,60.02297634,58.29739263,58.47042847,58.47042847,142839600
2019-10-30,58.82372088,58.95350235,57.97054432,58.46322250,58.46322250,124522000
2019-10-31,59.41975464,59.88359418,57.02123583,59.78505707,59.78505707,139162000
2019-11-01,59.97252873,61.50825219,59.88120494,61.48181915,61.48181915,151125200
2019-11-04,61.84470699,61.96968448,61.37606341,61.88556671,61.88556671,103272000
2019-11-05,61.77741924,62.05140160,61.60198134,61.79664993,61.79664993,79897600
2019-11-06,61.71010645,61.88314596,61.37364278,61.82306290,61.82306290,75864400
2019-11-07,62.37025524,62.75835567,62.21839018,62.53658295,62.53658295,94940400
2019-11-08,62.35821361,62.78005780,61.91467547,62.70774460,62.70774460,69986400
2019-11-11,62.26419563,63.26939325,62.25937721,63.20431137,63.20431137,81821200
2019-11-12,63.04762853,63.34654029,62.89577079,63.14646149,63.14646149,87388800
2019-11-13,62.94639543,63.82624054,62.93193278,63.75151443,63.75151443,102734400
2019-11-14,63.57796439,63.85035647,63.18022694,63.31039810,63.31039810,89182800
2019-11-15,63.56108096,64.06729554,63.39957899,64.06247711,64.06247711,100206400
2019-11-18,64.07210079,64.46501968,63.69365189,64.38547516,64.38547516,86703200
2019-11-19,64.57830146,64.60240831,63.97326152,64.19020844,64.19020844,76167200
2019-11-20,64.00941757,64.13958130,62.77039771,63.44293976,63.44293976,106234400
2019-11-21,63.56346924,63.64060821,62.95842192,63.15850067,63.15850067,121395200
2019-11-22,63.29832614,63.44054702,62.87648192,63.10307312,63.10307312,65325200
2019-11-25,63.32724533,64.22637871,63.28144452,64.20950317,64.20950317,84020400
2019-11-26,64.34689420,64.39992633,63.27661487,63.70810318,63.70810318,105207600
2019-11-27,64.01908914,64.59762437,63.95400724,64.56387329,64.56387329,65235600
2019-11-29,64.26493974,64.60241357,64.09619915,64.42162323,64.42162323,46617600
2019-12-02,64.42642756,64.66266287,63.50560791,63.67675400,63.67675400,94487200
2019-12-03,62.26660369,62.56068961,61.77967768,62.54140854,62.54140854,114430400
2019-12-04,62.93191239,63.47187051,62.83789789,63.09341431,63.09341431,67181600
2019-12-05,63.58759242,64.09380694,63.33207595,64.01907349,64.01907349,74424400
2019-12-06,64.47709223,65.32559921,64.43369694,65.25569153,65.25569153,106075600
2019-12-09,65.08452930,65.27736940,63.85756628,64.34208679,64.34208679,128042400
2019-12-10,64.74706493,65.10141438,64.08657239,64.71813965,64.71813965,90420400
2019-12-11,64.79767059,65.34968584,64.72294450,65.27013397,65.27013397,78756800
2019-12-12,64.54937866,65.70161539,64.43849598,65.43645477,65.43645477,137310400
2019-12-13,65.43649163,66.36213775,65.30873336,66.32598114,66.32598114,133587600
2019-12-16,66.77190857,67.68550461,66.76709014,67.46131897,67.46131897,128186000
2019-12-17,67.39141826,67.92173225,67.20580211,67.59390259,67.59390259,114158400
2019-12-18,67.44685858,67.95307309,67.28294374,67.43239594,67.43239594,116028400
2019-12-19,67.37454023,67.77950886,67.24196357,67.49988556,67.49988556,98369200
2019-12-20,68.03263450,68.13387300,67.14796359,67.36009216,67.36009216,275978000
2019-12-23,67.62281737,68.51953774,67.58424788,68.45927429,68.45927429,98572000
2019-12-24,68.62560649,68.67382019,68.19894391,68.52436066,68.52436066,48478800
2019-12-26,68.65695561,69.90079430,68.62803033,69.88391876,69.88391876,93121200
2019-12-27,70.17561481,70.86261994,69.45245306,69.85742188,69.85742188,146266000
2019-12-30,69.77542534,70.55403170,68.75335967,70.27199554,70.27199554,144114400
2019-12-31,69.88875588,70.79270801,69.78992289,70.78547668,70.78547668,100805600
2020-01-02,71.40979277,72.46079142,71.15668916,72.40052795,72.40052795,135480400
2020-01-03,71.62915286,72.45596583,71.47246932,71.69664764,71.69664764,146322800
2020-01-06,70.81921564,72.30651384,70.56851756,72.26794434,72.26794434,118387200
2020-01-07,72.27759378,72.53311030,71.70871016,71.92807007,71.92807007,108872000
2020-01-08,71.63157414,73.38644614,71.63157414,73.08512878,73.08512878,132079200
2020-01-09,74.06138235,74.83034471,73.81069164,74.63750458,74.63750458,170108400
2020-01-10,74.87131788,75.37030105,74.30483993,74.80622864,74.80622864,140644800
2020-01-13,75.12203318,76.43095396,75.00391178,76.40443420,76.40443420,121532000
2020-01-14,76.34176003,76.55147571,75.24978635,75.37271881,75.37271881,161954400
2020-01-15,75.17264532,76.05249041,74.61821705,75.04970551,75.04970551,121923600
2020-01-16,75.59209255,76.10072011,75.23051169,75.98983002,75.98983002,108829200
2020-01-17,76.23809509,76.83349837,75.93195937,76.83109283,76.83109283,137816400
2020-01-21,76.45986938,76.90099468,76.17301472,76.31041718,76.31041718,110843200
2020-01-22,76.79492300,77.13480977,76.48878730,76.58280182,76.58280182,101832400
2020-01-23,76.63581167,77.03113599,76.08861494,76.95159149,76.95159149,104472000
2020-01-24,77.19749583,77.93993845,76.53941617,76.72985077,76.72985077,146537600
2020-01-27,74.74114561,75.15334558,73.49248861,74.47357941,74.47357941,161940000
2020-01-28,75.35343534,76.75154473,75.25460238,76.58039856,76.58039856,162234000
2020-01-29,78.20993040,79.02951208,77.46989326,78.18341064,78.18341064,216229200
2020-01-30,77.26739290,78.12313101,76.83590451,78.07009888,78.07009888,126743200
2020-01-31,77.36140456,77.78324876,74.31448794,74.60857391,74.60857391,199588400
2020-02-03,73.35268033,75.56796570,72.85129158,74.40367889,74.40367889,173788400
2020-02-04,76.00667570,77.05044281,75.60170707,76.86000824,76.86000824,136616400
2020-02-05,77.98573888,78.28465066,76.88412838,77.48676300,77.48676300,118826800
2020-02-06,77.75673391,78.39552507,77.19990017,78.39311218,78.39311218,105425600
2020-02-07,77.89295664,78.14183107,76.83705241,77.32755280,77.32755280,117684000
2020-02-10,75.91404208,77.69482422,75.83430876,77.69482422,77.69482422,109348800
2020-02-11,78.19013597,78.26262079,77.00858188,77.22604370,77.22604370,94323200
2020-02-12,77.67549349,79.06484268,77.67549349,79.06001282,79.06001282,113730400
2020-02-13,78.33269781,78.82319807,78.12973295,78.49700165,78.49700165,94747600
2020-02-14,78.46561066,78.76523186,78.00894144,78.51635742,78.51635742,80113600
2020-02-18,76.19914482,77.25988612,76.01792538,77.07866669,77.07866669,152531200
2020-02-19,77.32030727,78.42453968,77.32030727,78.19499207,78.19499207,93984000
2020-02-20,77.95577668,78.44385841,76.88778680,77.39278412,77.39278412,100566000
2020-02-21,76.98684159,77.42902111,75.02484050,75.64098358,75.64098358,129554000
2020-02-24,71.82572007,73.49776723,69.88546432,72.04801178,72.04801178,222195200
2020-02-25,72.71733735,73.09910314,69.13643877,69.60760498,69.60760498,230673600
2020-02-26,69.23308056,71.97553646,69.22583208,70.71183014,70.71183014,198054800
2020-02-27,67.92102068,69.10498574,65.95418293,66.08949280,66.08949280,320605600
2020-02-28,62.16067897,67.27106509,61.94562839,66.05084991,66.05084991,426510000
2020-03-02,68.20616490,72.83571844,67.10435128,72.20024109,72.20024109,341397200
2020-03-03,73.37452863,73.45426192,69.05666829,69.90719604,69.90719604,319475600
2020-03-04,71.62759323,73.30930768,70.82781197,73.14983368,73.14983368,219178400
2020-03-05,71.40528290,72.37903498,70.41220400,70.77706146,70.77706146,187572800
2020-03-06,68.13852782,70.26967078,67.95247847,69.83715820,69.83715820,226176800
2020-03-09,63.72883020,67.19374467,63.54761078,64.31356812,64.31356812,286744800
2020-03-10,66.96422061,69.21133904,65.08678222,68.94554901,68.94554901,285290000
2020-03-11,67.02461750,67.95004153,65.68841909,66.55102539,66.55102539,255598800
2020-03-12,61.84173921,65.23899909,59.92322880,59.97880173,59.97880173,418474000
2020-03-13,64.00430755,67.63594563,61.11928915,67.16477203,67.16477203,370732000
2020-03-16,58.46138298,62.60043194,57.99021323,58.52420807,58.52420807,322423600
2020-03-17,59.80482648,62.24524591,57.60361434,61.09752655,61.09752655,324056000
2020-03-18,57.93464653,60.40647860,57.29433564,59.60186386,59.60186386,300233600
2020-03-19,59.77581956,61.09267972,58.62084828,59.14517593,59.14517593,271857200
2020-03-20,59.72509338,60.84865612,55.09070998,55.39032745,55.39032745,401693200
2020-03-23,55.11003772,55.21152016,51.37208461,54.21360397,54.21360397,336752800
2020-03-24,57.11070496,59.84832719,56.61295614,59.65261078,59.65261078,287531200
2020-03-25,60.58770783,62.39990248,59.02922117,59.32400513,59.32400513,303602000
2020-03-26,59.56561310,62.50378100,59.52695207,62.44579315,62.44579315,252087200
2020-03-27,61.07094557,61.82481719,59.69367869,59.86040115,59.86040115,204216800
2020-03-30,60.58528708,61.74025873,60.26150553,61.56870270,61.56870270,167976400
2020-03-31,61.75958342,63.42438209,60.88972868,61.44305038,61.44305038,197002000
2020-04-01,59.56079011,60.09719995,57.78000823,58.21010208,58.21010208,176218400
2020-04-02,58.07237629,59.23459645,57.24118248,59.18143845,59.18143845,165934000
2020-04-03,58.66677342,59.36748711,57.74134572,58.33091354,58.33091354,129880000
2020-04-06,60.62393105,63.57418095,60.25666238,63.41954422,63.41954422,201820400
2020-04-07,65.43229446,65.64976368,62.58111163,62.68500900,62.68500900,202887200
2020-04-08,63.48478744,64.60351655,63.11993734,64.28940582,64.28940582,168895200
2020-04-09,64.92489377,65.25592014,63.95839000,64.75333405,64.75333405,161834800
2020-04-13,64.83065170,66.13301898,64.23141675,66.02428436,66.02428436,131022800
2020-04-14,67.65525161,69.64866527,67.18407816,69.35871124,69.35871124,194994800
2020-04-15,68.23513158,69.18471931,67.80745653,68.72563171,68.72563171,131154400
2020-04-16,69.43845097,69.63658598,68.22307301,69.27172852,69.27172852,157125200
2020-04-17,68.78847886,69.33455576,66.89654392,68.33180237,68.33180237,215250000
2020-04-20,67.15993823,68.06119834,66.89414820,66.91347504,66.91347504,130015200
2020-04-21,66.75641592,66.99079338,64.13477294,64.84515381,64.84515381,180991600
2020-04-22,66.11128268,67.14786023,65.77059653,66.71293640,66.71293640,116862400
2020-04-23,66.65734111,68.07810269,66.41571519,66.45437622,66.45437622,124814400
2020-04-24,66.97872271,68.38256902,66.93039456,68.37290192,68.37290192,126161200
2020-04-27,68.09019274,68.75225289,67.64319061,68.42122650,68.42122650,117087600
2020-04-28,68.88270980,69.06392923,67.22032977,67.31214142,67.31214142,112004800
2020-04-29,68.79815533,69.99178805,68.59519043,69.52303314,69.52303314,137280800
2020-04-30,70.06183498,71.16606697,69.67282087,70.98967743,70.98967743,183064000
2020-05-01,69.16541494,72.24614521,69.06876605,69.84680176,69.84680176,240616800
2020-05-04,69.87095995,70.96310628,69.18232470,70.83504486,70.83504486,133568000
2020-05-05,71.29415138,72.72941010,71.14917434,71.89821625,71.89821625,147751200
2020-05-06,72.59891211,73.27063179,72.21472784,72.63999176,72.63999176,142333600
2020-05-07,73.26581378,73.73698728,72.96378137,73.39145660,73.39145660,115215200
2020-05-08,74.05045568,75.19159230,73.72337623,75.13829041,75.13829041,133838400
2020-05-11,74.64645469,76.81485582,74.43809009,76.32061005,76.32061005,145946400
2020-05-12,77.00383559,77.45448016,75.32726243,75.44840240,75.44840240,162301200
2020-05-13,75.62770513,76.54837363,73.46172121,74.53744507,74.53744507,200622400
2020-05-14,73.77667808,75.05591606,73.05468109,74.99534607,74.99534607,158929200
2020-05-15,72.76881665,74.59802813,72.73489389,74.55199432,74.55199432,166348400
2020-05-18,75.87481117,76.68160011,75.18431187,76.30848694,76.30848694,135178400
2020-05-19,76.32546669,77.17102151,75.83606376,75.86756134,75.86756134,101729600
2020-05-20,76.72524479,77.41331925,76.68647909,77.34306335,77.34306335,111504800
2020-05-21,77.20493699,77.74522399,76.52897379,76.76641083,76.76641083,102688800
2020-05-22,76.50474615,77.34304020,76.40299270,77.26066589,77.26066589,81803200
2020-05-26,78.37756789,78.55685270,76.68160815,76.73733521,76.73733521,125522000
2020-05-27,76.59440130,77.21705527,75.85544288,77.07168579,77.07168579,112945200
2020-05-28,76.74703663,78.36304756,76.47084126,77.10561371,77.10561371,133560800
2020-05-29,77.34788086,77.80821133,76.67434284,77.03049469,77.03049469,153532400
2020-06-01,76.98445678,78.09894607,76.85362354,77.97780609,77.97780609,80791200
2020-06-02,77.71132461,78.36305852,77.27037315,78.33882904,78.33882904,87642800
2020-06-03,78.65862621,79.03173948,78.08684156,78.77007294,78.77007294,104491200
2020-06-04,78.59321911,78.89121880,77.71858439,78.09169769,78.09169769,87560400
2020-06-05,78.34122341,80.37637352,78.31215100,80.31580353,80.31580353,137250400
2020-06-08,80.01296327,80.82460268,79.30308470,80.79067993,80.79067993,95654400
2020-06-09,80.47087656,83.73438081,80.43937898,83.34188843,83.34188843,147712400
2020-06-10,84.28920501,85.95366732,83.85067883,85.48606873,85.48606873,166651600
2020-06-11,84.63081104,85.05480097,81.28008250,81.38183594,81.38183594,201662400
2020-06-12,83.51875819,84.26497730,80.97481830,82.08445740,82.08445740,200146000
2020-06-15,80.73981211,83.75135081,80.57748125,83.09961700,83.09961700,138808800
2020-06-16,85.15169803,85.57327012,83.51873375,85.30191040,85.30191040,165428800
2020-06-17,86.04573607,86.10630607,85.06207992,85.18321991,85.18321991,114406400
2020-06-18,85.13959358,85.63384673,84.60899993,85.21712494,85.21712494,96820400
2020-06-19,85.92216124,86.38733458,83.62291959,84.73014069,84.73014069,264476000
2020-06-22,85.12264593,87.08995815,85.07661214,86.94701385,86.94701385,135445200
2020-06-23,88.18992644,90.22023417,87.77077935,88.80289459,88.80289459,212155600
2020-06-24,88.43220783,89.35045118,86.86223063,87.23534393,87.23534393,192623200
2020-06-25,87.39040482,88.43220594,86.63206719,88.39344025,88.39344025,137522400
2020-06-26,88.28926086,88.50973656,85.52968795,85.67748260,85.67748260,205256800
2020-06-29,85.58542818,87.74656949,85.10813618,87.65207672,87.65207672,130646000
2020-06-30,87.24018136,88.66963931,87.22080221,88.38374329,88.38374329,140223200
2020-07-01,88.46125021,89.00395491,88.16809355,88.21654510,88.21654510,110737200
2020-07-02,89.12267711,89.75744936,88.10268063,88.21654510,88.21654510,114041600
2020-07-06,89.64360596,91.04398415,89.61210837,90.57638550,90.57638550,118655600
2020-07-07,90.95432807,91.73204474,90.18387951,90.29532623,90.29532623,112424400
2020-07-08,91.27172253,92.42982064,91.18449788,92.39832306,92.39832306,117092000
2020-07-09,93.28992313,93.34322503,91.74902567,92.79567719,92.79567719,125642800
2020-07-10,92.39105063,93.01613715,91.78050772,92.95798492,92.95798492,90257200
2020-07-13,94.26146791,96.86840340,92.31595957,92.52916718,92.52916718,191649200
2020-07-14,91.91134149,94.25176728,90.97856936,94.06037140,94.06037140,170989200
2020-07-15,95.93318874,96.18273685,93.51038869,94.70725250,94.70725250,153198000
2020-07-16,93.58065870,94.39714119,92.94346105,93.54189301,93.54189301,110577600
2020-07-17,93.99252033,94.14757568,92.88044873,93.35289764,93.35289764,92186800
2020-07-20,93.44014809,95.45833761,93.09610717,95.32023621,95.32023621,90318000
2020-07-21,96.11004463,96.18515083,93.75508296,94.00463104,94.00463104,103433200
2020-07-22,93.70662359,94.94952105,93.61940634,94.26871490,94.26871490,89001600
2020-07-23,94.00221846,94.07974983,89.16873671,89.97795105,89.97795105,197004400
2020-07-24,88.17780532,90.09908387,86.39219559,89.75504303,89.75504303,185438800
2020-07-27,90.81622514,91.97432313,90.59333170,91.88225555,91.88225555,121214000
2020-07-28,91.45344592,91.63031301,90.36802870,90.37287903,90.37287903,103625600
2020-07-29,90.85499792,92.28929874,90.81865740,92.10516357,92.10516357,90329200
2020-07-30,91.27899268,93.32383653,90.87196404,93.21965790,93.21965790,158130000
2020-07-31,99.70792594,103.12891880,97.71153346,102.97870636,102.97870636,374336800
2020-08-03,104.85874995,108.19009897,104.56075037,105.57347870,105.57347870,308151200
2020-08-04,105.76247641,107.36879381,105.04047943,106.27853394,106.27853394,173071600
2020-08-05,105.99992773,106.98358397,105.53474687,106.66377258,106.66377258,121776800
2020-08-06,106.99569047,110.87943850,106.40695185,110.38518524,110.38518524,202428800
2020-08-07,109.90703455,110.36334337,107.07938502,107.87549591,107.87549591,198045600
2020-08-10,109.31964011,110.46041198,106.79538699,109.44342804,109.44342804,212403600
2020-08-11,108.70800798,109.20557449,105.92889749,106.18860626,106.18860626,187902400
2020-08-12,107.27841140,109.97499928,107.08424089,109.71772003,109.71772003,165598000
2020-08-13,111.09633433,112.66186066,110.60847119,111.65943909,111.65943909,210082000
2020-08-14,111.48467965,111.64972529,109.75167819,111.55992126,111.55992126,165565200
2020-08-17,112.68129824,112.70557141,110.64247817,111.26868439,111.26868439,119561600
2020-08-18,111.02111317,112.62061630,110.68616274,112.19586182,112.19586182,105633600
2020-08-19,112.60360649,113.74923011,112.24196081,112.33661652,112.33661652,145538000
2020-08-20,112.37787412,114.94339237,112.36088216,114.82931519,114.82931519,126907200
2020-08-21,115.78805492,121.22976923,115.77592204,120.74676514,120.74676514,338054800
2020-08-24,124.94819289,125.03315267,120.32686973,122.19093323,122.19093323,345937600
2020-08-25,121.06471892,121.53316058,119.46763817,121.18849945,121.18849945,211495600
2020-08-26,122.50403462,123.29286429,121.43850422,122.83655548,122.83655548,163022400
2020-08-27,123.43849242,123.77101327,120.22491675,121.36811829,121.36811829,155552400
2020-08-28,122.34140582,122.75887903,120.94821369,121.17151642,121.17151642,187630000
2020-08-31,123.86325791,127.18362246,122.32928573,125.28071594,125.28071594,225702700
2020-09-01,128.89232071,130.87289804,126.72729106,130.27095032,130.27095032,151948100
2020-09-02,133.58161558,133.96025320,123.30013540,127.57194519,127.57194519,200119000
2020-09-03,123.21277263,125.08653941,116.98950968,117.35843658,117.35843658,257599600
2020-09-04,116.57201740,120.09626246,107.65945674,117.43608856,117.43608856,332607200
2020-09-08,110.63032629,115.52349839,109.39732807,109.53324890,109.53324890,231366600
2020-09-09,113.84391860,115.66914673,111.90218371,113.90216827,113.90216827,176940500
2020-09-10,116.85358420,116.98950503,109.22256693,110.18372345,110.18372345,182274400
2020-09-11,111.23225768,111.87303361,106.79539476,108.73712921,108.73712921,180860300
2020-09-14,111.37789784,112.55264638,109.51383440,111.99925232,111.99925232,140150100
2020-09-15,114.88270851,115.36814207,110.30021450,112.17398834,112.17398834,184642000
2020-09-16,111.87302101,112.62058543,108.77595254,108.86332703,108.86332703,154679000
2020-09-17,106.52357050,108.93131747,105.54299237,107.12550354,107.12550354,178011000
2020-09-18,107.18377129,107.64978354,102.99932742,103.72747803,103.72747803,287104900
2020-09-21,101.49445701,106.97985812,100.09640588,106.87306213,106.87306213,195713800
2020-09-22,109.39734596,109.57210240,105.97989575,108.55268860,108.55268860,183055400
2020-09-23,108.36822439,108.84394735,103.65951146,103.99932098,103.99932098,150718700
2020-09-24,102.10611250,107.03812018,101.94106684,105.06726074,105.06726074,167743300
2020-09-25,105.27115689,109.16433740,104.53329556,109.00899506,109.00899506,149981400
2020-09-28,111.65943957,111.96040604,109.49440244,111.61089325,111.61089325,137672400
2020-09-29,111.21284844,111.95070223,110.26139526,110.76624298,110.76624298,99382200
2020-09-30,110.47497825,113.84388858,110.30993260,112.43612671,112.43612671,142675200
2020-10-01,114.21283956,114.29051073,112.45557195,113.38760376,113.38760376,116120400
2020-10-02,109.60119929,112.00895324,108.95072004,109.72740936,109.72740936,144712000
2020-10-05,110.59152057,113.25169545,110.24200768,113.10606384,113.10606384,106243800
2020-10-06,112.32932300,112.73709282,108.97983439,109.86332703,109.86332703,161498200
2020-10-07,111.28082650,112.18373349,110.80509613,111.72742462,111.72742462,96849000
2020-10-08,112.86332975,113.00896134,111.25168639,111.62062073,111.62062073,83477200
2020-10-09,111.92157181,113.59146461,111.57205902,113.56233978,113.56233978,100506900
2020-10-12,116.56233357,121.53317715,115.80505821,120.77590179,120.77590179,240226800
2020-10-13,121.62052032,121.73702704,116.16425187,117.57200623,117.57200623,262330500
2020-10-14,117.47494142,119.44580082,116.13514723,117.65940857,117.65940857,150712000
2020-10-15,115.26138106,117.66912811,114.70798693,117.19340515,117.19340515,112559200
2020-10-16,117.74678205,118.00892036,115.34873869,115.55261993,115.55261993,115393800
2020-10-19,116.46525201,116.91185012,112.29052665,112.60120392,112.60120392,120639300
2020-10-20,112.81477534,115.51379261,112.26138128,114.08661652,114.08661652,124423700
2020-10-21,113.27110831,115.25167888,113.05751628,113.46528625,113.46528625,89946000
2020-10-22,114.02836301,114.60117858,111.25168190,112.37789154,112.37789154,101988000
2020-10-23,112.99924513,113.15458745,110.95071452,111.68857574,111.68857574,82572600
2020-10-26,110.68856994,113.15457348,109.59148528,111.69827271,111.69827271,111850700
2020-10-27,112.12546927,113.86332273,111.20314824,113.20313263,113.20313263,92276800
2020-10-28,111.69830243,112.06722940,107.86337159,107.96045685,107.96045685,143937800
2020-10-29,109.09634078,113.52349247,108.93128774,111.96039581,111.96039581,146129200
2020-10-30,107.82452675,108.72743369,104.58183332,105.68862152,105.68862152,190272600
2020-11-02,105.93134083,107.45560232,104.19348732,105.60124207,105.60124207,122866900
2020-11-03,106.46531227,108.24199381,105.56240538,107.22258759,107.22258759,107624400
2020-11-04,110.81478855,112.22254311,109.07693526,111.60118866,111.60118866,138235500
2020-11-05,114.51379370,116.13514771,113.46526266,115.56233215,115.56233215,126387100
2020-11-06,115.07118701,115.92702143,112.94131732,115.43103027,115.43103027,114457900
2020-11-09,117.19135659,118.64044265,112.86354597,113.12612915,113.12612915,154515300
2020-11-10,112.37726248,114.36124219,110.99624682,112.78572845,112.78572845,138023400
2020-11-11,113.97223312,116.34523125,113.24282640,116.20907593,116.20907593,112295000
2020-11-12,116.33550583,117.22051541,115.31433351,115.93675995,115.93675995,103162300
2020-11-13,116.16045525,116.38413583,114.63356413,115.98539734,115.98539734,81581900
2020-11-16,115.65473585,117.66789824,114.90588150,116.99684906,116.99684906,91183000
2020-11-17,116.26742672,117.35666928,115.69362295,116.11181641,116.11181641,74271000
2020-11-18,115.35323797,116.53001322,114.75998660,114.78916168,114.78916168,76322100
2020-11-19,114.36125853,115.79089706,113.60267664,115.38243103,115.38243103,74113000
2020-11-20,115.38239548,115.50882328,114.06946511,114.11808777,114.11808777,73604300
2020-11-23,113.96248988,114.39041080,110.62667000,110.72392273,110.72392273,127959300
2020-11-24,110.78228498,112.66901179,109.49852216,112.00768280,112.00768280,113874200
2020-11-25,112.37725433,113.54430201,112.00768355,112.84407043,112.84407043,76499200
2020-11-27,113.36924718,114.26398425,113.02885889,113.38869476,113.38869476,46691300
2020-11-30,113.75828377,117.64845330,113.60267343,115.78117371,115.78117371,169410200
2020-12-01,117.68736376,120.07981730,116.71482132,119.35041046,119.35041046,127728200
2020-12-02,118.66960823,119.98254628,117.57063811,119.70050812,119.70050812,89004200
2020-12-03,120.12841518,120.38127824,118.85438721,119.56434631,119.56434631,78967600
2020-12-04,119.23367596,119.48653901,118.18332857,118.89328766,118.89328766,78260400
2020-12-07,118.95164850,121.14959622,118.89329834,120.35211182,120.35211182,86712000
2020-12-08,120.95509315,121.54834457,119.71023273,120.96481323,120.96481323,82225500
2020-12-09,121.11068659,122.49169482,117.67761360,118.43619537,118.43619537,115089200
2020-12-10,117.19133091,120.46880067,116.85094263,119.85609436,119.85609436,81312200
2020-12-11,119.06835963,119.38930039,117.23998269,119.04891205,119.04891205,86939800
2020-12-14,119.23367973,119.96308643,118.20278731,118.43619537,118.43619537,79184500
2020-12-15,120.92590514,124.38816075,120.72167215,124.36870575,124.36870575,157243700
2020-12-16,123.91162528,124.84525764,123.08495835,124.30063629,124.30063629,98208600
2020-12-17,125.36069659,126.02203307,124.52430962,125.16619110,125.16619110,94359800
2020-12-18,125.41906312,125.55521845,122.65703909,123.18221283,123.18221283,192541500
2020-12-21,121.58723883,124.78690398,120.06034767,124.70909882,124.70909882,121251600
2020-12-22,127.99629004,130.71941140,126.09010065,128.25888062,128.25888062,168904800
2020-12-23,128.53120654,128.79378230,127.18909328,127.36415863,127.36415863,88223700
2020-12-24,127.71427367,129.79551379,127.50031316,128.34642029,128.34642029,54930100
2020-12-28,130.31095203,133.56895993,129.84412103,132.93681335,132.93681335,124486200
2020-12-29,134.25947087,134.97914270,130.65133232,131.16677856,131.16677856,121047300
2020-12-30,131.85729981,132.25604576,129.73714967,130.04837036,130.04837036,96452100
2020-12-31,130.39844855,131.04032990,128.10324856,129.04661560,129.04661560,99116600
2021-01-04,129.85384635,129.94137160,123.27945862,125.85669708,125.85669708,143301900
2021-01-05,125.35096550,128.12271675,124.90358955,127.41275024,127.41275024,97664900
2021-01-06,124.21309796,127.45166545,122.90988748,123.12384796,123.12384796,155088000
2021-01-07,124.83552012,128.01573734,124.34924901,127.32522583,127.32522583,109578200
2021-01-08,128.79376557,128.98828589,126.65417554,128.42420959,128.42420959,105158200
2021-01-11,125.64273986,126.59582714,124.97168331,125.43849945,125.43849945,100384500
2021-01-12,124.97167735,126.12900499,123.37670868,125.26344299,125.26344299,91951100
2021-01-13,125.22453885,127.84067996,124.96196311,127.29605865,127.29605865,88636800
2021-01-14,127.20853432,127.40303981,125.22453975,125.37042999,125.37042999,90221800
2021-01-15,125.24397825,126.64444134,123.51285440,123.64900970,123.64900970,111598500
2021-01-19,124.27143828,125.17591022,123.45450641,124.32006836,124.32006836,90757300
2021-01-20,125.12727707,128.85211530,125.02029684,128.40473938,128.40473938,104319500
2021-01-21,130.12617990,135.83499921,129.92193946,133.11187744,133.11187744,120150900
2021-01-22,132.53803361,136.01001596,131.31263593,135.25143433,135.25143433,114459400
2021-01-25,139.14161777,141.10614230,132.79090364,138.99572754,138.99572754,157611700
2021-01-26,139.65707747,140.33785410,137.48829750,139.22915649,139.22915649,98390600
2021-01-27,139.49177187,140.33789398,136.55470403,138.15939331,138.15939331,140843800
2021-01-28,135.68910644,138.09128712,132.94653002,133.32582092,133.32582092,142621100
2021-01-29,132.10041904,132.98543607,126.63473620,128.33668518,128.33668518,177523800
2021-02-01,130.07757238,131.66282157,127.33499514,130.45686340,130.45686340,106239800
2021-02-02,132.00314952,132.56722578,130.91390700,131.28347778,131.28347778,83305400
2021-02-03,132.03233306,132.04206798,129.94137311,130.26231384,130.26231384,89880900
2021-02-04,132.55753183,133.62731957,130.89447780,133.61759949,133.61759949,84183100
2021-02-05,133.77828190,133.84645385,132.32702332,133.20361328,133.20361328,75693800
2021-02-08,132.49261062,133.39843419,131.41147499,133.34973145,133.34973145,71297200
2021-02-09,133.06726715,134.29451106,132.31730128,132.47312927,132.47312927,76774200
2021-02-10,132.93085280,133.42759983,130.90494112,131.86920166,131.86920166,73046600
2021-02-11,132.36600908,132.84327232,130.29140835,131.61604309,131.61604309,64280000
2021-02-12,130.85626700,132.00557425,130.21342657,131.84973145,131.84973145,60145100
2021-02-16,131.96666371,132.47313070,129.33686381,129.72647095,129.72647095,80576300
2021-02-17,127.83691039,128.78168722,126.10319957,127.43756866,127.43756866,97918500
2021-02-18,125.84019744,126.61939669,124.09675228,126.33694458,126.33694458,96856700
2021-02-19,126.85318631,127.31096541,125.45063034,126.49279785,126.49279785,87668800
2021-02-22,124.68116008,126.34669894,122.33383476,122.72343445,122.72343445,103916400
2021-02-23,120.54169272,123.41497665,115.31133388,122.58708191,122.58708191,158273000
2021-02-24,121.69102817,122.29490076,119.05150064,122.09036255,122.09036255,111039900
2021-02-25,121.43775758,123.17146835,117.40541686,117.84371185,117.84371185,148199500
2021-02-26,119.40209774,121.60332953,118.04824467,118.10668945,118.10668945,164560400
2021-03-01,120.53197519,124.60327776,119.59694015,124.46691895,124.46691895,116307900
2021-03-02,125.07079511,125.37273140,121.75920814,121.86634827,121.86634827,102260900
2021-03-03,121.56438255,122.44098003,118.67161456,118.88589478,118.88589478,112966300
2021-03-04,118.58395607,120.38584631,115.53535272,117.00608063,117.00608063,178155000
2021-03-05,117.83398972,118.76902459,114.51266119,118.26254272,118.26254272,153766600
2021-03-08,117.78529689,117.85347629,113.18803613,113.33413696,113.33413696,154376600
2021-03-09,115.93468790,118.88589320,115.70093105,117.94111633,117.94111633,129525800
2021-03-10,118.52554001,118.99305379,116.34378427,116.86000824,116.86000824,111943300
2021-03-11,119.35339414,120.00596926,118.10668125,118.78847504,118.78847504,103026500
2021-03-12,117.26906068,118.01903395,116.06130833,117.88267517,117.88267517,88105100
2021-03-15,118.25280599,120.77545096,117.28854503,120.76570892,120.76570892,92403800
2021-03-16,122.43124322,123.91172068,121.47673170,122.30462646,122.30462646,115227900
2021-03-17,120.82416526,122.58709504,119.15862614,121.51570129,121.51570129,111932600
2021-03-18,119.68458692,119.97678859,117.19116035,117.39569855,117.39569855,121229700
2021-03-19,116.78207205,118.27228411,116.56779184,116.86972809,116.86972809,185549500
2021-03-22,117.20090338,120.64884902,117.13272398,120.18132782,120.18132782,111912300
2021-03-23,120.12287382,121.00920592,118.96381673,119.35341644,119.35341644,95467100
2021-03-24,119.62612052,119.70404194,116.94763304,116.96710968,116.96710968,88530500
2021-03-25,116.43144110,118.49631456,115.90548256,117.45413208,117.45413208,98844700
2021-03-26,117.22036190,118.32098161,115.82754798,118.05799866,118.05799866,94071200
2021-03-29,118.48655543,119.39237155,117.59048134,118.23331451,118.23331451,80819200
2021-03-30,116.98661216,117.26907177,115.76911766,116.78207397,116.78207397,85671900
2021-03-31,118.48657395,120.30794108,117.99957611,118.97357178,118.97357178,118323800
2021-04-01,120.44429327,120.95076768,119.30471283,119.80145264,119.80145264,75089100
2021-04-05,120.64883539,122.87928616,119.86963595,122.62604523,122.62604523,88651200
2021-04-06,123.21045341,123.82406802,122.38255857,122.92799377,122.92799377,80171300
2021-04-07,122.55786510,124.59351229,121.88580577,124.57403564,124.57403564,83466700
2021-04-08,125.59671740,126.99927330,125.17790646,126.97005463,126.97005463,88844600
2021-04-09,126.42462946,129.58036564,126.10320914,129.54141235,129.54141235,106686700
2021-04-12,129.07391516,129.39533552,127.23306387,127.82720184,127.82720184,91420000
2021-04-13,128.99596262,131.15823376,128.49921542,130.93420410,130.93420410,91266500
2021-04-14,131.43098018,131.48941754,128.23627552,128.59664917,128.59664917,87222800
2021-04-15,130.34014655,131.48945465,130.16481954,131.00245667,131.00245667,89347100
2021-04-16,130.80759290,131.16796646,129.81411337,130.67123413,130.67123413,84922400
2021-04-19,130.03814126,131.94717908,129.87256380,131.33355713,131.33355713,94264200
2021-04-20,131.50886384,132.00559615,128.38233205,129.64852905,129.64852905,94812300
2021-04-21,128.91808774,130.27194134,127.88565454,130.02844238,130.02844238,68847100
2021-04-22,129.58034294,130.66147844,127.99274053,128.50895691,128.50895691,84566500
2021-04-23,128.72328351,131.60630264,128.72328351,130.82711792,130.82711792,78657500
2021-04-26,131.32381490,131.54782971,130.08683646,131.21667480,131.21667480,66905100
2021-04-27,131.49912084,131.88872794,130.62253088,130.89524841,130.89524841,66015800
2021-04-28,130.81735115,131.50889459,129.61934068,130.10633850,130.10633850,107760100
2021-04-29,132.92116294,133.50556616,129.00569699,130.00891113,130.00891113,151101000
2021-04-30,128.35312897,130.08683981,127.66160047,128.04145813,128.04145813,109839500
2021-05-03,128.60637074,130.58359545,128.40183999,129.09336853,129.09336853,75135100
2021-05-04,127.77847859,128.07068023,123.40523322,124.52532959,124.52532959,137564700
2021-05-05,125.84021548,127.05770985,124.64220518,124.76882935,124.76882935,84000900
2021-05-06,124.56428282,126.37591502,123.82404416,126.36618042,126.36618042,78128300
2021-05-07,127.66381362,128.06381883,126.32716295,127.03939819,127.03939819,78973300
2021-05-10,126.25887677,126.38570116,123.72218069,123.76120758,123.76120758,88071200
2021-05-11,120.49278077,123.19532812,119.78055296,122.84410095,122.84410095,126142800
2021-05-12,120.39521236,121.60501629,119.27321337,119.78054810,119.78054810,112172300
2021-05-13,121.54647617,123.07824634,121.23426847,121.92697906,121.92697906,105861300
2021-05-14,123.17581868,124.77588417,122.78555717,124.34659576,124.34659576,81918000
2021-05-17,123.73193060,123.83925269,122.12210664,123.19532013,123.19532013,74244600
2021-05-18,123.47824348,123.89777322,121.74158793,121.80988312,121.80988312,63342900
2021-05-19,120.16105012,121.87818865,119.86835216,121.65379333,121.65379333,92612000
2021-05-20,122.18065274,124.61001916,122.05381348,124.20999908,124.20999908,76857100
2021-05-21,124.70758885,124.88320615,122.16114163,122.37578583,122.37578583,79295400
2021-05-24,122.94166435,124.82466923,122.87336914,124.00511932,124.00511932,63092900
2021-05-25,124.70757848,125.19541091,123.24410353,123.80998230,123.80998230,72009500
2021-05-26,123.86852968,124.28805950,123.34167776,123.76120758,123.76120758,56575900
2021-05-27,123.36118103,124.53195798,122.03429651,122.22942352,122.22942352,94625600
2021-05-28,122.51239078,122.73679359,121.51723089,121.57576752,121.57576752,71311100
2021-06-01,122.03429950,122.29772172,120.92205913,121.25377655,121.25377655,67637100
2021-06-02,121.25377238,122.19039542,121.02937707,122.01477814,122.01477814,59278900
2021-06-03,121.64405510,121.80991383,120.13179446,120.53181458,120.53181458,76229200
2021-06-04,121.04889464,123.08800700,120.83425045,122.82457733,122.82457733,75169300
2021-06-07,123.09774226,123.24409123,121.79037501,122.83432007,122.83432007,71057600
2021-06-08,123.51729448,125.33201160,123.13679155,123.65388489,123.65388489,74403800
2021-06-09,124.11243184,124.63928371,123.43923097,124.03437805,124.03437805,56877900
2021-06-10,123.92707572,125.06859202,122.87337924,123.03923798,123.03923798,71186400
2021-06-11,123.44899075,124.33683581,123.02946096,124.24902344,124.24902344,53522400
2021-06-14,124.70757801,127.36133966,123.97584054,127.30280304,127.30280304,96906500
2021-06-15,126.77598202,127.41991468,126.23937146,126.48328400,126.48328400,62746300
2021-06-16,127.19548678,127.70282896,125.33200658,126.98084259,126.98084259,91815000
2021-06-17,126.63938323,129.32242095,126.49302678,128.58091736,128.58091736,96721700
2021-06-18,127.52723773,128.30774594,127.06868097,127.28332520,127.28332520,108953300
2021-06-21,127.12719131,129.18581330,126.06373644,129.07849121,129.07849121,79663300
2021-06-22,128.91264666,130.81516129,128.41505560,130.71759033,130.71759033,74783600
2021-06-23,130.51269962,131.04931007,129.98584030,130.44439697,130.44439697,60214200
2021-06-24,131.17612257,131.36149842,129.69313059,130.16145325,130.16145325,68711000
2021-06-25,130.21024258,130.62976489,129.57606121,129.86875916,129.86875916,70783700
2021-06-28,130.16145705,131.95664930,130.10292044,131.49809265,131.49809265,62111300
2021-06-29,131.51760238,133.16645301,131.07856293,133.01034546,133.01034546,64556100
2021-06-30,132.85427385,134.06408535,132.56157584,133.62504578,133.62504578,63261400
2021-07-01,133.27380647,133.98602686,132.45424909,133.92749023,133.92749023,52485800
2021-07-02,134.54215013,136.59102141,134.39580856,136.55200195,136.55200195,78852600
2021-07-06,136.65928384,139.66427232,136.65928384,138.56179810,138.56179810,108181800
2021-07-07,140.04478004,141.36191336,139.18621825,141.04971313,141.04971313,104911600
2021-07-08,138.13250812,140.55211559,137.24466318,139.75209045,139.75209045,105575500
2021-07-09,139.27404908,142.10342836,139.17647811,141.57658386,141.57658386,99890800
2021-07-12,142.64979816,142.75712026,140.49360504,140.98143005,140.98143005,76299700
2021-07-13,140.52284634,143.86933306,140.13259235,142.09364319,142.09364319,100827100
2021-07-14,144.49376791,145.92797457,144.08398182,145.51818848,145.51818848,127050800
2021-07-15,145.60600545,146.34749406,143.50834910,144.86450195,144.86450195,106820300
2021-07-16,144.84501167,146.11334481,142.32783277,142.82540894,142.82540894,93251400
2021-07-19,140.24971727,140.56193248,138.22036305,138.98136902,138.98136902,121434600
2021-07-20,139.96674648,143.51811165,139.47892151,142.59123230,142.59123230,96350000
2021-07-21,141.98636687,142.57176292,141.10828768,141.85952759,141.85952759,74993500
2021-07-22,142.38638886,144.59135290,142.25954958,143.22544861,143.22544861,77338200
2021-07-23,143.95716475,145.09867350,143.34250047,144.94256592,144.94256592,71447400
2021-07-26,144.65960673,146.18161810,144.10347917,145.36207581,145.36207581,72434100
2021-07-27,145.48893576,145.57675558,142.00587270,143.19616699,143.19616699,104818600
2021-07-28,141.28384835,143.39125554,139.06911908,141.44970703,141.44970703,118931200
2021-07-29,141.16677881,142.98148812,141.05945673,142.09364319,142.09364319,56699500
2021-07-30,140.86433096,142.76684520,140.60090133,142.30828857,142.30828857,70440600
2021-08-02,142.79610476,143.37173456,141.71313289,141.97656250,141.97656250,62880000
2021-08-03,142.25951392,144.43520910,141.64484970,143.77177429,143.77177429,64786600
2021-08-04,143.68396499,144.19129222,142.71806623,143.37174988,143.37174988,56368300
2021-08-05,143.40101117,144.24007064,142.61073717,143.47906494,143.47906494,46397700
2021-08-06,143.00032028,143.74291989,142.29679858,142.79512024,142.79512024,54126800
2021-08-09,142.85375976,143.34231572,142.18933081,142.74627686,142.74627686,48908700
2021-08-10,143.08824157,144.32917762,141.97433482,142.26747131,142.26747131,69023100
2021-08-11,142.70716850,143.36183156,142.19906624,142.52151489,142.52151489,48493500
2021-08-12,142.84396383,145.63850393,142.50196877,145.48216248,145.48216248,72282600
2021-08-13,145.56033338,146.01957708,144.87635816,145.68736267,145.68736267,59375000
2021-08-16,145.14015254,147.72950726,143.11753925,147.66110229,147.66110229,103296000
2021-08-17,146.79150406,148.20831321,145.67759719,146.75242615,146.75242615,92229700
2021-08-18,146.37136871,147.27030989,142.80490125,143.01010132,143.01010132,86326000
2021-08-19,141.71048022,144.61250258,141.19261231,143.34225464,143.34225464,86960300
2021-08-20,144.06536865,145.10110479,143.42047127,144.79820251,144.79820251,60549600
2021-08-23,144.91545126,146.75242625,144.50506608,146.28341675,146.28341675,60131800
2021-08-24,146.02935787,147.40708911,145.73622134,146.19546509,146.19546509,48606400
2021-08-25,146.38111884,146.87945541,144.41712946,144.96430969,144.96430969,58991300
2021-08-26,144.95454377,145.70690914,144.13375852,144.16307068,144.16307068,48597200
2021-08-27,144.10444665,145.34538283,143.46932993,145.19882202,145.19882202,55802400
2021-08-30,145.58961599,149.97685207,145.20854310,149.61531067,149.61531067,90956700
2021-08-31,149.16590886,149.30270393,147.82725539,148.35490417,148.35490417,86453100
2021-09-01,149.33200056,151.43278500,148.85321041,149.01931763,149.01931763,80313700
2021-09-02,150.34819028,151.17874129,148.91183472,150.13322449,150.13322449,71115500
2021-09-03,150.24070759,151.09080501,149.58604446,150.76835632,150.76835632,57808700
2021-09-07,151.42298925,153.66056831,150.85626272,153.10362244,153.10362244,82278300
2021-09-08,153.38697789,153.44560221,150.45564303,151.55978394,151.55978394,74420200
2021-09-09,151.93113727,152.53694189,150.42637657,150.54364014,150.54364014,57305700
2021-09-10,151.45233157,151.92134107,145.29652415,145.56034851,145.56034851,140893200
2021-09-13,147.18234238,147.95425407,145.34536758,146.12705994,146.12705994,102404300
2021-09-14,146.90875196,147.61227358,143.54748528,144.72978210,144.72978210,109296300
2021-09-15,145.15975945,146.01962280,143.01988174,145.61900330,145.61900330,83281300
2021-09-16,145.04244981,145.56031777,143.85037246,145.38442993,145.38442993,68034100
2021-09-17,145.41378762,145.41378762,142.42381294,142.71694946,142.71694946,129868800
2021-09-20,140.50871294,141.52490289,138.03662069,139.66839600,139.66839600,123478900
2021-09-21,140.63568110,141.29035906,139.51200860,140.14712524,140.14712524,75834000
2021-09-22,141.14376881,143.07844562,140.41093511,142.51173401,142.51173401,76404300
2021-09-23,143.29341147,143.71357722,142.30653412,143.46929932,143.46929932,64838200
2021-09-24,142.32611071,144.09468072,142.22839357,143.55726624,143.55726624,53477900
2021-09-27,142.14042647,142.61921653,140.52819829,142.04270935,142.04270935,74150700
2021-09-28,139.97129859,141.43696664,138.44700621,138.66197205,138.66197205,108972300
2021-09-29,139.20912172,141.14379894,138.77919013,139.56088257,139.56088257,74602000
2021-09-30,140.37190261,141.07542439,138.04637146,138.26133728,138.26133728,89056700
2021-10-01,138.65214547,139.64880358,135.92601036,139.38497925,139.38497925,94639600
2021-10-04,138.51535017,138.95506236,135.10523985,135.95532227,135.95532227,98322000
2021-10-05,136.29733265,138.98439015,136.17030334,137.88024902,137.88024902,80861100
2021-10-06,136.27772628,138.89637764,135.20289779,138.74981689,138.74981689,83221100
2021-10-07,139.78558345,140.91903648,139.45336908,140.01031494,140.01031494,61732700
2021-10-08,140.73339820,140.87995900,139.29704280,139.62925720,139.62925720,58773200
2021-10-11,139.01368704,141.49554422,138.56420909,139.54132080,139.54132080,64452200
2021-10-12,139.95172116,139.97126757,137.81184390,138.27108765,138.27108765,73035900
2021-10-13,138.00727840,138.16360496,136.01396194,137.68482971,137.68482971,78762700
2021-10-14,138.85733053,140.58682225,138.27105761,140.46955872,140.46955872,69907100
2021-10-15,140.47936994,141.58349615,140.22531132,141.52487183,141.52487183,67940300
2021-10-18,140.16668715,143.47909561,139.88333128,143.19573975,143.19573975,85589200
2021-10-19,143.64520264,145.75576774,143.19573955,145.35514832,145.35514832,76378900
2021-10-20,145.29653919,146.32250969,144.72981249,145.84371948,145.84371948,58418800
2021-10-21,145.40402211,146.21502679,144.48553452,146.05868530,146.05868530,61421000
2021-10-22,146.26383952,146.74261466,145.23786934,145.28672791,145.28672791,58883400
2021-10-25,145.27696243,145.95117190,144.24122640,145.23788452,145.23788452,50720600
2021-10-26,145.91210950,147.38754298,145.59942656,145.90234375,145.90234375,60893400
2021-10-27,145.94143695,146.30296359,145.09135435,145.44311523,145.44311523,56094900
2021-10-28,146.39085470,149.66416934,146.29313759,149.07791138,149.07791138,100077900
2021-10-29,143.85040287,146.50814821,143.05894469,146.37135315,146.37135315,124953200
2021-11-01,145.57987979,146.27362075,144.41711446,145.55056763,145.55056763,74588300
2021-11-02,145.25746142,148.10086068,145.24768076,146.58633423,146.58633423,69122000
2021-11-03,146.94783045,148.49166875,146.39088452,148.02265930,148.02265930,54511500
2021-11-04,148.11058043,148.94111636,147.19209313,147.50477600,147.50477600,60394600
2021-11-05,148.63011180,148.93345615,146.83938577,148.03320312,148.03320312,65463900
2021-11-08,148.16039491,148.31696452,146.93722280,147.21121216,147.21121216,55020900
2021-11-09,146.97640968,148.18000728,146.83941496,147.57331848,147.57331848,56787900
2021-11-10,146.80020456,146.90784429,144.67677991,144.74526978,144.74526978,65187100
2021-11-11,145.76298280,146.22288178,144.51044080,144.69636536,144.69636536,41000000
2021-11-12,145.24434268,147.17206313,144.31473486,146.77087402,146.77087402,63804000
2021-11-15,147.14275497,148.62035691,146.22292685,146.78070068,146.78070068,59222800
2021-11-16,146.72198372,148.23872054,146.13485497,147.75923157,147.75923157,59256200
2021-11-17,147.75920580,151.67335695,147.74942580,150.19577026,150.19577026,88807000
2021-11-18,150.41102992,155.26456834,149.76519148,154.48173523,154.48173523,137827700
2021-11-19,154.26647945,157.56416201,153.17052188,157.10424805,157.10424805,117305600
2021-11-22,158.21000214,162.14372872,157.54460353,157.56417847,157.56417847,117467900
2021-11-23,157.66198598,158.32739936,155.64620075,157.94577026,157.94577026,96041900
2021-11-24,157.29992382,158.66009053,156.21374645,158.46438599,158.46438599,69463600
2021-11-26,156.14527756,157.00638063,153.00416478,153.44450378,153.44450378,76959800
2021-11-29,155.94958045,157.73052660,155.38202668,156.80091858,156.80091858,88748200
2021-11-30,156.55625589,161.96756831,156.48775108,161.75228882,161.75228882,174048100
2021-12-01,163.88550210,166.64498579,160.99881865,161.23367310,161.23367310,152052500
2021-12-02,155.33309702,160.67590509,154.41326909,160.24534607,160.24534607,136739200
2021-12-03,160.49979763,161.41962568,156.29208149,158.36657715,158.36657715,118023100
2021-12-06,160.76395824,164.27692006,160.75417824,161.77186584,161.77186584,107497000
2021-12-07,165.45116790,167.89751232,164.72704457,167.50608826,167.50608826,120405400
2021-12-08,168.43571938,172.18352101,167.03640253,171.32240295,171.32240295,116998900
2021-12-09,171.15604705,172.95655299,170.18728927,170.81355286,170.81355286,108923700
2021-12-10,171.44962655,175.77476213,170.94078267,175.59861755,175.59861755,115402700
2021-12-13,177.23278564,178.22111851,171.76276218,171.96826172,171.96826172,153237000
2021-12-14,171.48875398,173.92531855,168.51400556,170.58850098,170.58850098,139380400
2021-12-15,171.35176719,175.64754785,168.61185817,175.45184326,175.45184326,131063300
2021-12-16,175.43226724,177.25234827,167.08534045,168.56292725,168.56292725,150185800
2021-12-17,166.28291222,169.74694421,166.04807272,167.46694946,167.46694946,195432700
2021-12-20,164.66837472,166.91901512,163.86598131,166.10682678,166.10682678,107499100
2021-12-21,167.87795057,169.48275204,165.49031584,169.27726746,169.27726746,91185900
2021-12-22,169.32615733,172.08564082,168.45525937,171.87036133,171.87036133,92135300
2021-12-23,172.07587898,173.05441678,171.50832526,172.49664307,172.49664307,68356600
2021-12-27,173.28924907,176.54778161,173.26968906,176.45971680,176.45971680,74919600
2021-12-28,176.29336988,177.43825729,174.69834852,175.44203186,175.44203186,79144300
2021-12-29,175.48120623,176.75330850,174.31674372,175.53013611,175.53013611,62348900
2021-12-30,175.61815902,176.69455645,174.26777225,174.37541199,174.37541199,59773000
2021-12-31,174.26778579,175.38331824,173.45559766,173.75895691,173.75895691,64062300
2022-01-03,174.01338718,178.95500629,173.89596741,178.10366821,178.10366821,104487900
2022-01-04,178.71037009,179.01371443,175.27569272,175.84324646,175.84324646,99310400
2022-01-05,175.75519292,176.30317176,170.89185836,171.16584778,171.16584778,94537600
2022-01-06,168.99350632,171.53771104,167.95625844,168.30853271,168.30853271,96904000
2022-01-07,169.17935597,170.40252790,167.35927553,168.47480774,168.47480774,86709100
2022-01-10,165.45113236,168.79772902,164.56065960,168.49438477,168.49438477,106765600
2022-01-11,168.62164395,171.42024778,167.15383723,171.32240295,171.32240295,76138300
2022-01-12,172.34007481,173.37732251,171.06798760,171.76274109,171.76274109,74805200
2022-01-13,172.00733102,172.82929899,168.10296078,168.49438477,168.49438477,84505800
2022-01-14,167.66267900,170.05031385,167.41804452,169.35556030,169.35556030,80440800
2022-01-18,167.82903799,168.83693088,165.77411726,166.15574646,166.15574646,90956700
2022-01-19,166.35143003,167.40825267,162.37856886,162.66233826,162.66233826,94815000
2022-01-20,163.39625309,166.03830242,160.65634401,160.97926331,160.97926331,91420500
2022-01-21,160.89120276,162.76021377,158.81670716,158.92434692,158.92434692,122848900
2022-01-24,156.58560899,158.81667379,151.37978119,158.15126038,158.15126038,162294600
2022-01-25,155.56793581,159.26680752,153.65001008,156.35076904,156.35076904,115798400
2022-01-26,159.99092174,160.86181974,154.43283450,156.26269531,156.26269531,108275300
2022-01-27,158.96346844,160.32363543,154.88296746,155.80279541,155.80279541,121954600
2022-01-28,162.15350702,166.69392186,159.30595841,166.67434692,166.67434692,179935700
2022-01-31,166.50798430,171.24410335,165.87192582,171.02882385,171.02882385,115541600
2022-02-01,170.27537434,171.08756259,168.61186290,170.86250305,170.86250305,86213900
2022-02-02,170.99946802,172.10522043,169.60994623,172.06607056,172.06607056,84914300
2022-02-03,170.73528537,172.45752160,168.42593537,169.18919373,169.18919373,89418100
2022-02-04,168.20936061,170.58045176,167.22957632,168.90501404,168.90501404,82465400
2022-02-07,169.36555781,170.43351938,167.49416573,168.18981934,168.18981934,77251200
2022-02-08,168.25837759,171.80520743,167.96443927,171.29571533,171.29571533,74829200
2022-02-09,172.49106915,173.07893090,171.36430797,172.71641541,172.71641541,71285000
2022-02-10,170.61968724,171.93259500,168.08204875,168.64051819,168.64051819,90865900
2022-02-11,168.84624167,169.58107994,164.64295836,165.23083496,165.23083496,98670700
2022-02-14,163.98653445,166.15186487,163.19291136,165.46601868,165.46601868,86185500
2022-02-15,167.51373624,169.45370512,166.80829029,169.29693604,169.29693604,62527400
2022-02-16,168.37595202,169.83582118,166.61233714,169.06179810,169.06179810,61177400
2022-02-17,167.57254947,168.43476465,165.06430343,165.46601868,165.46601868,69589300
2022-02-18,166.38704565,167.09247688,162.83042239,163.91798401,163.91798401,82772700
2022-02-22,161.64484588,163.32028399,158.87205390,160.99819946,160.99819946,91162800
2022-02-23,162.19351371,162.79118283,156.52056824,156.83410645,156.83410645,90009200
2022-02-24,149.49554882,159.55794171,148.92727191,159.45016479,159.45016479,141147500
2022-02-25,160.52789462,161.78201763,157.61793336,161.51748657,161.51748657,91974200
2022-02-28,159.76365925,162.07595128,159.14639022,161.78201294,161.78201294,95056600
2022-03-01,161.37047913,163.23207837,158.69567205,159.90080261,159.90080261,83474400
2022-03-02,161.06675601,163.97671686,159.65586409,163.19288635,163.19288635,79724800
2022-03-03,165.06429046,165.49539802,162.20332161,162.86956787,162.86956787,76678400
2022-03-04,161.16478288,162.20335222,158.82309816,159.87145996,159.87145996,83737200
2022-03-07,160.05761991,161.68406601,155.82494308,156.07969666,156.07969666,96418800
2022-03-08,155.60940127,159.58732445,152.65044751,154.25729370,154.25729370,131148300
2022-03-09,158.21559936,160.10659124,156.18745318,159.65588379,159.65588379,91454900
2022-03-10,156.96149117,157.14765264,152.82679893,155.31546021,155.31546021,105342000
2022-03-11,155.71715834,156.06008893,151.37671977,151.60206604,151.60206604,96970100
2022-03-14,148.38832651,151.00434875,147.06562670,147.57510376,147.57510376,108732100
2022-03-15,147.84947354,152.42508027,147.33999637,151.95477295,151.95477295,92964300
2022-03-16,153.87516909,156.76553057,151.33753065,156.36381531,156.36381531,102300200
2022-03-17,155.40360926,157.74529345,154.44342470,157.37297058,157.37297058,75615400
2022-03-18,157.26518605,161.15493125,156.53034777,160.66503906,160.66503906,123511700
2022-03-21,160.20453623,162.98713519,159.71464405,162.03674316,162.03674316,95811400
2022-03-22,162.16412731,165.99508829,161.57626558,165.40722656,165.40722656,81532000
2022-03-23,164.59399657,169.14998832,164.26085849,166.76911926,166.76911926,98062700
2022-03-24,167.60191067,170.61964830,166.76910293,170.55107117,170.55107117,90131400
2022-03-25,170.36495752,171.73665003,169.25779609,171.18797302,171.18797302,80546200
2022-03-28,168.68951712,172.17754799,168.52295553,172.05018616,172.05018616,90371900
2022-03-29,173.11815453,175.39124717,172.77522391,175.34226990,175.34226990,100589400
2022-03-30,174.94054611,175.97911541,173.12793859,174.17631531,174.17631531,92633200
2022-03-31,174.24490046,174.43106194,170.87443884,171.08020020,171.08020020,103049300
2022-04-01,170.51190115,171.34472398,168.46415506,170.78623962,170.78623962,78751300
2022-04-04,171.04100211,174.88175589,170.91362533,174.83276367,174.83276367,76468400
2022-04-05,173.91170255,174.69553293,170.89396530,171.52102661,171.52102661,73401800
2022-04-06,168.87563829,170.11996865,166.69072328,168.35635376,168.35635376,89058800
2022-04-07,167.69992581,169.85544881,166.41641045,168.66011047,168.66011047,77594700
2022-04-08,168.30738857,168.30738857,165.77954264,166.65155029,166.65155029,76575500
2022-04-11,165.29944536,165.61296862,162.15433061,162.39927673,162.39927673,72246700
2022-04-12,164.62342927,166.43602199,163.27132160,164.27070618,164.27070618,79265200
2022-04-13,164.00613046,167.58233799,163.39866884,166.95527649,166.95527649,70618900
2022-04-14,167.17081545,167.80768431,161.70361651,161.94856262,161.94856262,75329400
2022-04-18,160.60627110,163.23210129,160.26335550,161.73303223,161.73303223,69023900
2022-04-19,161.68405308,164.42745285,160.59649161,164.01593018,164.01593018,67723800
2022-04-20,165.34844979,165.46603411,162.74223402,163.84938049,163.84938049,67929800
2022-04-21,165.49540923,168.06243992,162.55605563,163.05574036,163.05574036,87227800
2022-04-22,163.09495551,164.47644047,158.23521718,158.51934814,158.51934814,84882400
2022-04-25,157.86288043,159.87144173,155.25666491,159.58731079,159.58731079,96046400
2022-04-26,158.97005704,159.05823406,153.55184920,153.63023376,153.63023376,95623200
2022-04-27,152.75818492,156.55973811,152.23890040,153.40484619,153.40484619,88063200
2022-04-28,156.03067136,161.19413953,155.71713317,160.33192444,160.33192444,130216800
2022-04-29,158.56835893,162.84022100,154.07115056,154.46305847,154.46305847,131747600
2022-05-02,153.54205390,155.03131575,150.17159242,154.76678467,154.76678467,123055300
2022-05-03,154.95289692,157.46115754,153.15990462,156.25601196,156.25601196,88966500
2022-05-04,156.44221048,163.11454144,156.04049519,162.66384888,162.66384888,108256500
2022-05-05,160.53769063,160.76303687,151.81759992,153.60081482,153.60081482,130525300
2022-05-06,153.08074567,156.44635166,151.28510401,154.32690430,154.32690430,116124600
2022-05-09,152.02104930,152.90416001,148.64565082,149.20494080,149.20494080,131577900
2022-05-10,152.59997843,153.79707305,150.05859660,151.60893250,151.60893250,115366700
2022-05-11,150.61789722,152.53128119,143.07228160,143.74932861,143.74932861,142689800
2022-05-12,140.08941027,143.45500274,136.19394824,139.88334656,139.88334656,182602000
2022-05-13,141.87518109,145.31928707,140.42297369,144.34786987,144.34786987,113990900
2022-05-16,142.81717961,144.75019241,141.47289233,142.80735779,142.80735779,86643800
2022-05-17,146.06505720,146.95797495,143.92598034,146.43792725,146.43792725,78336300
2022-05-18,144.09272769,144.59314646,137.27320998,138.17594910,138.17594910,109742900
2022-05-19,137.25362915,139.00020681,134.03521536,134.77113342,134.77113342,136095600
2022-05-20,136.47845849,138.05822991,130.12013042,135.00662231,135.00662231,137426100
2022-05-23,135.20286922,140.57016653,135.06549844,140.42298889,140.42298889,117726300
2022-05-24,138.16618782,139.30441157,134.75153154,137.72463989,137.72463989,104132700
2022-05-25,135.83083742,139.12775081,135.74253085,137.88160706,137.88160706,92482700
2022-05-26,134.81036264,141.62986634,134.56505664,141.08038330,141.08038330,90601500
2022-05-27,142.66016578,146.86961042,142.53260186,146.83036804,146.83036804,90978500
2022-05-31,146.27107194,147.83121454,144.08293160,146.04537964,146.04537964,103718400
2022-06-01,147.08549082,148.89095459,144.90717205,145.91784668,145.91784668,74286600
2022-06-02,145.05435330,148.42976643,144.10256477,148.37089539,148.37089539,72348100
2022-06-03,144.14177908,145.19169579,141.74760544,142.65032959,142.65032959,88570300
2022-06-06,144.26937649,145.78046997,142.17936439,143.39608765,143.39608765,71598400
2022-06-07,141.63970888,146.20239509,141.39440285,145.91784668,145.91784668,67808200
2022-06-08,145.79030004,147.05607273,144.69133368,145.18194580,145.18194580,53950200
2022-06-09,144.31846045,145.17212074,139.85388725,139.96182251,139.96182251,69473000
2022-06-10,137.64613291,138.11711634,134.48658971,134.55528259,134.55528259,91437900
2022-06-13,130.37525676,132.66151098,128.97211332,129.40385437,129.40385437,122207100
2022-06-14,130.63038186,131.37610686,129.01135295,130.26731873,130.26731873,84784300
2022-06-15,131.76856648,134.76130272,129.67856950,132.88716125,132.88716125,91533000
2022-06-16,129.60006522,129.90424226,126.61713593,127.61798859,127.61798859,108123900
2022-06-17,127.62782938,130.58130862,127.37270153,129.08984375,129.08984375,134520300
2022-06-21,130.91494270,134.48659851,130.81682925,133.31893921,133.31893921,81000500
2022-06-22,132.25917205,135.17340843,131.39570513,132.80867004,132.80867004,73409200
2022-06-23,134.25110181,135.98785786,133.08344262,135.67387390,135.67387390,72433800
2022-06-24,137.27326464,139.24553494,137.14571567,139.00022888,139.00022888,89116800
2022-06-27,140.02069550,140.79587103,138.32318176,139.00022888,139.00022888,70207900
2022-06-28,139.46139501,140.72716759,134.74170919,134.85945129,134.85945129,67083400
2022-06-29,134.87905850,138.02877917,134.10388315,136.61581421,136.61581421,66242400
2022-06-30,134.67303229,135.77199869,131.25837599,134.15298462,134.15298462,98964500
2022-07-01,133.48568998,136.42936162,133.11283509,136.32142639,136.32142639,71051600
2022-07-05,135.18323666,138.95113329,134.35899711,138.90206909,138.90206909,73353800
2022-07-06,138.69602775,141.41400763,138.43109306,140.23654175,140.23654175,74064300
2022-07-07,140.59958423,143.79838414,140.58977738,143.60214233,143.60214233,66253700
2022-07-08,142.53256708,144.77957802,142.27745428,144.27914429,144.27914429,64547800
2022-07-11,142.93486912,143.88665740,141.08035674,142.14988708,142.14988708,63141600
2022-07-12,143.02319425,145.66268901,142.32653365,143.12132263,143.12132263,77588800
2022-07-13,140.30524051,143.70026754,139.45156536,142.75830078,142.75830078,71185600
2022-07-14,141.37478416,146.15334121,140.56036628,145.68235779,145.68235779,78140700
2022-07-15,146.96775652,148.02748043,145.41742052,147.35043335,147.35043335,76259900
2022-07-18,147.90977719,148.72419527,143.94562208,144.30868530,144.30868530,81420900
2022-07-19,145.14268359,148.39053333,144.15165252,148.16485596,148.16485596,82982400
2022-07-20,148.28257082,150.83375929,147.54665280,150.16651917,150.16651917,64823400
2022-07-21,151.59912005,152.64903700,149.08718880,152.43316650,152.43316650,65086600
2022-07-22,152.47240210,153.34569089,150.52958270,151.19680786,151.19680786,66675400
2022-07-25,151.11832702,152.12898671,149.42081342,150.07823181,150.07823181,53623900
2022-07-26,149.40116704,150.21558479,147.96858833,148.75357056,148.75357056,55138700
2022-07-27,149.71517017,154.37598449,149.30305786,153.84611511,153.84611511,78620700
2022-07-28,154.03253631,154.68014773,151.51079847,154.39559937,154.39559937,81378700
2022-07-29,158.21258113,160.55770616,156.50524579,159.45872498,159.45872498,101786900
2022-08-01,157.98689647,160.51845659,157.86915436,158.47750854,158.47750854,67829400
2022-08-02,157.09399783,159.36062329,156.63282126,157.00567627,157.00567627,59907000
2022-08-03,157.82011812,163.46215803,157.73181152,163.01080322,163.01080322,82507500
2022-08-04,162.89298863,164.05084072,161.34265293,162.69674683,162.69674683,55474100
2022-08-05,160.36804367,162.96207296,160.16169379,162.47077942,162.47077942,56697000
2022-08-08,163.47302630,164.88795425,161.34081389,161.99914551,161.99914551,60276900
2022-08-09,161.16392598,162.93258560,160.40732978,162.04824829,162.04824829,63135500
2022-08-10,164.76018147,166.39127949,163.99376480,166.29302979,166.29302979,70170500
2022-08-11,167.09874512,168.01255884,165.26131221,165.55609131,165.55609131,57149200
2022-08-12,166.86294364,169.17201427,166.45024388,169.10324097,169.10324097,68039400
2022-08-15,168.53332167,170.37075451,168.36628368,170.17424011,170.17424011,54091700
2022-08-16,169.77138206,170.68519577,168.67088941,170.01702881,170.01702881,56377100
2022-08-17,169.76155547,173.08268924,169.56504107,171.51055908,171.51055908,79542000
2022-08-18,170.72450961,171.85447878,170.10547493,171.11753845,171.11753845,62290100
2022-08-19,170.01704155,170.71468497,168.32699057,168.53334045,168.53334045,70346300
2022-08-22,166.73519456,166.90223256,164.22959465,164.65211487,164.65211487,69026800
2022-08-23,164.17064163,165.77226327,163.74812141,164.31802368,164.31802368,54147100
2022-08-24,164.40648858,165.18272583,163.35511314,164.61282349,164.61282349,53841500
2022-08-25,165.84104109,167.17736008,165.41853586,167.06927490,167.06927490,51218200
2022-08-26,167.59988131,168.07151890,160.71193646,160.77088928,160.77088928,78961000
2022-08-29,158.34394041,160.06346822,157.03711247,158.56994629,158.56994629,73314000
2022-08-30,159.30684536,159.72935060,154.97363281,156.14291382,156.14291382,77906200
2022-08-31,157.51855169,157.78385443,154.40375206,154.48236084,154.48236084,87991100
2022-09-01,153.91242016,155.66142374,151.97672266,155.20944214,155.20944214,74229900
2022-09-02,156.96827323,157.56765190,152.27150857,153.09687805,153.09687805,76957800
2022-09-06,153.74539360,154.35459276,151.01380286,151.83917236,151.83917236,73714800
2022-09-07,152.12414450,153.94192167,150.93520749,153.24429321,153.24429321,87449600
2022-09-08,151.94725947,153.63731038,150.02138227,151.77040100,151.77040100,84923800
2022-09-09,152.76279055,155.07187582,152.05532676,154.62969971,154.62969971,68028800
2022-09-12,156.81106724,161.39974707,156.52612359,160.58419800,160.58419800,104956000
2022-09-13,157.11566920,157.74452433,150.69937672,151.16119385,151.16119385,122656600
2022-09-14,152.09467178,154.36446089,150.93522603,152.60562134,152.60562134,87965400
2022-09-15,151.95707885,152.53681660,148.74403005,149.71678162,149.71678162,90481100
2022-09-16,148.57698038,148.71454196,145.78642203,148.07585144,148.07585144,162278800
2022-09-19,146.71009545,151.86867836,146.50376053,151.79006958,151.79006958,81474200
2022-09-20,150.72883800,155.32735290,150.41441796,154.16789246,154.16789246,107689800
2022-09-21,154.60023405,155.97586483,150.92536828,151.04327393,151.04327393,101696800
2022-09-22,149.72659040,151.78019333,148.28218651,150.08032227,150.08032227,86652500
2022-09-23,148.55732255,148.83244569,145.97311409,147.81054688,147.81054688,96029900
2022-09-26,147.05395081,151.09238334,147.03429487,148.14462280,148.14462280,93339400
2022-09-27,150.08033184,152.02584975,147.33890593,149.11738586,149.11738586,84442700
2022-09-28,145.06911645,148.01687689,142.31787038,147.23080444,147.23080444,146691400
2022-09-29,143.55596809,144.16516724,138.23033330,139.99899292,139.99899292,128138200
2022-09-30,138.81987217,140.60818748,135.59698843,135.79350281,135.79350281,124925300
2022-10-03,135.80335372,140.57872707,135.29240429,139.96951294,139.96951294,114311700
2022-10-04,142.50459393,143.67387488,141.74799773,143.55596924,143.55596924,87830100
2022-10-05,141.56136893,144.81373071,140.51981373,143.85078430,143.85078430,79471000
2022-10-06,143.27104726,144.97091904,142.69132437,142.89765930,142.89765930,68402200
2022-10-07,140.05792379,140.60818502,137.02173400,137.65058899,137.65058899,85925600
2022-10-10,137.97485352,139.41925749,136.15707671,137.97485352,137.97485352,74899000
2022-10-11,137.46389940,138.88866238,135.81316063,136.55992126,136.55992126,77033700
2022-10-12,136.70731280,137.91589042,135.75420236,135.93106079,135.93106079,70433700
2022-10-13,132.63945479,141.08969593,132.03024052,140.50015259,140.50015259,113224000
2022-10-14,141.79711593,142.00346578,135.78368878,135.97038269,135.97038269,88598000
2022-10-17,138.61355855,140.41167960,137.82748593,139.93022156,139.93022156,85250900
2022-10-18,142.95659406,144.14551598,138.16156450,141.24688721,141.24688721,99136600
2022-10-19,139.22275324,142.42598143,139.03605931,141.35496521,141.35496521,61758300
2022-10-20,140.52963598,143.34965666,140.16606850,140.89318848,140.89318848,64522000
2022-10-21,140.38219017,145.27548388,140.16601984,144.70558167,144.70558167,86548600
2022-10-24,144.62699951,147.61405774,143.45771845,146.84764099,146.84764099,75981900
2022-10-25,147.47646583,149.83468341,146.75918158,149.68728638,149.68728638,74732300
2022-10-26,148.33134006,149.34340347,145.46217283,146.74937439,146.74937439,88194300
2022-10-27,145.49167414,146.45460526,141.62027869,142.27861023,142.27861023,109180200
2022-10-28,145.61939222,154.75745443,145.24601935,153.02810669,153.02810669,164762400
2022-10-31,150.49304813,151.55424403,149.27463469,150.66990662,150.66990662,97943200
2022-11-01,152.37961754,152.74316999,146.53322698,148.02674866,148.02674866,80379300
2022-11-02,146.35634785,149.52027956,142.47513174,142.50460815,142.50460815,93604600
2022-11-03,139.58630459,140.31342436,136.33394407,136.46168518,136.46168518,97918500
2022-11-04,139.84737436,140.41822196,132.25907055,136.19593811,136.19593811,140814800
2022-11-07,134.94601683,136.95381325,133.52874171,136.72744751,136.72744751,83374600
2022-11-08,138.19391993,139.19781051,135.32000794,137.29827881,137.29827881,89908500
2022-11-09,136.31401394,136.36322778,132.46572301,132.74130249,132.74130249,74917800
2022-11-10,139.01078027,144.55191040,137.29823770,144.55191040,144.55191040,118854000
2022-11-11,143.51855829,147.64241572,142.09143135,147.33731079,147.33731079,93979700
2022-11-14,146.61884007,147.90816222,145.10313714,145.93972778,145.93972778,73374100
2022-11-15,149.81749081,151.16586310,146.21525352,147.67189026,147.67189026,89868300
2022-11-16,146.77629561,147.50460662,144.96532479,146.44165039,146.44165039,64218300
2022-11-17,144.11893168,149.08923204,143.84335204,148.34123230,148.34123230,80389400
2022-11-18,149.90612748,150.28997161,147.60306271,148.90222168,148.90222168,74829600
2022-11-21,147.79001024,147.99668737,145.38851865,145.67393494,145.67393494,58724100
2022-11-22,145.79207473,148.04592514,144.61100227,147.80970764,147.80970764,51804100
2022-11-23,147.09124229,149.43368379,146.98297781,148.68568420,148.68568420,58301400
2022-11-25,145.96922505,146.53023596,144.79800438,145.77238464,145.77238464,35195900
2022-11-28,142.84924916,144.32557461,141.11703272,141.94377136,141.94377136,69246000
2022-11-29,142.01264638,142.52444336,138.13484450,138.94189453,138.94189453,83763800
2022-11-30,139.16827084,146.37274613,138.33169545,145.69363403,145.69363403,111380900
2022-12-01,145.87084083,146.77631887,144.29608727,145.96925354,145.96925354,71250400
2022-12-02,143.65634952,145.66414601,143.35122957,145.47714233,145.47714233,65447400
2022-12-05,145.43772620,148.53800323,143.46929252,144.31571960,144.31571960,68826400
2022-12-06,144.74879562,144.97516132,139.68006927,140.65444946,140.65444946,64727200
2022-12-07,139.94580150,141.10717022,137.79036412,138.71553040,138.71553040,69721100
2022-12-08,140.11311277,141.25480793,138.87300493,140.39852905,140.39852905,62128300
2022-12-09,140.09344213,143.27247381,138.67616727,139.91629028,139.91629028,76097000
2022-12-12,140.44776161,142.21935520,138.83364634,142.20951843,142.20951843,70462700
2022-12-13,147.14041920,147.60300232,141.96344397,143.17402649,143.17402649,93886200
2022-12-14,143.05596154,144.34528354,138.93208949,140.94973755,140.94973755,82291200
2022-12-15,138.88286802,139.56198018,133.88304362,134.34562683,134.34562683,98931900
2022-12-16,134.53264031,135.47748034,131.61935103,132.38703918,132.38703918,160156900
2022-12-19,132.97755207,133.06612799,129.24737646,130.28079224,130.28079224,79592600
2022-12-20,129.31628813,131.14693259,127.83996243,130.21192932,130.21192932,77432800
2022-12-21,130.88117754,134.65073060,130.65481182,133.31219482,133.31219482,85928000
2022-12-22,132.22955555,132.43623271,128.24347383,130.14300537,130.14300537,77852100
2022-12-23,128.85370314,130.33002881,127.59390643,129.77886963,129.77886963,63814900
2022-12-27,129.30645953,129.33598485,126.68843820,127.97776031,127.97776031,69007800
2022-12-28,127.62340977,128.96194542,123.88338988,124.05070496,124.05070496,85438400
2022-12-29,125.96995752,128.42065625,125.71406645,127.56439209,127.56439209,75703700
2022-12-30,126.38328139,127.89896863,125.41874563,127.87928009,127.87928009,77034200
2023-01-03,128.22377749,128.83398716,122.21021158,123.09600830,123.09600830,112117500
2023-01-04,124.88728777,126.62935597,123.10585750,124.36565399,124.36565399,89113600
2023-01-05,125.12352033,125.75341869,122.79093055,123.04682159,123.04682159,80962700
2023-01-06,124.02120926,128.23365009,122.91888331,127.57422638,127.57422638,87754700
2023-01-09,128.41079711,131.30439758,127.83994943,128.09584045,128.09584045,70790800
2023-01-10,128.20411901,129.18833615,126.09789494,128.66670227,128.66670227,63896200
2023-01-11,129.17848144,131.40280646,128.40095662,131.38313293,131.38313293,69458900
2023-01-12,131.76699610,132.14098840,129.36550387,131.30441284,131.30441284,71379600
2023-01-13,129.94617876,132.79056549,129.58202325,132.63308716,132.63308716,57809700
2023-01-17,132.70196748,135.12313267,132.01301865,133.79444885,133.79444885,63646600
2023-01-18,134.66057876,136.42232060,132.89882190,133.07598877,133.07598877,69672800
2023-01-19,131.96380450,134.09955339,131.65869967,133.13502502,133.13502502,58280400
2023-01-20,133.14485174,135.84161126,132.10158430,135.69396973,135.69396973,80223600
2023-01-23,135.94008891,141.05803090,135.72355991,138.88290405,138.88290405,81760300
2023-01-24,138.09550849,140.90053342,138.08567172,140.28047180,140.28047180,66435100
2023-01-25,138.66635612,140.18204395,136.61918261,139.62104797,139.62104797,65799300
2023-01-26,140.91035683,141.97331307,139.66039694,141.68789673,141.68789673,54105100
2023-01-27,140.90051489,144.90627043,140.82177573,143.62678528,143.62678528,70555800
2023-01-30,142.67211407,143.25279854,140.59541544,140.74304199,140.74304199,64015300
2023-01-31,140.44776336,142.06187865,140.03439402,142.01266479,142.01266479,65874500
2023-02-01,141.69774074,144.29607335,139.08957136,143.13468933,143.13468933,77663600
2023-02-02,146.54988091,148.79389410,145.83140683,148.43959045,148.43959045,118339000
2023-02-03,145.69365299,154.89608869,145.49681258,152.06153870,152.06153870,154357300
2023-02-06,150.16200460,150.68363844,148.40024765,149.33525085,149.33525085,69858300
2023-02-07,148.26243262,152.77998456,148.26243262,152.20913696,152.20913696,83322600
2023-02-08,151.45130382,152.14025266,148.78406937,149.52223206,149.52223206,64120100
2023-02-09,151.35285930,151.89418155,148.04589023,148.48878479,148.48878479,56007100
2023-02-10,147.32567734,149.17882020,147.08909919,148.85353088,148.85353088,57450700
2023-02-13,148.79438841,152.05711827,148.76481802,151.65298462,151.65298462,62199000
2023-02-14,149.94768889,151.57413556,148.70568738,151.01226807,151.01226807,61707600
2023-02-15,150.92353289,153.27940220,150.69682158,153.11183167,153.11183167,65573800
2023-02-16,151.31782815,154.09756497,151.16012443,151.51498413,151.51498413,68167900
2023-02-17,150.17442581,150.81513770,148.69584603,150.37156677,150.37156677,59144100
2023-02-21,148.05511953,149.13941739,146.29068761,146.35968018,146.35968018,58867200
2023-02-22,146.74407109,147.80865006,145.05849901,146.78350830,146.78350830,51011300
2023-02-23,147.94668963,148.19311960,145.13739707,147.26654053,147.26654053,48394200
2023-02-24,145.00921102,145.08807040,143.63906138,144.61492920,144.61492920,55469600
2023-02-27,145.60067024,147.03981265,145.34437348,145.80766296,145.80766296,44998500
2023-02-28,144.95010242,146.95111245,144.73324286,145.30496216,145.30496216,50547000
2023-03-01,144.73322244,145.12750430,142.93920540,143.23492432,143.23492432,55479000
2023-03-02,142.31825044,144.61497972,141.84509404,143.82640076,143.82640076,52238100
2023-03-03,145.92595288,148.95211989,145.22610024,148.87326050,148.87326050,70732300
2023-03-06,151.59384831,154.06801474,151.26857399,151.63328552,151.63328552,87558000
2023-03-07,151.50510660,151.83039589,148.97181493,149.43510437,149.43510437,56182000
2023-03-08,150.62784042,151.27841910,149.66183923,150.68698120,150.68698120,47204800
2023-03-09,151.36710264,152.33310366,148.08465449,148.43951416,148.43951416,53833600
2023-03-10,148.06495119,148.78452230,145.50207415,146.37936401,146.37936401,68572400
2023-03-13,145.69922530,150.95311306,145.59079553,148.32124329,148.32124329,84457100
2023-03-14,149.11968970,151.20941085,147.95654756,150.41098022,150.41098022,73695900
2023-03-15,149.03098389,151.06156433,147.77911549,150.80528259,150.80528259,77167900
2023-03-16,149.98709719,154.22569446,149.47451879,153.62440491,153.62440491,76161100
2023-03-17,153.85115455,154.50173326,152.07685583,152.78657532,152.78657532,98944600
2023-03-20,152.85555390,155.56628295,151.94867858,155.15226746,155.15226746,73641400
2023-03-21,155.07346009,157.12374422,154.30458474,157.00546265,157.00546265,73938300
2023-03-22,157.02515051,159.82459084,155.55642275,155.57614136,155.57614136,75701800
2023-03-23,156.56188321,159.24304236,155.42829637,156.66044617,156.66044617,67622100
2023-03-24,156.59142862,158.05028953,155.59585716,157.96157837,157.96157837,59196500
2023-03-27,157.65602810,158.47417734,155.61558088,156.01972961,156.01972961,52390300
2023-03-28,155.71416499,156.22674352,153.75257708,155.39872742,155.39872742,45992200
2023-03-29,157.09415021,158.75016719,157.07444664,158.47416687,158.47416687,51305700
2023-03-30,159.22332412,160.14990317,158.96704238,160.04147339,160.04147339,49501700
2023-03-31,160.12033414,162.64377453,159.59790382,162.54519653,162.54519653,68749800
2023-04-03,161.92419649,163.91533967,161.87490749,163.79705811,163.79705811,56976200
2023-04-04,164.22091989,164.45748301,162.75219202,163.26477051,163.26477051,46278300
2023-04-05,162.38747921,162.69304993,159.48946070,161.42146301,161.42146301,51511700
2023-04-06,160.11044325,162.60432793,159.68659100,162.30860901,162.30860901,45390100
2023-04-10,159.11486641,159.71615601,157.79400567,159.71615601,159.71615601,47716900
2023-04-11,160.03162243,160.04147421,158.21788648,158.50375366,158.50375366,47644200
2023-04-12,158.91775262,159.74575367,157.49831365,157.81375122,157.81375122,50133100
2023-04-13,159.32188371,163.43233315,159.11487595,163.19575500,163.19575500,68445600
2023-04-14,162.23961256,163.94491858,161.48061917,162.85076904,162.85076904,49386500
2023-04-17,162.73248322,163.02820218,161.68762261,162.87048340,162.87048340,41516200
2023-04-18,163.72806193,165.01935244,163.28447600,164.09277344,164.09277344,49923000
2023-04-19,163.43233711,165.75863632,163.17604035,165.23620605,165.23620605,47720200
2023-04-20,163.71818673,165.47276665,163.19575648,164.27018738,164.27018738,52456400
2023-04-21,162.69303779,164.07303934,162.14103717,162.66346741,162.66346741,58337300
2023-04-24,162.64376584,163.23520373,161.54961627,162.96905518,162.96905518,41949600
2023-04-25,162.83107115,163.93507261,161.39191349,161.43135071,161.43135071,48714100
2023-04-26,160.73146219,162.91976126,160.47518046,161.42146301,161.42146301,45498800
2023-04-27,162.83103217,166.15290259,162.83103217,166.00505066,166.00505066,64902300
2023-04-28,166.08393357,167.42451309,165.48264389,167.25692749,167.25692749,55275900
2023-05-01,166.86265740,168.01594783,166.23179729,167.16822815,167.16822815,52472900
2023-05-02,167.66106253,167.91735929,165.14747426,166.13319397,166.13319397,48425700
2023-05-03,167.07952089,168.47924133,164.77293996,165.05879211,165.05879211,65136000
2023-05-04,162.53532834,164.65461978,161.96360908,163.42247009,163.42247009,81235400
2023-05-05,168.53835929,171.81095610,168.32149975,171.09138489,171.09138489,113453200
2023-05-08,170.01693107,171.36737730,169.65221959,171.02236938,171.02236938,55962800
2023-05-09,170.57882840,171.06182151,169.14953758,169.31710815,169.31710815,45326900
2023-05-10,170.54923042,171.54480192,169.44521410,171.08151245,171.08151245,53724500
2023-05-11,171.36737682,172.09679977,169.71135989,171.26879883,171.26879883,49514700
2023-05-12,171.37733691,171.81165582,168.79118440,170.34091187,170.34091187,45533100
2023-05-15,170.92331382,170.97267099,169.25514096,169.84739685,169.84739685,37266700
2023-05-16,169.76842839,170.90356794,169.58088020,169.84739685,169.84739685,42110300
2023-05-17,169.49207424,170.69630197,168.21872839,170.45941162,170.45941162,57951600
2023-05-18,170.76541658,172.97648867,170.35084339,172.78894043,172.78894043,65496700
2023-05-19,174.11161490,174.11161490,172.68034719,172.89750671,172.89750671,55809500
2023-05-22,171.73271539,172.45329690,171.20956254,171.94987488,171.94987488,43570900
2023-05-23,170.89370662,171.14047740,169.06759681,169.34397888,169.34397888,50747300
2023-05-24,168.88006417,170.19288666,168.31743457,169.62037659,169.62037659,45143500
2023-05-25,170.18302884,171.65377326,169.47232769,170.75553894,170.75553894,56058300
2023-05-26,171.08128541,173.49963649,170.87399129,173.16401672,173.16401672,54835000
2023-05-30,174.67423727,176.67801482,174.28927545,175.00984192,175.00984192,55964400
2023-05-31,175.03944819,177.03336027,174.47680359,174.96047974,174.96047974,99625300
2023-06-01,175.40469602,177.79343576,174.64463768,177.76382446,177.76382446,68901800
2023-06-02,178.69170041,179.43201293,176.94455864,178.61273193,178.61273193,61996900
2023-06-05,180.27099781,182.56102285,175.74027477,177.26039124,177.26039124,121946500
2023-06-06,177.64536519,177.79342165,175.13816542,176.89518738,176.89518738,64848400
2023-06-07,176.13511906,178.86934359,175.02959075,175.52313232,175.52313232,61944600
2023-06-08,175.60209966,178.50412675,175.16779569,178.23762512,178.23762512,50214900
2023-06-09,179.15560743,179.87617398,178.29684984,178.62258911,178.62258911,48900000
2023-06-12,178.92857679,181.51472997,178.63244882,181.41601562,181.41601562,54274900
2023-06-13,180.43879275,181.77134589,180.08344223,180.94219971,180.94219971,54929100
2023-06-14,181.00146447,182.00829368,179.66891102,181.57397461,181.57397461,57462900
2023-06-15,181.58385211,184.11078297,181.40616928,183.60736084,183.60736084,65433200
2023-06-16,184.31803597,184.57468724,181.88981981,182.53141785,182.53141785,101256200
2023-06-20,182.02799843,183.69617129,182.02799843,182.62023926,182.62023926,49799100
2023-06-21,182.51169268,183.01511479,180.23153271,181.58384705,181.58384705,49515700
2023-06-22,181.36666331,184.63390612,181.29756026,184.58454895,184.58454895,51245300
2023-06-23,183.15328303,185.13731476,182.62024969,184.26867676,184.26867676,53117000
2023-06-26,184.41677011,185.62101291,182.83743084,182.87692261,182.87692261,48088700
2023-06-27,183.48889069,185.95659863,183.27173119,185.63085938,185.63085938,50730800
2023-06-28,185.50253916,187.44709427,185.17681496,186.80549622,186.80549622,51216800
2023-06-29,186.63767580,187.61489350,186.49948477,187.14108276,187.14108276,46347300
2023-06-30,189.15475232,191.96793031,188.78952130,191.46452332,191.46452332,85213200
2023-07-03,191.27698683,191.37570118,189.28307449,189.97404480,189.97404480,31458200
2023-07-05,189.09553271,190.48730855,188.15779163,188.85862732,188.85862732,46920300
2023-07-06,187.38788795,189.53973736,186.75615525,189.33244324,189.33244324,45094300
2023-07-07,188.93759205,190.18131142,187.78270656,188.21701050,188.21701050,46815000
2023-07-10,186.81534985,187.53593139,184.62402407,186.17375183,186.17375183,59922200
2023-07-11,186.71665588,186.85484692,184.18972538,185.65060425,185.65060425,46638100
2023-07-12,187.22992243,189.22383459,186.03556027,187.31877136,187.31877136,60750200
2023-07-13,188.03936546,188.72045533,187.32866429,188.07884216,188.07884216,41342300
2023-07-14,187.77281807,188.71054402,187.18057724,188.22688293,188.22688293,41616200
2023-07-17,189.42125293,191.81000744,189.33241906,191.48426819,191.48426819,50520200
2023-07-18,190.85254923,191.81988658,189.93455399,191.22763062,191.22763062,48288200
2023-07-19,190.60575927,195.66948551,190.16155981,192.57992554,192.57992554,80507300
2023-07-20,192.57006595,193.93224565,190.01352397,190.63539124,190.63539124,59581200
2023-07-21,191.59284232,192.45159983,188.75990348,189.46073914,189.46073914,71951700
2023-07-24,190.91176294,192.39238772,189.76674283,190.26028442,190.26028442,45377800
2023-07-25,190.83278633,191.92844922,190.42807862,191.11903381,191.11903381,37283200
2023-07-26,191.16840528,193.11296042,190.82293519,191.98768616,191.98768616,47471900
2023-07-27,193.48806403,194.65281505,190.06288393,190.72422791,190.72422791,47460200
2023-07-28,192.15550162,194.09019149,191.63234869,193.30052185,193.30052185,48291400
2023-07-31,193.52751377,193.95196735,192.73784427,193.91247559,193.91247559,38824100
2023-08-01,193.70521074,194.18887186,192.75760425,193.08334351,193.08334351,35175100
2023-08-02,192.52071520,192.65890626,189.37193221,190.09249878,190.09249878,50389300
2023-08-03,189.09551060,189.88516500,188.22687268,188.70066833,188.70066833,61235200
2023-08-04,183.12365371,184.95962881,179.57014867,179.63925171,179.63925171,115956800
2023-08-07,179.77747247,180.76455569,175.05921586,176.53984070,176.53984070,97576100
2023-08-08,177.36898982,177.94149991,175.28624358,177.47756958,177.47756958,67823000
2023-08-09,178.53372709,178.59294967,174.72358547,175.88835144,175.88835144,60378500
2023-08-10,177.16170926,178.41530928,175.30600287,175.67121887,175.67121887,54686900
2023-08-11,175.26594234,176.55087115,174.50485775,175.73048401,175.73048401,52036700
2023-08-14,175.90841909,177.60849604,175.25606083,177.38116455,177.38116455,43675600
2023-08-15,176.80789799,177.40093867,174.99909450,175.39445496,175.39445496,43622600
2023-08-16,175.07816887,176.47182427,174.45546183,174.52465820,174.52465820,46964900
2023-08-17,175.08804708,175.45375625,171.47044012,171.98442078,171.98442078,66062900
2023-08-18,170.30413115,173.07169980,169.96807323,172.46876526,172.46876526,61172200
2023-08-21,173.04203097,174.08974973,171.72743562,173.80310059,173.80310059,46311900
2023-08-22,175.00894252,175.62175564,174.20832793,175.17697144,175.17697144,42038900
2023-08-23,176.45203892,179.44693837,176.26423746,179.02191162,179.02191162,52722800
2023-08-24,178.57713623,179.00216300,173.97111355,174.33683777,174.33683777,54945800
2023-08-25,175.32526794,177.07475373,173.78334110,176.54101562,176.54101562,51449600
2023-08-28,178.00384401,178.49805204,176.48168992,178.10269165,178.10269165,43820700
2023-08-29,177.61838490,182.75814603,177.42070468,181.98718262,181.98718262,53003900
2023-08-30,182.79770351,185.67399842,182.60002328,185.47630310,185.47630310,60813900
2023-08-31,185.66408957,186.92926106,185.30825914,185.69374084,185.69374084,60794500
2023-09-01,187.29497110,187.71998278,186.09898099,187.26531982,187.26531982,45766500
2023-09-05,186.09899904,187.77930354,185.43676200,187.50254822,187.50254822,45280000
2023-09-06,186.21760937,186.66240874,179.36789222,180.79121399,180.79121399,81755800
2023-09-07,173.15075356,176.14566871,171.52975149,175.50318909,175.50318909,112488800
2023-09-08,176.28402607,178.15213199,175.73050036,176.11598206,176.11598206,65551300
2023-09-11,177.98408489,178.21141635,175.28569822,177.28230286,177.28230286,58953100
2023-09-12,177.41081659,178.04340231,172.79491507,174.25776672,174.25776672,90370200
2023-09-13,174.46533119,175.24618840,171.96463951,172.19198608,172.19198608,84267900
2023-09-14,171.98440467,174.06008456,171.56927171,173.70425415,173.70425415,60895800
2023-09-15,174.43568480,174.45545734,171.80650920,172.98271179,172.98271179,109259500
2023-09-18,174.43570157,177.30211785,174.12929494,175.90844727,175.90844727,67257600
2023-09-19,175.46363376,177.54919238,175.07815208,176.99568176,176.99568176,51826900
2023-09-20,177.18347130,177.61837681,173.36818441,173.45715332,173.45715332,58436200
2023-09-21,172.52805047,174.25777881,171.84604088,171.91522217,171.91522217,63149100
2023-09-22,172.64663842,175.02872485,172.03382527,172.76524353,172.76524353,56725400
2023-09-25,172.18208657,174.92000347,172.13266275,174.04031372,174.04031372,46172700
2023-09-26,172.79494992,173.17053787,169.67155070,169.96807861,169.96807861,64588900
2023-09-27,170.62038319,171.03551615,167.09174554,168.45574951,168.45574951,66921800
2023-09-28,167.37838547,170.03722730,165.67830851,168.71275330,168.71275330,56294400
2023-09-29,170.02734499,171.06518493,168.36679807,169.22673035,169.22673035,51861100
2023-10-02,169.23659802,172.28092127,168.94994892,171.73728943,171.73728943,52164500
2023-10-03,170.26454594,171.61868620,168.84123947,170.40292358,170.40292358,49594600
2023-10-04,169.10812433,172.19199313,168.98951921,171.64836121,171.64836121,53020300
2023-10-05,171.77682906,173.41760342,170.67968657,172.88386536,172.88386536,48527900
2023-10-06,171.78673242,175.92819856,171.17390414,175.43399048,175.43399048,57266700
2023-10-09,174.76184061,176.97589801,173.76354582,176.91659546,176.91659546,42390800
2023-10-10,176.03692856,177.63815796,175.88865709,176.32356262,176.32356262,43698000
2023-10-11,176.13576740,177.76666321,175.54272671,177.71723938,177.71723938,47551100
2023-10-12,177.98409825,180.22779198,176.96601576,178.61668396,178.61668396,56743100
2023-10-13,179.31845034,179.82253713,176.07644668,176.77822876,176.77822876,51427100
2023-10-16,174.70255349,177.00556491,174.46532818,176.64973450,176.64973450,52517000
2023-10-17,174.60369236,176.35319302,172.77513168,175.09790039,175.09790039,57549400
2023-10-18,173.54611780,175.52295020,173.08156098,173.80310059,173.80310059,54764400
2023-10-19,174.00078890,175.77994116,173.16064414,173.42752075,173.42752075,59302900
2023-10-20,173.27922426,173.38795063,170.64015508,170.87738037,170.87738037,64244000
2023-10-23,168.93018581,171.99426643,167.96152726,170.99597168,170.99597168,55980100
2023-10-24,171.04542649,171.65823971,169.46395453,171.43090820,171.43090820,43816600
2023-10-25,169.88894422,171.05526784,168.67318170,169.11798096,169.11798096,57157000
2023-10-26,168.39644028,169.39475016,163.75088779,164.95675659,164.95675659,70625300
2023-10-27,164.97652445,167.00278034,164.89744936,166.27134705,166.27134705,58499100
2023-10-30,167.06212028,169.18720921,166.91384879,168.31739807,168.31739807,51131000
2023-10-31,167.38829040,168.92032345,165.95507483,168.79183960,168.79183960,44846000
2023-11-01,169.01916054,172.21174046,168.14934951,171.95475769,171.95475769,56934900
2023-11-02,173.48679033,175.72060519,173.42748778,175.51304626,175.51304626,77334800
2023-11-03,172.22162738,174.77174274,171.34193765,174.60369873,174.60369873,79829200
2023-11-06,174.33686187,177.35151934,174.16883291,177.15383911,177.15383911,63841300
2023-11-07,177.10440348,180.32664987,176.89684453,179.71383667,179.71383667,70530000
2023-11-08,180.23767006,181.32491865,179.48646422,180.77140808,180.77140808,49340300
2023-11-09,180.84062898,181.98718027,179.70394134,180.29699707,180.29699707,53763500
2023-11-10,182.07848171,184.65175540,181.64300323,184.48348999,184.48348999,66133400
2023-11-13,183.90946503,184.11729742,182.31601794,182.89994812,182.89994812,43627500
2023-11-14,185.77012345,186.17591158,184.38452386,185.51280212,185.51280212,60108400
2023-11-15,185.91860661,187.55163592,185.84931907,186.07695007,186.07695007,53790500
2023-11-16,187.62088525,188.99659293,186.71033122,187.75944519,187.75944519,54412900
2023-11-17,188.29392494,188.42259317,186.63120529,187.73968506,187.73968506,50922700
2023-11-20,187.93763950,189.93687504,187.92774776,189.48159790,189.48159790,46505100
2023-11-21,189.44201910,189.55088874,187.78919104,188.67993164,188.67993164,38134500
2023-11-22,189.52117474,190.94635649,188.86795699,189.34301758,189.34301758,39617700
2023-11-24,188.90755575,188.93724610,187.30421669,188.01681519,188.01681519,24048300
2023-11-27,187.96729125,188.70957995,186.95777439,187.83862305,187.83862305,40552600
2023-11-28,187.82874701,189.11538388,187.45264921,188.44236755,188.44236755,38415400
2023-11-29,188.93721085,190.11497801,187.02706185,187.42294312,187.42294312,43014200
2023-11-30,187.88812440,188.36320007,186.25509519,187.99699402,187.99699402,48794400
2023-12-01,188.37309535,189.59044469,187.28439913,189.27374268,189.27374268,45704800
2023-12-04,188.02669371,188.09598125,185.52270742,187.48234558,187.48234558,43389500
2023-12-05,188.25431776,192.40122460,188.22461232,191.43130493,191.43130493,66628400
2023-12-06,192.45074131,192.75755160,190.13480386,190.34265137,190.34265137,41089700
2023-12-07,191.63916388,192.99507316,191.59956669,192.27258301,192.27258301,47477700
2023-12-08,192.20328491,193.97488907,191.67873544,193.69776917,193.69776917,53406400
2023-12-11,191.12449894,191.50059672,189.45187261,191.19377136,191.19377136,60943700
2023-12-12,191.09480795,192.71794534,189.74879049,192.70805359,192.70805359,52696900
2023-12-13,193.08415015,195.96423419,192.84662741,195.92465210,195.92465210,70404200
2023-12-14,195.98403383,197.56757414,194.14315708,196.07310486,196.07310486,66831600
2023-12-15,195.49905332,196.36010341,194.97450384,195.53865051,195.53865051,128538400
2023-12-18,194.07387144,194.60832782,192.39135323,193.87593079,193.87593079,55751900
2023-12-19,194.14315152,194.92502236,193.87592335,194.91513062,194.91513062,40714100
2023-12-20,194.87555256,195.64753172,192.82684326,192.82684326,192.82684326,52242800
2023-12-21,194.08375795,195.05367763,191.51048442,192.67834473,192.67834473,46482500
2023-12-22,193.17320816,193.40085424,190.98593920,191.60946655,191.60946655,37149600
2023-12-26,191.61937966,191.89649960,190.84740051,191.06513977,191.06513977,28919300
2023-12-27,190.51089038,191.51050048,189.12527564,191.16409302,191.16409302,48087700
2023-12-28,192.14391575,192.65857351,191.18388776,191.58967590,191.58967590,34049900
2023-12-29,191.90638540,192.40124459,189.75869836,190.55047607,190.55047607,42672100
2024-01-02,185.22579259,186.50253778,181.99931604,183.73132324,183.73132324,82488700
2024-01-03,182.32591574,183.96885182,181.54402978,182.35560608,182.35560608,58414500
2024-01-04,180.27718032,181.20751792,179.02024896,180.03965759,180.03965759,71983600
2024-01-05,180.11883844,180.88091065,178.31754389,179.31715393,179.31715393,62379700
2024-01-08,180.21780633,183.69172732,179.63387614,183.65213013,183.65213013,59144500
2024-01-09,182.02897747,183.24632668,180.85121035,183.23643494,183.23643494,42841800
2024-01-10,182.45458711,184.48349768,182.02900036,184.27566528,184.27566528,46792900
2024-01-11,184.62205314,185.12681916,181.73207739,183.68182373,183.68182373,49128400
2024-01-12,184.14696754,184.81998377,183.28591753,184.00840759,184.00840759,40477800
2024-01-16,180.28710192,182.36550144,179.06973745,181.74198914,181.74198914,65603000
2024-01-17,179.40623600,181.04915686,178.44620807,180.80172729,180.80172729,47317400
2024-01-18,184.17667409,187.19531791,183.91935277,186.69056702,186.69056702,78005800
2024-01-19,187.38337122,189.97642838,186.87862031,189.59043884,189.59043884,68903000
2024-01-22,190.32285101,193.32169654,190.28325381,191.89649963,191.89649963,60133900
2024-01-23,193.01485907,193.73734917,191.83709193,193.17320251,193.17320251,42355600
2024-01-24,193.41073734,194.36087349,192.34183982,192.50019836,192.50019836,53631300
2024-01-25,193.21282181,194.25202912,191.12451544,192.17361450,192.17361450,54822100
2024-01-26,192.27262043,192.75757284,189.96657447,190.44163513,190.44163513,44594000
2024-01-29,190.03581744,190.22386635,187.63080907,189.75869751,189.75869751,47145600
2024-01-30,188.97682064,189.82797901,185.54249682,186.10662842,186.10662842,55859400
2024-01-31,185.11691469,185.17631048,182.45458500,182.50405884,182.50405884,55467800
2024-02-01,182.09827972,185.02783750,181.93002942,184.93876648,184.93876648,64885400
2024-02-02,178.01075956,185.40395753,177.40703071,183.93917847,183.93917847,102551700
2024-02-05,186.21550453,187.30420078,183.92925752,185.75033569,185.75033569,69668800
2024-02-06,184.93873820,187.36354470,184.84966719,187.35365295,187.35365295,43490800
2024-02-07,188.67990426,189.08569241,186.67077724,187.46255493,187.46255493,53439000
2024-02-08,187.44274928,187.59120098,185.42373058,186.38375854,186.38375854,40962000
2024-02-09,186.94859647,188.27652277,186.30446474,187.14680481,187.14680481,45155200
2024-02-12,186.72067806,186.96842336,185.10537384,185.46212769,185.46212769,41781900
2024-02-13,184.09458195,184.53061610,181.85495476,183.37115479,183.37115479,56529500
2024-02-14,183.64865818,183.85675578,180.79462726,182.48919678,182.48919678,54630500
2024-02-15,181.89458051,182.82610515,179.71442516,182.20178223,182.20178223,65434500
2024-02-16,181.76577652,183.18288755,180.03155936,180.66578674,180.66578674,49752500
2024-02-20,180.15046783,180.78469520,178.37661812,179.92254639,179.92254639,53665600
2024-02-21,180.29911202,181.24054109,179.03065737,180.67568970,180.67568970,41371400
2024-02-22,181.82525680,183.29192011,180.81446670,182.70722961,182.70722961,52292200
2024-02-23,183.34141953,183.37114775,180.58649310,180.87388611,180.87388611,45119700
2024-02-26,180.59643040,181.11172977,179.02075870,179.52616882,179.52616882,40867400
2024-02-27,179.46671006,182.26126931,177.94059047,180.98291016,180.98291016,54318900
2024-02-28,180.86397939,181.46847855,178.50545434,179.78381348,179.78381348,48953900
2024-02-29,179.63518757,180.92346630,177.91087463,179.11987305,179.11987305,136682600
2024-03-01,177.93067957,178.90183693,175.78025216,178.03968811,178.03968811,73563100
2024-03-04,174.56136184,175.30459787,172.22264521,173.52084351,173.52084351,81510100
2024-03-05,169.21993595,170.48839061,168.09021804,168.58570862,168.58570862,95132400
2024-03-06,169.51726327,169.69564777,167.15872288,167.59475708,167.59475708,68587700
2024-03-07,167.62445594,169.19020798,166.97041988,167.47581482,167.47581482,71765100
2024-03-08,167.47585303,172.13346249,167.41639657,169.19024658,169.19024658,76267000
2024-03-11,171.38029019,172.80730553,170.49831753,171.19200134,171.19200134,60139500
2024-03-12,171.58839852,172.46046686,169.46769923,171.66767883,171.66767883,59825400
2024-03-13,171.21181737,171.62802763,169.21993558,169.58660889,169.58660889,52488700
2024-03-14,171.35054311,172.73791059,170.49829878,171.43972778,171.43972778,72913500
2024-03-15,169.62625166,171.06317139,168.75418336,171.06317139,171.06317139,121752700
2024-03-18,173.98659601,176.10729541,171.95508130,172.15327454,172.15327454,75604200
2024-03-19,172.76767623,175.01720802,171.46949315,174.49198914,174.49198914,55215200
2024-03-20,174.13523250,177.05862427,173.51090945,177.05862427,177.05862427,53423100
2024-03-21,175.45321309,175.88924721,169.29921358,169.82443237,169.82443237,106181300
2024-03-22,170.21092760,171.48930183,168.52626256,170.72624207,170.72624207,71160100
2024-03-25,169.03166954,170.38930894,167.92176032,169.30914307,169.30914307,54288300
2024-03-26,168.46680600,169.87399750,168.05059570,168.17942810,168.17942810,57388400
2024-03-27,168.87312383,172.03435654,168.57582642,171.74696350,171.74696350,60273300
2024-03-28,170.20102559,170.67669234,168.97220342,169.93345642,169.93345642,65672700
2024-04-01,169.64609347,169.70554993,167.95150877,168.49655151,168.49655151,46240500
2024-04-02,167.55511695,167.81276664,166.71277681,167.31727600,167.31727600,49329500
2024-04-03,167.26770493,169.14065874,167.05960735,168.11994934,168.11994934,47691700
2024-04-04,168.75418330,170.36948751,167.29745483,167.29745483,167.29745483,53704400
2024-04-05,168.06048725,168.85327519,167.42625993,168.05058289,168.05058289,42104800
2024-04-08,167.50557238,167.67403739,166.72270378,166.93080139,166.93080139,37425500
2024-04-09,167.17856309,168.54612230,166.83172867,168.13981628,168.13981628,42373800
2024-04-10,167.27766624,167.56504420,165.60290523,166.26686096,166.26686096,49709300
2024-04-11,166.82177821,173.87757491,166.64340884,173.46134949,173.46134949,91070300
2024-04-12,172.68837775,176.75140670,172.63884079,174.95773315,174.95773315,101670900
2024-04-15,173.77847120,175.03702161,170.94426425,171.13255310,171.13255310,73531800
2024-04-16,170.20100688,172.19287349,166.75239683,167.85238647,167.85238647,73711200
2024-04-17,168.08034383,169.11095775,166.48486328,166.48486328,166.48486328,50901200
2024-04-18,166.51455452,167.11905361,165.04790672,165.53347778,165.53347778,43122900
2024-04-19,164.71099579,164.89926952,162.60020094,163.51190186,163.51190186,68149400
2024-04-22,164.02720846,165.75150603,163.28397258,164.34431458,164.34431458,48116400
2024-04-23,163.85873622,165.54340112,163.43260647,165.39474487,165.39474487,49537800
2024-04-24,165.03802195,167.77314006,164.71101142,167.49566650,167.49566650,48251800
2024-04-25,168.00104949,169.07131105,166.63349053,168.35780334,168.35780334,50558300
2024-04-26,168.34788797,169.79471202,167.65418904,167.77311707,167.77311707,44838400
2024-04-29,171.80639405,174.44240750,171.53884004,171.93522644,171.93522644,68169400
2024-04-30,171.76676673,173.41179909,168.46679764,168.79382324,168.79382324,65934800
2024-05-01,168.05059059,171.15236652,167.58482822,167.77311707,167.77311707,50383100
2024-05-02,170.95418316,171.85597979,169.34879825,171.46949768,171.46949768,94214900
2024-05-03,184.96663285,185.31348232,181.01262759,181.72613525,181.72613525,163224100
2024-05-06,180.70542486,182.53873098,178.79282332,180.07119751,180.07119751,78569700
2024-05-07,181.79550770,183.23242750,179.68472792,180.75497437,180.75497437,77305800
2024-05-08,181.20092749,181.41894457,179.81354467,181.09191895,181.09191895,45057100
2024-05-09,180.91352884,182.99459545,180.46759032,182.90541077,182.90541077,48983000
2024-05-10,183.48094966,183.66949390,180.73221936,181.64515686,181.64515686,50759500
2024-05-13,184.01680743,185.66407108,183.20309341,184.85035706,184.85035706,72044800
2024-05-14,186.07090395,186.85484939,184.86026592,185.99151611,185.99151611,52393600
2024-05-15,186.46787049,189.18683241,185.93200629,188.26397705,188.26397705,70400000
2024-05-16,189.00821120,189.63338102,188.20443009,188.38304138,188.38304138,52845200
2024-05-17,188.05558877,189.34561487,187.72811956,188.41282654,188.41282654,41282900
2024-05-20,187.87695421,190.44707315,187.55940284,189.57382202,189.57382202,44361300
2024-05-21,189.62343972,191.25085262,189.45474623,190.87377930,190.87377930,42309400
2024-05-22,190.79438668,191.34016862,188.80973611,189.43489075,189.43489075,34648500
2024-05-23,189.51431080,189.53416154,185.19770416,185.44578552,185.44578552,51005900
2024-05-24,187.37088672,189.11737394,186.59685898,188.52197266,188.52197266,36327000
2024-05-28,190.04019906,191.51876910,187.64870676,188.53187561,188.53187561,52280100
2024-05-29,188.15481585,190.77455425,188.05557726,188.82958984,188.82958984,53068000
2024-05-30,189.29596822,190.70506832,189.16697623,189.82189941,189.82189941,49889100
2024-05-31,189.97077027,191.09210278,188.45251367,190.77455139,190.77455139,75158300
2024-06-03,191.41954585,193.49351725,191.04247253,192.54087830,192.54087830,50080500
2024-06-04,193.14621191,193.82100105,191.54856744,192.85844421,192.85844421,47471400
2024-06-05,193.90038135,195.38886949,193.37445009,194.36677551,194.36677551,54156800
2024-06-06,194.18816243,194.99194359,192.67982356,192.98744202,192.98744202,41181800
2024-06-07,193.15610746,195.42854080,192.65002702,195.37892151,195.37892151,53103900
2024-06-10,195.38885170,195.78579092,190.67530638,191.63786316,191.63786316,97010200
2024-06-11,192.16377480,205.57009835,192.14393919,205.56016541,205.56016541,172373300
2024-06-12,205.77848724,218.51002233,205.31209315,211.43475342,211.43475342,198134300
2024-06-13,213.09192678,215.08649505,209.97602614,212.59576416,212.59576416,97862700
2024-06-14,212.20877016,213.51863167,209.67833763,210.85920715,210.85920715,70122700
2024-06-17,211.73244926,217.26962638,211.08744386,215.00712585,215.00712585,93728300
2024-06-18,215.92007781,216.95210470,211.36530791,212.64540100,212.64540100,79943300
2024-06-20,212.28813740,212.59577095,207.24713836,208.07075500,208.07075500,86172500
2024-06-21,208.77532034,210.26380829,205.52049455,205.89758301,205.89758301,241805100
2024-06-24,206.12582770,211.06760382,205.00449518,206.54260254,206.54260254,80727000
2024-06-25,207.54485733,209.75775394,207.00900826,207.46548462,207.46548462,55549700
2024-06-26,209.87681864,213.21103253,209.02341820,211.61338806,211.61338806,66213200
2024-06-27,213.04231642,214.08426100,210.72027891,212.45684814,212.45684814,49772700
2024-06-28,214.11403981,214.41174044,208.68601907,209.00355530,209.00355530,82542700
2024-07-01,210.46227762,215.84067914,210.29358413,215.08651733,215.08651733,60402900
2024-07-02,214.49112273,218.68866995,213.44919320,218.57951355,218.57951355,58046200
2024-07-03,218.31157834,219.84968567,217.34902153,219.84968567,219.84968567,37369800
2024-07-05,219.94892707,224.71209219,219.94892707,224.60293579,224.60293579,60412400
2024-07-08,225.34715533,226.10133227,221.53662970,226.07156372,226.07156372,59085900
2024-07-09,226.18071325,227.63943275,224.63268810,226.92495728,226.92495728,48076100
2024-07-10,227.54020555,231.29119416,227.49058625,231.19195557,231.19195557,62627700
2024-07-11,229.61416128,230.60648662,224.03729768,225.82348633,225.82348633,64710600
2024-07-12,227.16311346,230.85456492,226.92494993,228.77067566,228.77067566,53046500
2024-07-15,234.66509753,235.40934155,231.30111516,232.60105896,232.60105896,62631300
2024-07-16,233.19647935,234.45673691,230.54697224,233.01786804,233.01786804,43234300
2024-07-17,227.68903062,229.68361410,224.90059903,227.12341309,227.12341309,57345900
2024-07-18,228.51267856,228.67145425,220.56415802,222.45948792,222.45948792,66034600
2024-07-19,223.09458131,225.05938117,221.56639187,222.58848572,222.58848572,49151500
2024-07-22,225.26777593,226.03187070,221.37786231,222.24119568,222.24119568,48201800
2024-07-23,222.64803920,225.19832268,220.97100689,223.28312683,223.28312683,39960300
2024-07-24,222.28086520,223.07472846,215.46359530,216.86276245,216.86276245,61777600
2024-07-25,217.24978235,219.15506035,212.97286250,215.82084656,215.82084656,51391200
2024-07-26,217.02155780,217.80550333,214.35220010,216.28724670,216.28724670,41601300
2024-07-29,215.29491873,217.61695646,214.09419837,216.56509399,216.56509399,36311800
2024-07-30,217.50781014,218.63906051,214.46136385,217.12080383,217.12080383,41643800
2024-07-31,219.74055318,222.10229263,218.93677197,220.37564087,220.37564087,50036300
2024-08-01,222.64802807,222.75718446,215.35444603,216.68415833,216.68415833,62501000
2024-08-02,217.46809553,223.86860619,216.03915974,218.17265320,218.17265320,105568600
2024-08-05,197.56204548,211.86145706,194.49576386,207.66392517,207.66392517,119548600
2024-08-06,203.72439154,208.37839972,199.52685967,205.63957214,205.63957214,69660500
2024-08-07,205.31211339,212.00039184,204.80603290,208.20971680,208.20971680,63516400
2024-08-08,211.47446581,212.55609685,207.22731432,211.67292786,211.67292786,47161100
2024-08-09,210.47221789,215.11629338,210.34321075,214.58044434,214.58044434,42201600
2024-08-12,214.65991864,218.07745621,214.19298468,216.11038208,216.11038208,38028100
2024-08-13,217.58072790,220.44193778,217.58072790,219.82598877,219.82598877,44155300
2024-08-14,219.13056700,221.57450454,218.26623431,220.27305603,220.27305603,41960600
2024-08-15,223.13425172,223.87935717,221.30624816,223.25346375,223.25346375,46414000
2024-08-16,222.45869413,225.34970708,222.19045191,224.57479858,224.57479858,44340200
2024-08-19,224.24692852,224.51517071,221.58441060,224.41581726,224.41581726,40687800
2024-08-20,224.29660781,225.68746521,223.97868888,225.03176880,225.03176880,30299000
2024-08-21,225.04172779,226.49219130,223.58131985,224.92250061,224.92250061,34765500
2024-08-22,226.30343226,226.84984598,222.43881906,223.06471252,223.06471252,43695300
2024-08-23,224.18732720,226.73061799,222.86600507,225.35961914,225.35961914,38677300
2024-08-26,225.28014572,225.79675641,222.42888035,225.69740295,225.69740295,30602200
2024-08-27,224.52510403,227.35651074,223.42234738,226.54185486,226.54185486,35934600
2024-08-28,226.43257757,228.35991943,224.20719049,225.01191711,225.01191711,38052200
2024-08-29,228.59836442,231.39995310,227.38632497,228.29037476,228.29037476,51906300
2024-08-30,228.68777539,228.89639643,225.99545426,227.50553894,227.50553894,52990800
2024-09-03,227.05848641,227.50554668,219.72664342,221.31620789,221.31620789,50190600
2024-09-04,220.21343338,220.33264540,216.06070450,219.40872192,219.40872192,43840200
2024-09-05,220.18363599,224.00850160,220.07435325,220.92874146,220.92874146,36615400
2024-09-06,222.48850009,223.77009004,218.33578603,219.37893677,219.37893677,48423000
2024-09-09,219.37891374,219.82597396,215.29573541,219.46832275,219.46832275,67180000
2024-09-10,217.49130186,220.03459258,215.31559161,218.67353821,218.67353821,51591000
2024-09-11,220.01475867,221.63411098,216.46804921,221.20692444,221.20692444,44587100
2024-09-12,221.04796566,222.09111640,218.38546261,221.31620789,221.31620789,37455600
2024-09-13,222.12091208,222.57790162,220.46181237,221.04795837,221.04795837,36766600
2024-09-16,215.12684500,215.80241518,212.52394807,214.90829468,214.90829468,59357400
2024-09-17,214.34200737,215.48449637,213.10016492,215.37521362,215.37521362,45519300
2024-09-18,216.13026348,221.25659277,216.12031904,219.24977112,219.24977112,59894900
2024-09-19,223.52171975,228.32020097,223.16406851,227.37638855,227.37638855,66781300
2024-09-20,228.46920755,231.56884145,226.13453768,226.71075439,226.71075439,318679900
2024-09-23,225.85638299,227.95261380,224.33636893,224.99206543,224.99206543,54146000
2024-09-24,227.15783023,227.85327418,224.25688789,225.88618469,225.88618469,43556100
2024-09-25,223.46208008,225.80667912,222.55803034,224.89268494,224.89268494,42308700
2024-09-26,225.81663654,227.00880227,223.93897134,226.03520203,226.03520203,36636700
2024-09-27,226.96907720,228.02215722,225.81664372,226.30343628,226.30343628,34026000
2024-09-30,228.53874158,231.47943115,228.15128734,231.47943115,231.47943115,54541900
2024-10-01,228.02214575,228.15128705,222.27986752,224.73374939,224.73374939,63285000
2024-10-02,224.41582711,225.88616430,221.56456176,225.30001831,225.30001831,32880600
2024-10-03,223.67071042,225.32980999,221.86259583,224.19725037,224.19725037,34044200
2024-10-04,226.41269746,226.51205091,222.66731174,225.31988525,225.31988525,37245100
2024-10-07,223.03488425,224.21712059,219.88557390,220.24322510,220.24322510,39505400
2024-10-08,222.83622286,224.50525191,221.79307212,224.29663086,224.29663086,31855700
2024-10-09,223.76013708,228.25064365,223.36275356,228.04200745,228.04200745,33591100
2024-10-10,226.29350107,228.00227753,225.68748134,227.54527283,227.54527283,28183500
2024-10-11,227.80358187,227.91286461,225.85636624,226.06500244,226.06500244,31759200
2024-10-14,227.20747393,230.21769858,227.10813563,229.79051208,229.79051208,39882100
2024-10-15,232.08545910,235.94014303,230.85354590,232.32389832,232.32389832,64751400
2024-10-16,230.08857698,230.60517253,228.34005310,230.26739502,230.26739502,34082200
2024-10-17,231.90659405,232.32386641,229.01559666,230.63494873,230.63494873,32993800
2024-10-18,234.63866157,234.63866157,232.48282500,233.46636963,233.46636963,46431500
2024-10-21,232.91995571,235.30430220,232.91995571,234.93670654,234.93670654,36254500
2024-10-22,232.36361021,234.67840622,231.08203554,234.32075500,234.32075500,38846600
2024-10-23,232.55236890,233.60544879,226.27360666,229.25402832,229.25402832,52287000
2024-10-24,228.47914644,229.31367612,226.91940014,229.06530762,229.06530762,31109500
2024-10-25,228.24071111,231.69799622,228.07182236,229.89981079,229.89981079,38802300
2024-10-28,231.79735122,233.19813798,231.03237203,231.87681580,231.87681580,36087100
2024-10-29,231.57877779,232.80074648,230.80386935,232.14505005,232.14505005,35417200
2024-10-30,231.09197227,231.94636046,228.05194446,228.59835815,228.59835815,47070900
2024-10-31,227.84330777,228.33011545,223.89921505,224.43569946,224.43569946,64370100
2024-11-01,219.52794977,223.87937072,218.83252101,221.45529175,221.45529175,65276700
2024-11-04,219.54780947,221.33605042,218.27616405,220.56114197,220.56114197,44944500
2024-11-05,220.35251909,222.48848196,219.69682266,221.99174500,221.99174500,28111300
2024-11-06,221.15722727,224.59465367,219.74649614,221.26651001,221.26651001,54561100
2024-11-07,223.16406118,226.39285156,223.10445517,225.99545288,225.99545288,42137700
2024-11-08,225.93577928,227.41768954,225.17991384,225.72692871,225.72692871,38328800
2024-11-11,223.77757009,224.47376394,220.29658567,223.01174927,223.01174927,42005600
2024-11-12,223.33001799,224.36436096,222.14648085,223.01174927,223.01174927,40398300
2024-11-13,222.79294168,225.41859787,221.54973296,223.89691162,223.89691162,48566200
2024-11-14,223.79747584,227.62654978,223.77758025,226.98008728,226.98008728,44923900
2024-11-15,225.16997570,225.68715482,223.05155819,223.77758789,223.77758789,47923700
2024-11-18,224.02621884,228.49183018,223.94665166,226.78117371,226.78117371,44633700
2024-11-19,225.74679386,228.90952454,225.42854034,227.03973389,227.03973389,36211800
2024-11-20,226.82094870,228.68078415,224.66274012,227.75584412,227.75584412,35169600
2024-11-21,227.63648709,228.90953156,224.48371170,227.27844238,227.27844238,42108300
2024-11-22,226.82094519,229.46649702,226.82094519,228.62110901,228.62110901,38168300
2024-11-25,230.20248468,231.98275294,228.49182823,231.60481262,231.60481262,90152800
2024-11-26,232.06231657,234.29015208,232.06231657,233.78291321,233.78291321,45986200
2024-11-27,233.19611792,234.40949084,232.53970008,233.65361023,233.65361023,33498400
2024-11-29,233.53427528,236.51797629,232.69884265,236.04058838,236.04058838,28481400
2024-12-02,235.98091205,239.48177690,235.87150908,238.28829956,238.28829956,48137100
2024-12-03,238.50711362,241.44108328,237.60205399,241.33168030,241.33168030,38861000
2024-12-04,241.55048901,242.78375758,239.93929528,241.68972778,241.68972778,44383900
2024-12-05,242.66440951,243.21140923,240.81451427,241.71955872,241.71955872,40033900
2024-12-06,241.59027212,243.30092856,240.76477969,241.52064514,241.52064514,36870600
2024-12-09,240.51614072,245.89675187,240.43657354,245.40940857,245.40940857,44649200
2024-12-10,245.54861966,246.86145524,244.00703794,246.42384338,246.42384338,36914800
2024-12-11,246.61283253,249.43739908,244.92205654,245.15081787,245.15081787,45205800
2024-12-12,245.54862958,247.38858448,244.34519692,246.61282349,246.61282349,32777500
2024-12-13,246.47359280,247.93559227,244.90217517,246.78190613,246.78190613,33155300
2024-12-16,246.64265422,250.01423545,246.30448994,249.67607117,249.67607117,51694800
2024-12-17,248.72130738,252.45093349,248.42293426,252.10282898,252.10282898,51356400
2024-12-18,250.79001777,252.89849495,246.39403346,246.70234680,246.70234680,56774100
2024-12-19,246.15532490,250.63087627,245.74754880,248.43287659,248.43287659,60882300
2024-12-20,246.69237669,253.61456926,244.35515349,253.10734558,253.10734558,147495300
2024-12-23,253.38581896,254.26102753,252.07298333,253.88310242,253.88310242,40858800
2024-12-24,254.10192745,256.80713572,253.90300191,256.79721069,256.79721069,23234700
2024-12-26,256.78722426,258.68685064,256.23026924,257.61270142,257.61270142,27237100
2024-12-27,256.42919056,257.29448932,251.68511700,254.20137024,254.20137024,42355300
2024-12-30,250.85960874,252.12271297,249.38765396,250.82977295,250.82977295,35557500
2024-12-31,251.06849307,251.90392570,248.07483672,249.05946350,249.05946350,39480700
2025-01-02,247.57754860,247.74663834,240.50619201,242.52516174,242.52516174,55740700
2025-01-03,242.03781128,242.85334828,240.57579666,242.03781128,242.03781128,40244100
2025-01-06,242.98266114,245.98625772,241.87869116,243.66891479,243.66891479,45045600
2025-01-07,241.65987913,244.21592354,240.03874528,240.89407349,240.89407349,40856000
2025-01-08,240.60564764,242.38593108,238.74581220,241.38140869,241.38140869,37628900
2025-01-10,238.70602212,238.85521627,231.73411285,235.56320190,235.56320190,61710900
2025-01-13,232.26122694,233.39503270,228.47192915,233.12649536,233.12649536,49630700
2025-01-14,233.47458785,234.83713969,231.20697645,232.01257324,232.01257324,39435300
2025-01-15,233.36518970,237.66172623,233.15632397,236.57763672,236.57763672,39832000
2025-01-16,236.06047700,236.71687967,226.79110553,227.01985168,227.01985168,71759100
2025-01-17,230.85888730,231.02796187,227.23866403,228.73051453,228.73051453,68488300
2025-01-21,222.78300109,223.20071740,218.18810655,221.43038940,221.43038940,98070400
2025-01-22,218.59586314,222.90233986,218.59586314,222.61392212,222.61392212,64126500
2025-01-23,223.51898890,225.79654061,221.09224303,222.44485474,222.44485474,60234800
2025-01-24,223.55877517,224.40416321,220.20708914,221.56964111,221.56964111,54697900
2025-01-27,222.80287805,230.88869651,222.76308687,228.61114502,228.61114502,94863400
2025-01-28,229.59578560,238.88503723,229.55599442,236.96551514,236.96551514,75707600
2025-01-29,232.84800364,238.55682326,232.73860068,238.05953979,238.05953979,45486100
2025-01-30,237.37328264,239.48175964,235.92122345,236.29914856,236.29914856,55658300
2025-01-31,245.84701073,245.84701073,232.17171495,234.71780396,234.71780396,100959800
2025-02-03,228.74046325,230.57046283,224.47376244,226.77120972,226.77120972,73063300
2025-02-04,226.01536700,231.86342624,225.41862069,231.53521729,231.53521729,45067300
2025-02-05,227.28838917,231.40589583,227.02980722,231.20698547,231.20698547,39620300
2025-02-06,230.03338922,232.52976204,229.17806102,231.95291138,231.95291138,29925300
2025-02-07,231.33627899,232.72866665,226.02527994,226.39328003,226.39328003,39707200
2025-02-10,228.57379093,229.58935371,226.21406518,226.66210938,226.66210938,33115600
2025-02-11,227.20973216,234.20922454,227.14004383,231.61054993,231.61054993,53718400
2025-02-12,230.19669384,235.93170778,229.67894615,235.84208679,235.84208679,45243300
2025-02-13,235.88192604,241.28835511,234.54774465,240.48187256,240.48187256,53614100
2025-02-14,240.20309028,244.48443338,239.94422403,243.53855896,243.53855896,40896200
2025-02-18,243.09050001,244.11602908,240.79052673,243.40911865,243.40911865,48822500
2025-02-19,243.59830810,244.94244070,242.10481731,243.80738831,243.80738831,32204200
2025-02-20,243.87707690,245.70908852,243.22988849,244.76321411,244.76321411,32316900
2025-02-21,244.88267887,247.61079391,244.15585101,244.48442078,244.48442078,53197400
2025-02-24,243.86711336,247.78006693,243.35933198,246.02770996,246.02770996,51326400
2025-02-25,246.92381260,248.91513367,243.84722519,245.96797180,245.96797180,48013300
2025-02-26,243.26972892,243.91690216,238.09229742,239.31695557,239.31695557,44433600
2025-02-27,238.37107736,241.40784484,236.03126917,236.27023315,236.27023315,41153600
2025-02-28,235.92174819,241.03944246,229.20103994,240.79052734,240.79052734,56833400
2025-03-03,240.74074837,242.97103338,235.08540395,236.99707031,236.99707031,47184000
2025-03-04,236.67844799,239.02820722,233.66158291,234.90615845,234.90615845,53798100
2025-03-05,234.39839185,235.52349307,228.23525095,234.71701050,234.71701050,47227600
2025-03-06,233.42265486,236.82781202,232.14821061,234.30879211,234.30879211,45170400
2025-03-07,234.08974000,240.32256924,233.74125275,238.03256226,238.03256226,46273600
2025-03-10,234.51786473,235.13518457,223.24699591,226.49284363,226.49284363,72071200
2025-03-11,222.83876562,224.85995514,216.50636447,219.88165283,219.88165283,76137400
2025-03-12,219.18471261,220.78772670,213.97741219,216.03842163,216.03842163,62547500
2025-03-13,215.01287598,215.89901320,207.51555384,208.77008057,208.77008057,61368300
2025-03-14,210.33326800,213.02154815,208.67051689,212.56355286,212.56355286,60107600
2025-03-17,212.38434191,214.28605714,209.05883944,213.07135010,213.07135010,48073400
2025-03-18,213.23065092,214.21634507,210.57223928,211.76702881,211.76702881,42432400
2025-03-19,213.29039129,217.81068322,212.82242964,214.30596924,214.30596924,54385400
2025-03-20,213.06139044,216.54620210,211.29906714,213.17091370,213.17091370,48862900
2025-03-21,210.64192651,217.89033351,210.36314279,217.32281494,217.32281494,94127800
2025-03-24,220.04095782,220.51887058,217.63146137,219.77212524,219.77212524,44299500
2025-03-25,219.81197343,223.12752473,219.12496525,222.77903748,222.77903748,34493600
2025-03-26,222.54006804,224.04352509,219.51326687,220.56866455,220.56866455,34466100
2025-03-27,220.42926965,224.01365340,219.60286964,222.87860107,222.87860107,37094800
2025-03-28,220.70806642,222.83877934,216.73537547,216.95442200,216.95442200,39818600
2025-03-31,216.06825464,224.64089116,215.29164076,221.16604614,221.16604614,65299300
2025-04-01,218.85614379,222.70934527,217.95008904,222.22148132,222.22148132,36412700
2025-04-02,220.35960204,224.21280354,220.06090083,222.91844177,222.91844177,35905900
2025-04-03,204.64805110,206.58960122,200.37667427,202.30825806,202.30825806,103419000
2025-04-04,193.04861442,199.01262631,186.52703509,187.56253052,187.56253052,125910900
2025-04-07,176.43103818,193.30748067,173.86223226,180.67256165,180.67256165,160466300
2025-04-08,185.88981433,189.51401798,168.47572172,171.67178345,171.67178345,120859500
2025-04-09,171.20381523,199.73944803,171.14407804,197.98709106,197.98709106,184395900
2025-04-10,188.24952597,193.93473856,182.20585983,189.59365845,189.59365845,121880000
2025-04-11,185.29241889,198.67408280,185.25258396,197.29011536,197.29011536,87435900
2025-04-14,210.52246440,212.01595519,200.28707539,201.64117432,201.64117432,101352900
2025-04-15,200.98403365,202.62686744,198.93297541,201.26281738,201.26281738,51343900
2025-04-16,197.49921927,199.82906122,191.53520735,193.42697144,193.42697144,59732400
2025-04-17,196.34426016,197.96719174,193.57632501,196.12521362,196.12521362,52164700
2025-04-21,192.43131587,192.95901474,188.98632373,192.32179260,192.32179260,46742500
2025-04-22,195.26894369,200.71520816,195.11960068,198.87324524,198.87324524,52976400
2025-04-23,205.10606156,207.09738254,201.91995102,203.71214294,203.71214294,52929200
2025-04-24,204.00089524,207.92380035,202.05936015,207.46578979,207.46578979,47311000
2025-04-25,205.47445050,208.83978782,205.30519004,208.37182617,208.37182617,38222300
2025-04-28,209.08869652,210.58218721,206.55972564,209.22808838,209.22808838,38743100
2025-04-29,207.78440344,211.31900145,207.46578477,210.29347229,210.29347229,36827600
2025-04-30,208.39173987,212.65316547,205.77314797,211.57785034,211.57785034,52286500
2025-05-01,208.17271139,213.62892700,207.99348459,212.39431763,212.39431763,57365700
2025-05-02,205.19567188,206.09177546,201.28273335,204.45889282,204.45889282,101010600
2025-05-05,202.21865390,203.21431440,197.34987466,198.02691650,198.02691650,69018500
2025-05-06,197.34985834,199.77925700,196.16502001,197.64854431,197.64854431,51216500
2025-05-07,198.30568787,198.57452044,192.41137989,195.39836121,195.39836121,68536700
2025-05-08,196.86199326,199.18188403,193.83517687,196.63299561,196.63299561,50478900
2025-05-09,198.13644922,199.66975978,196.68277814,197.66848755,197.66848755,36453900
2025-05-12,210.32994399,210.62903687,206.12274574,210.15048218,210.15048218,63775800
2025-05-13,209.79158119,212.75257189,208.36592689,212.28399658,212.28399658,51909300
2025-05-14,211.78550902,213.29093762,209.94113079,211.68582153,211.68582153,49325800
2025-05-15,210.31000387,212.31391554,208.90427796,210.80848694,210.80848694,45029500
2025-05-16,211.71573319,211.92510277,209.13359450,210.61906433,210.61906433,54737900
2025-05-19,207.27922031,208.84444914,203.64028501,208.14657593,208.14657593,46140500
2025-05-20,207.03996204,207.83753801,204.40797196,206.23242188,206.23242188,42496600
2025-05-21,204.54754046,206.41186227,200.10108001,201.47688293,201.47688293,59211800
2025-05-22,200.10107783,202.13488204,199.09413231,200.74909973,200.74909973,46742400
2025-05-23,193.08242988,197.10020220,192.87307551,194.67758179,194.67758179,78432900
2025-05-27,197.69839110,200.13099094,196.83102020,199.60260010,199.60260010,56288500
2025-05-28,199.98143310,202.11494002,199.29352403,199.81195068,199.81195068,45339700
2025-05-29,202.96237587,203.19167384,197.90775006,199.34338379,199.34338379,51396800
2025-05-30,198.76514073,201.34729468,196.18300200,200.24066162,200.24066162,70819900
2025-06-02,199.67238359,201.51677709,199.51286535,201.08807373,201.08807373,35423300
2025-06-03,200.73913195,203.15178811,200.35031578,202.65330505,202.65330505,46381600
2025-06-04,202.29440470,205.61430380,201.48686455,202.20468140,202.20468140,43604000
2025-06-05,202.88261989,204.12882763,199.54277706,200.02133179,200.02133179,55126100
2025-06-06,202.38412356,205.07592905,201.43700878,203.30133057,203.30133057,46607700
2025-06-09,203.76991971,205.37503589,199.41318231,200.83883667,200.83883667,72862600
2025-06-10,199.99140286,203.73002568,199.96149509,202.05511475,202.05511475,54672600
2025-06-11,202.88260700,203.87957313,197.80805306,198.17692566,198.17692566,60989900
2025-06-12,198.47602628,199.07419685,196.76124325,198.59565735,198.59565735,43904600
2025-06-13,199.12403626,199.76209396,195.10626407,195.85398865,195.85398865,51447300
2025-06-16,196.70142645,198.08720880,195.96366602,197.81802368,197.81802368,43020700
2025-06-17,196.60172782,197.78812001,194.61777486,195.04646301,195.04646301,38856200
2025-06-18,195.34553911,196.97059871,194.47818347,195.98359680,195.98359680,45394700
2025-06-20,197.63857663,201.08807102,196.26275847,200.39019775,200.39019775,96813500
2025-06-23,201.01828234,201.68624781,198.35638464,200.88867188,200.88867188,55814300
2025-06-24,201.97535212,202.82277936,199.59260383,199.69230652,199.69230652,54064000
2025-06-25,200.83883470,203.05210084,200.01135094,200.94850159,200.94850159,39525700
2025-06-26,200.81888590,202.02522164,198.85487656,200.39019775,200.39019775,50799100
2025-06-27,201.27749559,202.60346240,199.39323018,200.46995544,200.46995544,73188600
2025-06-30,201.39711463,206.76079707,198.65545788,204.54753113,204.54753113,91912800
2025-07-01,206.04297878,209.55230365,205.51458797,207.18949890,207.18949890,78788900
2025-07-02,208.27619724,212.69274988,207.50852906,211.79548645,211.79548645,67941800
2025-07-03,211.50636835,213.99878379,211.16740350,212.90213013,212.90213013,34955800
2025-07-07,212.03474731,215.57398008,208.16652910,209.31303406,209.31303406,50229000
2025-07-08,209.46258702,210.78853857,207.81758380,209.37284851,209.37284851,42848900
2025-07-09,208.89431929,210.68886143,206.59132988,210.49943542,210.49943542,48749400
2025-07-10,209.87131933,212.83230974,209.39277988,211.76556396,211.76556396,44443600
2025-07-11,209.93117228,211.48643706,209.22331961,210.51937866,210.51937866,39765800
2025-07-14,209.29309904,210.27013684,206.91035053,207.98707581,207.98707581,38840100
2025-07-15,208.58525282,211.24715053,208.28615994,208.47558594,208.47558594,42296300
2025-07-16,209.66198982,211.75560966,208.00702231,209.52241516,209.52241516,47490500
2025-07-17,209.93117746,211.15744161,208.95413965,209.38284302,209.38284302,48068100
2025-07-18,210.23024956,211.14745661,209.06380098,210.53930664,210.53930664,48974600
2025-07-21,211.45652088,215.12534892,210.98794559,211.83535767,211.83535767,51377400
2025-07-22,212.49337033,214.29787668,211.58612746,213.74954224,213.74954224,46404100
2025-07-23,214.34771721,214.49725604,211.76557859,213.50028992,213.50028992,46989300
2025-07-24,213.25105537,215.03563331,212.88218276,213.11148071,213.11148071,46022600
2025-07-25,214.04861389,214.58698409,212.75255495,213.23110962,213.23110962,40268800
2025-07-28,213.38067592,214.19819551,212.41361749,213.40061951,213.40061951,37858000
2025-07-29,213.53020353,214.15829707,210.18041185,210.62904358,210.62904358,51411700
2025-07-30,211.25711581,211.74563469,207.08980471,208.41577148,208.41577148,45512500
2025-07-31,207.85748416,209.20337937,206.53151732,206.94027710,206.94027710,80698400
2025-08-01,210.23025492,212.93203998,200.88868662,201.76602173,201.76602173,104434500
2025-08-04,203.88954721,207.24933356,201.06813110,202.73307800,202.73307800,75109300
2025-08-05,202.78290655,204.71702330,201.54667828,202.30436707,202.30436707,44155100
2025-08-06,205.00615030,214.72657007,204.96626313,212.60302734,212.60302734,108483100
2025-08-07,218.21595231,220.17997681,215.92292716,219.36245728,219.36245728,90224800
2025-08-08,220.16004899,230.29919348,218.58484056,228.65420532,228.65420532,113854000
2025-08-11,227.48641574,229.12329529,224.33242350,226.74781799,226.74781799,61806100
2025-08-12,227.57622482,230.36092561,226.63802588,229.21310425,229.21310425,55626200
2025-08-13,230.63042848,234.55294488,229.99163137,232.88612366,232.88612366,69878500
2025-08-14,233.61473726,234.67271835,230.41085228,232.33717346,232.33717346,51916300
2025-08-15,233.55483288,233.83429898,228.90369452,231.14941406,231.14941406,56038700
2025-08-18,231.25920121,232.67649792,229.67222975,230.45074463,230.45074463,37476200
2025-08-19,230.84001517,232.42698672,228.91369408,230.12138367,230.12138367,39402600
2025-08-20,229.54248103,230.03155433,225.34049867,225.58003235,225.58003235,42263900
2025-08-21,225.83954148,226.08906587,223.35427305,224.47213745,224.47213745,30621200
2025-08-22,225.73973439,228.65417758,224.98118569,227.32670593,227.32670593,42477800
2025-08-25,226.04914519,228.86378780,225.79962079,226.72785950,226.72785950,30983100
2025-08-26,226.43840340,229.05342953,224.26255788,228.87376404,228.87376404,54575100
2025-08-27,228.17510051,230.46073739,227.82576024,230.05152893,230.05152893,31259500
2025-08-28,230.38090409,232.96597331,228.90370862,232.11758423,232.11758423,38074700
2025-08-29,232.06767076,232.93602604,230.92984009,231.69837952,231.69837952,39418400
2025-09-02,228.81388240,230.41084470,226.53822101,229.28298950,229.28298950,44075600
2025-09-03,236.75874464,238.39562413,233.91416031,238.01634216,238.01634216,66427800
2025-09-04,237.99638084,239.44361938,236.28964239,239.32385254,239.32385254,47549400
2025-09-05,239.54341660,240.86091270,238.03629475,239.23400879,239.23400879,54870400
2025-09-08,238.84475647,239.69313028,235.89038090,237.42745972,237.42745972,48999500
2025-09-09,236.54912731,238.32573979,232.91605271,233.90417480,233.90417480,66313900
2025-09-10,231.74828728,231.97784546,225.52015269,226.35855103,226.35855103,83440800
2025-09-11,226.44839059,230.01159114,226.21881717,229.59239197,229.59239197,50208600
2025-09-12,228.78394562,234.06387552,228.58432914,233.62472534,233.62472534,55824200
2025-09-15,236.54912715,237.73686571,234.58287369,236.24969482,236.24969482,42699500
2025-09-16,236.72878927,240.76111223,235.87043992,237.69694519,237.69694519,63421100
2025-09-17,238.51538840,239.64324358,237.27774187,238.53535461,238.53535461,46508000
2025-09-18,239.51348003,240.74113580,236.19978871,237.42745972,237.42745972,44249600
2025-09-19,240.77107800,245.83144010,239.75302942,245.03295898,245.03295898,163741300
2025-09-22,247.82763636,256.15178189,247.64797087,255.59281921,255.59281921,105517400
2025-09-23,255.39322235,256.85043634,253.09759479,253.94596863,253.94596863,60275200
2025-09-24,254.73446949,255.25348450,250.56241362,251.83000183,251.83000183,42303700
2025-09-25,252.72829162,256.68076468,251.23114527,256.38131714,256.38131714,55202100
2025-09-26,253.61660097,257.10994249,253.29720243,254.97401428,254.97401428,46076300
2025-09-29,254.07572619,254.51489158,252.52867184,253.94596863,253.94596863,40127700
2025-09-30,254.37515755,255.43313858,252.62848673,254.14559937,254.14559937,37704300
2025-10-01,254.55481135,258.29769267,254.44502001,254.96403503,254.96403503,48713900
2025-10-02,256.09186667,257.68882891,253.66649683,256.64083862,256.64083862,42630200
2025-10-03,254.18552630,258.74682464,253.46689478,257.52914429,257.52914429,49155600
2025-10-06,257.49920545,258.57716798,254.56481112,256.20169067,256.20169067,44664100
2025-10-07,256.32143949,256.91031341,254.94405994,255.99208069,255.99208069,31955800
2025-10-08,256.03198246,258.02817764,255.62275880,257.56906128,257.56906128,36496900
2025-10-09,257.31953379,257.50917476,252.65841993,253.55670166,253.55670166,38322000
2025-10-10,254.45500785,255.89227085,243.53581753,244.80340576,244.80340576,61999100
2025-10-13,248.90558714,249.21499496,245.09284696,247.18885803,247.18885803,38142900
2025-10-14,246.13087266,248.37659225,244.23447810,247.29864502,247.29864502,35478000
2025-10-15,249.01537014,251.34093932,246.99920877,248.86564636,248.86564636,33893600
2025-10-16,247.77772917,248.56621958,244.66366953,246.97924805,246.97924805,39777000
2025-10-17,247.54816244,252.89796600,246.79958926,251.81002808,251.81002808,49147000
2025-10-20,255.40320841,263.87706299,255.14370850,261.74111938,261.74111938,90483000
2025-10-21,261.38182001,264.78533668,261.33189685,262.27011108,262.27011108,46695900
2025-10-22,262.15033526,262.34996697,254.94406918,257.95834351,257.95834351,45015300
2025-10-23,259.44548208,260.12418111,257.51916110,259.08615112,259.08615112,32754900
2025-10-24,260.69310343,263.62751269,258.68691760,262.32000732,262.32000732,38253700
2025-10-27,264.37609823,268.60802232,264.14652481,268.29861450,268.29861450,44888200
2025-10-28,268.47826001,269.37657220,267.63986169,268.48825073,268.48825073,41534800
2025-10-29,268.76770579,270.89365844,266.60182072,269.18692017,269.18692017,51086700
2025-10-30,271.47254089,273.61847497,267.96923922,270.88366699,270.88366699,69886500
2025-10-31,276.46305330,276.79244258,268.64796225,269.85565186,269.85565186,86167100
2025-11-03,269.90556627,270.33474093,265.74348588,268.53814697,268.53814697,50194600
2025-11-04,267.81950686,270.97349883,267.11086612,269.52627563,269.52627563,49274800
2025-11-05,268.09898007,271.18312844,266.42218343,269.62609863,269.62609863,43683100
2025-11-06,267.38037703,272.87987401,267.38037703,269.25677490,269.25677490,51204000
2025-11-07,269.28671541,271.77199911,266.26248096,267.95925903,267.95925903,48227400
2025-11-10,268.70856924,273.47412978,267.20997143,269.17813110,269.17813110,41312400
2025-11-11,269.55775906,275.65206242,269.54775865,274.99267578,274.99267578,46208300
2025-11-12,274.74292397,275.47225253,271.44602108,273.21435547,273.21435547,48398000
2025-11-13,273.85374352,276.44134918,271.83564282,272.69485474,272.69485474,49602800
2025-11-14,270.79659005,275.70200347,269.34796391,272.15533447,272.15533447,47431300
2025-11-17,268.56870542,270.23712717,265.48159771,267.20996094,267.20996094,45018300
2025-11-18,269.73760653,270.45693470,265.07198907,267.19000244,267.19000244,45677300
2025-11-19,265.28176331,271.95551108,265.25179258,268.30892944,268.30892944,40424500
2025-11-20,270.57680365,275.17250948,265.67142055,266.00109863,266.00109863,45823600
2025-11-21,265.70137681,273.07445167,265.42163980,271.23617554,271.23617554,59030800
2025-11-24,270.64675212,276.74105584,270.64675212,275.66207886,275.66207886,65585800
2025-11-25,275.01266705,280.11790608,274.99269672,276.71109009,276.71109009,46914200
2025-11-26,276.70108255,279.26868737,276.37140446,277.29052734,277.29052734,33431400
2025-11-28,277.00081501,278.73917863,275.73198275,278.58932495,278.58932495,20135600
2025-12-01,277.75011957,283.15506584,275.88187257,282.83535767,282.83535767,46587700
2025-12-02,282.73543460,287.13131512,282.36578537,285.92245483,285.92245483,53669500
2025-12-03,285.93247084,288.35019154,283.03515738,283.88436890,283.88436890,43538700
2025-12-04,283.83440687,284.46382277,278.32954829,280.43759155,280.43759155,43989100
2025-12-05,280.27774307,280.87718825,277.79005013,278.51937866,278.51937866,47265800
2025-12-08,277.86998438,279.40855319,275.89182448,277.63021851,277.63021851,38211800
2025-12-09,277.89996273,279.76820966,276.66113172,276.92086792,276.92086792,32193300
2025-12-10,277.49034279,279.48847307,276.18156989,278.51937866,278.51937866,33038300
2025-12-11,278.83908759,279.32861975,273.55402444,277.77008057,277.77008057,33248000
2025-12-12,277.64021728,278.95899069,276.56124027,278.01986694,278.01986694,39532900
2025-12-15,279.88809119,279.88809119,272.58492750,273.85372925,273.85372925,50409100
2025-12-16,272.56496678,275.24245412,271.53593088,274.35327148,274.35327148,37648600
2025-12-17,274.75292652,275.90184539,271.38608172,271.58587646,271.58587646,50138700
2025-12-18,273.35420232,273.37420314,266.70045522,271.93554688,271.93554688,51630700
2025-12-19,271.89558597,274.34330788,269.64768928,273.41418457,273.41418457,144632000
2025-12-22,272.60489201,273.62395794,270.25711339,270.71667480,270.71667480,36571800
2025-12-23,270.58680910,272.24526096,269.30800689,272.10537720,272.10537720,29642000
2025-12-24,272.08538918,275.17249672,271.94553592,273.55401611,273.55401611,17910600
2025-12-26,273.90370846,275.11256877,272.60490546,273.14440918,273.14440918,21521800
2025-12-29,272.43508231,274.10350406,272.09540381,273.50408936,273.50408936,23715200
2025-12-30,272.55497041,273.82377222,272.02546708,272.82470703,272.82470703,22139600
2025-12-31,272.80472533,273.42414084,271.49595243,271.60583496,271.60583496,27293600
2026-01-02,272.00548425,277.58025431,268.74852215,270.75665283,270.75665283,37838100
2026-01-05,270.38700745,271.25618925,265.89121426,267.01016235,267.01016235,45647200
2026-01-06,266.75039246,267.29986609,261.87494970,262.11471558,262.11471558,52352100
2026-01-07,262.95395139,263.43348313,259.56710600,260.08660889,260.08660889,48309800
2026-01-08,256.77972040,259.04761786,255.46096229,258.79785156,258.79785156,50419300
2026-01-09,258.83779552,259.96674406,255.98048371,259.12753296,259.12753296,39997000
2026-01-12,258.91773648,261.05572011,256.55992679,260.00671387,260.00671387,45263800
2026-01-13,258.47813039,261.56523797,258.14845232,260.80593872,260.80593872,45730800
2026-01-14,259.24741812,261.57525710,256.47001809,259.71697998,259.71697998,40019400
2026-01-15,260.40631876,260.79596879,256.80967821,257.96859741,257.96859741,39388600
2026-01-16,257.65890202,258.65796719,254.69167723,255.29112244,255.29112244,72142800
2026-01-20,252.49373740,254.55180922,243.19244306,246.46937561,246.46937561,80267500
2026-01-21,248.46750904,251.32483609,244.95079532,247.41848755,247.41848755,54641700
2026-01-22,248.96703988,250.76536026,247.91801840,248.11784363,248.11784363,39708300
2026-01-23,247.08880782,249.17685039,244.45126111,247.80812073,247.80812073,41689000
2026-01-26,251.24490016,256.32015296,249.56647802,255.17123413,255.17123413,55969200
2026-01-27,258.92771692,261.70511670,257.96859247,258.02853394,258.02853394,49648300
2026-01-28,257.40914724,258.61800762,254.27208307,256.20028687,256.20028687,41288000
2026-01-29,257.75880668,259.40725807,254.17216648,258.03854370,258.03854370,67253000
2026-01-30,254.93144331,261.65514726,251.94423313,259.23742676,259.23742676,92443400
2026-02-02,259.78691741,270.23713065,258.96767664,269.75759888,269.75759888,73913400
2026-02-03,268.94835136,271.62583865,267.35981093,269.22808838,269.22808838,64394700
2026-02-04,272.03545112,278.68922850,272.03545112,276.23150635,276.23150635,90545700
2026-02-05,277.86999494,279.23870932,272.97458181,275.65206909,275.65206909,52977400
2026-02-06,276.86092023,280.64738556,276.67109542,277.85998535,277.85998535,50453400
2026-02-09,277.91000366,278.20001221,271.70001221,274.61999512,274.61999512,44623400
2026-02-10,274.89001465,275.36999512,272.94000244,273.67999268,273.67999268,34376900
2026-02-11,274.70001221,280.17999268,274.45001221,275.50000000,275.50000000,51931300
2026-02-12,275.58999634,275.72000122,260.17999268,261.73001099,261.73001099,81077200
2026-02-13,262.01000977,262.23001099,255.44999695,255.77999878,255.77999878,56290700
2026-02-17,258.04998779,266.29000854,255.53999329,263.88000488,263.88000488,58469100
2026-02-18,263.60000610,266.82000732,262.45001221,264.35000610,264.35000610,34203300
2026-02-19,262.60000610,264.48001099,260.04998779,260.57998657,260.57998657,30845300
2026-02-20,258.97000122,264.75000000,258.16000366,264.57998657,264.57998657,42070500
2026-02-23,263.48999023,269.42999268,263.38000488,266.17999268,266.17999268,37308200
2026-02-24,267.85998535,274.89001465,267.70999146,272.14001465,272.14001465,47014600
2026-02-25,271.77999878,274.94000244,271.04998779,274.23001099,274.23001099,33714300
2026-02-26,274.95498657,276.10998535,270.79501343,272.95001221,272.95001221,32123760
