Date,Open,High,Low,Close,Adj Close,Volume
2018-01-02,42.54000092,43.07500076,42.31499863,43.06499863,40.30418015,102223600
2018-01-03,43.13249969,43.63750076,42.99000168,43.05749893,40.29714966,118071600
2018-01-04,43.13499832,43.36750031,43.02000046,43.25749969,40.48433304,89738400
2018-01-05,43.36000061,43.84249878,43.26250076,43.75000000,40.94525528,94640000
2018-01-08,43.58750153,43.90250015,43.48249817,43.58750153,40.79317856,82271200
2018-01-09,43.63750076,43.76499939,43.35250092,43.58250046,40.78849030,86336000
2018-01-10,43.29000092,43.57500076,43.25000000,43.57249832,40.77915573,95839600
2018-01-11,43.64749908,43.87250137,43.62250137,43.81999969,41.01077652,74670800
2018-01-12,44.04499817,44.34000015,43.91249847,44.27249908,41.43427658,101672400
2018-01-16,44.47499847,44.84749985,44.03499985,44.04750061,41.22369766,118263600
2018-01-17,44.03749847,44.81250000,43.76750183,44.77500153,41.90455627,137547200
2018-01-18,44.84249878,45.02500153,44.56250000,44.81499863,41.94198990,124773600
2018-01-19,44.65250015,44.89500046,44.35250092,44.61500168,41.75481033,129700400
2018-01-22,44.32500076,44.44499969,44.15000153,44.25000000,41.41320801,108434400
2018-01-23,44.32500076,44.86000061,44.20500183,44.25999832,41.42255020,130756400
2018-01-24,44.31250000,44.32500076,43.29999924,43.55500031,40.76276779,204420400
2018-01-25,43.62749863,43.73749924,42.63249969,42.77750015,40.03511429,166116000
2018-01-26,43.00000000,43.00000000,42.51499939,42.87749863,40.12869644,156572000
2018-01-29,42.54000092,42.54000092,41.76750183,41.99000168,39.29809189,202561600
2018-01-30,41.38249969,41.84249878,41.17499924,41.74250031,39.06645203,184192800
2018-01-31,41.71749878,42.11000061,41.62500000,41.85749817,39.17407227,129915600
2018-02-01,41.79249954,42.15499878,41.68999863,41.94499969,39.25597763,188923200
2018-02-02,41.50000000,41.70000076,40.02500153,40.12500000,37.55266571,346375200
2018-02-05,39.77500153,40.97000122,39.00000000,39.12250137,36.61442566,290954000
2018-02-06,38.70750046,40.93000031,38.50000000,40.75749969,38.14460373,272975200
2018-02-07,40.77249908,40.84999847,39.76750183,39.88499832,37.32804871,206434400
2018-02-08,40.07249832,40.25000000,38.75749969,38.78749847,36.30090714,217562000
2018-02-09,39.26750183,39.47249985,37.56000137,39.10250092,36.74489212,282690400
2018-02-12,39.62500000,40.97249985,39.37749863,40.67750168,38.22495270,243278000
2018-02-13,40.48749924,41.18750000,40.41249847,41.08499908,38.60788345,130196800
2018-02-14,40.75999832,41.88499832,40.72000122,41.84249878,39.31970596,162579600
2018-02-15,42.44749832,43.27249908,42.25000000,43.24750137,40.63999557,204588800
2018-02-16,43.09000015,43.70500183,42.94250107,43.10749817,40.50843430,160704400
2018-02-20,43.01250076,43.56499863,42.85499954,42.96250153,40.37218094,135722000
2018-02-21,43.20750046,43.52999878,42.75249863,42.76750183,40.18893433,149886400
2018-02-22,42.95000076,43.48749924,42.92750168,43.12500000,40.52487946,123967600
2018-02-23,43.41749954,43.91249847,43.38499832,43.87500000,41.22966003,135249600
2018-02-26,44.08750153,44.84749985,44.05250168,44.74250031,42.04485703,152648800
2018-02-27,44.77500153,45.11999893,44.54000092,44.59749985,41.90859604,155712400
2018-02-28,44.81499863,45.15499878,44.51250076,44.52999878,41.84516907,151128400
2018-03-01,44.63499832,44.94499969,43.16500092,43.75000000,41.11220169,195208000
2018-03-02,43.20000076,44.07500076,43.11249924,44.05250168,41.39646530,153816000
2018-03-05,43.80250168,44.43500137,43.63000107,44.20500183,41.53977585,113605600
2018-03-06,44.47750092,44.56250000,44.03250122,44.16749954,41.50453186,95154000
2018-03-07,43.73500061,43.96250153,43.56750107,43.75749969,41.11924744,126814000
2018-03-08,43.86999893,44.27999878,43.76750183,44.23500061,41.56797028,95096400
2018-03-09,44.49000168,45.00000000,44.34749985,44.99499893,42.28214645,128740800
2018-03-12,45.07249832,45.59749985,45.05250168,45.43000031,42.69091034,128828400
2018-03-13,45.64749908,45.87500000,44.81000137,44.99250031,42.27978897,126774000
2018-03-14,45.08000183,45.13000107,44.45249939,44.61000061,41.92034531,117473600
2018-03-15,44.62500000,45.06000137,44.51750183,44.66249847,41.96968460,90975200
2018-03-16,44.66249847,44.77999878,44.40499878,44.50500107,41.82168961,157618800
2018-03-19,44.33000183,44.36750031,43.41500092,43.82500076,41.18267822,133787200
2018-03-20,43.81000137,44.20000076,43.73500061,43.81000137,41.16859818,78597600
2018-03-21,43.75999832,43.77249908,42.81499863,42.81750107,40.23593521,148219600
2018-03-22,42.50000000,43.16999817,42.15000153,42.21250153,39.66739655,165963200
2018-03-23,42.09749985,42.47999954,41.23500061,41.23500061,38.74884415,164115200
2018-03-26,42.01750183,43.27500153,41.61000061,43.19250107,40.58831406,150164800
2018-03-27,43.41999817,43.78749847,41.72999954,42.08499908,39.54759216,163690400
2018-03-28,41.81250000,42.50500107,41.29750061,41.61999893,39.11061859,166674000
2018-03-29,41.95249939,42.93750000,41.72499847,41.94499969,39.41602707,153594000
2018-04-02,41.65999985,42.23500061,41.11750031,41.66999817,39.15760803,150347200
2018-04-03,41.90999985,42.18750000,41.22000122,42.09749985,39.55932999,121112000
2018-04-04,41.22000122,43.00249863,41.19250107,42.90250015,40.31579590,138422000
2018-04-05,43.14500046,43.55749893,43.02000046,43.20000076,40.59535599,107732800
2018-04-06,42.74250031,43.11999893,42.04999924,42.09500122,39.55697632,140021200
2018-04-09,42.47000122,43.27249908,42.46250153,42.51250076,39.94931412,116070800
2018-04-10,43.25000000,43.50000000,42.88249969,43.31250000,40.70108795,113634400
2018-04-11,43.05749893,43.47999954,42.92499924,43.11000061,40.51078415,89726400
2018-04-12,43.35250092,43.75000000,43.25999832,43.53499985,40.91016769,91557200
2018-04-13,43.69499969,43.95999908,43.46250153,43.68249893,41.04876328,100497200
2018-04-16,43.75749969,44.04750061,43.70750046,43.95500183,41.30484009,86313600
2018-04-17,44.12250137,44.73500061,44.10250092,44.56000137,41.87336731,106421600
2018-04-18,44.45249939,44.70500183,44.22000122,44.45999908,41.77938461,83018000
2018-04-19,43.43999863,43.84749985,43.16500092,43.20000076,40.59535599,139235200
2018-04-20,42.65000153,42.80500031,41.35749817,41.43000031,38.93207169,261964400
2018-04-23,41.70750046,41.72999954,41.02249908,41.31000137,38.81931305,146062000
2018-04-24,41.41749954,41.58250046,40.30500031,40.73500061,38.27898788,134768000
2018-04-25,40.65499878,41.35499954,40.60250092,40.91249847,38.44577789,113528400
2018-04-26,41.02999878,41.43249893,40.84249878,41.05500031,38.57968521,111852000
2018-04-27,41.00000000,41.08250046,40.15750122,40.58000183,38.13333511,142623200
2018-04-30,40.53250122,41.81499863,40.45999908,41.31499863,38.82401657,169709600
2018-05-01,41.60250092,42.29999924,41.31750107,42.27500153,39.72612762,214277600
2018-05-02,43.80749893,44.43750000,43.45000076,44.14250183,41.48103333,266157600
2018-05-03,43.97000122,44.37500000,43.61000061,44.22249985,41.55620956,136272800
2018-05-04,44.56250000,46.06250000,44.54249954,45.95750046,43.18660355,224805200
2018-05-07,46.29499817,46.91749954,46.18750000,46.29000092,43.49907303,169805600
2018-05-08,46.24750137,46.55500031,45.91749954,46.51250076,43.70815277,113611200
2018-05-09,46.63750076,46.84999847,46.30500031,46.84000015,44.01590347,92844800
2018-05-10,46.93500137,47.59249878,46.91249847,47.50999832,44.64550781,111957200
2018-05-11,47.37250137,47.51499939,46.86249924,47.14749908,44.47570038,104848800
2018-05-14,47.25249863,47.38249969,46.96500015,47.03749847,44.37193680,83115200
2018-05-15,46.69499969,46.76750183,46.27500153,46.61000061,43.96866608,94780800
2018-05-16,46.51750183,47.11500168,46.50000000,47.04499817,44.37901306,76732400
2018-05-17,47.00000000,47.22750092,46.59000015,46.74750137,44.09836960,69176000
2018-05-18,46.79750061,46.95249939,46.53250122,46.57749939,43.93799973,73190800
2018-05-21,47.00000000,47.31750107,46.72750092,46.90750122,44.24929428,73603200
2018-05-22,47.09500122,47.22000122,46.69499969,46.79000092,44.13846588,60962800
2018-05-23,46.58750153,47.12500000,46.43999863,47.09000015,44.42146683,80233600
2018-05-24,47.19250107,47.20999908,46.55250168,47.03749847,44.37193680,92936000
2018-05-25,47.05749893,47.41249847,46.91249847,47.14500046,44.47333908,69844000
2018-05-29,46.90000153,47.18750000,46.71749878,46.97499847,44.31298065,90056400
2018-05-30,46.93000031,47.00000000,46.69499969,46.87500000,44.21865082,74762000
2018-05-31,46.80500031,47.05749893,46.53499985,46.71749878,44.07007599,109931200
2018-06-01,46.99750137,47.56499863,46.93750000,47.56000137,44.86482239,93770000
2018-06-04,47.90999985,48.35499954,47.83750153,47.95750046,45.23979187,105064800
2018-06-05,48.26750183,48.48500061,48.09000015,48.32749939,45.58883286,86264000
2018-06-06,48.40750122,48.52000046,47.97999954,48.49499893,45.74682999,83734400
2018-06-07,48.53499985,48.54999924,48.08499908,48.36500168,45.62419891,85388800
2018-06-08,47.79249954,48.00000000,47.44250107,47.92499924,45.20912933,106627200
2018-06-11,47.83750153,47.99250031,47.55250168,47.80749893,45.09830093,73234000
2018-06-12,47.84749985,48.15250015,47.78749847,48.06999969,45.34591675,67644400
2018-06-13,48.10499954,48.22000122,47.61000061,47.67499924,44.97332001,86553600
2018-06-14,47.88750076,47.89250183,47.55500031,47.70000076,44.99687576,86440400
2018-06-15,47.50749969,47.54000092,47.06499863,47.20999908,44.53464508,246876800
2018-06-18,46.97000122,47.30500031,46.79999924,47.18500137,44.51107788,73939600
2018-06-19,46.28499985,46.58250046,45.86249924,46.42250061,43.79178238,134314000
2018-06-20,46.58750153,46.79999924,46.43249893,46.62500000,43.98281479,82514800
2018-06-21,46.81250000,47.08750153,46.23500061,46.36500168,43.73754883,102847600
2018-06-22,46.52999878,46.53749847,46.17499924,46.22999954,43.61019516,108801600
2018-06-25,45.84999847,46.22999954,45.18249893,45.54249954,42.96164703,126652400
2018-06-26,45.74750137,46.63249969,45.63499832,46.10749817,43.49464035,98276800
2018-06-27,46.30749893,46.81999969,46.00749969,46.04000092,43.43096542,101141200
2018-06-28,46.02500153,46.55250168,45.95000076,46.37500000,43.74697876,69460800
2018-06-29,46.57249832,46.79750061,45.72750092,46.27750015,43.65500259,90950800
2018-07-02,45.95500183,46.82500076,45.85499954,46.79499817,44.14317703,70925200
2018-07-03,46.94749832,46.98749924,45.88499832,45.97999954,43.37435532,55819200
2018-07-05,46.31499863,46.60250092,46.06999969,46.34999847,43.72339249,66416800
2018-07-06,46.35499954,47.10749817,46.29999924,46.99250031,44.32947922,69940800
2018-07-09,47.37500000,47.66999817,47.32500076,47.64500046,44.94501877,79026400
2018-07-10,47.67750168,47.81999969,47.54499817,47.58750153,44.89077759,63756400
2018-07-11,47.12500000,47.44499969,46.90250015,46.97000122,44.30826569,75326000
2018-07-12,47.38249969,47.85250092,47.32749939,47.75749969,45.05112457,72164400
2018-07-13,47.77000046,47.95999908,47.72499847,47.83250046,45.12188339,50055600
2018-07-16,47.88000107,48.16249847,47.60499954,47.72750092,45.02282333,60172400
2018-07-17,47.43750000,47.96749878,47.29999924,47.86249924,45.15019226,62138000
2018-07-18,47.94499969,47.95000076,47.48249817,47.59999847,44.90255737,65573600
2018-07-19,47.42250061,48.13750076,47.42250061,47.97000122,45.25157928,81147200
2018-07-20,47.94499969,48.10749817,47.54249954,47.86000061,45.14783096,82704800
2018-07-23,47.66999817,47.99000168,47.38999939,47.90250015,45.18791580,63957600
2018-07-24,48.11249924,48.41500092,48.01250076,48.25000000,45.51571655,74791600
2018-07-25,48.26499939,48.71250153,48.10749817,48.70500183,45.94493866,66839600
2018-07-26,48.65250015,48.99000168,48.40250015,48.55250168,45.80107498,76304000
2018-07-27,48.74750137,48.79750061,47.52500153,47.74499893,45.03934479,96096000
2018-07-30,47.97499847,48.04999924,47.26750183,47.47750092,44.78699875,84118000
2018-07-31,47.57500076,48.03499985,47.33499908,47.57249832,44.87661362,157492000
2018-08-01,49.78250122,50.43999863,49.32749939,50.37500000,47.52029800,271742800
2018-08-02,50.14500046,52.09500122,50.08750153,51.84749985,48.90935898,249616000
2018-08-03,51.75749969,52.18500137,51.36999893,51.99750137,49.05085373,133789600
2018-08-06,52.00000000,52.31250000,51.76750183,52.26750183,49.30555725,101701600
2018-08-07,52.33000183,52.37500000,51.68999863,51.77750015,48.84331894,102349600
2018-08-08,51.51250076,51.95249939,51.13000107,51.81250000,48.87634277,90102000
2018-08-09,52.38249969,52.44499969,51.79999924,52.22000122,49.26074982,93970400
2018-08-10,51.84000015,52.27500153,51.66749954,51.88249969,49.11401749,98444800
2018-08-13,52.32749939,52.73749924,51.92499924,52.21749878,49.43114090,103563600
2018-08-14,52.54000092,52.63999939,52.06499863,52.43750000,49.63941193,82992000
2018-08-15,52.30500031,52.68500137,52.08250046,52.56000137,49.75536346,115230400
2018-08-16,52.93750000,53.45249939,52.86750031,53.33000183,50.48427963,114001600
2018-08-17,53.36000061,54.48749924,53.29000092,54.39500046,51.49244690,141708000
2018-08-20,54.52500153,54.79499817,53.77750015,53.86500168,50.99073029,121150800
2018-08-21,54.20000076,54.29750061,53.50749969,53.75999832,50.89134979,104639200
2018-08-22,53.52500153,54.09000015,53.45999908,53.76250076,50.89370346,76072400
2018-08-23,53.66249847,54.26250076,53.65000153,53.87250137,50.99783707,75532800
2018-08-24,54.15000153,54.22499847,53.77750015,54.04000092,51.15637970,73905600
2018-08-27,54.28749847,54.68500137,54.08250046,54.48500061,51.57765961,82100400
2018-08-28,54.75249863,55.13499832,54.72999954,54.92499924,51.99416733,91107200
2018-08-29,55.03749847,55.87250137,54.85250092,55.74499893,52.77041626,109019200
2018-08-30,55.81250000,57.06499863,55.59999847,56.25749969,53.25556564,195175200
2018-08-31,56.62749863,57.21749878,56.50000000,56.90750122,53.87088394,173360400
2018-09-04,57.10250092,57.29499817,56.65750122,57.09000015,54.04364395,109560400
2018-09-05,57.24750137,57.41749954,56.27500153,56.71749878,53.69101334,133332000
2018-09-06,56.55749893,56.83750153,55.32500076,55.77500153,52.79881668,137160000
2018-09-07,55.46250153,56.34249878,55.17750168,55.32500076,52.37282562,150479200
2018-09-10,55.23749924,55.46250153,54.11750031,54.58250046,51.66994095,158066000
2018-09-11,54.50249863,56.07500076,54.13999939,55.96250153,52.97630310,142996000
2018-09-12,56.23500061,56.25000000,54.95999908,55.26750183,52.31840515,197114800
2018-09-13,55.88000107,57.08750153,55.64250183,56.60250092,53.58215714,166825600
2018-09-14,56.43750000,56.70999908,55.63000107,55.95999908,52.97394562,127997200
2018-09-17,55.53749847,55.73749924,54.31750107,54.47000122,51.56345367,148780400
2018-09-18,54.44749832,55.46250153,54.27999878,54.56000137,51.64865112,126286800
2018-09-19,54.62500000,54.90499878,53.82500076,54.59249878,51.67941666,108495200
2018-09-20,55.06000137,55.56999969,54.78749847,55.00749969,52.07226181,106435200
2018-09-21,55.19499969,55.34000015,54.32249832,54.41500092,51.51139069,384986800
2018-09-24,54.20500183,55.31499863,54.15750122,55.19749832,52.25213242,110773600
2018-09-25,54.93750000,55.70500183,54.92499924,55.54750061,52.58345413,98217600
2018-09-26,55.25000000,55.93750000,54.93999863,55.10499954,52.16456985,95938800
2018-09-27,55.95500183,56.61000061,55.88499832,56.23749924,53.23662949,120724800
2018-09-28,56.19749832,56.45999908,56.00500107,56.43500137,53.42358780,91717600
2018-10-01,56.98749924,57.35499954,56.58750153,56.81499863,53.78331375,94403200
2018-10-02,56.81250000,57.50000000,56.65750122,57.31999969,54.26137161,99152800
2018-10-03,57.51250076,58.36750031,57.44499969,58.01750183,54.92164993,114619200
2018-10-04,57.69499969,58.08750153,56.68249893,56.99750137,53.95608521,128168000
2018-10-05,56.99000168,57.10250092,55.14500046,56.07249832,53.08043289,134322000
2018-10-08,55.55250168,56.20000076,55.04999924,55.94250107,52.95737457,118655600
2018-10-09,55.90999985,56.81750107,55.56250000,56.71749878,53.69101334,107564000
2018-10-10,56.36500168,56.58750153,54.01250076,54.09000015,51.20372772,167962400
2018-10-11,53.63000107,54.87500000,53.08000183,53.61249924,50.75169373,212497600
2018-10-12,55.10499954,55.72000122,54.20999908,55.52750015,52.56452179,161351600
2018-10-15,55.29000092,55.45750046,54.31750107,54.34000015,51.44039154,123164000
2018-10-16,54.73249817,55.74750137,54.18999863,55.53749847,52.57398987,116736000
2018-10-17,55.57500076,55.65999985,54.83499908,55.29750061,52.34679413,91541600
2018-10-18,54.46500015,54.93500137,53.25000000,54.00500107,51.12324524,130325200
2018-10-19,54.51499939,55.31499863,54.35749817,54.82749939,51.90187454,132314800
2018-10-22,54.94749832,55.84000015,54.73500061,55.16249847,52.21899414,115168400
2018-10-23,53.95750046,55.81250000,53.67499924,55.68249893,52.71124649,155071200
2018-10-24,55.65000153,56.05749893,53.63499832,53.77249908,50.90316772,163702000
2018-10-25,54.42750168,55.34500122,54.18750000,54.95000076,52.01783752,119423200
2018-10-26,53.97499847,55.04750061,53.16749954,54.07500076,51.18952942,189033600
2018-10-29,54.79750061,54.92250061,51.52249908,53.06000137,50.22869110,183742000
2018-10-30,52.78749847,53.79499817,52.31750107,53.32500076,50.47955322,146640000
2018-10-31,54.22000122,55.11249924,54.15499878,54.71500015,51.79536819,153435600
2018-11-01,54.76250076,55.59000015,54.20249939,55.55500031,52.59055328,233292800
2018-11-02,52.38750076,53.41249847,51.35749817,51.86999893,49.10218811,365314800
2018-11-05,51.07500076,51.09749985,49.54249954,50.39749908,47.70826340,264654800
2018-11-06,50.47999954,51.18000031,50.42250061,50.94250107,48.22418594,127531600
2018-11-07,51.49250031,52.51499939,51.03250122,52.48749924,49.68674469,133697600
2018-11-08,52.49499893,52.52999878,51.68750000,52.12250137,49.51337051,101450400
2018-11-09,51.38750076,51.50249863,50.56250000,51.11750031,48.55868149,137463200
2018-11-12,49.75000000,49.96250153,48.44749832,48.54249954,46.11257553,204542000
2018-11-13,47.90750122,49.29499817,47.86249924,48.05749893,45.65184784,187531600
2018-11-14,48.47499847,48.61999893,46.48249817,46.70000076,44.36230087,243204000
2018-11-15,47.09749985,47.99250031,46.72499847,47.85250092,45.45711517,185915200
2018-11-16,47.62500000,48.74250031,47.36500168,48.38249969,45.96058655,147713200
2018-11-19,47.50000000,47.67499924,46.24750137,46.46500015,44.13907242,167701200
2018-11-20,44.59249878,45.36750031,43.87749863,44.24499893,42.03020477,271300800
2018-11-21,44.93249893,45.06750107,44.13750076,44.19499969,41.98271179,124496800
2018-11-23,43.73500061,44.15000153,43.02500153,43.07249832,40.91638947,94496000
2018-11-26,43.56000137,43.73749924,42.56499863,43.65499878,41.46973419,179994000
2018-11-27,42.87749863,43.69250107,42.72000122,43.56000137,41.37948227,165549600
2018-11-28,44.18249893,45.32249832,43.73249817,45.23500061,42.97064209,184250000
2018-11-29,45.66500092,45.70000076,44.42499924,44.88750076,42.64054108,167080000
2018-11-30,45.07249832,45.08250046,44.25749969,44.64500046,42.41017151,158126000
2018-12-03,46.11500168,46.23500061,45.30250168,46.20500183,43.89210129,163210000
2018-12-04,45.23749924,45.59749985,44.06750107,44.17250061,41.96133423,165377200
2018-12-06,42.93999863,43.69499969,42.60499954,43.68000031,41.49348068,172393600
2018-12-07,43.37250137,43.62250137,42.07500076,42.12250137,40.01394272,169126400
2018-12-10,41.25000000,42.52249908,40.83250046,42.40000153,40.27754974,248104000
2018-12-11,42.91500092,42.94749832,41.75000000,42.15750122,40.04719543,189126800
2018-12-12,42.59999847,42.97999954,42.25500107,42.27500153,40.15880966,142510800
2018-12-13,42.62250137,43.14250183,42.38750076,42.73749924,40.59816360,127594400
2018-12-14,42.25000000,42.27000046,41.31999969,41.36999893,39.29911423,162814800
2018-12-17,41.36249924,42.08750153,40.68249893,40.98500061,38.93338776,177151600
2018-12-18,41.34500122,41.88249969,41.09749985,41.51750183,39.43924713,135366000
2018-12-19,41.50000000,41.86249924,39.77249908,40.22249985,38.20904541,196189200
2018-12-20,40.09999847,40.52750015,38.82500076,39.20750046,37.24486542,259092000
2018-12-21,39.21500015,39.54000092,37.40750122,37.68249893,35.79619598,382978400
2018-12-24,37.03749847,37.88750076,36.64749908,36.70750046,34.87001801,148676800
2018-12-26,37.07500076,39.30749893,36.68000031,39.29249954,37.32561874,234330000
2018-12-27,38.95999908,39.19250107,37.51750183,39.03749847,37.08336639,212468400
2018-12-28,39.37500000,39.63000107,38.63750076,39.05749893,37.10237885,169165600
2018-12-31,39.63249969,39.84000015,39.11999893,39.43500137,37.46098709,140014000
2019-01-02,38.72249985,39.71250153,38.55749893,39.47999954,37.50372314,148158800
2019-01-03,35.99499893,36.43000031,35.50000000,35.54750061,33.76808929,365248800
2019-01-04,36.13249969,37.13750076,35.95000076,37.06499863,35.20961380,234428400
2019-01-07,37.17499924,37.20750046,36.47499847,36.98249817,35.13124466,219111200
2019-01-08,37.38999939,37.95500183,37.13000107,37.68750000,35.80094528,164101200
2019-01-09,37.82249832,38.63249969,37.40750122,38.32749939,36.40891266,180396400
2019-01-10,38.12500000,38.49250031,37.71500015,38.45000076,36.52529526,143122800
2019-01-11,38.22000122,38.42499924,37.87749863,38.07249832,36.16667175,108092800
2019-01-14,37.71250153,37.81750107,37.30500031,37.50000000,35.62284851,129756800
2019-01-15,37.56750107,38.34749985,37.51250076,38.26750183,36.35192108,114843600
2019-01-16,38.27000046,38.97000122,38.25000000,38.73500061,36.79602051,122278800
2019-01-17,38.54999924,39.41500092,38.31499863,38.96500015,37.01451111,119284800
2019-01-18,39.37500000,39.47000122,38.99499893,39.20500183,37.24248886,135004000
2019-01-22,39.10250092,39.18249893,38.15499878,38.32500076,36.40653992,121576000
2019-01-23,38.53749847,38.78499985,37.92499924,38.47999954,36.55378342,92522400
2019-01-24,38.52750015,38.61999893,37.93500137,38.17499924,36.26404190,101766000
2019-01-25,38.86999893,39.53250122,38.58000183,39.43999863,37.46571732,134142000
2019-01-28,38.94749832,39.08250046,38.41500092,39.07500076,37.11899948,104768400
2019-01-29,39.06250000,39.53250122,38.52750015,38.66999817,36.73426819,166348800
2019-01-30,40.81250000,41.53749847,40.05749893,41.31250000,39.24449158,244439200
2019-01-31,41.52750015,42.25000000,41.13999939,41.61000061,39.52709579,162958400
2019-02-01,41.74000168,42.24499893,41.48249817,41.63000107,39.54609680,130672400
2019-02-04,41.85250092,42.91500092,41.81999969,42.81250000,40.66941452,125982000
2019-02-05,43.21500015,43.77000046,43.08750153,43.54499817,41.36523819,144406400
2019-02-06,43.66249847,43.89250183,43.21250153,43.56000137,41.37948227,112958400
2019-02-07,43.09999847,43.48500061,42.58499908,42.73500061,40.59579086,126966800
2019-02-08,42.24750137,42.66500092,42.10499954,42.60250092,40.64349365,95280000
2019-02-11,42.76250076,42.80250168,42.31250000,42.35749817,40.40976334,83973600
2019-02-12,42.52500153,42.75000000,42.42499924,42.72249985,40.75797272,89134000
2019-02-13,42.84749985,43.11999893,42.47999954,42.54499817,40.58863068,89960800
2019-02-14,42.42750168,42.81499863,42.34500122,42.70000076,40.73650360,87342800
2019-02-15,42.81250000,42.92499924,42.43750000,42.60499954,40.64587402,98507200
2019-02-19,42.42750168,42.86000061,42.37250137,42.73249817,40.76750565,75891200
2019-02-20,42.79750061,43.33000183,42.74750137,43.00749969,41.02987289,104457600
2019-02-21,42.95000076,43.09249878,42.57500076,42.76499939,40.79850769,68998800
2019-02-22,42.89500046,43.25000000,42.84500122,43.24250031,41.25404739,75652800
2019-02-25,43.54000092,43.96749878,43.48749924,43.55749893,41.55456924,87493600
2019-02-26,43.42750168,43.82500076,43.29249954,43.58250046,41.57841873,68280800
2019-02-27,43.30250168,43.75000000,43.18249893,43.71749878,41.70721054,111341600
2019-02-28,43.58000183,43.72750092,43.22999954,43.28749847,41.29700089,112861600
2019-03-01,43.56999969,43.78749847,43.22249985,43.74250031,41.73106766,103544800
2019-03-04,43.92250061,44.43750000,43.49250031,43.96250153,41.94095612,109744800
2019-03-05,43.98500061,44.00000000,43.63499832,43.88249969,41.86462784,78949600
2019-03-06,43.66749954,43.87250137,43.48500061,43.63000107,41.62374115,83241600
2019-03-07,43.46749878,43.61000061,43.00500107,43.12500000,41.14196014,99185600
2019-03-08,42.58000183,43.26750183,42.37500000,43.22750092,41.23974991,95997600
2019-03-11,43.87250137,44.77999878,43.83750153,44.72499847,42.66838837,128044000
2019-03-12,45.00000000,45.66749954,44.84249878,45.22750092,43.14779282,129870400
2019-03-13,45.56250000,45.82500076,45.22999954,45.42750168,43.33858871,124130000
2019-03-14,45.97499847,46.02500153,45.63999939,45.93249893,43.82036591,94318000
2019-03-15,46.21250153,46.83250046,45.93500137,46.52999878,44.39038467,156171600
2019-03-18,46.45000076,47.09749985,46.44749832,47.00500107,44.84355545,104879200
2019-03-19,47.08750153,47.24750137,46.47999954,46.63249969,44.48817062,126585600
2019-03-20,46.55749893,47.37250137,46.18249893,47.04000092,44.87694168,124140800
2019-03-21,47.50500107,49.08250046,47.45249939,48.77249908,46.52977371,204136800
2019-03-22,48.83499908,49.42250061,47.69499969,47.76250076,45.56621552,169630800
2019-03-25,47.87749863,47.99499893,46.65000153,47.18500137,45.01527405,175381200
2019-03-26,47.91500092,48.22000122,46.14500046,46.69749832,44.55018616,199202000
2019-03-27,47.18750000,47.43999863,46.63750076,47.11750031,44.95088577,119393600
2019-03-28,47.23749924,47.38999939,46.88249969,47.18000031,45.01049805,83121600
2019-03-29,47.45750046,47.52000046,47.13499832,47.48749924,45.30385590,94256000
2019-04-01,47.90999985,47.91999817,47.09500122,47.81000137,45.61153030,111448000
2019-04-02,47.77249908,48.61500168,47.76250076,48.50500107,46.27457047,91062800
2019-04-03,48.31250000,49.12500000,48.28749847,48.83750153,46.59178925,93087200
2019-04-04,48.69749832,49.09249878,48.28499985,48.92250061,46.67288208,76457200
2019-04-05,49.11249924,49.27500153,48.98249817,49.25000000,46.98531342,74106400
2019-04-08,49.10499954,50.05749893,49.08499908,50.02500153,47.72465515,103526800
2019-04-09,50.08000183,50.71250153,49.80749893,49.87500000,47.58157730,143072800
2019-04-10,49.66999817,50.18500137,49.54499817,50.15499878,47.84869003,86781200
2019-04-11,50.21250153,50.25000000,49.61000061,49.73749924,47.45039368,83603200
2019-04-12,49.79999924,50.03499985,49.05250168,49.71749878,47.43131638,111042800
2019-04-15,49.64500046,49.96250153,49.50249863,49.80749893,47.51717758,70146400
2019-04-16,49.86500168,50.34249878,49.63999939,49.81250000,47.52194214,102785600
2019-04-17,49.88499832,50.84500122,49.65250015,50.78250122,48.44734573,115627200
2019-04-18,50.77999878,51.03749847,50.63000107,50.96500015,48.62145615,96783200
2019-04-22,50.70750046,51.23500061,50.58499908,51.13249969,48.78125000,77758000
2019-04-23,51.10749817,51.93750000,50.97499847,51.86999893,49.48484039,93292000
2019-04-24,51.84000015,52.11999893,51.76250076,51.79000092,49.40850830,70162400
2019-04-25,51.70750046,51.93999863,51.27999878,51.31999969,48.96012115,74172800
2019-04-26,51.22499847,51.25000000,50.52999878,51.07500076,48.72639465,74596400
2019-04-29,51.09999847,51.49250031,50.96500015,51.15250015,48.80033112,88818800
2019-04-30,50.76499939,50.84999847,49.77750015,50.16749954,47.86063004,186139600
2019-05-01,52.47000122,53.82749939,52.30749893,52.63000107,50.20988846,259309200
2019-05-02,52.45999908,53.16249847,52.03250122,52.28749847,49.88314438,127985200
2019-05-03,52.72249985,52.95999908,52.55749893,52.93750000,50.50324631,83569600
2019-05-06,51.07249832,52.20999908,50.87500000,52.11999893,49.72333908,129772400
2019-05-07,51.47000122,51.85499954,50.20750046,50.71500015,48.38294983,155054800
2019-05-08,50.47499847,51.33499908,50.43750000,50.72499847,48.39248657,105358000
2019-05-09,50.09999847,50.41999817,49.16500092,50.18000031,47.87255478,139634400
2019-05-10,49.35499954,49.71250153,48.19250107,49.29499817,47.20935059,164834800
2019-05-13,46.92750168,47.36999893,45.71250153,46.43000031,44.46556854,229722400
2019-05-14,46.60250092,47.42499924,46.35250092,47.16500092,45.16946793,146118800
2019-05-15,46.56750107,47.93750000,46.50500107,47.72999954,45.71056747,106178800
2019-05-16,47.47750092,48.11750031,47.20999908,47.52000046,45.50944901,132125600
2019-05-17,46.73249817,47.72499847,46.68999863,47.25000000,45.25086975,131516400
2019-05-20,45.88000107,46.08750153,45.06999969,45.77249908,43.83588028,154449200
2019-05-21,46.30500031,47.00000000,46.17499924,46.65000153,44.67626572,113459200
2019-05-22,46.16500092,46.42750168,45.63750076,45.69499969,43.76166153,118994400
2019-05-23,44.95000076,45.13499832,44.45249939,44.91500092,43.01467133,146118800
2019-05-24,45.04999924,45.53499985,44.65499878,44.74250031,42.84946823,94858800
2019-05-28,44.72999954,45.14749908,44.47750092,44.55749893,42.67228699,111792800
2019-05-29,44.10499954,44.83750153,44.00000000,44.34500122,42.46879578,113924800
2019-05-30,44.48749924,44.80749893,44.16749954,44.57500076,42.68905640,84873600
2019-05-31,44.05749893,44.49750137,43.74750137,43.76750183,41.91571426,108174400
2019-06-03,43.90000153,44.47999954,42.56750107,43.32500076,41.49193192,161584400
2019-06-04,43.86000061,44.95750046,43.63000107,44.90999985,43.00986862,123872000
2019-06-05,46.06999969,46.24750137,45.28499985,45.63499832,43.70420456,119093600
2019-06-06,45.77000046,46.36750031,45.53749847,46.30500031,44.34585953,90105200
2019-06-07,46.62749863,47.97999954,46.44250107,47.53749847,45.52620316,122737600
2019-06-10,47.95249939,48.84249878,47.90499878,48.14500046,46.10801315,104883600
2019-06-11,48.71500015,49.00000000,48.40000153,48.70249939,46.64191818,107731600
2019-06-12,48.48749924,48.99250031,48.34749985,48.54750061,46.49348068,73012800
2019-06-13,48.67499924,49.19749832,48.40000153,48.53749847,46.48389816,86698400
2019-06-14,47.88750076,48.39749908,47.57500076,48.18500137,46.14631271,75046000
2019-06-17,48.22499847,48.74000168,48.04249954,48.47249985,46.42164612,58676400
2019-06-18,49.01250076,50.07249832,48.80250168,49.61249924,47.51340485,106204000
2019-06-19,49.91999817,49.97000122,49.32749939,49.46749878,47.37454987,84496800
2019-06-20,50.09249878,50.15250015,49.50749969,49.86500168,47.75522995,86056000
2019-06-21,49.70000076,50.21250153,49.53749847,49.69499969,47.59242249,191202400
2019-06-24,49.63499832,50.04000092,49.54249954,49.64500046,47.54453659,72881600
2019-06-25,49.60749817,49.81499863,48.82249832,48.89250183,46.82387924,84281200
2019-06-26,49.44250107,50.24750137,49.33750153,49.95000076,47.83663559,104270000
2019-06-27,50.07249832,50.39250183,49.89250183,49.93500137,47.82226944,83598800
2019-06-28,49.66999817,49.87500000,49.26250076,49.47999954,47.38652039,124442400
2019-07-01,50.79249954,51.12250137,50.16249847,50.38750076,48.25562668,109012000
2019-07-02,50.35250092,50.78250122,50.34000015,50.68249893,48.53813553,67740800
2019-07-03,50.81999969,51.11000061,50.67250061,51.10250092,48.94038010,45448000
2019-07-05,50.83750153,51.27000046,50.72499847,51.05749893,48.89727783,69062000
2019-07-08,50.20249939,50.34999847,49.60250092,50.00500107,47.88930893,101354400
2019-07-09,49.79999924,50.37749863,49.70249939,50.31000137,48.18140411,82312000
2019-07-10,50.46250153,50.93249893,50.38999939,50.80749893,48.65786743,71588400
2019-07-11,50.82749939,51.09749985,50.42750168,50.43750000,48.30351257,80767200
2019-07-12,50.61249924,51.00000000,50.54999924,50.82500076,48.67461777,70380800
2019-07-15,51.02249908,51.46749878,51.00000000,51.30250168,49.13191223,67789600
2019-07-16,51.14749908,51.52750015,50.87500000,51.12500000,48.96192169,67467200
2019-07-17,51.01250076,51.27249908,50.81750107,50.83750153,48.68658829,56430000
2019-07-18,51.00000000,51.47000122,50.92499924,51.41500092,49.23966599,74162400
2019-07-19,51.44749832,51.62500000,50.59000015,50.64749908,48.50461960,83717200
2019-07-22,50.91249847,51.80749893,50.90250015,51.80500031,49.61316299,89111600
2019-07-23,52.11500168,52.22750092,51.82249832,52.20999908,50.00100708,73420800
2019-07-24,51.91749954,52.28749847,51.79249954,52.16749954,49.96031570,59966400
2019-07-25,52.22249985,52.31000137,51.68249893,51.75500107,49.56526947,55638400
2019-07-26,51.86999893,52.43249893,51.78499985,51.93500137,49.73765182,70475600
2019-07-29,52.11500168,52.65999985,52.11000061,52.41999817,50.20212936,86693600
2019-07-30,52.18999863,52.54000092,51.82749939,52.19499969,49.98664474,135742800
2019-07-31,54.10499954,55.34249878,52.82500076,53.25999832,51.00658798,277125600
2019-08-01,53.47499847,54.50749969,51.68500137,52.10749817,49.90285492,216071600
2019-08-02,51.38249969,51.60749817,50.40750122,51.00500107,48.84700012,163448400
2019-08-05,49.49750137,49.66249847,48.14500046,48.33499908,46.28996658,209572000
2019-08-06,49.07749939,49.51750183,48.50999832,49.25000000,47.16625595,143299200
2019-08-07,48.85250092,49.88999939,48.45500183,49.75999832,47.65466690,133457600
2019-08-08,50.04999924,50.88249969,49.84749985,50.85749817,48.70573044,108038000
2019-08-09,50.32500076,50.68999863,49.82249832,50.24750137,48.30438614,98478800
2019-08-12,49.90499878,50.51250076,49.78749847,50.11999893,48.18181992,89927600
2019-08-13,50.25500107,53.03499985,50.11999893,52.24250031,50.22223663,188874000
2019-08-14,50.79000092,51.61000061,50.64749908,50.68750000,48.72737122,146189600
2019-08-15,50.86500168,51.28499985,49.91749954,50.43500137,48.48463821,108909600
2019-08-16,51.06999969,51.79000092,50.95999908,51.62500000,49.62861252,110481600
2019-08-19,52.65499878,53.18249893,52.50749969,52.58750153,50.55390167,97654400
2019-08-20,52.72000122,53.33750153,52.58000183,52.59000015,50.55630112,107537200
2019-08-21,53.24750137,53.41249847,52.90000153,53.15999985,51.10425568,86141600
2019-08-22,53.29750061,53.61000061,52.68750000,53.11500168,51.06099701,89014800
2019-08-23,52.35749817,53.01250076,50.25000000,50.65999985,48.70093155,187272000
2019-08-26,51.46500015,51.79750061,51.26499939,51.62250137,49.62620926,104174400
2019-08-27,51.96500015,52.13750076,50.88249969,51.04000092,49.06623459,103493200
2019-08-28,51.02500153,51.43000031,50.83000183,51.38249969,49.39549255,63755200
2019-08-29,52.12500000,52.33000183,51.66500092,52.25249863,50.23184967,83962000
2019-08-30,52.54000092,52.61249924,51.79999924,52.18500137,50.16695786,84573600
2019-09-03,51.60749817,51.74499893,51.05500031,51.42499924,49.43634796,80092000
2019-09-04,52.09749985,52.36999893,51.83000183,52.29750061,50.27511215,76752400
2019-09-05,53.00000000,53.49250031,52.87749863,53.31999969,51.25807190,95654800
2019-09-06,53.51250076,53.60499954,53.12749863,53.31499863,51.25325775,77449200
2019-09-09,53.70999908,54.11000061,52.76750183,53.54249954,51.47196579,109237600
2019-09-10,53.46500015,54.19499969,52.92750168,54.17499924,52.08000565,127111600
2019-09-11,54.51750183,55.92750168,54.43249893,55.89749908,53.73589325,177158400
2019-09-12,56.20000076,56.60499954,55.71500015,55.77249908,53.61573029,128906800
2019-09-13,55.00000000,55.19749832,54.25500107,54.68750000,52.57268524,159053200
2019-09-16,54.43249893,55.03250122,54.38999939,54.97499847,52.84906387,84632400
2019-09-17,54.99000168,55.20500183,54.77999878,55.17499924,53.04134369,73274800
2019-09-18,55.26499939,55.71250153,54.86000061,55.69250107,53.53882217,101360000
2019-09-19,55.50249863,55.93999863,55.09249878,55.24000168,53.10382462,88242400
2019-09-20,55.34500122,55.63999939,54.36750031,54.43249893,52.32754898,221652400
2019-09-23,54.73749924,54.95999908,54.41249847,54.68000031,52.56548309,76662000
2019-09-24,55.25749969,55.62250137,54.29750061,54.41999817,52.31552505,124763200
2019-09-25,54.63750076,55.37500000,54.28499985,55.25749969,53.12064362,87613600
2019-09-26,55.00000000,55.23500061,54.70750046,54.97249985,52.84666824,75334000
2019-09-27,55.13499832,55.24000168,54.31999969,54.70500183,52.58951569,101408000
2019-09-30,55.22499847,56.14500046,55.19749832,55.99250031,53.82722092,103909600
2019-10-01,56.26750183,57.05500031,56.04999924,56.14749908,53.97623062,139223200
2019-10-02,55.76499939,55.89500046,54.48249817,54.74000168,52.62314606,138449200
2019-10-03,54.60749817,55.24000168,53.78250122,55.20500183,53.07018280,114426000
2019-10-04,56.40999985,56.87250137,55.97249985,56.75249863,54.55783081,138478800
2019-10-07,56.56750107,57.48249817,56.45999908,56.76499939,54.56985092,122306000
2019-10-08,56.45500183,57.01499939,56.08250046,56.09999847,53.93056107,111820000
2019-10-09,56.75749969,56.94749832,56.40999985,56.75749969,54.56264114,74770400
2019-10-10,56.98249817,57.61000061,56.82500076,57.52249908,55.29804611,113013600
2019-10-11,58.23749924,59.40999985,58.07749939,59.05250168,56.76889038,166795600
2019-10-14,58.72499847,59.53250122,58.66749954,58.96749878,56.68717957,96427600
2019-10-15,59.09749985,59.41249847,58.72000122,58.83000183,56.55498886,87360000
2019-10-16,58.34249878,58.81000137,58.29999924,58.59249878,56.32668304,73903200
2019-10-17,58.77249908,59.03749847,58.38000107,58.81999969,56.54537201,67585200
2019-10-18,58.64749908,59.39500046,58.57249832,59.10250092,56.81694794,97433600
2019-10-21,59.38000107,60.24750137,59.33000183,60.12749863,57.80231857,87247200
2019-10-22,60.29000092,60.54999924,59.90499878,59.99000168,57.67013550,82293600
2019-10-23,60.52500153,60.81000137,60.30500031,60.79499817,58.44399643,75828800
2019-10-24,61.12749863,61.20000076,60.45249939,60.89500046,58.54013443,69275200
2019-10-25,60.79000092,61.68249893,60.72000122,61.64500046,59.26112366,73477200
2019-10-28,61.85499954,62.31250000,61.68000031,62.26250076,59.85475159,96572800
2019-10-29,62.24250031,62.43750000,60.64250183,60.82249832,58.47045517,142839600
2019-10-30,61.18999863,61.32500076,60.30250168,60.81499863,58.46323013,124522000
2019-10-31,61.81000137,62.29249954,59.31499863,62.18999863,59.78506088,139162000
2019-11-01,62.38499832,63.98249817,62.29000092,63.95500183,61.48180389,151125200
2019-11-04,64.33249664,64.46250153,63.84500122,64.37500000,61.88557434,103272000
2019-11-05,64.26249695,64.54750061,64.08000183,64.28250122,61.79664993,79897600
2019-11-06,64.19249725,64.37249756,63.84249878,64.30999756,61.82307816,75864400
2019-11-07,64.68499756,65.08750153,64.52749634,64.85749817,62.53659058,94940400
2019-11-08,64.67250061,65.11000061,64.21250153,65.03500366,62.70775223,69986400
2019-11-11,64.57499695,65.61750031,64.56999969,65.55000305,63.20431519,81821200
2019-11-12,65.38749695,65.69750214,65.23000336,65.48999786,63.14645767,87388800
2019-11-13,65.28250122,66.19499969,65.26750183,66.11750031,63.75150681,102734400
2019-11-14,65.93750000,66.22000122,65.52500153,65.66000366,63.31038666,89182800
2019-11-15,65.91999817,66.44499969,65.75250244,66.44000244,64.06246185,100206400
2019-11-18,66.44999695,66.85749817,66.05750275,66.77500153,64.38548279,86703200
2019-11-19,66.97499847,67.00000000,66.34750366,66.57250214,64.19022369,76167200
2019-11-20,66.38500214,66.51999664,65.09999847,65.79750061,63.44295120,106234400
2019-11-21,65.92250061,66.00250244,65.29499817,65.50250244,63.15852356,121395200
2019-11-22,65.64749908,65.79499817,65.20999908,65.44499969,63.10307312,65325200
2019-11-25,65.67749786,66.61000061,65.62999725,66.59249878,64.20951080,84020400
2019-11-26,66.73500061,66.79000092,65.62500000,66.07250214,63.70812225,105207600
2019-11-27,66.39499664,66.99500275,66.32749939,66.95999908,64.56385803,65235600
2019-11-29,66.65000153,67.00000000,66.47499847,66.81250000,64.42163086,46617600
2019-12-02,66.81749725,67.06250000,65.86250305,66.04000092,63.67677689,94487200
2019-12-03,64.57749939,64.88249969,64.07250214,64.86250305,62.54141998,114430400
2019-12-04,65.26750183,65.82749939,65.16999817,65.43499756,63.09342575,67181600
2019-12-05,65.94750214,66.47250366,65.68250275,66.39499664,64.01907349,74424400
2019-12-06,66.87000275,67.75000000,66.82499695,67.67749786,65.25569916,106075600
2019-12-09,67.50000000,67.69999695,66.22750092,66.73000336,64.34206390,128042400
2019-12-10,67.15000153,67.51750183,66.46499634,67.12000275,64.71814728,90420400
2019-12-11,67.20249939,67.77500153,67.12500000,67.69249725,65.27014923,78756800
2019-12-12,66.94499969,68.13999939,66.83000183,67.86499786,65.43646240,137310400
2019-12-13,67.86499786,68.82499695,67.73249817,68.78749847,66.32593536,133587600
2019-12-16,69.25000000,70.19750214,69.24500275,69.96499634,67.46131897,128186000
2019-12-17,69.89250183,70.44249725,69.69999695,70.10250092,67.59391022,114158400
2019-12-18,69.94999695,70.47499847,69.77999878,69.93499756,67.43238831,116028400
2019-12-19,69.87500000,70.29499817,69.73750305,70.00499725,67.49991608,98369200
2019-12-20,70.55750275,70.66249847,69.63999939,69.86000061,67.36008453,275978000
2019-12-23,70.13249969,71.06250000,70.09249878,71.00000000,68.45927429,98572000
2019-12-24,71.17250061,71.22250366,70.73000336,71.06749725,68.52437592,48478800
2019-12-26,71.20500183,72.49500275,71.17500305,72.47750092,69.88391876,93121200
2019-12-27,72.77999878,73.49250031,72.02999878,72.44999695,69.85740662,146266000
2019-12-30,72.36499786,73.17250061,71.30500031,72.87999725,70.27201080,144114400
2019-12-31,72.48249817,73.41999817,72.37999725,73.41249847,70.78545380,100805600
2020-01-02,74.05999756,75.15000153,73.79750061,75.08750153,72.40052032,135480400
2020-01-03,74.28749847,75.14499664,74.12500000,74.35749817,71.69663239,146322800
2020-01-06,73.44750214,74.98999786,73.18750000,74.94999695,72.26792908,118387200
2020-01-07,74.95999908,75.22499847,74.37000275,74.59750366,71.92805481,108872000
2020-01-08,74.29000092,76.11000061,74.29000092,75.79750061,73.08509064,132079200
2020-01-09,76.80999756,77.60749817,76.55000305,77.40750122,74.63748932,170108400
2020-01-10,77.65000153,78.16750336,77.06250000,77.58249664,74.80622864,140644800
2020-01-13,77.91000366,79.26750183,77.78749847,79.23999786,76.40441895,121532000
2020-01-14,79.17500305,79.39250183,78.04250336,78.16999817,75.37271118,161954400
2020-01-15,77.96250153,78.87500000,77.38749695,77.83499908,75.04969788,121923600
2020-01-16,78.39749908,78.92500305,78.02249908,78.80999756,75.98979187,108829200
2020-01-17,79.06749725,79.68499756,78.75000000,79.68250275,76.83110809,137816400
2020-01-21,79.29750061,79.75499725,79.00000000,79.14250183,76.31039429,110843200
2020-01-22,79.64499664,79.99749756,79.32749939,79.42500305,76.58280182,101832400
2020-01-23,79.48000336,79.88999939,78.91249847,79.80750275,76.95160675,104472000
2020-01-24,80.06250000,80.83249664,79.37999725,79.57749939,76.72984314,146537600
2020-01-27,77.51499939,77.94249725,76.22000122,77.23750305,74.47359467,161940000
2020-01-28,78.15000153,79.59999847,78.04750061,79.42250061,76.58039856,162234000
2020-01-29,81.11250305,81.96250153,80.34500122,81.08499908,78.18339539,216229200
2020-01-30,80.13500214,81.02249908,79.68750000,80.96749878,78.07011414,126743200
2020-01-31,80.23249817,80.66999817,77.07250214,77.37750244,74.60857391,199588400
2020-02-03,76.07499695,78.37249756,75.55500031,77.16500092,74.40367126,173788400
2020-02-04,78.82749939,79.91000366,78.40750122,79.71250153,76.85999298,136616400
2020-02-05,80.87999725,81.19000244,79.73750305,80.36250305,77.48674011,118826800
2020-02-06,80.64250183,81.30500031,80.06500244,81.30249786,78.39311218,105425600
2020-02-07,80.59249878,80.84999847,79.50000000,80.00749969,77.32756042,117684000
2020-02-10,78.54499817,80.38749695,78.46250153,80.38749695,77.69481659,109348800
2020-02-11,80.90000153,80.97499847,79.67749786,79.90249634,77.22608185,94323200
2020-02-12,80.36750031,81.80500031,80.36750031,81.80000305,79.06000519,113730400
2020-02-13,81.04750061,81.55500031,80.83750153,81.21749878,78.49701691,94747600
2020-02-14,81.18499756,81.49500275,80.71250153,81.23750305,78.51633453,80113600
2020-02-18,78.83999634,79.93750000,78.65249634,79.75000000,77.07868195,152531200
2020-02-19,80.00000000,81.14250183,80.00000000,80.90499878,78.19498444,93984000
2020-02-20,80.65750122,81.16249847,79.55249786,80.07499695,77.39278412,100566000
2020-02-21,79.65499878,80.11250305,77.62500000,78.26249695,75.64099884,129554000
2020-02-24,74.31500244,76.04499817,72.30750275,74.54499817,72.04801178,222195200
2020-02-25,75.23750305,75.63249969,71.53250122,72.01999664,69.60758209,230673600
2020-02-26,71.63249969,74.47000122,71.62500000,73.16249847,70.71183014,198054800
2020-02-27,70.27500153,71.50000000,68.23999786,68.37999725,66.08950806,320605600
2020-02-28,64.31500244,69.60250092,64.09249878,68.33999634,66.05084991,426510000
2020-03-02,70.56999969,75.36000061,69.43000031,74.70249939,72.20022583,341397200
2020-03-03,75.91750336,76.00000000,71.44999695,72.33000183,69.90721893,319475600
2020-03-04,74.11000061,75.84999847,73.28250122,75.68499756,73.14983368,219178400
2020-03-05,73.87999725,74.88749695,72.85250092,73.23000336,70.77707672,187572800
2020-03-06,70.50000000,72.70500183,70.30750275,72.25749969,69.83715820,226176800
2020-03-09,65.93750000,69.52249908,65.75000000,66.54250336,64.31359100,286744800
2020-03-10,69.28500366,71.61000061,67.34249878,71.33499908,68.94553375,285290000
2020-03-11,69.34750366,70.30500031,67.96499634,68.85749817,66.55101013,255598800
2020-03-12,63.98500061,67.50000000,62.00000000,62.05749893,59.97880173,418474000
2020-03-13,66.22250366,69.98000336,63.23749924,69.49250031,67.16477203,370732000
2020-03-16,60.48749924,64.76999664,60.00000000,60.55250168,58.52420807,322423600
2020-03-17,61.87749863,64.40249634,59.59999847,63.21500015,61.09752274,324056000
2020-03-18,59.94250107,62.50000000,59.27999878,61.66749954,59.60187149,300233600
2020-03-19,61.84749985,63.20999908,60.65250015,61.19499969,59.14519119,271857200
2020-03-20,61.79499817,62.95750046,57.00000000,57.31000137,55.39031982,401693200
2020-03-23,57.02000046,57.12500000,53.15250015,56.09249878,54.21360779,336752800
2020-03-24,59.09000015,61.92250061,58.57500076,61.72000122,59.65261078,287531200
2020-03-25,62.68750000,64.56250000,61.07500076,61.38000107,59.32400131,303602000
2020-03-26,61.63000107,64.66999817,61.59000015,64.61000061,62.44580078,252087200
2020-03-27,63.18750000,63.96749878,61.76250076,61.93500137,59.86041260,204216800
2020-03-30,62.68500137,63.88000107,62.34999847,63.70249939,61.56870270,167976400
2020-03-31,63.90000153,65.62249756,63.00000000,63.57249832,61.44305801,197002000
2020-04-01,61.62500000,62.18000031,59.78250122,60.22750092,58.21009827,176218400
2020-04-02,60.08499908,61.28749847,59.22499847,61.23249817,59.18143082,165934000
2020-04-03,60.70000076,61.42499924,59.74250031,60.35250092,58.33092117,129880000
2020-04-06,62.72499847,65.77749634,62.34500122,65.61750031,63.41955566,201820400
2020-04-07,67.69999695,67.92500305,64.75000000,64.85749817,62.68500519,202887200
2020-04-08,65.68499756,66.84249878,65.30750275,66.51750183,64.28939819,168895200
2020-04-09,67.17500305,67.51750183,66.17500305,66.99749756,64.75331116,161834800
2020-04-13,67.07749939,68.42500305,66.45749664,68.31250000,66.02429199,131022800
2020-04-14,70.00000000,72.06250000,69.51249695,71.76249695,69.35872650,194994800
2020-04-15,70.59999847,71.58249664,70.15750122,71.10749817,68.72566986,131154400
2020-04-16,71.84500122,72.05000305,70.58750153,71.67250061,69.27174377,157125200
2020-04-17,71.17250061,71.73750305,69.21499634,70.69999695,68.33181000,215250000
2020-04-20,69.48750305,70.41999817,69.21250153,69.23249817,66.91346741,130015200
2020-04-21,69.06999969,69.31250000,66.35749817,67.09249878,64.84514618,180991600
2020-04-22,68.40249634,69.47499847,68.05000305,69.02500153,66.71291351,116862400
2020-04-23,68.96749878,70.43750000,68.71749878,68.75749969,66.45436859,124814400
2020-04-24,69.30000305,70.75250244,69.25000000,70.74250031,68.37287140,126161200
2020-04-27,70.44999695,71.13500214,69.98750305,70.79250336,68.42121887,117087600
2020-04-28,71.26999664,71.45749664,69.55000305,69.64499664,67.31215668,112004800
2020-04-29,71.18250275,72.41750336,70.97250366,71.93250275,69.52303314,137280800
2020-04-30,72.48999786,73.63249969,72.08750153,73.44999695,70.98969269,183064000
2020-05-01,71.56250000,74.75000000,71.46250153,72.26750183,69.84677887,240616800
2020-05-04,72.29250336,73.42250061,71.58000183,73.29000092,70.83506012,133568000
2020-05-05,73.76499939,75.25000000,73.61499786,74.38999939,71.89820099,147751200
2020-05-06,75.11499786,75.80999756,74.71749878,75.15750122,72.64000702,142333600
2020-05-07,75.80500031,76.29250336,75.49250031,75.93499756,73.39145660,115215200
2020-05-08,76.41000366,77.58750153,76.07250214,77.53250122,75.13828278,133838400
2020-05-11,77.02500153,79.26249695,76.80999756,78.75250244,76.32061768,145946400
2020-05-12,79.45749664,79.92250061,77.72750092,77.85250092,75.44841766,162301200
2020-05-13,78.03749847,78.98750305,75.80249786,76.91249847,74.53742981,200622400
2020-05-14,76.12750244,77.44750214,75.38249969,77.38500214,74.99535370,158929200
2020-05-15,75.08750153,76.97499847,75.05249786,76.92749786,74.55197906,166348400
2020-05-18,78.29250336,79.12500000,77.58000183,78.73999786,76.30850983,135178400
2020-05-19,78.75749969,79.62999725,78.25250244,78.28500366,75.86755371,101729600
2020-05-20,79.16999817,79.87999725,79.12999725,79.80750275,77.34304047,111504800
2020-05-21,79.66500092,80.22250366,78.96749878,79.21250153,76.76643372,102688800
2020-05-22,78.94249725,79.80750275,78.83750153,79.72250366,77.26067352,81803200
2020-05-26,80.87500000,81.05999756,79.12500000,79.18250275,76.73734283,125522000
2020-05-27,79.03500366,79.67749786,78.27249908,79.52749634,77.07170105,112945200
2020-05-28,79.19249725,80.86000061,78.90750122,79.56250000,77.10561371,133560800
2020-05-29,79.81250000,80.28749847,79.11750031,79.48500061,77.03052521,153532400
2020-06-01,79.43750000,80.58750153,79.30249786,80.46250153,77.97781372,80791200
2020-06-02,80.18750000,80.86000061,79.73249817,80.83499908,78.33880615,87642800
2020-06-03,81.16500092,81.55000305,80.57499695,81.27999878,78.77007294,104491200
2020-06-04,81.09750366,81.40499878,80.19499969,80.58000183,78.09168243,87560400
2020-06-05,80.83750153,82.93750000,80.80750275,82.87500000,80.31581879,137250400
2020-06-08,82.56250000,83.40000153,81.83000183,83.36499786,80.79069519,95654400
2020-06-09,83.03500366,86.40249634,83.00250244,85.99749756,83.34188080,147712400
2020-06-10,86.97499847,88.69249725,86.52249908,88.20999908,85.48606110,166651600
2020-06-11,87.32749939,87.76499939,83.87000275,83.97499847,81.38185120,201662400
2020-06-12,86.18000031,86.94999695,83.55500031,84.69999695,82.08444977,200146000
2020-06-15,83.31250000,86.41999817,83.14499664,85.74749756,83.09961700,138808800
2020-06-16,87.86499786,88.30000305,86.18000031,88.01999664,85.30193329,165428800
2020-06-17,88.78749847,88.84999847,87.77249908,87.89749908,85.18321991,114406400
2020-06-18,87.85250092,88.36250305,87.30500031,87.93250275,85.21714783,96820400
2020-06-19,88.66000366,89.13999939,86.28749847,87.43000031,84.73017883,264476000
2020-06-22,87.83499908,89.86499786,87.78749847,89.71749878,86.94701385,135445200
2020-06-23,91.00000000,93.09500122,90.56749725,91.63249969,88.80287933,212155600
2020-06-24,91.25000000,92.19750214,89.62999725,90.01499939,87.23536682,192623200
2020-06-25,90.17500305,91.25000000,89.39250183,91.20999908,88.39344025,137522400
2020-06-26,91.10250092,91.33000183,88.25499725,88.40750122,85.67745209,205256800
2020-06-29,88.31250000,90.54250336,87.81999969,90.44499969,87.65203857,130646000
2020-06-30,90.01999664,91.49500275,90.00000000,91.19999695,88.38370514,140223200
2020-07-01,91.27999878,91.83999634,90.97750092,91.02749634,88.21658325,110737200
2020-07-02,91.96250153,92.61750031,90.91000366,91.02749634,88.21658325,114041600
2020-07-06,92.50000000,93.94499969,92.46749878,93.46250153,90.57637024,118655600
2020-07-07,93.85250092,94.65499878,93.05750275,93.17250061,90.29534149,112424400
2020-07-08,94.18000031,95.37500000,94.08999634,95.34249878,92.39832306,117092000
2020-07-09,96.26249695,96.31749725,94.67250061,95.75250244,92.79563904,125642800
2020-07-10,95.33499908,95.98000336,94.70500183,95.91999817,92.95799255,90257200
2020-07-13,97.26499939,99.95500183,95.25749969,95.47750092,92.52916718,191649200
2020-07-14,94.83999634,97.25499725,93.87750244,97.05750275,94.06035614,170989200
2020-07-15,98.98999786,99.24749756,96.48999786,97.72499847,94.70724487,153198000
2020-07-16,96.56250000,97.40499878,95.90499878,96.52249908,93.54189301,110577600
2020-07-17,96.98750305,97.14749908,95.83999634,96.32749939,93.35290527,92186800
2020-07-20,96.41750336,98.50000000,96.06250000,98.35749817,95.32022858,90318000
2020-07-21,99.17250061,99.25000000,96.74250031,97.00000000,94.00462341,103433200
2020-07-22,96.69249725,97.97499847,96.60250092,97.27249908,94.26872253,89001600
2020-07-23,96.99749756,97.07749939,92.01000214,92.84500122,89.97794342,197004400
2020-07-24,90.98750305,92.97000122,89.14499664,92.61499786,89.75504303,185438800
2020-07-27,93.70999908,94.90499878,93.48000336,94.80999756,91.88225555,121214000
2020-07-28,94.36750031,94.55000305,93.24749756,93.25250244,90.37284851,103625600
2020-07-29,93.75000000,95.23000336,93.71250153,95.04000092,92.10515594,90329200
2020-07-30,94.18750000,96.29750061,93.76750183,96.19000244,93.21965027,158130000
2020-07-31,102.88500214,106.41500092,100.82499695,106.26000214,102.97867584,374336800
2020-08-03,108.19999695,111.63749695,107.89250183,108.93750000,105.57350922,308151200
2020-08-04,109.13249969,110.79000092,108.38749695,109.66500092,106.27854156,173071600
2020-08-05,109.37750244,110.39250183,108.89749908,110.06250000,106.66375732,121776800
2020-08-06,110.40499878,114.41249847,109.79750061,113.90249634,110.38517761,202428800
2020-08-07,113.20500183,113.67500305,110.29250336,111.11250305,107.87548065,198045600
2020-08-10,112.59999847,113.77500153,110.00000000,112.72750092,109.44345856,212403600
2020-08-11,111.97000122,112.48249817,109.10749817,109.37500000,106.18861389,187902400
2020-08-12,110.49749756,113.27500153,110.29750061,113.01000214,109.71772003,165598000
2020-08-13,114.43000031,116.04250336,113.92749786,115.01000214,111.65943909,210082000
2020-08-14,114.83000183,115.00000000,113.04499817,114.90750122,111.55993652,165565200
2020-08-17,116.06250000,116.08750153,113.96250153,114.60749817,111.26867676,119561600
2020-08-18,114.35250092,116.00000000,114.00749969,115.56250000,112.19585419,105633600
2020-08-19,115.98249817,117.16249847,115.61000061,115.70749664,112.33662415,145538000
2020-08-20,115.75000000,118.39250183,115.73249817,118.27500153,114.82933044,126907200
2020-08-21,119.26249695,124.86750031,119.25000000,124.37000275,120.74675751,338054800
2020-08-24,128.69749451,128.78500366,123.93750000,125.85749817,122.19093323,345937600
2020-08-25,124.69750214,125.18000031,123.05249786,124.82499695,121.18852234,211495600
2020-08-26,126.18000031,126.99250031,125.08249664,126.52249908,122.83654785,163022400
2020-08-27,127.14250183,127.48500061,123.83249664,125.01000214,121.36811829,155552400
2020-08-28,126.01249695,126.44249725,124.57749939,124.80750275,121.17153168,187630000
2020-08-31,127.58000183,131.00000000,126.00000000,129.03999329,125.28071594,225702700
2020-09-01,132.75999451,134.80000305,130.52999878,134.17999268,130.27093506,151948100
2020-09-02,137.58999634,137.97999573,127.00000000,131.39999390,127.57196045,200119000
2020-09-03,126.91000366,128.83999634,120.50000000,120.87999725,117.35843658,257599600
2020-09-04,120.06999969,123.69999695,110.88999939,120.95999908,117.43610382,332607200
2020-09-08,113.94999695,118.98999786,112.68000031,112.81999969,109.53324890,231366600
2020-09-09,117.26000214,119.13999939,115.26000214,117.31999969,113.90216064,176940500
2020-09-10,120.36000061,120.50000000,112.50000000,113.48999786,110.18372345,182274400
2020-09-11,114.56999969,115.23000336,110.00000000,112.00000000,108.73713684,180860300
2020-09-14,114.72000122,115.93000031,112.80000305,115.36000061,111.99925995,140150100
2020-09-15,118.33000183,118.83000183,113.61000061,115.54000092,112.17400360,184642000
2020-09-16,115.23000336,116.00000000,112.04000092,112.12999725,108.86334229,154679000
2020-09-17,109.72000122,112.19999695,108.70999908,110.33999634,107.12548065,178011000
2020-09-18,110.40000153,110.87999725,106.08999634,106.83999634,103.72743988,287104900
2020-09-21,104.54000092,110.19000244,103.09999847,110.08000183,106.87307739,195713800
2020-09-22,112.68000031,112.86000061,109.16000366,111.80999756,108.55266571,183055400
2020-09-23,111.62000275,112.11000061,106.76999664,107.12000275,103.99931335,150718700
2020-09-24,105.16999817,110.25000000,105.00000000,108.22000122,105.06726837,167743300
2020-09-25,108.43000031,112.44000244,107.66999817,112.27999878,109.00898743,149981400
2020-09-28,115.01000214,115.31999969,112.77999878,114.95999908,111.61090851,137672400
2020-09-29,114.55000305,115.30999756,113.56999969,114.08999634,110.76625061,99382200
2020-09-30,113.79000092,117.26000214,113.62000275,115.80999756,112.43612671,142675200
2020-10-01,117.63999939,117.72000122,115.83000183,116.79000092,113.38758850,116120400
2020-10-02,112.88999939,115.37000275,112.22000122,113.01999664,109.72741699,144712000
2020-10-05,113.91000366,116.65000153,113.55000305,116.50000000,113.10604095,106243800
2020-10-06,115.69999695,116.12000275,112.25000000,113.16000366,109.86334991,161498200
2020-10-07,114.62000275,115.55000305,114.12999725,115.08000183,111.72742462,96849000
2020-10-08,116.25000000,116.40000153,114.58999634,114.97000122,111.62062836,83477200
2020-10-09,115.27999878,117.00000000,114.91999817,116.97000122,113.56233978,100506900
2020-10-12,120.05999756,125.18000031,119.27999878,124.40000153,120.77587891,240226800
2020-10-13,125.26999664,125.38999939,119.65000153,121.09999847,117.57203674,262330500
2020-10-14,121.00000000,123.02999878,119.62000275,121.19000244,117.65940857,150712000
2020-10-15,118.72000122,121.19999695,118.15000153,120.70999908,117.19338989,112559200
2020-10-16,121.27999878,121.55000305,118.80999756,119.01999664,115.55264282,115393800
2020-10-19,119.95999908,120.41999817,115.66000366,115.98000336,112.60117340,120639300
2020-10-20,116.19999695,118.98000336,115.62999725,117.51000214,114.08663940,124423700
2020-10-21,116.66999817,118.70999908,116.44999695,116.87000275,113.46527100,89946000
2020-10-22,117.44999695,118.04000092,114.58999634,115.75000000,112.37787628,101988000
2020-10-23,116.38999939,116.55000305,114.27999878,115.04000092,111.68858337,82572600
2020-10-26,114.01000214,116.55000305,112.87999725,115.05000305,111.69828796,111850700
2020-10-27,115.48999786,117.27999878,114.54000092,116.59999847,113.20311737,92276800
2020-10-28,115.05000305,115.43000031,111.09999847,111.19999695,107.96044922,143937800
2020-10-29,112.37000275,116.93000031,112.19999695,115.31999969,111.96043396,146129200
2020-10-30,111.05999756,111.98999786,107.72000122,108.86000061,105.68862152,190272600
2020-11-02,109.11000061,110.68000031,107.31999969,108.76999664,105.60122681,122866900
2020-11-03,109.66000366,111.48999786,108.73000336,110.44000244,107.22259521,107624400
2020-11-04,114.13999939,115.58999634,112.34999847,114.94999695,111.60119629,138235500
2020-11-05,117.94999695,119.62000275,116.87000275,119.02999878,115.56232452,126387100
2020-11-06,118.31999969,119.19999695,116.12999725,118.69000244,115.43105316,114457900
2020-11-09,120.50000000,121.98999786,116.05000305,116.31999969,113.12610626,154515300
2020-11-10,115.55000305,117.58999634,114.12999725,115.97000122,112.78572083,138023400
2020-11-11,117.19000244,119.62999725,116.44000244,119.48999786,116.20907593,112295000
2020-11-12,119.62000275,120.52999878,118.56999969,119.20999908,115.93679047,103162300
2020-11-13,119.44000244,119.66999817,117.87000275,119.26000214,115.98540497,81581900
2020-11-16,118.91999817,120.98999786,118.15000153,120.30000305,116.99684143,91183000
2020-11-17,119.55000305,120.66999817,118.95999908,119.38999939,116.11183167,74271000
2020-11-18,118.61000061,119.81999969,118.00000000,118.02999878,114.78916931,76322100
2020-11-19,117.58999634,119.05999756,116.80999756,118.63999939,115.38240051,74113000
2020-11-20,118.63999939,118.76999664,117.29000092,117.33999634,114.11810303,73604300
2020-11-23,117.18000031,117.62000275,113.75000000,113.84999847,110.72393799,127959300
2020-11-24,113.91000366,115.84999847,112.58999634,115.16999817,112.00769043,113874200
2020-11-25,115.55000305,116.75000000,115.16999817,116.02999878,112.84408569,76499200
2020-11-27,116.56999969,117.48999786,116.22000122,116.58999634,113.38870239,46691300
2020-11-30,116.97000122,120.97000122,116.80999756,119.05000305,115.78117371,169410200
2020-12-01,121.01000214,123.47000122,120.01000214,122.72000122,119.35039520,127728200
2020-12-02,122.01999664,123.37000275,120.88999939,123.08000183,119.70049286,89004200
2020-12-03,123.51999664,123.77999878,122.20999908,122.94000244,119.56436157,78967600
2020-12-04,122.59999847,122.86000061,121.51999664,122.25000000,118.89328766,78260400
2020-12-07,122.30999756,124.56999969,122.25000000,123.75000000,120.35210419,86712000
2020-12-08,124.37000275,124.98000336,123.08999634,124.37999725,120.96481323,82225500
2020-12-09,124.52999878,125.94999695,121.00000000,121.77999878,118.43620300,115089200
2020-12-10,120.50000000,123.87000275,120.15000153,123.23999786,119.85609436,81312200
2020-12-11,122.43000031,122.76000214,120.55000305,122.41000366,119.04889679,86939800
2020-12-14,122.59999847,123.34999847,121.54000092,121.77999878,118.43620300,79184500
2020-12-15,124.33999634,127.90000153,124.12999725,127.87999725,124.36871338,157243700
2020-12-16,127.41000366,128.36999512,126.55999756,127.80999756,124.30062866,98208600
2020-12-17,128.89999390,129.58000183,128.03999329,128.69999695,125.16616821,94359800
2020-12-18,128.96000671,129.10000610,126.12000275,126.66000366,123.18222046,192541500
2020-12-21,125.01999664,128.30999756,123.44999695,128.22999573,124.70909119,121251600
2020-12-22,131.61000061,134.41000366,129.64999390,131.88000488,128.25888062,168904800
2020-12-23,132.16000366,132.42999268,130.77999878,130.96000671,127.36415100,88223700
2020-12-24,131.32000732,133.46000671,131.10000610,131.97000122,128.34642029,54930100
2020-12-28,133.99000549,137.33999634,133.50999451,136.69000244,132.93682861,124486200
2020-12-29,138.05000305,138.78999329,134.33999634,134.86999512,131.16677856,121047300
2020-12-30,135.58000183,135.99000549,133.39999390,133.72000122,130.04837036,96452100
2020-12-31,134.08000183,134.74000549,131.72000122,132.69000244,129.04661560,99116600
2021-01-04,133.52000427,133.61000061,126.76000214,129.41000366,125.85672760,143301900
2021-01-05,128.88999939,131.74000549,128.42999268,131.00999451,127.41277313,97664900
2021-01-06,127.72000122,131.05000305,126.37999725,126.59999847,123.12384033,155088000
2021-01-07,128.36000061,131.63000488,127.86000061,130.91999817,127.32521057,109578200
2021-01-08,132.42999268,132.63000488,130.22999573,132.05000305,128.42420959,105158200
2021-01-11,129.19000244,130.16999817,128.50000000,128.97999573,125.43849945,100384500
2021-01-12,128.50000000,129.69000244,126.86000061,128.80000305,125.26343536,91951100
2021-01-13,128.75999451,131.44999695,128.49000549,130.88999939,127.29604340,88636800
2021-01-14,130.80000305,131.00000000,128.75999451,128.91000366,125.37045288,90221800
2021-01-15,128.77999878,130.22000122,127.00000000,127.13999939,123.64902496,111598500
2021-01-19,127.77999878,128.71000671,126.94000244,127.83000183,124.32008362,90757300
2021-01-20,128.66000366,132.49000549,128.55000305,132.02999878,128.40476990,104319500
2021-01-21,133.80000305,139.66999817,133.58999634,136.86999512,133.11186218,120150900
2021-01-22,136.27999878,139.85000610,135.02000427,139.07000732,135.25146484,114459400
2021-01-25,143.07000732,145.08999634,136.53999329,142.91999817,138.99572754,157611700
2021-01-26,143.60000610,144.30000305,141.36999512,143.16000366,139.22915649,98390600
2021-01-27,143.42999268,144.30000305,140.41000366,142.05999756,138.15936279,140843800
2021-01-28,139.52000427,141.99000549,136.69999695,137.08999634,133.32579041,142621100
2021-01-29,135.83000183,136.74000549,130.21000671,131.96000671,128.33670044,177523800
2021-02-01,133.75000000,135.38000488,130.92999268,134.13999939,130.45684814,106239800
2021-02-02,135.72999573,136.30999756,134.61000061,134.99000549,131.28347778,83305400
2021-02-03,135.75999451,135.77000427,133.61000061,133.94000244,130.26232910,89880900
2021-02-04,136.30000305,137.39999390,134.58999634,137.38999939,133.61756897,84183100
2021-02-05,137.35000610,137.41999817,135.86000061,136.75999451,133.20362854,75693800
2021-02-08,136.02999878,136.96000671,134.91999817,136.91000366,133.34974670,71297200
2021-02-09,136.61999512,137.88000488,135.85000610,136.00999451,132.47311401,76774200
2021-02-10,136.47999573,136.99000549,134.39999390,135.38999939,131.86926270,73046600
2021-02-11,135.89999390,136.38999939,133.77000427,135.13000488,131.61601257,64280000
2021-02-12,134.35000610,135.52999878,133.69000244,135.36999512,131.84976196,60145100
2021-02-16,135.49000549,136.00999451,132.78999329,133.19000244,129.72645569,80576300
2021-02-17,131.25000000,132.22000122,129.47000122,130.83999634,127.43758392,97918500
2021-02-18,129.19999695,130.00000000,127.41000366,129.71000671,126.33698273,96856700
2021-02-19,130.24000549,130.71000671,128.80000305,129.86999512,126.49280548,87668800
2021-02-22,128.00999451,129.72000122,125.59999847,126.00000000,122.72345734,103916400
2021-02-23,123.76000214,126.70999908,118.38999939,125.86000061,122.58706665,158273000
2021-02-24,124.94000244,125.55999756,122.23000336,125.34999847,122.09035492,111039900
2021-02-25,124.68000031,126.45999908,120.54000092,120.98999786,117.84370422,148199500
2021-02-26,122.58999634,124.84999847,121.19999695,121.26000214,118.10669708,164560400
2021-03-01,123.75000000,127.93000031,122.79000092,127.79000092,124.46689606,116307900
2021-03-02,128.41000366,128.72000122,125.01000214,125.12000275,121.86633301,102260900
2021-03-03,124.80999756,125.70999908,121.83999634,122.05999756,118.88588715,112966300
2021-03-04,121.75000000,123.59999847,118.62000275,120.12999725,117.00607300,178155000
2021-03-05,120.98000336,121.94000244,117.56999969,121.41999817,118.26254272,153766600
2021-03-08,120.93000031,121.00000000,116.20999908,116.36000061,113.33412170,154376600
2021-03-09,119.02999878,122.05999756,118.79000092,121.08999634,117.94113159,129525800
2021-03-10,121.69000244,122.16999817,119.44999695,119.98000336,116.85999298,111943300
2021-03-11,122.54000092,123.20999908,121.26000214,121.95999908,118.78850555,103026500
2021-03-12,120.40000153,121.16999817,119.16000366,121.02999878,117.88267517,88105100
2021-03-15,121.41000366,124.00000000,120.41999817,123.98999786,120.76569366,92403800
2021-03-16,125.69999695,127.22000122,124.72000122,125.56999969,122.30461884,115227900
2021-03-17,124.05000305,125.86000061,122.33999634,124.76000214,121.51569366,111932600
2021-03-18,122.87999725,123.18000031,120.31999969,120.52999878,117.39568329,121229700
2021-03-19,119.90000153,121.43000031,119.68000031,119.98999786,116.86971283,185549500
2021-03-22,120.33000183,123.87000275,120.26000214,123.38999939,120.18131256,111912300
2021-03-23,123.33000183,124.23999786,122.13999939,122.54000092,119.35342407,95467100
2021-03-24,122.81999969,122.90000153,120.06999969,120.08999634,116.96713257,88530500
2021-03-25,119.54000092,121.66000366,119.00000000,120.58999634,117.45412445,98844700
2021-03-26,120.34999847,121.48000336,118.91999817,121.20999908,118.05800629,94071200
2021-03-29,121.65000153,122.58000183,120.73000336,121.38999939,118.23332214,80819200
2021-03-30,120.11000061,120.40000153,118.86000061,119.90000153,116.78207397,85671900
2021-03-31,121.65000153,123.51999664,121.15000153,122.15000153,118.97357178,118323800
2021-04-01,123.66000366,124.18000031,122.48999786,123.00000000,119.80145264,75089100
2021-04-05,123.87000275,126.16000366,123.06999969,125.90000153,122.62605286,88651200
2021-04-06,126.50000000,127.12999725,125.65000153,126.20999908,122.92798615,80171300
2021-04-07,125.83000183,127.91999817,125.13999939,127.90000153,124.57404327,83466700
2021-04-08,128.94999695,130.38999939,128.52000427,130.36000061,126.97007751,88844600
2021-04-09,129.80000305,133.03999329,129.47000122,133.00000000,129.54139709,106686700
2021-04-12,132.52000427,132.85000610,130.63000488,131.24000549,127.82715607,91420000
2021-04-13,132.44000244,134.66000366,131.92999268,134.42999268,130.93424988,91266500
2021-04-14,134.94000244,135.00000000,131.66000366,132.02999878,128.59663391,87222800
2021-04-15,133.82000732,135.00000000,133.63999939,134.50000000,131.00242615,89347100
2021-04-16,134.30000305,134.66999817,133.27999878,134.16000366,130.67126465,84922400
2021-04-19,133.50999451,135.47000122,133.33999634,134.83999634,131.33354187,94264200
2021-04-20,135.02000427,135.52999878,131.80999756,133.11000061,129.64855957,94812300
2021-04-21,132.36000061,133.75000000,131.30000305,133.50000000,130.02841187,68847100
2021-04-22,133.03999329,134.14999390,131.41000366,131.94000244,128.50895691,84566500
2021-04-23,132.16000366,135.11999512,132.16000366,134.32000732,130.82710266,78657500
2021-04-26,134.83000183,135.05999756,133.55999756,134.72000122,131.21667480,66905100
2021-04-27,135.00999451,135.41000366,134.11000061,134.38999939,130.89526367,66015800
2021-04-28,134.30999756,135.02000427,133.08000183,133.58000183,130.10630798,107760100
2021-04-29,136.47000122,137.07000732,132.44999695,133.47999573,130.00894165,151101000
2021-04-30,131.77999878,133.55999756,131.07000732,131.46000671,128.04145813,109839500
2021-05-03,132.03999329,134.07000732,131.83000183,132.53999329,129.09338379,75135100
2021-05-04,131.19000244,131.49000549,126.69999695,127.84999847,124.52532959,137564700
2021-05-05,129.19999695,130.44999695,127.97000122,128.10000610,124.76885223,84000900
2021-05-06,127.88999939,129.75000000,127.12999725,129.74000549,126.36621857,78128300
2021-05-07,130.85000610,131.25999451,129.47999573,130.21000671,127.03938293,78973300
2021-05-10,129.41000366,129.53999329,126.80999756,126.84999847,123.76120758,88071200
2021-05-11,123.50000000,126.26999664,122.76999664,125.91000366,122.84410095,126142800
2021-05-12,123.40000153,124.63999939,122.25000000,122.76999664,119.78054810,112172300
2021-05-13,124.58000183,126.15000153,124.26000214,124.97000122,121.92698669,105861300
2021-05-14,126.25000000,127.88999939,125.84999847,127.44999695,124.34658051,81918000
2021-05-17,126.81999969,126.93000031,125.16999817,126.26999664,123.19530487,74244600
2021-05-18,126.55999756,126.98999786,124.77999878,124.84999847,121.80991364,63342900
2021-05-19,123.16000366,124.91999817,122.86000061,124.69000244,121.65380096,92612000
2021-05-20,125.23000336,127.72000122,125.09999847,127.30999756,124.21000671,76857100
2021-05-21,127.81999969,128.00000000,125.20999908,125.43000031,122.37577820,79295400
2021-05-24,126.01000214,127.94000244,125.94000244,127.09999847,124.00511169,63092900
2021-05-25,127.81999969,128.32000732,126.31999969,126.90000153,123.80999756,72009500
2021-05-26,126.95999908,127.38999939,126.41999817,126.84999847,123.76120758,56575900
2021-05-27,126.44000244,127.63999939,125.08000183,125.27999878,122.22942352,94625600
2021-05-28,125.56999969,125.80000305,124.55000305,124.61000061,121.57574463,71311100
2021-06-01,125.08000183,125.34999847,123.94000244,124.27999878,121.25376129,67637100
2021-06-02,124.27999878,125.23999786,124.05000305,125.05999756,122.01477051,59278900
2021-06-03,124.68000031,124.84999847,123.12999725,123.54000092,120.53179169,76229200
2021-06-04,124.06999969,126.16000366,123.84999847,125.88999939,122.82456970,75169300
2021-06-07,126.16999817,126.31999969,124.83000183,125.90000153,122.83433533,71057600
2021-06-08,126.59999847,128.46000671,126.20999908,126.73999786,123.65387726,74403800
2021-06-09,127.20999908,127.75000000,126.51999664,127.12999725,124.03437042,56877900
2021-06-10,127.01999664,128.19000244,125.94000244,126.11000061,123.03922272,71186400
2021-06-11,126.52999878,127.44000244,126.09999847,127.34999847,124.24902344,53522400
2021-06-14,127.81999969,130.53999329,127.06999969,130.47999573,127.30279541,96906500
2021-06-15,129.94000244,130.60000610,129.38999939,129.63999939,126.48326874,62746300
2021-06-16,130.36999512,130.88999939,128.46000671,130.14999390,126.98088837,91815000
2021-06-17,129.80000305,132.55000305,129.64999390,131.78999329,128.58090210,96721700
2021-06-18,130.71000671,131.50999451,130.24000549,130.46000671,127.28331757,108953300
2021-06-21,130.30000305,132.41000366,129.21000671,132.30000305,129.07847595,79663300
2021-06-22,132.13000488,134.08000183,131.61999512,133.97999573,130.71752930,74783600
2021-06-23,133.77000427,134.32000732,133.22999573,133.69999695,130.44444275,60214200
2021-06-24,134.44999695,134.63999939,132.92999268,133.41000366,130.16146851,68711000
2021-06-25,133.46000671,133.88999939,132.80999756,133.11000061,129.86878967,70783700
2021-06-28,133.41000366,135.25000000,133.35000610,134.77999878,131.49810791,62111300
2021-06-29,134.80000305,136.49000549,134.35000610,136.33000183,133.01033020,64556100
2021-06-30,136.16999817,137.41000366,135.86999512,136.96000671,133.62500000,63261400
2021-07-01,136.60000610,137.33000183,135.75999451,137.27000427,133.92749023,52485800
2021-07-02,137.89999390,140.00000000,137.75000000,139.96000671,136.55198669,78852600
2021-07-06,140.07000732,143.14999390,140.07000732,142.02000427,138.56181335,108181800
2021-07-07,143.53999329,144.88999939,142.66000366,144.57000732,141.04971313,104911600
2021-07-08,141.58000183,144.05999756,140.66999817,143.24000549,139.75209045,105575500
2021-07-09,142.75000000,145.64999390,142.64999390,145.11000061,141.57658386,99890800
2021-07-12,146.21000671,146.32000732,144.00000000,144.50000000,140.98141479,76299700
2021-07-13,144.02999878,147.46000671,143.63000488,145.63999939,142.09367371,100827100
2021-07-14,148.10000610,149.57000732,147.67999268,149.14999390,145.51815796,127050800
2021-07-15,149.24000549,150.00000000,147.08999634,148.47999573,144.86450195,106820300
2021-07-16,148.46000671,149.75999451,145.88000488,146.38999939,142.82539368,93251400
2021-07-19,143.75000000,144.07000732,141.66999817,142.44999695,138.98135376,121434600
2021-07-20,143.46000671,147.10000610,142.96000671,146.14999390,142.59121704,96350000
2021-07-21,145.52999878,146.13000488,144.63000488,145.39999390,141.85951233,74993500
2021-07-22,145.94000244,148.19999695,145.80999756,146.80000305,143.22541809,77338200
2021-07-23,147.55000305,148.72000122,146.91999817,148.55999756,144.94255066,71447400
2021-07-26,148.27000427,149.83000183,147.69999695,148.99000549,145.36212158,72434100
2021-07-27,149.11999512,149.21000671,145.55000305,146.77000427,143.19618225,104818600
2021-07-28,144.80999756,146.97000122,142.53999329,144.97999573,141.44973755,118931200
2021-07-29,144.69000244,146.55000305,144.58000183,145.63999939,142.09367371,56699500
2021-07-30,144.38000488,146.33000183,144.11000061,145.86000061,142.30830383,70440600
2021-08-02,146.36000061,146.94999695,145.25000000,145.52000427,141.97657776,62880000
2021-08-03,145.80999756,148.03999329,145.17999268,147.36000061,143.77175903,64786600
2021-08-04,147.27000427,147.78999329,146.27999878,146.94999695,143.37174988,56368300
2021-08-05,146.97999573,147.83999634,146.16999817,147.05999756,143.47909546,46397700
2021-08-06,146.35000610,147.11000061,145.63000488,146.13999939,142.79510498,54126800
2021-08-09,146.19999695,146.69999695,145.52000427,146.08999634,142.74624634,48908700
2021-08-10,146.44000244,147.71000671,145.30000305,145.60000610,142.26745605,69023100
2021-08-11,146.05000305,146.72000122,145.52999878,145.86000061,142.52153015,48493500
2021-08-12,146.19000244,149.05000305,145.83999634,148.88999939,145.48217773,72282600
2021-08-13,148.97000122,149.44000244,148.27000427,149.10000610,145.68737793,59375000
2021-08-16,148.53999329,151.19000244,146.47000122,151.11999512,147.66111755,103296000
2021-08-17,150.22999573,151.67999268,149.08999634,150.19000244,146.75241089,92229700
2021-08-18,149.80000305,150.72000122,146.14999390,146.36000061,143.01008606,86326000
2021-08-19,145.02999878,148.00000000,144.50000000,146.69999695,143.34234619,86960300
2021-08-20,147.44000244,148.50000000,146.77999878,148.19000244,144.79818726,60549600
2021-08-23,148.30999756,150.19000244,147.88999939,149.71000671,146.28338623,60131800
2021-08-24,149.44999695,150.86000061,149.14999390,149.61999512,146.19544983,48606400
2021-08-25,149.80999756,150.32000732,147.80000305,148.36000061,144.96427917,58991300
2021-08-26,148.35000610,149.11999512,147.50999451,147.53999329,144.16307068,48597200
2021-08-27,147.47999573,148.75000000,146.83000183,148.60000610,145.19879150,55802400
2021-08-30,149.00000000,153.49000549,148.61000061,153.11999512,149.61534119,90956700
2021-08-31,152.66000366,152.80000305,151.28999329,151.83000183,148.35485840,86453100
2021-09-01,152.83000183,154.97999573,152.33999634,152.50999451,149.01930237,80313700
2021-09-02,153.86999512,154.72000122,152.39999390,153.64999390,150.13320923,71115500
2021-09-03,153.75999451,154.63000488,153.08999634,154.30000305,150.76834106,57808700
2021-09-07,154.97000122,157.25999451,154.38999939,156.69000244,153.10366821,82278300
2021-09-08,156.97999573,157.03999329,153.97999573,155.11000061,151.55978394,74420200
2021-09-09,155.49000549,156.11000061,153.94999695,154.07000732,150.54364014,57305700
2021-09-10,155.00000000,155.47999573,148.69999695,148.97000122,145.56031799,140893200
2021-09-13,150.63000488,151.41999817,148.75000000,149.55000305,146.12707520,102404300
2021-09-14,150.35000610,151.07000732,146.91000366,148.11999512,144.72976685,109296300
2021-09-15,148.55999756,149.44000244,146.36999512,149.02999878,145.61897278,83281300
2021-09-16,148.44000244,148.97000122,147.22000122,148.78999329,145.38442993,68034100
2021-09-17,148.82000732,148.82000732,145.75999451,146.05999756,142.71696472,129868800
2021-09-20,143.80000305,144.83999634,141.27000427,142.94000244,139.66836548,123478900
2021-09-21,143.92999268,144.60000610,142.77999878,143.42999268,140.14714050,75834000
2021-09-22,144.44999695,146.42999268,143.69999695,145.85000610,142.51176453,76404300
2021-09-23,146.64999390,147.08000183,145.63999939,146.83000183,143.46926880,64838200
2021-09-24,145.66000366,147.47000122,145.55999756,146.91999817,143.55728149,53477900
2021-09-27,145.47000122,145.96000671,143.82000732,145.36999512,142.04273987,74150700
2021-09-28,143.25000000,144.75000000,141.69000244,141.91000366,138.66192627,108972300
2021-09-29,142.47000122,144.44999695,142.02999878,142.83000183,139.56086731,74602000
2021-09-30,143.66000366,144.38000488,141.27999878,141.50000000,138.26130676,89056700
2021-10-01,141.89999390,142.91999817,139.11000061,142.64999390,139.38499451,94639600
2021-10-04,141.75999451,142.21000671,138.27000427,139.13999939,135.95532227,98322000
2021-10-05,139.49000549,142.24000549,139.36000061,141.11000061,137.88023376,80861100
2021-10-06,139.47000122,142.14999390,138.36999512,142.00000000,138.74986267,83221100
2021-10-07,143.05999756,144.22000122,142.72000122,143.28999329,140.01033020,61732700
2021-10-08,144.02999878,144.17999268,142.55999756,142.89999390,139.62927246,58773200
2021-10-11,142.27000427,144.80999756,141.80999756,142.80999756,139.54132080,64452200
2021-10-12,143.22999573,143.25000000,141.03999329,141.50999451,138.27107239,73035900
2021-10-13,141.24000549,141.39999390,139.19999695,140.91000366,137.68479919,78762700
2021-10-14,142.11000061,143.88000488,141.50999451,143.75999451,140.46960449,69907100
2021-10-15,143.77000427,144.89999390,143.50999451,144.83999634,141.52487183,67940300
2021-10-18,143.44999695,146.83999634,143.16000366,146.55000305,143.19573975,85589200
2021-10-19,147.00999451,149.16999817,146.55000305,148.75999451,145.35511780,76378900
2021-10-20,148.69999695,149.75000000,148.11999512,149.25999451,145.84371948,58418800
2021-10-21,148.80999756,149.63999939,147.86999512,149.47999573,146.05867004,61421000
2021-10-22,149.69000244,150.17999268,148.63999939,148.69000244,145.28672791,58883400
2021-10-25,148.67999268,149.36999512,147.61999512,148.63999939,145.23789978,50720600
2021-10-26,149.33000183,150.83999634,149.00999451,149.32000732,145.90232849,60893400
2021-10-27,149.36000061,149.72999573,148.49000549,148.85000610,145.44309998,56094900
2021-10-28,149.82000732,153.16999817,149.72000122,152.57000732,149.07794189,100077900
2021-10-29,147.22000122,149.94000244,146.41000366,149.80000305,146.37133789,124953200
2021-11-01,148.99000549,149.69999695,147.80000305,148.96000671,145.55058289,74588300
2021-11-02,148.66000366,151.57000732,148.64999390,150.02000427,146.58631897,69122000
2021-11-03,150.38999939,151.97000122,149.82000732,151.49000549,148.02267456,54511500
2021-11-04,151.58000183,152.42999268,150.63999939,150.96000671,147.50479126,60394600
2021-11-05,151.88999939,152.19999695,150.05999756,151.27999878,148.03321838,65463900
2021-11-08,151.41000366,151.57000732,150.16000366,150.44000244,147.21122742,55020900
2021-11-09,150.19999695,151.42999268,150.05999756,150.80999756,147.57325745,56787900
2021-11-10,150.02000427,150.13000488,147.85000610,147.91999817,144.74530029,65187100
2021-11-11,148.96000671,149.42999268,147.67999268,147.86999512,144.69638062,41000000
2021-11-12,148.42999268,150.39999390,147.47999573,149.99000549,146.77087402,63804000
2021-11-15,150.36999512,151.88000488,149.42999268,150.00000000,146.78068542,59222800
2021-11-16,149.94000244,151.49000549,149.33999634,151.00000000,147.75921631,59256200
2021-11-17,151.00000000,155.00000000,150.99000549,153.49000549,150.19575500,88807000
2021-11-18,153.71000671,158.66999817,153.05000305,157.86999512,154.48175049,137827700
2021-11-19,157.64999390,161.02000427,156.52999878,160.55000305,157.10423279,117305600
2021-11-22,161.67999268,165.69999695,161.00000000,161.02000427,157.56419373,117467900
2021-11-23,161.11999512,161.80000305,159.05999756,161.41000366,157.94578552,96041900
2021-11-24,160.75000000,162.13999939,159.63999939,161.94000244,158.46441650,69463600
2021-11-26,159.57000732,160.44999695,156.36000061,156.80999756,153.44450378,76959800
2021-11-29,159.36999512,161.19000244,158.78999329,160.24000549,156.80090332,88748200
2021-11-30,159.99000549,165.52000427,159.91999817,165.30000305,161.75230408,174048100
2021-12-01,167.47999573,170.30000305,164.52999878,164.77000427,161.23367310,152052500
2021-12-02,158.74000549,164.19999695,157.80000305,163.75999451,160.24534607,136739200
2021-12-03,164.02000427,164.96000671,159.72000122,161.83999634,158.36656189,118023100
2021-12-06,164.28999329,167.88000488,164.27999878,165.32000732,161.77189636,107497000
2021-12-07,169.08000183,171.58000183,168.33999634,171.17999268,167.50610352,120405400
2021-12-08,172.13000488,175.96000671,170.69999695,175.08000183,171.32234192,116998900
2021-12-09,174.91000366,176.75000000,173.91999817,174.55999756,170.81355286,108923700
2021-12-10,175.21000671,179.63000488,174.69000244,179.44999695,175.59860229,115402700
2021-12-13,181.11999512,182.13000488,175.52999878,175.74000549,171.96826172,153237000
2021-12-14,175.25000000,177.74000549,172.21000671,174.33000183,170.58848572,139380400
2021-12-15,175.11000061,179.50000000,172.30999756,179.30000305,175.45182800,131063300
2021-12-16,179.27999878,181.13999939,170.75000000,172.25999451,168.56289673,150185800
2021-12-17,169.92999268,173.47000122,169.69000244,171.13999939,167.46693420,195432700
2021-12-20,168.27999878,170.58000183,167.46000671,169.75000000,166.10681152,107499100
2021-12-21,171.55999756,173.19999695,169.11999512,172.99000549,169.27726746,91185900
2021-12-22,173.03999329,175.86000061,172.14999390,175.63999939,171.87036133,92135300
2021-12-23,175.85000610,176.85000610,175.27000427,176.27999878,172.49667358,68356600
2021-12-27,177.08999634,180.41999817,177.07000732,180.33000183,176.45971680,74919600
2021-12-28,180.16000366,181.33000183,178.52999878,179.28999329,175.44204712,79144300
2021-12-29,179.33000183,180.63000488,178.13999939,179.38000488,175.53012085,62348900
2021-12-30,179.47000122,180.57000732,178.08999634,178.19999695,174.37541199,59773000
2021-12-31,178.08999634,179.22999573,177.25999451,177.57000732,173.75898743,64062300
2022-01-03,177.83000183,182.88000488,177.71000671,182.00999451,178.10362244,104487900
2022-01-04,182.63000488,182.94000244,179.11999512,179.69999695,175.84321594,99310400
2022-01-05,179.61000061,180.16999817,174.63999939,174.91999817,171.16583252,94537600
2022-01-06,172.69999695,175.30000305,171.63999939,172.00000000,168.30847168,96904000
2022-01-07,172.88999939,174.13999939,171.02999878,172.16999817,168.47486877,86709100
2022-01-10,169.08000183,172.50000000,168.16999817,172.19000244,168.49446106,106765600
2022-01-11,172.32000732,175.17999268,170.82000732,175.08000183,171.32234192,76138300
2022-01-12,176.11999512,177.17999268,174.82000732,175.52999878,171.76277161,74805200
2022-01-13,175.77999878,176.61999512,171.78999329,172.19000244,168.49446106,84505800
2022-01-14,171.33999634,173.77999878,171.08999634,173.07000732,169.35556030,80440800
2022-01-18,171.50999451,172.53999329,169.41000366,169.80000305,166.15574646,90956700
2022-01-19,170.00000000,171.08000183,165.94000244,166.22999573,162.66232300,94815000
2022-01-20,166.97999573,169.67999268,164.17999268,164.50999451,160.97927856,91420500
2022-01-21,164.41999817,166.33000183,162.30000305,162.41000366,158.92430115,122848900
2022-01-24,160.02000427,162.30000305,154.69999695,161.61999512,158.15126038,162294600
2022-01-25,158.97999573,162.75999451,157.02000427,159.77999878,156.35078430,115798400
2022-01-26,163.50000000,164.38999939,157.82000732,159.69000244,156.26268005,108275300
2022-01-27,162.44999695,163.83999634,158.27999878,159.22000122,155.80278015,121954600
2022-01-28,165.71000671,170.35000610,162.80000305,170.33000183,166.67431641,179935700
2022-01-31,170.16000366,175.00000000,169.50999451,174.77999878,171.02880859,115541600
2022-02-01,174.00999451,174.83999634,172.30999756,174.61000061,170.86248779,86213900
2022-02-02,174.75000000,175.88000488,173.33000183,175.83999634,172.06608582,84914300
2022-02-03,174.47999573,176.24000549,172.11999512,172.89999390,169.18920898,89418100
2022-02-04,171.67999268,174.10000610,170.67999268,172.38999939,168.90504456,82465400
2022-02-07,172.86000061,173.94999695,170.94999695,171.66000366,168.18983459,77251200
2022-02-08,171.72999573,175.35000610,171.42999268,174.83000183,171.29571533,74829200
2022-02-09,176.05000305,176.64999390,174.89999390,176.27999878,172.71641541,71285000
2022-02-10,174.13999939,175.47999573,171.55000305,172.11999512,168.64054871,90865900
2022-02-11,172.33000183,173.08000183,168.03999329,168.63999939,165.23085022,98670700
2022-02-14,167.36999512,169.58000183,166.55999756,168.88000488,165.46603394,86185500
2022-02-15,170.97000122,172.94999695,170.25000000,172.78999329,169.29699707,62527400
2022-02-16,171.85000610,173.33999634,170.05000305,172.55000305,169.06182861,61177400
2022-02-17,171.02999878,171.91000366,168.47000122,168.88000488,165.46603394,69589300
2022-02-18,169.82000732,170.53999329,166.19000244,167.30000305,163.91792297,82772700
2022-02-22,164.97999573,166.69000244,162.14999390,164.32000732,160.99818420,91162800
2022-02-23,165.53999329,166.14999390,159.75000000,160.07000732,156.83410645,90009200
2022-02-24,152.58000183,162.85000610,152.00000000,162.74000549,159.45011902,141147500
2022-02-25,163.83999634,165.11999512,160.86999512,164.85000610,161.51748657,91974200
2022-02-28,163.05999756,165.41999817,162.42999268,165.11999512,161.78201294,95056600
2022-03-01,164.69999695,166.60000610,161.97000122,163.19999695,159.90084839,83474400
2022-03-02,164.38999939,167.36000061,162.94999695,166.55999756,163.19290161,79724800
2022-03-03,168.47000122,168.91000366,165.55000305,166.22999573,162.86958313,76678400
2022-03-04,164.49000549,165.55000305,162.10000610,163.16999817,159.87141418,83737200
2022-03-07,163.36000061,165.02000427,159.03999329,159.30000305,156.07968140,96418800
2022-03-08,158.82000732,162.88000488,155.80000305,157.44000244,154.25729370,131148300
2022-03-09,161.47999573,163.41000366,159.41000366,162.94999695,159.65589905,91454900
2022-03-10,160.19999695,160.38999939,155.97999573,158.52000427,155.31547546,105342000
2022-03-11,158.92999268,159.27999878,154.50000000,154.72999573,151.60206604,96970100
2022-03-14,151.44999695,154.11999512,150.10000610,150.61999512,147.57514954,108732100
2022-03-15,150.89999390,155.57000732,150.38000488,155.08999634,151.95477295,92964300
2022-03-16,157.05000305,160.00000000,154.46000671,159.58999634,156.36378479,102300200
2022-03-17,158.61000061,161.00000000,157.63000488,160.61999512,157.37298584,75615400
2022-03-18,160.50999451,164.47999573,159.75999451,163.97999573,160.66506958,123511700
2022-03-21,163.50999451,166.35000610,163.00999451,165.38000488,162.03678894,95811400
2022-03-22,165.50999451,169.41999817,164.91000366,168.82000732,165.40721130,81532000
2022-03-23,167.99000549,172.63999939,167.64999390,170.21000671,166.76910400,98062700
2022-03-24,171.05999756,174.13999939,170.21000671,174.07000732,170.55108643,90131400
2022-03-25,173.88000488,175.27999878,172.75000000,174.72000122,171.18792725,80546200
2022-03-28,172.16999817,175.72999573,172.00000000,175.60000610,172.05017090,90371900
2022-03-29,176.69000244,179.00999451,176.33999634,178.96000671,175.34223938,100589400
2022-03-30,178.55000305,179.61000061,176.69999695,177.77000427,174.17633057,92633200
2022-03-31,177.83999634,178.02999878,174.39999390,174.61000061,171.08018494,103049300
2022-04-01,174.02999878,174.88000488,171.94000244,174.30999756,170.78622437,78751300
2022-04-04,174.57000732,178.49000549,174.44000244,178.44000244,174.83273315,76468400
2022-04-05,177.50000000,178.30000305,174.41999817,175.05999756,171.52108765,73401800
2022-04-06,172.36000061,173.63000488,170.13000488,171.83000183,168.35639954,89058800
2022-04-07,171.16000366,173.36000061,169.85000610,172.13999939,168.66011047,77594700
2022-04-08,171.77999878,171.77999878,169.19999695,170.08999634,166.65155029,76575500
2022-04-11,168.71000671,169.02999878,165.50000000,165.75000000,162.39930725,72246700
2022-04-12,168.02000427,169.86999512,166.63999939,167.66000366,164.27067566,79265200
2022-04-13,167.38999939,171.03999329,166.77000427,170.39999390,166.95527649,70618900
2022-04-14,170.61999512,171.27000427,165.03999329,165.28999329,161.94856262,75329400
2022-04-18,163.91999817,166.60000610,163.57000732,165.07000732,161.73304749,69023900
2022-04-19,165.02000427,167.82000732,163.91000366,167.39999390,164.01594543,67723800
2022-04-20,168.75999451,168.88000488,166.10000610,167.22999573,163.84934998,67929800
2022-04-21,168.91000366,171.52999878,165.91000366,166.41999817,163.05574036,87227800
2022-04-22,166.46000671,167.86999512,161.50000000,161.78999329,158.51931763,84882400
2022-04-25,161.11999512,163.16999817,158.46000671,162.88000488,159.58729553,96046400
2022-04-26,162.25000000,162.33999634,156.72000122,156.80000305,153.63021851,95623200
2022-04-27,155.91000366,159.78999329,155.38000488,156.57000732,153.40490723,88063200
2022-04-28,159.25000000,164.52000427,158.92999268,163.63999939,160.33193970,130216800
2022-04-29,161.83999634,166.19999695,157.25000000,157.64999390,154.46301270,131747600
2022-05-02,156.71000671,158.22999573,153.27000427,157.96000671,154.76679993,123055300
2022-05-03,158.14999390,160.71000671,156.32000732,159.47999573,156.25602722,88966500
2022-05-04,159.66999817,166.47999573,159.25999451,166.02000427,162.66383362,108256500
2022-05-05,163.85000610,164.08000183,154.94999695,156.77000427,153.60083008,130525300
2022-05-06,156.00999451,159.44000244,154.17999268,157.27999878,154.32695007,116124600
2022-05-09,154.92999268,155.83000183,151.49000549,152.05999756,149.20491028,131577900
2022-05-10,155.52000427,156.74000549,152.92999268,154.50999451,151.60890198,115366700
2022-05-11,153.50000000,155.44999695,145.80999756,146.50000000,143.74932861,142689800
2022-05-12,142.77000427,146.19999695,138.80000305,142.55999756,139.88328552,182602000
2022-05-13,144.58999634,148.10000610,143.11000061,147.11000061,144.34786987,113990900
2022-05-16,145.55000305,147.52000427,144.17999268,145.53999329,142.80735779,86643800
2022-05-17,148.86000061,149.77000427,146.67999268,149.24000549,146.43788147,78336300
2022-05-18,146.85000610,147.36000061,139.89999390,140.82000732,138.17599487,109742900
2022-05-19,139.88000488,141.66000366,136.60000610,137.35000610,134.77113342,136095600
2022-05-20,139.08999634,140.69999695,132.61000061,137.58999634,135.00657654,137426100
2022-05-23,137.78999329,143.25999451,137.64999390,143.11000061,140.42295837,117726300
2022-05-24,140.80999756,141.97000122,137.33000183,140.36000061,137.72462463,104132700
2022-05-25,138.42999268,141.78999329,138.33999634,140.52000427,137.88162231,92482700
2022-05-26,137.38999939,144.33999634,137.13999939,143.77999878,141.08038330,90601500
2022-05-27,145.38999939,149.67999268,145.25999451,149.63999939,146.83036804,90978500
2022-05-31,149.07000732,150.66000366,146.83999634,148.83999634,146.04539490,103718400
2022-06-01,149.89999390,151.74000549,147.67999268,148.71000671,145.91784668,74286600
2022-06-02,147.83000183,151.27000427,146.86000061,151.21000671,148.37089539,72348100
2022-06-03,146.89999390,147.97000122,144.46000671,145.38000488,142.65036011,88570300
2022-06-06,147.02999878,148.57000732,144.89999390,146.13999939,143.39611816,71598400
2022-06-07,144.35000610,149.00000000,144.10000610,148.71000671,145.91784668,67808200
2022-06-08,148.58000183,149.86999512,147.46000671,147.96000671,145.18194580,53950200
2022-06-09,147.08000183,147.94999695,142.52999878,142.63999939,139.96179199,69473000
2022-06-10,140.27999878,140.75999451,137.05999756,137.13000488,134.55525208,91437900
2022-06-13,132.86999512,135.19999695,131.44000244,131.88000488,129.40385437,122207100
2022-06-14,133.13000488,133.88999939,131.47999573,132.75999451,130.26730347,84784300
2022-06-15,134.28999329,137.33999634,132.16000366,135.42999268,132.88716125,91533000
2022-06-16,132.08000183,132.38999939,129.03999329,130.05999756,127.61799622,108123900
2022-06-17,130.07000732,133.08000183,129.80999756,131.55999756,129.08984375,134520300
2022-06-21,133.41999817,137.05999756,133.32000732,135.86999512,133.31890869,81000500
2022-06-22,134.78999329,137.75999451,133.91000366,135.35000610,132.80868530,73409200
2022-06-23,136.82000732,138.58999634,135.63000488,138.27000427,135.67381287,72433800
2022-06-24,139.89999390,141.91000366,139.77000427,141.66000366,139.00019836,89116800
2022-06-27,142.69999695,143.49000549,140.97000122,141.66000366,139.00019836,70207900
2022-06-28,142.13000488,143.41999817,137.32000732,137.44000244,134.85943604,67083400
2022-06-29,137.46000671,140.66999817,136.66999817,139.22999573,136.61578369,66242400
2022-06-30,137.25000000,138.36999512,133.77000427,136.72000122,134.15292358,98964500
2022-07-01,136.03999329,139.03999329,135.66000366,138.92999268,136.32148743,71051600
2022-07-05,137.77000427,141.61000061,136.92999268,141.55999756,138.90206909,73353800
2022-07-06,141.35000610,144.11999512,141.08000183,142.91999817,140.23654175,74064300
2022-07-07,143.28999329,146.55000305,143.27999878,146.35000610,143.60214233,66253700
2022-07-08,145.25999451,147.55000305,145.00000000,147.03999329,144.27919006,64547800
2022-07-11,145.66999817,146.63999939,143.77999878,144.86999512,142.14994812,63141600
2022-07-12,145.75999451,148.44999695,145.05000305,145.86000061,143.12135315,77588800
2022-07-13,142.99000549,146.44999695,142.11999512,145.49000549,142.75830078,71185600
2022-07-14,144.08000183,148.94999695,143.25000000,148.47000122,145.68232727,78140700
2022-07-15,149.77999878,150.86000061,148.19999695,150.16999817,147.35043335,76259900
2022-07-18,150.74000549,151.57000732,146.69999695,147.07000732,144.30862427,81420900
2022-07-19,147.91999817,151.22999573,146.91000366,151.00000000,148.16485596,82982400
2022-07-20,151.11999512,153.72000122,150.36999512,153.03999329,150.16653442,64823400
2022-07-21,154.50000000,155.57000732,151.94000244,155.35000610,152.43316650,65086600
2022-07-22,155.38999939,156.27999878,153.41000366,154.08999634,151.19682312,66675400
2022-07-25,154.00999451,155.03999329,152.27999878,152.94999695,150.07823181,53623900
2022-07-26,152.25999451,153.08999634,150.80000305,151.60000610,148.75360107,55138700
2022-07-27,152.58000183,157.33000183,152.16000366,156.78999329,153.84614563,78620700
2022-07-28,156.97999573,157.63999939,154.41000366,157.35000610,154.39561462,81378700
2022-07-29,161.24000549,163.63000488,159.50000000,162.50999451,159.45870972,101786900
2022-08-01,161.00999451,163.58999634,160.88999939,161.50999451,158.47750854,67829400
2022-08-02,160.10000610,162.41000366,159.63000488,160.00999451,157.00567627,59907000
2022-08-03,160.83999634,166.58999634,160.75000000,166.13000488,163.01075745,82507500
2022-08-04,166.00999451,167.19000244,164.42999268,165.80999756,162.69674683,55474100
2022-08-05,163.21000671,165.85000610,163.00000000,165.35000610,162.47076416,56697000
2022-08-08,166.36999512,167.80999756,164.19999695,164.86999512,161.99911499,60276900
2022-08-09,164.02000427,165.82000732,163.25000000,164.91999817,162.04829407,63135500
2022-08-10,167.67999268,169.33999634,166.89999390,169.24000549,166.29302979,70170500
2022-08-11,170.05999756,170.99000549,168.19000244,168.49000549,165.55610657,57149200
2022-08-12,169.82000732,172.16999817,169.39999390,172.10000610,169.10321045,68039400
2022-08-15,171.52000427,173.38999939,171.35000610,173.19000244,170.17422485,54091700
2022-08-16,172.77999878,173.71000671,171.66000366,173.02999878,170.01702881,56377100
2022-08-17,172.77000427,176.14999390,172.57000732,174.55000305,171.51058960,79542000
2022-08-18,173.75000000,174.89999390,173.11999512,174.14999390,171.11750793,62290100
2022-08-19,173.02999878,173.74000549,171.30999756,171.52000427,168.53335571,70346300
2022-08-22,169.69000244,169.86000061,167.13999939,167.57000732,164.65211487,69026800
2022-08-23,167.08000183,168.71000671,166.64999390,167.22999573,164.31799316,54147100
2022-08-24,167.32000732,168.11000061,166.25000000,167.52999878,164.61282349,53841500
2022-08-25,168.77999878,170.13999939,168.35000610,170.02999878,167.06925964,51218200
2022-08-26,170.57000732,171.05000305,163.55999756,163.61999512,160.77088928,78961000
2022-08-29,161.14999390,162.89999390,159.82000732,161.38000488,158.56990051,73314000
2022-08-30,162.13000488,162.55999756,157.72000122,158.91000366,156.14289856,77906200
2022-08-31,160.30999756,160.58000183,157.13999939,157.22000122,154.48234558,87991100
2022-09-01,156.63999939,158.41999817,154.66999817,157.96000671,155.20945740,74229900
2022-09-02,159.75000000,160.36000061,154.97000122,155.80999756,153.09686279,76957800
2022-09-06,156.47000122,157.08999634,153.69000244,154.52999878,151.83918762,73714800
2022-09-07,154.82000732,156.66999817,153.61000061,155.96000671,153.24429321,87449600
2022-09-08,154.63999939,156.36000061,152.67999268,154.46000671,151.77040100,84923800
2022-09-09,155.47000122,157.82000732,154.75000000,157.36999512,154.62971497,68028800
2022-09-12,159.58999634,164.25999451,159.30000305,163.42999268,160.58421326,104956000
2022-09-13,159.89999390,160.53999329,153.36999512,153.83999634,151.16117859,122656600
2022-09-14,154.78999329,157.10000610,153.61000061,155.30999756,152.60560608,87965400
2022-09-15,154.64999390,155.24000549,151.38000488,152.36999512,149.71681213,90481100
2022-09-16,151.21000671,151.35000610,148.36999512,150.69999695,148.07588196,162278800
2022-09-19,149.30999756,154.55999756,149.10000610,154.47999573,151.79006958,81474200
2022-09-20,153.39999390,158.08000183,153.08000183,156.89999390,154.16790771,107689800
2022-09-21,157.33999634,158.74000549,153.60000610,153.72000122,151.04327393,101696800
2022-09-22,152.38000488,154.47000122,150.91000366,152.74000549,150.08030701,86652500
2022-09-23,151.19000244,151.47000122,148.55999756,150.42999268,147.81054688,96029900
2022-09-26,149.66000366,153.77000427,149.63999939,150.77000427,148.14463806,93339400
2022-09-27,152.74000549,154.72000122,149.94999695,151.75999451,149.11740112,84442700
2022-09-28,147.63999939,150.63999939,144.83999634,149.83999634,147.23081970,146691400
2022-09-29,146.10000610,146.72000122,140.67999268,142.47999573,139.99900818,128138200
2022-09-30,141.27999878,143.10000610,138.00000000,138.19999695,135.79348755,124925300
2022-10-03,138.21000671,143.07000732,137.69000244,142.44999695,139.96952820,114311700
2022-10-04,145.02999878,146.22000122,144.25999451,146.10000610,143.55593872,87830100
2022-10-05,144.07000732,147.38000488,143.00999451,146.39999390,143.85072327,79471000
2022-10-06,145.80999756,147.53999329,145.22000122,145.42999268,142.89764404,68402200
2022-10-07,142.53999329,143.10000610,139.44999695,140.08999634,137.65060425,85925600
2022-10-10,140.41999817,141.88999939,138.57000732,140.41999817,137.97488403,74899000
2022-10-11,139.89999390,141.35000610,138.22000122,138.97999573,136.55990601,77033700
2022-10-12,139.13000488,140.36000061,138.16000366,138.33999634,135.93109131,70433700
2022-10-13,134.99000549,143.58999634,134.36999512,142.99000549,140.50010681,113224000
2022-10-14,144.30999756,144.52000427,138.19000244,138.38000488,135.97036743,88598000
2022-10-17,141.07000732,142.89999390,140.27000427,142.41000366,139.93022156,85250900
2022-10-18,145.49000549,146.69999695,140.61000061,143.75000000,141.24691772,99136600
2022-10-19,141.69000244,144.94999695,141.50000000,143.86000061,141.35498047,61758300
2022-10-20,143.02000427,145.88999939,142.64999390,143.38999939,140.89315796,64522000
2022-10-21,142.86999512,147.85000610,142.64999390,147.27000427,144.70561218,86548600
2022-10-24,147.19000244,150.22999573,146.00000000,149.44999695,146.84765625,75981900
2022-10-25,150.08999634,152.49000549,149.36000061,152.33999634,149.68728638,74732300
2022-10-26,150.96000671,151.99000549,148.03999329,149.35000610,146.74935913,88194300
2022-10-27,148.07000732,149.05000305,144.13000488,144.80000305,142.27859497,109180200
2022-10-28,148.19999695,157.50000000,147.82000732,155.74000549,153.02807617,164762400
2022-10-31,153.16000366,154.24000549,151.91999817,153.33999634,150.66992188,97943200
2022-11-01,155.08000183,155.44999695,149.13000488,150.64999390,148.02673340,80379300
2022-11-02,148.94999695,152.16999817,145.00000000,145.02999878,142.50460815,93604600
2022-11-03,142.05999756,142.80000305,138.75000000,138.88000488,136.46168518,97918500
2022-11-04,142.08999634,142.66999817,134.38000488,138.38000488,136.19593811,140814800
2022-11-07,137.11000061,139.14999390,135.66999817,138.91999817,136.72743225,83374600
2022-11-08,140.41000366,141.42999268,137.49000549,139.50000000,137.29829407,89908500
2022-11-09,138.50000000,138.55000305,134.58999634,134.86999512,132.74134827,74917800
2022-11-10,141.24000549,146.86999512,139.50000000,146.86999512,144.55194092,118854000
2022-11-11,145.82000732,150.00999451,144.36999512,149.69999695,147.33726501,93979700
2022-11-14,148.97000122,150.27999878,147.42999268,148.27999878,145.93971252,73374100
2022-11-15,152.22000122,153.58999634,148.55999756,150.03999329,147.67190552,89868300
2022-11-16,149.13000488,149.86999512,147.28999329,148.78999329,146.44163513,64218300
2022-11-17,146.42999268,151.47999573,146.14999390,150.72000122,148.34120178,80389400
2022-11-18,152.30999756,152.69999695,149.97000122,151.28999329,148.90220642,74829600
2022-11-21,150.16000366,150.36999512,147.72000122,148.00999451,145.67396545,58724100
2022-11-22,148.13000488,150.41999817,146.92999268,150.17999268,147.80969238,51804100
2022-11-23,149.44999695,151.83000183,149.33999634,151.07000732,148.68569946,58301400
2022-11-25,148.30999756,148.88000488,147.11999512,148.11000061,145.77238464,35195900
2022-11-28,145.13999939,146.63999939,143.38000488,144.22000122,141.94378662,69246000
2022-11-29,144.28999329,144.80999756,140.35000610,141.16999817,138.94187927,83763800
2022-11-30,141.39999390,148.72000122,140.55000305,148.02999878,145.69364929,111380900
2022-12-01,148.21000671,149.13000488,146.61000061,148.30999756,145.96923828,71250400
2022-12-02,145.96000671,148.00000000,145.64999390,147.80999756,145.47711182,65447400
2022-12-05,147.77000427,150.91999817,145.77000427,146.63000488,144.31578064,68826400
2022-12-06,147.07000732,147.30000305,141.91999817,142.91000366,140.65444946,64727200
2022-12-07,142.19000244,143.36999512,140.00000000,140.94000244,138.71554565,69721100
2022-12-08,142.36000061,143.52000427,141.10000610,142.64999390,140.39855957,62128300
2022-12-09,142.33999634,145.57000732,140.89999390,142.16000366,139.91630554,76097000
2022-12-12,142.69999695,144.50000000,141.05999756,144.49000549,142.20950317,70462700
2022-12-13,149.50000000,149.97000122,144.24000549,145.47000122,143.17404175,93886200
2022-12-14,145.35000610,146.66000366,141.16000366,143.21000671,140.94972229,82291200
2022-12-15,141.11000061,141.80000305,136.02999878,136.50000000,134.34561157,98931900
2022-12-16,136.69000244,137.64999390,133.72999573,134.50999451,132.38702393,160156900
2022-12-19,135.11000061,135.19999695,131.32000732,132.36999512,130.28077698,79592600
2022-12-20,131.38999939,133.25000000,129.88999939,132.30000305,130.21191406,77432800
2022-12-21,132.97999573,136.80999756,132.75000000,135.44999695,133.31221008,85928000
2022-12-22,134.35000610,134.55999756,130.30000305,132.22999573,130.14302063,77852100
2022-12-23,130.91999817,132.41999817,129.63999939,131.86000061,129.77886963,63814900
2022-12-27,131.38000488,131.41000366,128.72000122,130.02999878,127.97772217,69007800
2022-12-28,129.66999817,131.02999878,125.87000275,126.04000092,124.05072021,85438400
2022-12-29,127.98999786,130.47999573,127.73000336,129.61000061,127.56436157,75703700
2022-12-30,128.41000366,129.94999695,127.43000031,129.92999268,127.87930298,77034200
2023-01-03,130.27999878,130.89999390,124.16999817,125.06999969,123.09601593,112117500
2023-01-04,126.88999939,128.66000366,125.08000183,126.36000061,124.36566162,89113600
2023-01-05,127.12999725,127.76999664,124.76000214,125.01999664,123.04681396,80962700
2023-01-06,126.01000214,130.28999329,124.88999939,129.61999512,127.57420349,87754700
2023-01-09,130.47000122,133.41000366,129.88999939,130.14999390,128.09585571,70790800
2023-01-10,130.25999451,131.25999451,128.11999512,130.72999573,128.66668701,63896200
2023-01-11,131.25000000,133.50999451,130.46000671,133.49000549,131.38313293,69458900
2023-01-12,133.88000488,134.25999451,131.44000244,133.41000366,131.30439758,71379600
2023-01-13,132.02999878,134.91999817,131.66000366,134.75999451,132.63310242,57809700
2023-01-17,134.83000183,137.28999329,134.13000488,135.94000244,133.79444885,63646600
2023-01-18,136.82000732,138.61000061,135.02999878,135.21000671,133.07598877,69672800
2023-01-19,134.08000183,136.25000000,133.77000427,135.27000427,133.13504028,58280400
2023-01-20,135.27999878,138.02000427,134.22000122,137.86999512,135.69401550,80223600
2023-01-23,138.11999512,143.32000732,137.89999390,141.11000061,138.88288879,81760300
2023-01-24,140.30999756,143.16000366,140.30000305,142.52999878,140.28047180,66435100
2023-01-25,140.88999939,142.42999268,138.80999756,141.86000061,139.62101746,65799300
2023-01-26,143.16999817,144.25000000,141.89999390,143.96000671,141.68789673,54105100
2023-01-27,143.16000366,147.22999573,143.08000183,145.92999268,143.62680054,70555800
2023-01-30,144.96000671,145.55000305,142.85000610,143.00000000,140.74304199,64015300
2023-01-31,142.69999695,144.33999634,142.27999878,144.28999329,142.01269531,65874500
2023-02-01,143.97000122,146.61000061,141.32000732,145.42999268,143.13468933,77663600
2023-02-02,148.89999390,151.17999268,148.16999817,150.82000732,148.43960571,118339000
2023-02-03,148.02999878,157.38000488,147.83000183,154.50000000,152.06150818,154357300
2023-02-06,152.57000732,153.10000610,150.77999878,151.72999573,149.33526611,69858300
2023-02-07,150.63999939,155.22999573,150.63999939,154.64999390,152.20915222,83322600
2023-02-08,153.88000488,154.58000183,151.16999817,151.91999817,149.52221680,64120100
2023-02-09,153.77999878,154.33000183,150.41999817,150.86999512,148.48883057,56007100
2023-02-10,149.46000671,151.33999634,149.22000122,151.00999451,148.85353088,57450700
2023-02-13,150.94999695,154.25999451,150.91999817,153.85000610,151.65299988,62199000
2023-02-14,152.11999512,153.77000427,150.86000061,153.19999695,151.01226807,61707600
2023-02-15,153.11000061,155.50000000,152.88000488,155.33000183,153.11184692,65573800
2023-02-16,153.50999451,156.33000183,153.35000610,153.71000671,151.51499939,68167900
2023-02-17,152.35000610,153.00000000,150.85000610,152.55000305,150.37153625,59144100
2023-02-21,150.19999695,151.30000305,148.41000366,148.47999573,146.35968018,58867200
2023-02-22,148.86999512,149.94999695,147.16000366,148.91000366,146.78353882,51011300
2023-02-23,150.08999634,150.33999634,147.24000549,149.39999390,147.26652527,48394200
2023-02-24,147.11000061,147.19000244,145.72000122,146.71000671,144.61494446,55469600
2023-02-27,147.71000671,149.16999817,147.44999695,147.91999817,145.80767822,44998500
2023-02-28,147.05000305,149.08000183,146.83000183,147.41000366,145.30496216,50547000
2023-03-01,146.83000183,147.22999573,145.00999451,145.30999756,143.23490906,55479000
2023-03-02,144.38000488,146.71000671,143.89999390,145.91000366,143.82637024,52238100
2023-03-03,148.03999329,151.11000061,147.33000183,151.02999878,148.87326050,70732300
2023-03-06,153.78999329,156.30000305,153.46000671,153.83000183,151.63328552,87558000
2023-03-07,153.69999695,154.02999878,151.13000488,151.60000610,149.43511963,56182000
2023-03-08,152.80999756,153.47000122,151.83000183,152.86999512,150.68696594,47204800
2023-03-09,153.55999756,154.53999329,150.22999573,150.58999634,148.43952942,53833600
2023-03-10,150.21000671,150.94000244,147.61000061,148.50000000,146.37937927,68572400
2023-03-13,147.80999756,153.13999939,147.69999695,150.47000122,148.32124329,84457100
2023-03-14,151.27999878,153.39999390,150.10000610,152.58999634,150.41096497,73695900
2023-03-15,151.19000244,153.25000000,149.91999817,152.99000549,150.80528259,77167900
2023-03-16,152.16000366,156.46000671,151.63999939,155.85000610,153.62445068,76161100
2023-03-17,156.08000183,156.74000549,154.27999878,155.00000000,152.78656006,98944600
2023-03-20,155.07000732,157.82000732,154.14999390,157.39999390,155.15231323,73641400
2023-03-21,157.32000732,159.39999390,156.53999329,159.27999878,157.00546265,73938300
2023-03-22,159.30000305,162.13999939,157.80999756,157.83000183,155.57614136,75701800
2023-03-23,158.83000183,161.55000305,157.67999268,158.92999268,156.66043091,67622100
2023-03-24,158.86000061,160.33999634,157.85000610,160.25000000,157.96157837,59196500
2023-03-27,159.94000244,160.77000427,157.86999512,158.27999878,156.01971436,52390300
2023-03-28,157.97000122,158.49000549,155.97999573,157.64999390,155.39872742,45992200
2023-03-29,159.36999512,161.05000305,159.35000610,160.77000427,158.47416687,51305700
2023-03-30,161.52999878,162.47000122,161.27000427,162.36000061,160.04145813,49501700
2023-03-31,162.44000244,165.00000000,161.91000366,164.89999390,162.54516602,68749800
2023-04-03,164.27000427,166.28999329,164.22000122,166.16999817,163.79705811,56976200
2023-04-04,166.60000610,166.83999634,165.11000061,165.63000488,163.26475525,46278300
2023-04-05,164.74000549,165.05000305,161.80000305,163.75999451,161.42146301,51511700
2023-04-06,162.42999268,164.96000671,162.00000000,164.66000366,162.30859375,45390100
2023-04-10,161.41999817,162.02999878,160.08000183,162.02999878,159.71617126,47716900
2023-04-11,162.35000610,162.36000061,160.50999451,160.80000305,158.50373840,47644200
2023-04-12,161.22000122,162.05999756,159.77999878,160.10000610,157.81373596,50133100
2023-04-13,161.63000488,165.80000305,161.41999817,165.55999756,163.19575500,68445600
2023-04-14,164.58999634,166.32000732,163.82000732,165.21000671,162.85076904,49386500
2023-04-17,165.08999634,165.38999939,164.02999878,165.22999573,162.87048340,41516200
2023-04-18,166.10000610,167.41000366,165.64999390,166.47000122,164.09274292,49923000
2023-04-19,165.80000305,168.16000366,165.53999329,167.63000488,165.23620605,47720200
2023-04-20,166.08999634,167.86999512,165.55999756,166.64999390,164.27018738,52456400
2023-04-21,165.05000305,166.44999695,164.49000549,165.02000427,162.66351318,58337300
2023-04-24,165.00000000,165.60000610,163.88999939,165.33000183,162.96907043,41949600
2023-04-25,165.19000244,166.30999756,163.72999573,163.77000427,161.43136597,48714100
2023-04-26,163.05999756,165.27999878,162.80000305,163.75999451,161.42146301,45498800
2023-04-27,165.19000244,168.55999756,165.19000244,168.41000366,166.00506592,64902300
2023-04-28,168.49000549,169.85000610,167.88000488,169.67999268,167.25694275,55275900
2023-05-01,169.27999878,170.44999695,168.63999939,169.58999634,167.16818237,52472900
2023-05-02,170.08999634,170.35000610,167.53999329,168.53999329,166.13319397,48425700
2023-05-03,169.50000000,170.91999817,167.16000366,167.44999695,165.05877686,65136000
2023-05-04,164.88999939,167.03999329,164.30999756,165.78999329,163.42245483,81235400
2023-05-05,170.97999573,174.30000305,170.75999451,173.57000732,171.09140015,113453200
2023-05-08,172.47999573,173.85000610,172.11000061,173.50000000,171.02239990,55962800
2023-05-09,173.05000305,173.53999329,171.60000610,171.77000427,169.31707764,45326900
2023-05-10,173.02000427,174.02999878,171.89999390,173.55999756,171.08152771,53724500
2023-05-11,173.85000610,174.58999634,172.16999817,173.75000000,171.26879883,49514700
2023-05-12,173.61999512,174.05999756,171.00000000,172.57000732,170.34094238,45533100
2023-05-15,173.16000366,173.21000671,171.47000122,172.07000732,169.84739685,37266700
2023-05-16,171.99000549,173.13999939,171.80000305,172.07000732,169.84739685,42110300
2023-05-17,171.71000671,172.92999268,170.41999817,172.69000244,170.45942688,57951600
2023-05-18,173.00000000,175.24000549,172.58000183,175.05000305,172.78892517,65496700
2023-05-19,176.38999939,176.38999939,174.94000244,175.16000366,172.89750671,55809500
2023-05-22,173.97999573,174.71000671,173.44999695,174.19999695,171.94989014,43570900
2023-05-23,173.13000488,173.38000488,171.27999878,171.55999756,169.34399414,50747300
2023-05-24,171.08999634,172.41999817,170.52000427,171.83999634,169.62036133,45143500
2023-05-25,172.41000366,173.89999390,171.69000244,172.99000549,170.75552368,56058300
2023-05-26,173.32000732,175.77000427,173.11000061,175.42999268,173.16397095,54835000
2023-05-30,176.96000671,178.99000549,176.57000732,177.30000305,175.00984192,55964400
2023-05-31,177.33000183,179.35000610,176.75999451,177.25000000,174.96051025,99625300
2023-06-01,177.69999695,180.11999512,176.92999268,180.08999634,177.76380920,68901800
2023-06-02,181.02999878,181.77999878,179.25999451,180.94999695,178.61271667,61996900
2023-06-05,182.63000488,184.94999695,178.03999329,179.58000183,177.26037598,121946500
2023-06-06,179.97000122,180.11999512,177.42999268,179.21000671,176.89520264,64848400
2023-06-07,178.44000244,181.21000671,177.32000732,177.82000732,175.52314758,61944600
2023-06-08,177.89999390,180.83999634,177.46000671,180.57000732,178.23760986,50214900
2023-06-09,181.50000000,182.22999573,180.63000488,180.96000671,178.62255859,48900000
2023-06-12,181.27000427,183.88999939,180.97000122,183.78999329,181.41603088,54274900
2023-06-13,182.80000305,184.14999390,182.44000244,183.30999756,180.94223022,54929100
2023-06-14,183.36999512,184.38999939,182.02000427,183.94999695,181.57397461,57462900
2023-06-15,183.96000671,186.52000427,183.77999878,186.00999451,183.60734558,65433200
2023-06-16,186.72999573,186.99000549,184.27000427,184.91999817,182.53141785,101256200
2023-06-20,184.41000366,186.10000610,184.41000366,185.00999451,182.62025452,49799100
2023-06-21,184.89999390,185.41000366,182.58999634,183.96000671,181.58383179,49515700
2023-06-22,183.74000549,187.05000305,183.66999817,187.00000000,184.58456421,51245300
2023-06-23,185.55000305,187.55999756,185.00999451,186.67999268,184.26867676,53117000
2023-06-26,186.83000183,188.05000305,185.22999573,185.27000427,182.87690735,48088700
2023-06-27,185.88999939,188.38999939,185.66999817,188.05999756,185.63084412,50730800
2023-06-28,187.92999268,189.89999390,187.60000610,189.25000000,186.80549622,51216800
2023-06-29,189.08000183,190.07000732,188.94000244,189.58999634,187.14111328,46347300
2023-06-30,191.63000488,194.47999573,191.25999451,193.97000122,191.46452332,85213200
2023-07-03,193.77999878,193.88000488,191.75999451,192.46000671,189.97406006,31458200
2023-07-05,191.57000732,192.97999573,190.61999512,191.33000183,188.85861206,46920300
2023-07-06,189.83999634,192.02000427,189.19999695,191.80999756,189.33242798,45094300
2023-07-07,191.41000366,192.66999817,190.24000549,190.67999268,188.21704102,46815000
2023-07-10,189.25999451,189.99000549,187.03999329,188.61000061,186.17378235,59922200
2023-07-11,189.16000366,189.30000305,186.60000610,188.08000183,185.65061951,46638100
2023-07-12,189.67999268,191.69999695,188.47000122,189.77000427,187.31877136,60750200
2023-07-13,190.50000000,191.19000244,189.77999878,190.53999329,188.07884216,41342300
2023-07-14,190.22999573,191.17999268,189.63000488,190.69000244,188.22691345,41616200
2023-07-17,191.89999390,194.32000732,191.80999756,193.99000549,191.48426819,50520200
2023-07-18,193.35000610,194.33000183,192.41999817,193.72999573,191.22763062,48288200
2023-07-19,193.10000610,198.22999573,192.64999390,195.10000610,192.57992554,80507300
2023-07-20,195.08999634,196.47000122,192.50000000,193.13000488,190.63537598,59581200
2023-07-21,194.10000610,194.97000122,191.22999573,191.94000244,189.46078491,71951700
2023-07-24,193.41000366,194.91000366,192.25000000,192.75000000,190.26028442,45377800
2023-07-25,193.33000183,194.44000244,192.91999817,193.61999512,191.11904907,37283200
2023-07-26,193.66999817,195.63999939,193.32000732,194.50000000,191.98767090,47471900
2023-07-27,196.02000427,197.19999695,192.55000305,193.22000122,190.72422791,47460200
2023-07-28,194.66999817,196.63000488,194.13999939,195.83000183,193.30052185,48291400
2023-07-31,196.05999756,196.49000549,195.25999451,196.44999695,193.91250610,38824100
2023-08-01,196.24000549,196.72999573,195.27999878,195.61000061,193.08332825,35175100
2023-08-02,195.03999329,195.17999268,191.85000610,192.58000183,190.09248352,50389300
2023-08-03,191.57000732,192.36999512,190.69000244,191.16999817,188.70068359,61235200
2023-08-04,185.52000427,187.38000488,181.91999817,181.99000549,179.63928223,115956800
2023-08-07,182.13000488,183.13000488,177.35000610,178.85000610,176.53982544,97576100
2023-08-08,179.69000244,180.27000427,177.58000183,179.80000305,177.47753906,67823000
2023-08-09,180.86999512,180.92999268,177.00999451,178.19000244,175.88833618,60378500
2023-08-10,179.47999573,180.75000000,177.60000610,177.97000122,175.67118835,54686900
2023-08-11,177.32000732,178.61999512,176.55000305,177.78999329,175.73051453,52036700
2023-08-14,177.97000122,179.69000244,177.30999756,179.46000671,177.38116455,43675600
2023-08-15,178.88000488,179.47999573,177.05000305,177.44999695,175.39440918,43622600
2023-08-16,177.13000488,178.53999329,176.50000000,176.57000732,174.52464294,46964900
2023-08-17,177.13999939,177.50999451,173.47999573,174.00000000,171.98440552,66062900
2023-08-18,172.30000305,175.10000610,171.96000671,174.49000549,172.46871948,61172200
2023-08-21,175.07000732,176.13000488,173.74000549,175.83999634,173.80307007,46311900
2023-08-22,177.05999756,177.67999268,176.25000000,177.22999573,175.17698669,42038900
2023-08-23,178.52000427,181.55000305,178.33000183,181.11999512,179.02194214,52722800
2023-08-24,180.66999817,181.10000610,176.00999451,176.38000488,174.33682251,54945800
2023-08-25,177.38000488,179.14999390,175.82000732,178.61000061,176.54100037,51449600
2023-08-28,180.08999634,180.58999634,178.55000305,180.19000244,178.10269165,43820700
2023-08-29,179.69999695,184.89999390,179.50000000,184.11999512,181.98715210,53003900
2023-08-30,184.94000244,187.85000610,184.74000549,187.64999390,185.47630310,60813900
2023-08-31,187.83999634,189.11999512,187.47999573,187.86999512,185.69372559,60794500
2023-09-01,189.49000549,189.91999817,188.27999878,189.46000671,187.26531982,45766500
2023-09-05,188.27999878,189.97999573,187.61000061,189.69999695,187.50254822,45280000
2023-09-06,188.39999390,188.85000610,181.47000122,182.91000366,180.79118347,81755800
2023-09-07,175.17999268,178.21000671,173.53999329,177.55999756,175.50318909,112488800
2023-09-08,178.35000610,180.24000549,177.78999329,178.17999268,176.11596680,65551300
2023-09-11,180.07000732,180.30000305,177.33999634,179.36000061,177.28231812,58953100
2023-09-12,179.49000549,180.13000488,174.82000732,176.30000305,174.25776672,90370200
2023-09-13,176.50999451,177.30000305,173.97999573,174.21000671,172.19197083,84267900
2023-09-14,174.00000000,176.10000610,173.58000183,175.74000549,173.70428467,60895800
2023-09-15,176.47999573,176.50000000,173.82000732,175.00999451,172.98269653,109259500
2023-09-18,176.47999573,179.38000488,176.16999817,177.97000122,175.90843201,67257600
2023-09-19,177.52000427,179.63000488,177.13000488,179.07000732,176.99568176,51826900
2023-09-20,179.25999451,179.69999695,175.39999390,175.49000549,173.45712280,58436200
2023-09-21,174.55000305,176.30000305,173.86000061,173.92999268,171.91522217,63149100
2023-09-22,174.66999817,177.08000183,174.05000305,174.78999329,172.76525879,56725400
2023-09-25,174.19999695,176.97000122,174.14999390,176.08000183,174.04031372,46172700
2023-09-26,174.82000732,175.19999695,171.66000366,171.96000671,169.96803284,64588900
2023-09-27,172.61999512,173.03999329,169.05000305,170.42999268,168.45574951,66921800
2023-09-28,169.33999634,172.02999878,167.61999512,170.69000244,168.71275330,56294400
2023-09-29,172.02000427,173.07000732,170.33999634,171.21000671,169.22673035,51861100
2023-10-02,171.22000122,174.30000305,170.92999268,173.75000000,171.73727417,52164500
2023-10-03,172.25999451,173.63000488,170.82000732,172.39999390,170.40298462,49594600
2023-10-04,171.08999634,174.21000671,170.97000122,173.66000366,171.64834595,53020300
2023-10-05,173.78999329,175.44999695,172.67999268,174.91000366,172.88388062,48527900
2023-10-06,173.80000305,177.99000549,173.17999268,177.49000549,175.43399048,57266700
2023-10-09,176.80999756,179.05000305,175.80000305,178.99000549,176.91661072,42390800
2023-10-10,178.10000610,179.72000122,177.94999695,178.38999939,176.32354736,43698000
2023-10-11,178.19999695,179.85000610,177.60000610,179.80000305,177.71722412,47551100
2023-10-12,180.07000732,182.33999634,179.03999329,180.71000671,178.61669922,56743100
2023-10-13,181.41999817,181.92999268,178.13999939,178.85000610,176.77822876,51427100
2023-10-16,176.75000000,179.08000183,176.50999451,178.72000122,176.64973450,52517000
2023-10-17,176.64999390,178.41999817,174.80000305,177.14999390,175.09793091,57549400
2023-10-18,175.58000183,177.58000183,175.11000061,175.83999634,173.80307007,54764400
2023-10-19,176.03999329,177.83999634,175.19000244,175.46000671,173.42750549,59302900
2023-10-20,175.30999756,175.41999817,172.63999939,172.88000488,170.87738037,64244000
2023-10-23,170.91000366,174.00999451,169.92999268,173.00000000,170.99600220,55980100
2023-10-24,173.05000305,173.66999817,171.44999695,173.44000244,171.43090820,43816600
2023-10-25,171.88000488,173.05999756,170.64999390,171.10000610,169.11802673,57157000
2023-10-26,170.36999512,171.38000488,165.66999817,166.88999939,164.95678711,70625300
2023-10-27,166.91000366,168.96000671,166.83000183,168.22000122,166.27137756,58499100
2023-10-30,169.02000427,171.16999817,168.86999512,170.28999329,168.31735229,51131000
2023-10-31,169.35000610,170.89999390,167.89999390,170.77000427,168.79180908,44846000
2023-11-01,171.00000000,174.22999573,170.11999512,173.97000122,171.95474243,56934900
2023-11-02,175.52000427,177.77999878,175.46000671,177.57000732,175.51307678,77334800
2023-11-03,174.24000549,176.82000732,173.35000610,176.64999390,174.60369873,79829200
2023-11-06,176.38000488,179.42999268,176.21000671,179.22999573,177.15382385,63841300
2023-11-07,179.17999268,182.44000244,178.97000122,181.82000732,179.71382141,70530000
2023-11-08,182.35000610,183.44999695,181.58999634,182.88999939,180.77142334,49340300
2023-11-09,182.96000671,184.11999512,181.80999756,182.41000366,180.29696655,53763500
2023-11-10,183.97000122,186.57000732,183.52999878,186.39999390,184.48348999,66133400
2023-11-13,185.82000732,186.02999878,184.21000671,184.80000305,182.89996338,43627500
2023-11-14,187.69999695,188.11000061,186.30000305,187.44000244,185.51283264,60108400
2023-11-15,187.85000610,189.50000000,187.77999878,188.00999451,186.07695007,53790500
2023-11-16,189.57000732,190.96000671,188.64999390,189.71000671,187.75947571,54412900
2023-11-17,190.25000000,190.38000488,188.57000732,189.69000244,187.73966980,50922700
2023-11-20,189.88999939,191.91000366,189.88000488,191.44999695,189.48155212,46505100
2023-11-21,191.41000366,191.52000427,189.74000549,190.63999939,188.67988586,38134500
2023-11-22,191.49000549,192.92999268,190.83000183,191.30999756,189.34300232,39617700
2023-11-24,190.86999512,190.89999390,189.25000000,189.97000122,188.01676941,24048300
2023-11-27,189.91999817,190.66999817,188.89999390,189.78999329,187.83863831,40552600
2023-11-28,189.77999878,191.08000183,189.39999390,190.39999390,188.44235229,38415400
2023-11-29,190.89999390,192.08999634,188.97000122,189.36999512,187.42297363,43014200
2023-11-30,189.83999634,190.32000732,188.19000244,189.94999695,187.99700928,48794400
2023-12-01,190.33000183,191.55999756,189.22999573,191.24000549,189.27371216,45704800
2023-12-04,189.97999573,190.05000305,187.44999695,189.42999268,187.48233032,43389500
2023-12-05,190.21000671,194.39999390,190.17999268,193.41999817,191.43133545,66628400
2023-12-06,194.44999695,194.75999451,192.11000061,192.32000732,190.34262085,41089700
2023-12-07,193.63000488,195.00000000,193.58999634,194.27000427,192.27256775,47477700
2023-12-08,194.19999695,195.99000549,193.66999817,195.71000671,193.69778442,53406400
2023-12-11,193.11000061,193.49000549,191.41999817,193.17999268,191.19380188,60943700
2023-12-12,193.08000183,194.72000122,191.72000122,194.71000671,192.70806885,52696900
2023-12-13,195.08999634,198.00000000,194.85000610,197.96000671,195.92465210,70404200
2023-12-14,198.02000427,199.61999512,196.16000366,198.11000061,196.07308960,66831600
2023-12-15,197.52999878,198.39999390,197.00000000,197.57000732,195.53868103,128538400
2023-12-18,196.08999634,196.63000488,194.38999939,195.88999939,193.87593079,55751900
2023-12-19,196.16000366,196.94999695,195.88999939,196.94000244,194.91513062,40714100
2023-12-20,196.89999390,197.67999268,194.83000183,194.83000183,192.82682800,52242800
2023-12-21,196.10000610,197.08000183,193.50000000,194.67999268,192.67835999,46482500
2023-12-22,195.17999268,195.41000366,192.97000122,193.60000610,191.60948181,37149600
2023-12-26,193.61000061,193.88999939,192.83000183,193.05000305,191.06513977,28919300
2023-12-27,192.49000549,193.50000000,191.08999634,193.14999390,191.16407776,48087700
2023-12-28,194.13999939,194.66000366,193.16999817,193.58000183,191.58967590,34049900
2023-12-29,193.89999390,194.39999390,191.72999573,192.52999878,190.55049133,42672100
2024-01-02,187.14999390,188.44000244,183.88999939,185.63999939,183.73132324,82488700
2024-01-03,184.22000122,185.88000488,183.42999268,184.25000000,182.35559082,58414500
2024-01-04,182.14999390,183.08999634,180.88000488,181.91000366,180.03967285,71983600
2024-01-05,181.99000549,182.75999451,180.16999817,181.17999268,179.31715393,62379700
2024-01-08,182.08999634,185.60000610,181.50000000,185.55999756,183.65213013,59144500
2024-01-09,183.91999817,185.14999390,182.72999573,185.13999939,183.23643494,42841800
2024-01-10,184.35000610,186.39999390,183.91999817,186.19000244,184.27563477,46792900
2024-01-11,186.53999329,187.05000305,183.61999512,185.58999634,183.68183899,49128400
2024-01-12,186.05999756,186.74000549,185.19000244,185.91999817,184.00843811,40477800
2024-01-16,182.16000366,184.25999451,180.92999268,183.63000488,181.74198914,65603000
2024-01-17,181.27000427,182.92999268,180.30000305,182.67999268,180.80174255,47317400
2024-01-18,186.08999634,189.13999939,185.83000183,188.63000488,186.69058228,78005800
2024-01-19,189.33000183,191.94999695,188.82000732,191.55999756,189.59042358,68903000
2024-01-22,192.30000305,195.33000183,192.25999451,193.88999939,191.89646912,60133900
2024-01-23,195.02000427,195.75000000,193.83000183,195.17999268,193.17321777,42355600
2024-01-24,195.41999817,196.38000488,194.33999634,194.50000000,192.50021362,53631300
2024-01-25,195.22000122,196.27000427,193.11000061,194.16999817,192.17359924,54822100
2024-01-26,194.27000427,194.75999451,191.94000244,192.41999817,190.44160461,44594000
2024-01-29,192.00999451,192.19999695,189.58000183,191.72999573,189.75866699,47145600
2024-01-30,190.94000244,191.80000305,187.47000122,188.03999329,186.10664368,55859400
2024-01-31,187.03999329,187.10000610,184.35000610,184.39999390,182.50402832,55467800
2024-02-01,183.99000549,186.94999695,183.82000732,186.86000061,184.93878174,64885400
2024-02-02,179.86000061,187.33000183,179.25000000,185.85000610,183.93916321,102551700
2024-02-05,188.14999390,189.25000000,185.83999634,187.67999268,185.75033569,69668800
2024-02-06,186.86000061,189.30999756,186.77000427,189.30000305,187.35368347,43490800
2024-02-07,190.63999939,191.05000305,188.61000061,189.41000366,187.46252441,53439000
2024-02-08,189.38999939,189.53999329,187.35000610,188.32000732,186.38374329,40962000
2024-02-09,188.64999390,189.99000549,188.00000000,188.85000610,187.14682007,45155200
2024-02-12,188.41999817,188.66999817,186.78999329,187.14999390,185.46212769,41781900
2024-02-13,185.77000427,186.21000671,183.50999451,185.03999329,183.37118530,56529500
2024-02-14,185.32000732,185.52999878,182.44000244,184.14999390,182.48919678,54630500
2024-02-15,183.55000305,184.49000549,181.35000610,183.86000061,182.20179749,65434500
2024-02-16,183.41999817,184.85000610,181.66999817,182.30999756,180.66578674,49752500
2024-02-20,181.78999329,182.42999268,180.00000000,181.55999756,179.92256165,53665600
2024-02-21,181.94000244,182.88999939,180.66000366,182.32000732,180.67572021,41371400
2024-02-22,183.47999573,184.96000671,182.46000671,184.36999512,182.70718384,52292200
2024-02-23,185.00999451,185.03999329,182.22999573,182.52000427,180.87390137,45119700
2024-02-26,182.24000549,182.75999451,180.64999390,181.16000366,179.52616882,40867400
2024-02-27,181.10000610,183.91999817,179.55999756,182.63000488,180.98289490,54318900
2024-02-28,182.50999451,183.11999512,180.13000488,181.41999817,179.78382874,48953900
2024-02-29,181.27000427,182.57000732,179.52999878,180.75000000,179.11987305,136682600
2024-03-01,179.55000305,180.52999878,177.38000488,179.66000366,178.03967285,73563100
2024-03-04,176.14999390,176.89999390,173.78999329,175.10000610,173.52082825,81510100
2024-03-05,170.75999451,172.03999329,169.61999512,170.11999512,168.58570862,95132400
2024-03-06,171.05999756,171.24000549,168.67999268,169.11999512,167.59475708,68587700
2024-03-07,169.14999390,170.72999573,168.49000549,169.00000000,167.47583008,71765100
2024-03-08,169.00000000,173.69999695,168.94000244,170.72999573,169.19023132,76267000
2024-03-11,172.94000244,174.38000488,172.05000305,172.75000000,171.19200134,60139500
2024-03-12,173.14999390,174.02999878,171.00999451,173.22999573,171.66766357,59825400
2024-03-13,172.77000427,173.19000244,170.75999451,171.13000488,169.58660889,52488700
2024-03-14,172.91000366,174.30999756,172.05000305,173.00000000,171.43974304,72913500
2024-03-15,171.16999817,172.61999512,170.28999329,172.61999512,171.06317139,121752700
2024-03-18,175.57000732,177.71000671,173.52000427,173.72000122,172.15324402,75604200
2024-03-19,174.33999634,176.61000061,173.02999878,176.08000183,174.49198914,55215200
2024-03-20,175.72000122,178.66999817,175.08999634,178.66999817,177.05860901,53423100
2024-03-21,177.05000305,177.49000549,170.83999634,171.36999512,169.82444763,106181300
2024-03-22,171.75999451,173.05000305,170.05999756,172.27999878,170.72624207,71160100
2024-03-25,170.57000732,171.94000244,169.44999695,170.85000610,169.30914307,54288300
2024-03-26,170.00000000,171.41999817,169.58000183,169.71000671,168.17942810,57388400
2024-03-27,170.41000366,173.60000610,170.11000061,173.30999756,171.74694824,60273300
2024-03-28,171.75000000,172.22999573,170.50999451,171.47999573,169.93345642,65672700
2024-04-01,171.19000244,171.25000000,169.47999573,170.02999878,168.49653625,46240500
2024-04-02,169.08000183,169.33999634,168.22999573,168.83999634,167.31726074,49329500
2024-04-03,168.78999329,170.67999268,168.58000183,169.64999390,168.11996460,47691700
2024-04-04,170.28999329,171.91999817,168.82000732,168.82000732,167.29747009,53704400
2024-04-05,169.58999634,170.38999939,168.94999695,169.58000183,168.05059814,42104800
2024-04-08,169.02999878,169.19999695,168.24000549,168.44999695,166.93080139,37425500
2024-04-09,168.69999695,170.08000183,168.35000610,169.66999817,168.13977051,42373800
2024-04-10,168.80000305,169.08999634,167.11000061,167.77999878,166.26679993,49709300
2024-04-11,168.33999634,175.46000671,168.16000366,175.03999329,173.46133423,91070300
2024-04-12,174.25999451,178.36000061,174.21000671,176.55000305,174.95774841,101670900
2024-04-15,175.36000061,176.63000488,172.50000000,172.69000244,171.13253784,73531800
2024-04-16,171.75000000,173.75999451,168.27000427,169.38000488,167.85240173,73711200
2024-04-17,169.61000061,170.64999390,168.00000000,168.00000000,166.48486328,50901200
2024-04-18,168.02999878,168.63999939,166.55000305,167.03999329,165.53347778,43122900
2024-04-19,166.21000671,166.39999390,164.08000183,165.00000000,163.51190186,68149400
2024-04-22,165.52000427,167.25999451,164.77000427,165.83999634,164.34429932,48116400
2024-04-23,165.35000610,167.05000305,164.91999817,166.89999390,165.39476013,49537800
2024-04-24,166.53999329,169.30000305,166.21000671,169.02000427,167.49565125,48251800
2024-04-25,169.52999878,170.61000061,168.14999390,169.88999939,168.35780334,50558300
2024-04-26,169.88000488,171.33999634,169.17999268,169.30000305,167.77313232,44838400
2024-04-29,173.36999512,176.02999878,173.10000610,173.50000000,171.93525696,68169400
2024-04-30,173.33000183,174.99000549,170.00000000,170.33000183,168.79383850,65934800
2024-05-01,169.58000183,172.71000671,169.11000061,169.30000305,167.77313232,50383100
2024-05-02,172.50999451,173.41999817,170.88999939,173.02999878,171.46946716,94214900
2024-05-03,186.64999390,187.00000000,182.66000366,183.38000488,181.72613525,163224100
2024-05-06,182.35000610,184.19999695,180.41999817,181.71000671,180.07119751,78569700
2024-05-07,183.44999695,184.89999390,181.32000732,182.39999390,180.75498962,77305800
2024-05-08,182.85000610,183.07000732,181.44999695,182.74000549,181.09191895,45057100
2024-05-09,182.55999756,184.66000366,182.11000061,184.57000732,182.90541077,48983000
2024-05-10,184.89999390,185.08999634,182.13000488,183.05000305,181.64515686,50759500
2024-05-13,185.44000244,187.10000610,184.61999512,186.27999878,184.85037231,72044800
2024-05-14,187.50999451,188.30000305,186.28999329,187.42999268,185.99153137,52393600
2024-05-15,187.91000366,190.64999390,187.36999512,189.72000122,188.26397705,70400000
2024-05-16,190.47000122,191.10000610,189.66000366,189.83999634,188.38304138,52845200
2024-05-17,189.50999451,190.80999756,189.17999268,189.86999512,188.41281128,41282900
2024-05-20,189.33000183,191.91999817,189.00999451,191.03999329,189.57383728,44361300
2024-05-21,191.08999634,192.72999573,190.91999817,192.35000610,190.87379456,42309400
2024-05-22,192.27000427,192.82000732,190.27000427,190.89999390,189.43490601,34648500
2024-05-23,190.97999573,191.00000000,186.63000488,186.88000488,185.44577026,51005900
2024-05-24,188.82000732,190.58000183,188.03999329,189.97999573,188.52195740,36327000
2024-05-28,191.50999451,193.00000000,189.10000610,189.99000549,188.53190613,52280100
2024-05-29,189.61000061,192.25000000,189.50999451,190.28999329,188.82958984,53068000
2024-05-30,190.75999451,192.17999268,190.63000488,191.28999329,189.82189941,49889100
2024-05-31,191.44000244,192.57000732,189.91000366,192.25000000,190.77456665,75158300
2024-06-03,192.89999390,194.99000549,192.52000427,194.02999878,192.54087830,50080500
2024-06-04,194.63999939,195.32000732,193.02999878,194.35000610,192.85842896,47471400
2024-06-05,195.39999390,196.89999390,194.86999512,195.86999512,194.36676025,54156800
2024-06-06,195.69000244,196.50000000,194.16999817,194.47999573,192.98741150,41181800
2024-06-07,194.64999390,196.94000244,194.13999939,196.88999939,195.37893677,53103900
2024-06-10,196.89999390,197.30000305,192.14999390,193.11999512,191.63787842,97010200
2024-06-11,193.64999390,207.16000366,193.63000488,207.14999390,205.56018066,172373300
2024-06-12,207.36999512,220.19999695,206.89999390,213.07000732,211.43478394,198134300
2024-06-13,214.74000549,216.75000000,211.60000610,214.24000549,212.59577942,97862700
2024-06-14,213.85000610,215.16999817,211.30000305,212.49000549,210.85920715,70122700
2024-06-17,213.36999512,218.94999695,212.72000122,216.66999817,215.00712585,93728300
2024-06-18,217.58999634,218.63000488,213.00000000,214.28999329,212.64538574,79943300
2024-06-20,213.92999268,214.24000549,208.85000610,209.67999268,208.07077026,86172500
2024-06-21,210.38999939,211.88999939,207.11000061,207.49000549,205.89759827,241805100
2024-06-24,207.72000122,212.69999695,206.58999634,208.13999939,206.54258728,80727000
2024-06-25,209.14999390,211.38000488,208.61000061,209.07000732,207.46546936,55549700
2024-06-26,211.50000000,214.86000061,210.63999939,213.25000000,211.61335754,66213200
2024-06-27,214.69000244,215.74000549,212.35000610,214.10000610,212.45684814,49772700
2024-06-28,215.77000427,216.07000732,210.30000305,210.61999512,209.00355530,82542700
2024-07-01,212.08999634,217.50999451,211.91999817,216.75000000,215.08651733,60402900
2024-07-02,216.14999390,220.38000488,215.10000610,220.27000427,218.57949829,58046200
2024-07-03,220.00000000,221.55000305,219.02999878,221.55000305,219.84967041,37369800
2024-07-05,221.64999390,226.44999695,221.64999390,226.33999634,224.60290527,60412400
2024-07-08,227.08999634,227.85000610,223.25000000,227.82000732,226.07157898,59085900
2024-07-09,227.92999268,229.39999390,226.36999512,228.67999268,226.92494202,48076100
2024-07-10,229.30000305,233.08000183,229.25000000,232.97999573,231.19195557,62627700
2024-07-11,231.38999939,232.38999939,225.77000427,227.57000732,225.82348633,64710600
2024-07-12,228.91999817,232.63999939,228.67999268,230.53999329,228.77069092,53046500
2024-07-15,236.47999573,237.22999573,233.08999634,234.39999390,232.60105896,62631300
2024-07-16,235.00000000,236.27000427,232.33000183,234.82000732,233.01785278,43234300
2024-07-17,229.44999695,231.46000671,226.63999939,228.88000488,227.12344360,57345900
2024-07-18,230.27999878,230.44000244,222.27000427,224.17999268,222.45948792,66034600
2024-07-19,224.82000732,226.80000305,223.27999878,224.30999756,222.58848572,49151500
2024-07-22,227.00999451,227.77999878,223.08999634,223.96000671,222.24119568,48201800
2024-07-23,224.36999512,226.94000244,222.67999268,225.00999451,223.28312683,39960300
2024-07-24,224.00000000,224.80000305,217.13000488,218.53999329,216.86279297,61777600
2024-07-25,218.92999268,220.85000610,214.61999512,217.49000549,215.82084656,51391200
2024-07-26,218.69999695,219.49000549,216.00999451,217.96000671,216.28721619,41601300
2024-07-29,216.96000671,219.30000305,215.75000000,218.24000549,216.56509399,36311800
2024-07-30,219.19000244,220.33000183,216.11999512,218.80000305,217.12078857,41643800
2024-07-31,221.44000244,223.82000732,220.63000488,222.08000183,220.37561035,50036300
2024-08-01,224.36999512,224.47999573,217.02000427,218.36000061,216.68415833,62501000
2024-08-02,219.14999390,225.60000610,217.71000671,219.86000061,218.17263794,105568600
2024-08-05,199.08999634,213.50000000,196.00000000,209.27000427,207.66395569,119548600
2024-08-06,205.30000305,209.99000549,201.07000732,207.22999573,205.63955688,69660500
2024-08-07,206.89999390,213.63999939,206.38999939,209.82000732,208.20971680,63516400
2024-08-08,213.11000061,214.19999695,208.83000183,213.30999756,211.67292786,47161100
2024-08-09,212.10000610,216.77999878,211.97000122,216.24000549,214.58045959,42201600
2024-08-12,216.07000732,219.50999451,215.60000610,217.52999878,216.11039734,38028100
2024-08-13,219.00999451,221.88999939,219.00999451,221.27000427,219.82600403,44155300
2024-08-14,220.57000732,223.02999878,219.69999695,221.72000122,220.27305603,41960600
2024-08-15,224.60000610,225.35000610,222.75999451,224.72000122,223.25346375,46414000
2024-08-16,223.91999817,226.83000183,223.64999390,226.05000305,224.57479858,44340200
2024-08-19,225.72000122,225.99000549,223.03999329,225.88999939,224.41581726,40687800
2024-08-20,225.77000427,227.16999817,225.44999695,226.50999451,225.03178406,30299000
2024-08-21,226.52000427,227.97999573,225.05000305,226.39999390,224.92250061,34765500
2024-08-22,227.78999329,228.33999634,223.89999390,224.52999878,223.06469727,43695300
2024-08-23,225.66000366,228.22000122,224.33000183,226.83999634,225.35963440,38677300
2024-08-26,226.75999451,227.27999878,223.88999939,227.17999268,225.69743347,30602200
2024-08-27,226.00000000,228.85000610,224.88999939,228.02999878,226.54188538,35934600
2024-08-28,227.91999817,229.86000061,225.67999268,226.49000549,225.01191711,38052200
2024-08-29,230.10000610,232.91999817,228.88000488,229.78999329,228.29039001,51906300
2024-08-30,230.19000244,230.39999390,227.47999573,229.00000000,227.50552368,52990800
2024-09-03,228.55000305,229.00000000,221.16999817,222.77000427,221.31620789,50190600
2024-09-04,221.66000366,221.77999878,217.47999573,220.85000610,219.40872192,43840200
2024-09-05,221.63000488,225.47999573,221.52000427,222.38000488,220.92874146,36615400
2024-09-06,223.94999695,225.24000549,219.77000427,220.82000732,219.37890625,48423000
2024-09-09,220.82000732,221.27000427,216.71000671,220.91000366,219.46836853,67180000
2024-09-10,218.91999817,221.47999573,216.72999573,220.11000061,218.67353821,51591000
2024-09-11,221.46000671,223.08999634,217.88999939,222.66000366,221.20690918,44587100
2024-09-12,222.50000000,223.55000305,219.82000732,222.77000427,221.31620789,37455600
2024-09-13,223.58000183,224.03999329,221.91000366,222.50000000,221.04795837,36766600
2024-09-16,216.53999329,217.22000122,213.91999817,216.32000732,214.90829468,59357400
2024-09-17,215.75000000,216.89999390,214.50000000,216.78999329,215.37519836,45519300
2024-09-18,217.55000305,222.71000671,217.53999329,220.69000244,219.24978638,59894900
2024-09-19,224.99000549,229.82000732,224.63000488,228.86999512,227.37638855,66781300
2024-09-20,229.97000122,233.08999634,227.61999512,228.19999695,226.71075439,318679900
2024-09-23,227.33999634,229.44999695,225.80999756,226.47000122,224.99203491,54146000
2024-09-24,228.64999390,229.35000610,225.72999573,227.36999512,225.88615417,43556100
2024-09-25,224.92999268,227.28999329,224.02000427,226.36999512,224.89270020,42308700
2024-09-26,227.30000305,228.50000000,225.41000366,227.52000427,226.03518677,36636700
2024-09-27,228.46000671,229.52000427,227.30000305,227.78999329,226.30343628,34026000
2024-09-30,230.03999329,233.00000000,229.64999390,233.00000000,231.47943115,54541900
2024-10-01,229.52000427,229.64999390,223.74000549,226.21000671,224.73374939,63285000
2024-10-02,225.88999939,227.36999512,223.02000427,226.77999878,225.30001831,32880600
2024-10-03,225.13999939,226.80999756,223.32000732,225.66999817,224.19725037,34044200
2024-10-04,227.89999390,228.00000000,224.13000488,226.80000305,225.31990051,37245100
2024-10-07,224.50000000,225.69000244,221.33000183,221.69000244,220.24325562,39505400
2024-10-08,224.30000305,225.97999573,223.25000000,225.77000427,224.29663086,31855700
2024-10-09,225.22999573,229.75000000,224.83000183,229.53999329,228.04202271,33591100
2024-10-10,227.77999878,229.50000000,227.16999817,229.03999329,227.54525757,28183500
2024-10-11,229.30000305,229.41000366,227.33999634,227.55000305,226.06498718,31759200
2024-10-14,228.69999695,231.72999573,228.60000610,231.30000305,229.79052734,39882100
2024-10-15,233.61000061,237.49000549,232.36999512,233.85000610,232.32388306,64751400
2024-10-16,231.60000610,232.11999512,229.83999634,231.77999878,230.26737976,34082200
2024-10-17,233.42999268,233.85000610,230.52000427,232.14999390,230.63497925,32993800
2024-10-18,236.17999268,236.17999268,234.00999451,235.00000000,233.46635437,46431500
2024-10-21,234.44999695,236.85000610,234.44999695,236.47999573,234.93672180,36254500
2024-10-22,233.88999939,236.22000122,232.60000610,235.86000061,234.32078552,38846600
2024-10-23,234.08000183,235.13999939,227.75999451,230.75999451,229.25404358,52287000
2024-10-24,229.97999573,230.82000732,228.41000366,230.57000732,229.06530762,31109500
2024-10-25,229.74000549,233.22000122,229.57000732,231.41000366,229.89982605,38802300
2024-10-28,233.32000732,234.72999573,232.55000305,233.39999390,231.87683105,36087100
2024-10-29,233.10000610,234.33000183,232.32000732,233.66999817,232.14508057,35417200
2024-10-30,232.61000061,233.47000122,229.55000305,230.10000610,228.59835815,47070900
2024-10-31,229.33999634,229.83000183,225.36999512,225.91000366,224.43572998,64370100
2024-11-01,220.97000122,225.35000610,220.27000427,222.91000366,221.45527649,65276700
2024-11-04,220.99000549,222.78999329,219.71000671,222.00999451,220.56114197,44944500
2024-11-05,221.80000305,223.94999695,221.13999939,223.44999695,221.99176025,28111300
2024-11-06,222.61000061,226.07000732,221.19000244,222.72000122,221.26652527,54561100
2024-11-07,224.63000488,227.88000488,224.57000732,227.47999573,225.99546814,42137700
2024-11-08,227.16999817,228.66000366,226.41000366,226.96000671,225.72691345,38328800
2024-11-11,225.00000000,225.69999695,221.50000000,224.22999573,223.01173401,42005600
2024-11-12,224.55000305,225.58999634,223.36000061,224.22999573,223.01173401,40398300
2024-11-13,224.00999451,226.64999390,222.75999451,225.11999512,223.89691162,48566200
2024-11-14,225.02000427,228.86999512,225.00000000,228.22000122,226.98007202,44923900
2024-11-15,226.39999390,226.91999817,224.27000427,225.00000000,223.77757263,47923700
2024-11-18,225.25000000,229.74000549,225.16999817,228.02000427,226.78117371,44633700
2024-11-19,226.97999573,230.16000366,226.66000366,228.27999878,227.03974915,36211800
2024-11-20,228.05999756,229.92999268,225.88999939,229.00000000,227.75582886,35169600
2024-11-21,228.88000488,230.16000366,225.71000671,228.52000427,227.27847290,42108300
2024-11-22,228.05999756,230.72000122,228.05999756,229.86999512,228.62110901,38168300
2024-11-25,231.46000671,233.25000000,229.74000549,232.86999512,231.60481262,90152800
2024-11-26,233.33000183,235.57000732,233.33000183,235.05999756,233.78291321,45986200
2024-11-27,234.47000122,235.69000244,233.80999756,234.92999268,233.65361023,33498400
2024-11-29,234.80999756,237.80999756,233.97000122,237.33000183,236.04058838,28481400
2024-12-02,237.27000427,240.78999329,237.16000366,239.58999634,238.28829956,48137100
2024-12-03,239.80999756,242.75999451,238.89999390,242.64999390,241.33166504,38861000
2024-12-04,242.86999512,244.11000061,241.25000000,243.00999451,241.68971252,44383900
2024-12-05,243.99000549,244.53999329,242.13000488,243.03999329,241.71955872,40033900
2024-12-06,242.91000366,244.63000488,242.08000183,242.83999634,241.52062988,36870600
2024-12-09,241.83000183,247.24000549,241.75000000,246.75000000,245.40940857,44649200
2024-12-10,246.88999939,248.21000671,245.33999634,247.77000427,246.42387390,36914800
2024-12-11,247.96000671,250.80000305,246.25999451,246.49000549,245.15080261,45205800
2024-12-12,246.88999939,248.74000549,245.67999268,247.96000671,246.61283875,32777500
2024-12-13,247.82000732,249.28999329,246.24000549,248.13000488,246.78190613,33155300
2024-12-16,247.99000549,251.38000488,247.64999390,251.03999329,249.67610168,51694800
2024-12-17,250.08000183,253.83000183,249.77999878,253.47999573,252.10282898,51356400
2024-12-18,252.16000366,254.27999878,247.74000549,248.05000305,246.70234680,56774100
2024-12-19,247.50000000,252.00000000,247.08999634,249.78999329,248.43289185,60882300
2024-12-20,248.03999329,255.00000000,245.69000244,254.49000549,253.10736084,147495300
2024-12-23,254.77000427,255.64999390,253.44999695,255.27000427,253.88313293,40858800
2024-12-24,255.49000549,258.20999146,255.28999329,258.20001221,256.79724121,23234700
2024-12-26,258.19000244,260.10000610,257.63000488,259.01998901,257.61273193,27237100
2024-12-27,257.82998657,258.70001221,253.05999756,255.58999634,254.20137024,42355300
2024-12-30,252.22999573,253.50000000,250.75000000,252.19999695,250.82978821,35557500
2024-12-31,252.44000244,253.27999878,249.42999268,250.41999817,249.05946350,39480700
2025-01-02,248.92999268,249.10000610,241.82000732,243.85000610,242.52517700,55740700
2025-01-03,243.36000061,244.17999268,241.88999939,243.36000061,242.03782654,40244100
2025-01-06,244.30999756,247.33000183,243.19999695,245.00000000,243.66891479,45045600
2025-01-07,242.97999573,245.55000305,241.35000610,242.21000671,240.89408875,40856000
2025-01-08,241.91999817,243.71000671,240.05000305,242.69999695,241.38140869,37628900
2025-01-10,240.00999451,240.16000366,233.00000000,236.85000610,235.56318665,61710900
2025-01-13,233.52999878,234.66999817,229.72000122,234.39999390,233.12649536,49630700
2025-01-14,234.75000000,236.11999512,232.47000122,233.27999878,232.01258850,39435300
2025-01-15,234.63999939,238.96000671,234.42999268,237.86999512,236.57765198,39832000
2025-01-16,237.35000610,238.00999451,228.02999878,228.25999451,227.01985168,71759100
2025-01-17,232.11999512,232.28999329,228.47999573,229.97999573,228.73051453,68488300
2025-01-21,224.00000000,224.41999817,219.38000488,222.63999939,221.43040466,98070400
2025-01-22,219.78999329,224.11999512,219.78999329,223.83000183,222.61393738,64126500
2025-01-23,224.74000549,227.02999878,222.30000305,223.66000366,222.44483948,60234800
2025-01-24,224.77999878,225.63000488,221.41000366,222.77999878,221.56962585,54697900
2025-01-27,224.02000427,232.14999390,223.97999573,229.86000061,228.61119080,94863400
2025-01-28,230.85000610,240.19000244,230.80999756,238.25999451,236.96553040,75707600
2025-01-29,234.11999512,239.86000061,234.00999451,239.36000061,238.05955505,45486100
2025-01-30,238.66999817,240.78999329,237.21000671,237.58999634,236.29916382,55658300
2025-01-31,247.19000244,247.19000244,233.44000244,236.00000000,234.71780396,100959800
2025-02-03,229.99000549,231.83000183,225.69999695,228.00999451,226.77119446,73063300
2025-02-04,227.25000000,233.13000488,226.64999390,232.80000305,231.53520203,45067300
2025-02-05,228.52999878,232.66999817,228.27000427,232.47000122,231.20698547,39620300
2025-02-06,231.28999329,233.80000305,230.42999268,233.22000122,231.95291138,29925300
2025-02-07,232.60000610,234.00000000,227.25999451,227.63000488,226.39328003,39707200
2025-02-10,229.57000732,230.58999634,227.19999695,227.64999390,226.66209412,33115600
2025-02-11,228.19999695,235.22999573,228.13000488,232.61999512,231.61053467,53718400
2025-02-12,231.19999695,236.96000671,230.67999268,236.86999512,235.84210205,45243300
2025-02-13,236.91000366,242.33999634,235.57000732,241.52999878,240.48188782,53614100
2025-02-14,241.25000000,245.55000305,240.99000549,244.60000610,243.53854370,40896200
2025-02-18,244.14999390,245.17999268,241.83999634,244.47000122,243.40913391,48822500
2025-02-19,244.66000366,246.00999451,243.16000366,244.86999512,243.80737305,32204200
2025-02-20,244.94000244,246.77999878,244.28999329,245.83000183,244.76321411,32316900
2025-02-21,245.94999695,248.69000244,245.22000122,245.55000305,244.48443604,53197400
2025-02-24,244.92999268,248.86000061,244.41999817,247.10000610,246.02770996,51326400
2025-02-25,248.00000000,250.00000000,244.91000366,247.03999329,245.96797180,48013300
2025-02-26,244.33000183,244.97999573,239.13000488,240.36000061,239.31694031,44433600
2025-02-27,239.41000366,242.46000671,237.05999756,237.30000305,236.27024841,41153600
2025-02-28,236.94999695,242.08999634,230.19999695,241.83999634,240.79052734,56833400
2025-03-03,241.78999329,244.02999878,236.11000061,238.02999878,236.99705505,47184000
2025-03-04,237.71000671,240.07000732,234.67999268,235.92999268,234.90617371,53798100
2025-03-05,235.41999817,236.55000305,229.22999573,235.74000549,234.71699524,47227600
2025-03-06,234.44000244,237.86000061,233.16000366,235.33000183,234.30877686,45170400
2025-03-07,235.11000061,241.36999512,234.75999451,239.07000732,238.03256226,46273600
2025-03-10,235.53999329,236.16000366,224.22000122,227.47999573,226.49285889,72071200
2025-03-11,223.80999756,225.83999634,217.44999695,220.83999634,219.88166809,76137400
2025-03-12,220.13999939,221.75000000,214.91000366,216.97999573,216.03840637,62547500
2025-03-13,215.94999695,216.83999634,208.41999817,209.67999268,208.77009583,61368300
2025-03-14,211.25000000,213.94999695,209.58000183,213.49000549,212.56356812,60107600
2025-03-17,213.30999756,215.22000122,209.97000122,214.00000000,213.07133484,48073400
2025-03-18,214.16000366,215.14999390,211.49000549,212.69000244,211.76701355,42432400
2025-03-19,214.22000122,218.75999451,213.75000000,215.24000549,214.30596924,54385400
2025-03-20,213.99000549,217.49000549,212.22000122,214.10000610,213.17091370,48862900
2025-03-21,211.55999756,218.83999634,211.27999878,218.27000427,217.32281494,94127800
2025-03-24,221.00000000,221.47999573,218.58000183,220.72999573,219.77214050,44299500
2025-03-25,220.77000427,224.10000610,220.08000183,223.75000000,222.77903748,34493600
2025-03-26,223.50999451,225.02000427,220.47000122,221.52999878,220.56866455,34466100
2025-03-27,221.38999939,224.99000549,220.55999756,223.85000610,222.87860107,37094800
2025-03-28,221.66999817,223.80999756,217.67999268,217.89999390,216.95442200,39818600
2025-03-31,217.00999451,225.61999512,216.22999573,222.13000488,221.16606140,65299300
2025-04-01,219.80999756,223.67999268,218.89999390,223.19000244,222.22146606,36412700
2025-04-02,221.32000732,225.19000244,221.02000427,223.88999939,222.91842651,35905900
2025-04-03,205.53999329,207.49000549,201.25000000,203.19000244,202.30827332,103419000
2025-04-04,193.88999939,199.88000488,187.33999634,188.38000488,187.56254578,125910900
2025-04-07,177.19999695,194.14999390,174.61999512,181.46000671,180.67256165,160466300
2025-04-08,186.69999695,190.33999634,169.21000671,172.41999817,171.67178345,120859500
2025-04-09,171.94999695,200.61000061,171.88999939,198.85000610,197.98709106,184395900
2025-04-10,189.07000732,194.77999878,183.00000000,190.41999817,189.59367371,121880000
2025-04-11,186.10000610,199.53999329,186.05999756,198.14999390,197.29011536,87435900
2025-04-14,211.44000244,212.94000244,201.16000366,202.52000427,201.64115906,101352900
2025-04-15,201.86000061,203.50999451,199.80000305,202.13999939,201.26281738,51343900
2025-04-16,198.36000061,200.69999695,192.36999512,194.27000427,193.42697144,59732400
2025-04-17,197.19999695,198.83000183,194.41999817,196.97999573,196.12521362,52164700
2025-04-21,193.27000427,193.80000305,189.80999756,193.16000366,192.32177734,46742500
2025-04-22,196.11999512,201.58999634,195.97000122,199.74000549,198.87322998,52976400
2025-04-23,206.00000000,208.00000000,202.80000305,204.60000610,203.71212769,52929200
2025-04-24,204.88999939,208.83000183,202.94000244,208.36999512,207.46577454,47311000
2025-04-25,206.36999512,209.75000000,206.19999695,209.27999878,208.37182617,38222300
2025-04-28,210.00000000,211.50000000,207.46000671,210.13999939,209.22810364,38743100
2025-04-29,208.69000244,212.24000549,208.36999512,211.21000671,210.29345703,36827600
2025-04-30,209.30000305,213.58000183,206.66999817,212.50000000,211.57785034,52286500
2025-05-01,209.08000183,214.55999756,208.89999390,213.32000732,212.39430237,57365700
2025-05-02,206.08999634,206.99000549,202.16000366,205.35000610,204.45889282,101010600
2025-05-05,203.10000610,204.10000610,198.21000671,198.88999939,198.02691650,69018500
2025-05-06,198.21000671,200.64999390,197.02000427,198.50999451,197.64854431,51216500
2025-05-07,199.16999817,199.44000244,193.25000000,196.25000000,195.39836121,68536700
2025-05-08,197.72000122,200.05000305,194.67999268,197.49000549,196.63299561,50478900
2025-05-09,199.00000000,200.53999329,197.53999329,198.52999878,197.66848755,36453900
2025-05-12,210.97000122,211.27000427,206.75000000,210.78999329,210.15049744,63775800
2025-05-13,210.42999268,213.39999390,209.00000000,212.92999268,212.28399658,51909300
2025-05-14,212.42999268,213.94000244,210.58000183,212.33000183,211.68580627,49325800
2025-05-15,210.94999695,212.96000671,209.53999329,211.44999695,210.80848694,45029500
2025-05-16,212.36000061,212.57000732,209.77000427,211.25999451,210.61906433,54737900
2025-05-19,207.91000366,209.47999573,204.25999451,208.77999878,208.14659119,46140500
2025-05-20,207.66999817,208.47000122,205.02999878,206.86000061,206.23242188,42496600
2025-05-21,205.16999817,207.03999329,200.71000671,202.08999634,201.47689819,59211800
2025-05-22,200.71000671,202.75000000,199.69999695,201.36000061,200.74911499,46742400
2025-05-23,193.66999817,197.69999695,193.46000671,195.27000427,194.67758179,78432900
2025-05-27,198.30000305,200.74000549,197.42999268,200.21000671,199.60260010,56288500
2025-05-28,200.58999634,202.72999573,199.89999390,200.41999817,199.81195068,45339700
2025-05-29,203.58000183,203.80999756,198.50999451,199.94999695,199.34336853,51396800
2025-05-30,199.36999512,201.96000671,196.77999878,200.85000610,200.24066162,70819900
2025-06-02,200.27999878,202.13000488,200.11999512,201.69999695,201.08807373,35423300
2025-06-03,201.35000610,203.77000427,200.96000671,203.27000427,202.65332031,46381600
2025-06-04,202.91000366,206.24000549,202.10000610,202.82000732,202.20468140,43604000
2025-06-05,203.50000000,204.75000000,200.14999390,200.63000488,200.02131653,55126100
2025-06-06,203.00000000,205.69999695,202.05000305,203.91999817,203.30134583,46607700
2025-06-09,204.38999939,206.00000000,200.02000427,201.44999695,200.83882141,72862600
2025-06-10,200.60000610,204.35000610,200.57000732,202.66999817,202.05513000,54672600
2025-06-11,203.50000000,204.50000000,198.41000366,198.77999878,198.17692566,60989900
2025-06-12,199.08000183,199.67999268,197.36000061,199.19999695,198.59565735,43904600
2025-06-13,199.72999573,200.36999512,195.69999695,196.44999695,195.85398865,51447300
2025-06-16,197.30000305,198.69000244,196.55999756,198.41999817,197.81802368,43020700
2025-06-17,197.19999695,198.38999939,195.21000671,195.63999939,195.04646301,38856200
2025-06-18,195.94000244,197.57000732,195.07000732,196.58000183,195.98359680,45394700
2025-06-20,198.24000549,201.69999695,196.86000061,201.00000000,200.39021301,96813500
2025-06-23,201.63000488,202.30000305,198.96000671,201.50000000,200.88867188,55814300
2025-06-24,202.58999634,203.44000244,200.19999695,200.30000305,199.69230652,54064000
2025-06-25,201.44999695,203.66999817,200.61999512,201.55999756,200.94848633,39525700
2025-06-26,201.42999268,202.63999939,199.46000671,201.00000000,200.39021301,50799100
2025-06-27,201.88999939,203.22000122,200.00000000,201.08000183,200.46997070,73188600
2025-06-30,202.00999451,207.38999939,199.25999451,205.16999817,204.54753113,91912800
2025-07-01,206.66999817,210.19000244,206.13999939,207.82000732,207.18951416,78788900
2025-07-02,208.91000366,213.33999634,208.13999939,212.44000244,211.79548645,67941800
2025-07-03,212.14999390,214.64999390,211.80999756,213.55000305,212.90213013,34955800
2025-07-07,212.67999268,216.22999573,208.80000305,209.94999695,209.31303406,50229000
2025-07-08,210.10000610,211.42999268,208.44999695,210.00999451,209.37284851,42848900
2025-07-09,209.52999878,211.33000183,207.22000122,211.13999939,210.49943542,48749400
2025-07-10,210.50999451,213.47999573,210.02999878,212.41000366,211.76557922,44443600
2025-07-11,210.57000732,212.13000488,209.86000061,211.16000366,210.51936340,39765800
2025-07-14,209.92999268,210.91000366,207.53999329,208.61999512,207.98707581,38840100
2025-07-15,209.22000122,211.88999939,208.91999817,209.11000061,208.47558594,42296300
2025-07-16,210.30000305,212.39999390,208.63999939,210.16000366,209.52239990,47490500
2025-07-17,210.57000732,211.80000305,209.58999634,210.02000427,209.38284302,48068100
2025-07-18,210.86999512,211.78999329,209.69999695,211.17999268,210.53930664,48974600
2025-07-21,212.10000610,215.77999878,211.63000488,212.47999573,211.83535767,51377400
2025-07-22,213.13999939,214.94999695,212.22999573,214.39999390,213.74954224,46404100
2025-07-23,215.00000000,215.14999390,212.41000366,214.14999390,213.50028992,46989300
2025-07-24,213.89999390,215.69000244,213.52999878,213.75999451,213.11148071,46022600
2025-07-25,214.69999695,215.24000549,213.39999390,213.88000488,213.23112488,40268800
2025-07-28,214.02999878,214.85000610,213.05999756,214.05000305,213.40060425,37858000
2025-07-29,214.17999268,214.80999756,210.82000732,211.27000427,210.62902832,51411700
2025-07-30,211.89999390,212.38999939,207.72000122,209.05000305,208.41577148,45512500
2025-07-31,208.49000549,209.83999634,207.16000366,207.57000732,206.94026184,80698400
2025-08-01,210.86999512,213.58000183,201.50000000,202.38000488,201.76600647,104434500
2025-08-04,204.50999451,207.88000488,201.67999268,203.35000610,202.73307800,75109300
2025-08-05,203.39999390,205.33999634,202.16000366,202.91999817,202.30436707,44155100
2025-08-06,205.63000488,215.38000488,205.58999634,213.25000000,212.60302734,108483100
2025-08-07,218.88000488,220.85000610,216.58000183,220.02999878,219.36245728,90224800
2025-08-08,220.83000183,231.00000000,219.25000000,229.35000610,228.65419006,113854000
2025-08-11,227.91999817,229.55999756,224.75999451,227.17999268,226.74781799,61806100
2025-08-12,228.00999451,230.80000305,227.07000732,229.64999390,229.21310425,55626200
2025-08-13,231.07000732,235.00000000,230.42999268,233.33000183,232.88612366,69878500
2025-08-14,234.05999756,235.11999512,230.85000610,232.77999878,232.33717346,51916300
2025-08-15,234.00000000,234.27999878,229.33999634,231.58999634,231.14941406,56038700
2025-08-18,231.69999695,233.11999512,230.11000061,230.88999939,230.45074463,37476200
2025-08-19,231.27999878,232.86999512,229.35000610,230.55999756,230.12138367,39402600
2025-08-20,229.97999573,230.47000122,225.77000427,226.00999451,225.58003235,42263900
2025-08-21,226.27000427,226.52000427,223.77999878,224.89999390,224.47213745,30621200
2025-08-22,226.16999817,229.08999634,225.41000366,227.75999451,227.32670593,42477800
2025-08-25,226.47999573,229.30000305,226.22999573,227.16000366,226.72785950,30983100
2025-08-26,226.86999512,229.49000549,224.69000244,229.30999756,228.87376404,54575100
2025-08-27,228.61000061,230.89999390,228.25999451,230.49000549,230.05152893,31259500
2025-08-28,230.82000732,233.41000366,229.33999634,232.55999756,232.11758423,38074700
2025-08-29,232.50999451,233.38000488,231.36999512,232.13999939,231.69837952,39418400
2025-09-02,229.25000000,230.85000610,226.97000122,229.72000122,229.28298950,44075600
2025-09-03,237.21000671,238.85000610,234.36000061,238.47000122,238.01634216,66427800
2025-09-04,238.44999695,239.89999390,236.74000549,239.77999878,239.32385254,47549400
2025-09-05,240.00000000,241.32000732,238.49000549,239.69000244,239.23400879,54870400
2025-09-08,239.30000305,240.14999390,236.33999634,237.88000488,237.42745972,48999500
2025-09-09,237.00000000,238.77999878,233.36000061,234.35000610,233.90417480,66313900
2025-09-10,232.19000244,232.41999817,225.94999695,226.78999329,226.35855103,83440800
2025-09-11,226.88000488,230.44999695,226.64999390,230.02999878,229.59239197,50208600
2025-09-12,229.22000122,234.50999451,229.02000427,234.07000732,233.62472534,55824200
2025-09-15,237.00000000,238.19000244,235.02999878,236.69999695,236.24969482,42699500
2025-09-16,237.17999268,241.22000122,236.32000732,238.14999390,237.69694519,63421100
2025-09-17,238.97000122,240.10000610,237.72999573,238.99000549,238.53535461,46508000
2025-09-18,239.97000122,241.19999695,236.64999390,237.88000488,237.42745972,44249600
2025-09-19,241.22999573,246.30000305,240.21000671,245.50000000,245.03295898,163741300
2025-09-22,248.30000305,256.64001465,248.11999512,256.07998657,255.59281921,105517400
2025-09-23,255.88000488,257.33999634,253.58000183,254.42999268,253.94596863,60275200
2025-09-24,255.22000122,255.74000549,251.03999329,252.30999756,251.83000183,42303700
2025-09-25,253.21000671,257.17001343,251.71000671,256.86999512,256.38131714,55202100
2025-09-26,254.10000610,257.60000610,253.77999878,255.46000671,254.97401428,46076300
2025-09-29,254.55999756,255.00000000,253.00999451,254.42999268,253.94596863,40127700
2025-09-30,254.86000061,255.91999817,253.11000061,254.63000488,254.14559937,37704300
2025-10-01,255.03999329,258.79000854,254.92999268,255.44999695,254.96403503,48713900
2025-10-02,256.57998657,258.17999268,254.14999390,257.13000488,256.64083862,42630200
2025-10-03,254.66999817,259.23999023,253.94999695,258.01998901,257.52914429,49155600
2025-10-06,257.98999023,259.07000732,255.05000305,256.69000244,256.20169067,44664100
2025-10-07,256.80999756,257.39999390,255.42999268,256.48001099,255.99208069,31955800
2025-10-08,256.51998901,258.51998901,256.10998535,258.05999756,257.56906128,36496900
2025-10-09,257.80999756,258.00000000,253.13999939,254.03999329,253.55670166,38322000
2025-10-10,254.94000244,256.38000488,244.00000000,245.27000427,244.80340576,61999100
2025-10-13,249.38000488,249.69000244,245.55999756,247.66000366,247.18885803,38142900
2025-10-14,246.60000610,248.85000610,244.69999695,247.77000427,247.29864502,35478000
2025-10-15,249.49000549,251.82000732,247.47000122,249.33999634,248.86564636,33893600
2025-10-16,248.25000000,249.03999329,245.13000488,247.44999695,246.97924805,39777000
2025-10-17,248.02000427,253.38000488,247.27000427,252.28999329,251.81002808,49147000
2025-10-20,255.88999939,264.38000488,255.63000488,262.23999023,261.74111938,90483000
2025-10-21,261.88000488,265.29000854,261.82998657,262.76998901,262.27011108,46695900
2025-10-22,262.64999390,262.85000610,255.42999268,258.45001221,257.95834351,45015300
2025-10-23,259.94000244,260.61999512,258.01000977,259.57998657,259.08615112,32754900
2025-10-24,261.19000244,264.13000488,259.17999268,262.82000732,262.32000732,38253700
2025-10-27,264.88000488,269.11999512,264.64999390,268.80999756,268.29861450,44888200
2025-10-28,268.98999023,269.89001465,268.14999390,269.00000000,268.48825073,41534800
2025-10-29,269.27999878,271.41000366,267.10998535,269.70001221,269.18692017,51086700
2025-10-30,271.98999023,274.14001465,268.48001099,271.39999390,270.88366699,69886500
2025-10-31,276.98999023,277.32000732,269.16000366,270.36999512,269.85565186,86167100
2025-11-03,270.42001343,270.85000610,266.25000000,269.04998779,268.53814697,50194600
2025-11-04,268.32998657,271.48999023,267.61999512,270.04000854,269.52627563,49274800
2025-11-05,268.60998535,271.70001221,266.92999268,270.14001465,269.62609863,43683100
2025-11-06,267.89001465,273.39999390,267.89001465,269.76998901,269.25677490,51204000
2025-11-07,269.79998779,272.29000854,266.76998901,268.47000122,267.95925903,48227400
2025-11-10,268.95999146,273.73001099,267.45999146,269.42999268,269.17813110,41312400
2025-11-11,269.80999756,275.91000366,269.79998779,275.25000000,274.99267578,46208300
2025-11-12,275.00000000,275.73001099,271.70001221,273.47000122,273.21435547,48398000
2025-11-13,274.10998535,276.70001221,272.08999634,272.95001221,272.69485474,49602800
2025-11-14,271.04998779,275.95999146,269.60000610,272.41000366,272.15533447,47431300
2025-11-17,268.82000732,270.48999023,265.73001099,267.45999146,267.20996094,45018300
2025-11-18,269.98999023,270.70999146,265.32000732,267.44000244,267.19000244,45677300
2025-11-19,265.52999878,272.20999146,265.50000000,268.55999756,268.30892944,40424500
2025-11-20,270.82998657,275.42999268,265.92001343,266.25000000,266.00109863,45823600
2025-11-21,265.95001221,273.32998657,265.67001343,271.48999023,271.23617554,59030800
2025-11-24,270.89999390,277.00000000,270.89999390,275.92001343,275.66207886,65585800
2025-11-25,275.26998901,280.38000488,275.25000000,276.97000122,276.71109009,46914200
2025-11-26,276.95999146,279.52999878,276.63000488,277.54998779,277.29052734,33431400
2025-11-28,277.26000977,279.00000000,275.98999023,278.85000610,278.58932495,20135600
2025-12-01,278.01000977,283.42001343,276.14001465,283.10000610,282.83535767,46587700
2025-12-02,283.00000000,287.39999390,282.63000488,286.19000244,285.92245483,53669500
2025-12-03,286.20001221,288.61999512,283.29998779,284.14999390,283.88436890,43538700
2025-12-04,284.10000610,284.73001099,278.58999634,280.70001221,280.43759155,43989100
2025-12-05,280.54000854,281.14001465,278.04998779,278.77999878,278.51937866,47265800
2025-12-08,278.13000488,279.67001343,276.14999390,277.89001465,277.63021851,38211800
2025-12-09,278.16000366,280.02999878,276.92001343,277.17999268,276.92086792,32193300
2025-12-10,277.75000000,279.75000000,276.44000244,278.77999878,278.51937866,33038300
2025-12-11,279.10000610,279.58999634,273.80999756,278.02999878,277.77008057,33248000
2025-12-12,277.89999390,279.22000122,276.82000732,278.27999878,278.01986694,39532900
2025-12-15,280.14999390,280.14999390,272.83999634,274.10998535,273.85372925,50409100
2025-12-16,272.82000732,275.50000000,271.79000854,274.60998535,274.35327148,37648600
2025-12-17,275.01000977,276.16000366,271.64001465,271.83999634,271.58587646,50138700
2025-12-18,273.60998535,273.63000488,266.95001221,272.19000244,271.93554688,51630700
2025-12-19,272.14999390,274.60000610,269.89999390,273.67001343,273.41418457,144632000
2025-12-22,272.85998535,273.88000488,270.51000977,270.97000122,270.71667480,36571800
2025-12-23,270.83999634,272.50000000,269.55999756,272.35998535,272.10537720,29642000
2025-12-24,272.33999634,275.42999268,272.20001221,273.80999756,273.55401611,17910600
2025-12-26,274.16000366,275.36999512,272.85998535,273.39999390,273.14440918,21521800
2025-12-29,272.69000244,274.35998535,272.35000610,273.76000977,273.50408936,23715200
2025-12-30,272.80999756,274.07998657,272.27999878,273.07998657,272.82470703,22139600
2025-12-31,273.05999756,273.67999268,271.75000000,271.85998535,271.60583496,27293600
2026-01-02,272.26000977,277.83999634,269.00000000,271.01000977,270.75665283,37838100
2026-01-05,270.64001465,271.51000977,266.14001465,267.26000977,267.01016235,45647200
2026-01-06,267.00000000,267.54998779,262.11999512,262.35998535,262.11471558,52352100
2026-01-07,263.20001221,263.67999268,259.80999756,260.32998657,260.08660889,48309800
2026-01-08,257.01998901,259.29000854,255.69999695,259.04000854,258.79785156,50419300
2026-01-09,259.07998657,260.20999146,256.22000122,259.36999512,259.12753296,39997000
2026-01-12,259.16000366,261.29998779,256.79998779,260.25000000,260.00671387,45263800
2026-01-13,258.72000122,261.80999756,258.39001465,261.04998779,260.80593872,45730800
2026-01-14,259.48999023,261.82000732,256.70999146,259.95999146,259.71697998,40019400
2026-01-15,260.64999390,261.04000854,257.04998779,258.20999146,257.96859741,39388600
2026-01-16,257.89999390,258.89999390,254.92999268,255.52999878,255.29112244,72142800
2026-01-20,252.72999573,254.78999329,243.41999817,246.69999695,246.46937561,80267500
2026-01-21,248.69999695,251.55999756,245.17999268,247.64999390,247.41848755,54641700
2026-01-22,249.19999695,251.00000000,248.14999390,248.35000610,248.11784363,39708300
2026-01-23,247.32000732,249.41000366,244.67999268,248.03999329,247.80812073,41689000
2026-01-26,251.47999573,256.55999756,249.80000305,255.41000366,255.17123413,55969200
2026-01-27,259.17001343,261.95001221,258.20999146,258.26998901,258.02853394,49648300
2026-01-28,257.64999390,258.85998535,254.50999451,256.44000244,256.20028687,41288000
2026-01-29,258.00000000,259.64999390,254.41000366,258.27999878,258.03854370,67253000
2026-01-30,255.16999817,261.89999390,252.17999268,259.48001099,259.23742676,92443400
2026-02-02,260.02999878,270.48999023,259.20999146,270.01000977,269.75759888,73913400
2026-02-03,269.20001221,271.88000488,267.60998535,269.48001099,269.22808838,64394700
2026-02-04,272.29000854,278.95001221,272.29000854,276.48999023,276.23150635,90545700
2026-02-05,278.13000488,279.50000000,273.23001099,275.91000366,275.65206909,52977400
2026-02-06,277.11999512,280.91000366,276.92999268,278.11999512,277.85998535,50453400
2026-02-09,277.91000366,278.20001221,271.70001221,274.61999512,274.61999512,44623400
2026-02-10,274.89001465,275.36999512,272.94000244,273.67999268,273.67999268,34376900
2026-02-11,274.70001221,280.17999268,274.45001221,275.50000000,275.50000000,51931300
2026-02-12,275.58999634,275.72000122,260.17999268,261.73001099,261.73001099,81077200
2026-02-13,262.01000977,262.23001099,255.44999695,255.77999878,255.77999878,56290700
2026-02-17,258.04998779,266.29000854,255.53999329,263.88000488,263.88000488,58469100
2026-02-18,263.60000610,266.82000732,262.45001221,264.35000610,264.35000610,34203300
2026-02-19,262.60000610,264.48001099,260.04998779,260.57998657,260.57998657,30845300
2026-02-20,258.97000122,264.75000000,258.16000366,264.57998657,264.57998657,42070500
2026-02-23,263.48999023,269.42999268,263.38000488,266.17999268,266.17999268,37308200
2026-02-24,267.85998535,274.89001465,267.70999146,272.14001465,272.14001465,47014600
2026-02-25,271.77999878,274.94000244,271.04998779,274.23001099,274.23001099,33714300
2026-02-26,274.95001221,276.10998535,270.79998779,272.95001221,272.95001221,32292600
2026-02-27,272.80999756,272.80999756,268.19198608,268.58499146,268.58499146,9194670
