Date,Open,High,Low,Close,Adj Close,Volume
2020-01-01,7194.89208984,7254.33056641,7174.94433594,7200.17431641,7200.17431641,18565664997
2020-01-02,7202.55126953,7212.15527344,6935.27001953,6985.47021484,6985.47021484,20802083465
2020-01-03,6984.42871094,7413.71533203,6914.99609375,7344.88427734,7344.88427734,28111481032
2020-01-04,7345.37548828,7427.38574219,7309.51416016,7410.65673828,7410.65673828,18444271275
2020-01-05,7410.45166016,7544.49707031,7400.53564453,7411.31738281,7411.31738281,19725074095
2020-01-06,7410.45214844,7781.86718750,7409.29296875,7769.21923828,7769.21923828,23276261598
2020-01-07,7768.68212891,8178.21582031,7768.22753906,8163.69238281,8163.69238281,28767291327
2020-01-08,8161.93554688,8396.73828125,7956.77441406,8079.86279297,8079.86279297,31672559265
2020-01-09,8082.29589844,8082.29589844,7842.40380859,7879.07128906,7879.07128906,24045990466
2020-01-10,7878.30761719,8166.55419922,7726.77490234,8166.55419922,8166.55419922,28714583844
2020-01-11,8162.19091797,8218.35937500,8029.64208984,8037.53759766,8037.53759766,25521165085
2020-01-12,8033.26171875,8200.06347656,8009.05908203,8192.49414062,8192.49414062,22903438381
2020-01-13,8189.77197266,8197.78808594,8079.70068359,8144.19433594,8144.19433594,22482910688
2020-01-14,8140.93310547,8879.51171875,8140.93310547,8827.76464844,8827.76464844,44841784107
2020-01-15,8825.34375000,8890.11718750,8657.18750000,8807.01074219,8807.01074219,40102834650
2020-01-16,8812.48144531,8846.46093750,8612.09570312,8723.78613281,8723.78613281,31313981931
2020-01-17,8725.20996094,8958.12207031,8677.31640625,8929.03808594,8929.03808594,36372139320
2020-01-18,8927.21191406,9012.19824219,8827.33203125,8942.80859375,8942.80859375,32337772627
2020-01-19,8941.44531250,9164.36230469,8620.08007812,8706.24511719,8706.24511719,34217320471
2020-01-20,8704.63183594,8745.59082031,8560.47363281,8657.64257812,8657.64257812,26422375678
2020-01-21,8658.99121094,8755.70605469,8544.52050781,8745.89453125,8745.89453125,24097418512
2020-01-22,8744.21093750,8792.99414062,8636.74707031,8680.87597656,8680.87597656,22600204051
2020-01-23,8680.65039062,8687.74707031,8333.63769531,8406.51562500,8406.51562500,25770680779
2020-01-24,8405.56738281,8514.66699219,8266.84082031,8445.43457031,8445.43457031,24397913026
2020-01-25,8440.11914062,8458.45312500,8296.21875000,8367.84765625,8367.84765625,19647331549
2020-01-26,8364.41015625,8602.40136719,8325.49804688,8596.83007812,8596.83007812,22177678796
2020-01-27,8597.30859375,8977.72656250,8597.30859375,8909.81933594,8909.81933594,28647338393
2020-01-28,8912.52441406,9358.58984375,8908.44726562,9358.58984375,9358.58984375,34398744403
2020-01-29,9357.47070312,9406.43164062,9269.46777344,9316.62988281,9316.62988281,30682598115
2020-01-30,9316.01660156,9553.12597656,9230.89746094,9508.99316406,9508.99316406,32378792851
2020-01-31,9508.31347656,9521.70605469,9230.77636719,9350.52929688,9350.52929688,29432489719
2020-02-01,9346.35742188,9439.32324219,9313.23925781,9392.87500000,9392.87500000,25922656496
2020-02-02,9389.82031250,9468.79785156,9217.82421875,9344.36523438,9344.36523438,30835736946
2020-02-03,9344.68359375,9540.37207031,9248.63378906,9293.52148438,9293.52148438,30934096509
2020-02-04,9292.84179688,9331.26562500,9112.81152344,9180.96289062,9180.96289062,29893183716
2020-02-05,9183.41601562,9701.29980469,9163.70410156,9613.42382812,9613.42382812,35222060874
2020-02-06,9617.82128906,9824.61914062,9539.81835938,9729.80175781,9729.80175781,37628823716
2020-02-07,9726.00292969,9834.71679688,9726.00292969,9795.94335938,9795.94335938,34522718159
2020-02-08,9793.07031250,9876.74902344,9678.91015625,9865.11914062,9865.11914062,35172043762
2020-02-09,9863.89453125,10129.43554688,9850.39257812,10116.67382812,10116.67382812,35807884663
2020-02-10,10115.55957031,10165.76562500,9784.56347656,9856.61132812,9856.61132812,39386548075
2020-02-11,9855.89160156,10210.05273438,9729.33496094,10208.23632812,10208.23632812,37648059389
2020-02-12,10202.38769531,10393.61132812,10202.38769531,10326.05468750,10326.05468750,43444303830
2020-02-13,10323.96093750,10457.62695312,10116.16113281,10214.37988281,10214.37988281,49356071373
2020-02-14,10211.55078125,10321.99609375,10125.53417969,10312.11621094,10312.11621094,43338264162
2020-02-15,10313.85644531,10341.55566406,9874.42773438,9889.42480469,9889.42480469,43865054831
2020-02-16,9889.17968750,10053.96875000,9722.38671875,9934.43359375,9934.43359375,43374780305
2020-02-17,9936.56054688,9938.81542969,9507.63769531,9690.14257812,9690.14257812,45998298413
2020-02-18,9691.23046875,10161.93554688,9632.38281250,10141.99609375,10141.99609375,47271023953
2020-02-19,10143.79882812,10191.67578125,9611.22363281,9633.38671875,9633.38671875,46992019710
2020-02-20,9629.32519531,9643.21679688,9507.90039062,9608.47558594,9608.47558594,44925260237
2020-02-21,9611.78222656,9723.01464844,9589.74316406,9686.44140625,9686.44140625,40930547513
2020-02-22,9687.70703125,9698.23144531,9600.72851562,9663.18164062,9663.18164062,35838025154
2020-02-23,9663.31835938,9937.40429688,9657.79101562,9924.51562500,9924.51562500,41185185761
2020-02-24,9921.58300781,9951.74609375,9537.04296875,9650.17480469,9650.17480469,45080496648
2020-02-25,9651.31250000,9652.73730469,9305.02148438,9341.70507812,9341.70507812,42515259129
2020-02-26,9338.29003906,9354.77832031,8704.42675781,8820.52246094,8820.52246094,50420050762
2020-02-27,8825.09375000,8932.89257812,8577.19921875,8784.49414062,8784.49414062,45470195695
2020-02-28,8788.72851562,8890.45605469,8492.93261719,8672.45507812,8672.45507812,44605450443
2020-02-29,8671.21289062,8775.63183594,8599.50878906,8599.50878906,8599.50878906,35792392544
2020-03-01,8599.75878906,8726.79687500,8471.21289062,8562.45410156,8562.45410156,35349164300
2020-03-02,8563.26464844,8921.30859375,8532.63085938,8869.66992188,8869.66992188,42857674409
2020-03-03,8865.38769531,8901.59863281,8704.99023438,8787.78613281,8787.78613281,42386715821
2020-03-04,8788.54199219,8843.36621094,8712.43164062,8755.24609375,8755.24609375,34746706368
2020-03-05,8760.28515625,9142.05468750,8757.25390625,9078.76269531,9078.76269531,39698054597
2020-03-06,9078.30859375,9167.69531250,9032.07910156,9122.54589844,9122.54589844,40826885651
2020-03-07,9121.60058594,9163.22070312,8890.74414062,8909.95410156,8909.95410156,36216930370
2020-03-08,8908.20605469,8914.34375000,8105.25292969,8108.11621094,8108.11621094,39973102121
2020-03-09,8111.14648438,8177.79345703,7690.09814453,7923.64453125,7923.64453125,46936995808
2020-03-10,7922.14697266,8136.94531250,7814.76318359,7909.72949219,7909.72949219,42213940994
2020-03-11,7910.08984375,7950.81445312,7642.81250000,7911.43017578,7911.43017578,38682762605
2020-03-12,7913.61621094,7929.11621094,4860.35400391,4970.78808594,4970.78808594,53980357243
2020-03-13,5017.83105469,5838.11474609,4106.98095703,5563.70703125,5563.70703125,74156772075
2020-03-14,5573.07763672,5625.22656250,5125.06933594,5200.36621094,5200.36621094,36154506008
2020-03-15,5201.06689453,5836.64501953,5169.28320312,5392.31494141,5392.31494141,33997889639
2020-03-16,5385.22949219,5385.22949219,4575.35791016,5014.47998047,5014.47998047,45368026430
2020-03-17,5002.57812500,5371.34863281,4981.90917969,5225.62939453,5225.62939453,38622642935
2020-03-18,5227.11376953,5331.83398438,5069.33593750,5238.43847656,5238.43847656,37878801016
2020-03-19,5245.41650391,6329.73583984,5236.96875000,6191.19287109,6191.19287109,51000731797
2020-03-20,6191.65380859,6844.26171875,5865.78173828,6198.77832031,6198.77832031,54442976103
2020-03-21,6206.52148438,6378.13525391,5932.82324219,6185.06640625,6185.06640625,42494390880
2020-03-22,6185.55810547,6359.69726562,5823.71386719,5830.25488281,5830.25488281,40099664740
2020-03-23,5831.37451172,6443.93457031,5785.00439453,6416.31494141,6416.31494141,46491916000
2020-03-24,6436.64257812,6789.02294922,6411.06640625,6734.80371094,6734.80371094,48221910672
2020-03-25,6738.71679688,6892.51123047,6536.92626953,6681.06298828,6681.06298828,44590107888
2020-03-26,6675.17089844,6735.46386719,6590.96289062,6716.44042969,6716.44042969,35319797642
2020-03-27,6719.38916016,6793.83642578,6466.70166016,6469.79833984,6469.79833984,34585598367
2020-03-28,6467.25390625,6467.50097656,6117.83789062,6242.19384766,6242.19384766,34885225901
2020-03-29,6245.62451172,6250.46728516,5920.08593750,5922.04296875,5922.04296875,28373690931
2020-03-30,5925.53857422,6517.19580078,5903.23437500,6429.84179688,6429.84179688,37101651525
2020-03-31,6430.60644531,6504.51513672,6374.16210938,6438.64453125,6438.64453125,32786468812
2020-04-01,6437.31933594,6612.57373047,6202.37353516,6606.77636719,6606.77636719,40346426266
2020-04-02,6606.77636719,7088.24755859,6595.91845703,6793.62451172,6793.62451172,47660646124
2020-04-03,6797.39648438,7003.22070312,6673.33593750,6733.38720703,6733.38720703,38976504903
2020-04-04,6738.38281250,6878.95361328,6696.48486328,6867.52734375,6867.52734375,33185988584
2020-04-05,6862.53759766,6883.41406250,6715.92919922,6791.12939453,6791.12939453,29510409856
2020-04-06,6788.04980469,7271.78125000,6782.88964844,7271.78125000,7271.78125000,46896904615
2020-04-07,7273.64404297,7427.93945312,7136.71435547,7176.41455078,7176.41455078,44243482668
2020-04-08,7179.28320312,7356.22363281,7153.30566406,7334.09863281,7334.09863281,37563249549
2020-04-09,7337.96630859,7341.44824219,7179.09423828,7302.08935547,7302.08935547,34815139178
2020-04-10,7303.81542969,7303.81542969,6802.47509766,6865.49316406,6865.49316406,43622840992
2020-04-11,6867.44042969,6926.06982422,6789.92089844,6859.08300781,6859.08300781,31222085946
2020-04-12,6858.06787109,7119.94726562,6811.07812500,6971.09179688,6971.09179688,35759567632
2020-04-13,6965.61669922,6965.61669922,6668.25976562,6845.03759766,6845.03759766,38619308647
2020-04-14,6843.28173828,6958.55712891,6793.82128906,6842.42773438,6842.42773438,34110434052
2020-04-15,6845.56152344,6928.66455078,6633.40283203,6642.10986328,6642.10986328,32288311031
2020-04-16,6640.45410156,7134.45068359,6555.50439453,7116.80419922,7116.80419922,46783242377
2020-04-17,7116.55273438,7167.18310547,7050.33203125,7096.18457031,7096.18457031,32513423567
2020-04-18,7092.29150391,7269.95654297,7089.24707031,7257.66503906,7257.66503906,32447188386
2020-04-19,7260.92236328,7280.52197266,7167.05468750,7189.42480469,7189.42480469,31311210215
2020-04-20,7186.87353516,7240.29052734,6835.50292969,6881.95849609,6881.95849609,37747113936
2020-04-21,6879.78417969,6934.55175781,6834.44238281,6880.32324219,6880.32324219,32589741511
2020-04-22,6879.44042969,7145.86572266,6867.78173828,7117.20751953,7117.20751953,33249153866
2020-04-23,7121.30615234,7491.78515625,7081.59472656,7429.72460938,7429.72460938,43500782316
2020-04-24,7434.18164062,7574.19580078,7434.18164062,7550.90087891,7550.90087891,34636526286
2020-04-25,7550.48291016,7641.36376953,7521.67236328,7569.93603516,7569.93603516,32941541447
2020-04-26,7570.13916016,7700.59423828,7561.40771484,7679.86718750,7679.86718750,33070154491
2020-04-27,7679.41894531,7795.60107422,7679.41894531,7795.60107422,7795.60107422,36162144725
2020-04-28,7796.97021484,7814.52734375,7730.80664062,7807.05859375,7807.05859375,33187959921
2020-04-29,7806.71240234,8871.75390625,7786.04931641,8801.03808594,8801.03808594,60201052203
2020-04-30,8797.66992188,9440.65039062,8533.25585938,8658.55371094,8658.55371094,66964629541
2020-05-01,8672.78222656,9048.02343750,8667.76367188,8864.76660156,8864.76660156,44068389997
2020-05-02,8869.05761719,9007.18750000,8811.36621094,8988.59667969,8988.59667969,40134388683
2020-05-03,8983.61425781,9167.78125000,8830.97167969,8897.46875000,8897.46875000,47101785174
2020-05-04,8895.74511719,8956.90625000,8645.02441406,8912.65429688,8912.65429688,45718796276
2020-05-05,8912.83203125,9062.41503906,8856.82714844,9003.07031250,9003.07031250,43148462663
2020-05-06,9007.44140625,9411.46777344,8966.70605469,9268.76171875,9268.76171875,49371886931
2020-05-07,9261.89550781,9992.66406250,9138.32226562,9951.51855469,9951.51855469,61112700562
2020-05-08,9936.16210938,9996.74316406,9767.17285156,9842.66601562,9842.66601562,51780748042
2020-05-09,9840.90625000,9913.86328125,9580.64453125,9593.89648438,9593.89648438,46566121841
2020-05-10,9591.16894531,9595.58105469,8395.10742188,8756.43066406,8756.43066406,63325279337
2020-05-11,8755.53515625,9033.47070312,8374.32324219,8601.79589844,8601.79589844,57119858802
2020-05-12,8610.38574219,8949.89843750,8569.64355469,8804.47753906,8804.47753906,42142717533
2020-05-13,8805.38769531,9317.87890625,8805.38769531,9269.98730469,9269.98730469,45558144023
2020-05-14,9271.32910156,9793.26855469,9255.03515625,9733.72167969,9733.72167969,56426907637
2020-05-15,9734.29101562,9755.82812500,9261.39843750,9328.19726562,9328.19726562,48158802327
2020-05-16,9333.24023438,9564.20507812,9260.69433594,9377.01367188,9377.01367188,36164766408
2020-05-17,9374.92968750,9823.00195312,9349.54589844,9670.73925781,9670.73925781,40084250663
2020-05-18,9675.69531250,9906.03027344,9570.35937500,9726.57519531,9726.57519531,41827139896
2020-05-19,9727.06347656,9836.04785156,9539.62402344,9729.03808594,9729.03808594,39254288955
2020-05-20,9725.32910156,9804.79394531,9447.20117188,9522.98144531,9522.98144531,36546239703
2020-05-21,9522.74023438,9555.24218750,8869.93066406,9081.76171875,9081.76171875,39326160532
2020-05-22,9080.33496094,9232.93652344,9008.63867188,9182.57714844,9182.57714844,29810773699
2020-05-23,9185.06250000,9302.50195312,9118.10839844,9209.28710938,9209.28710938,27727866812
2020-05-24,9212.28320312,9288.40429688,8787.25097656,8790.36816406,8790.36816406,32518803300
2020-05-25,8786.10742188,8951.00585938,8719.66796875,8906.93457031,8906.93457031,31288157264
2020-05-26,8909.58593750,8991.96777344,8757.29394531,8835.05273438,8835.05273438,29584186947
2020-05-27,8837.38085938,9203.32031250,8834.15722656,9181.01757812,9181.01757812,32740536902
2020-05-28,9184.94531250,9546.31933594,9148.45703125,9525.75097656,9525.75097656,34367073114
2020-05-29,9528.35546875,9573.66699219,9379.33886719,9439.12402344,9439.12402344,32896642044
2020-05-30,9438.91406250,9704.03027344,9366.72949219,9700.41406250,9700.41406250,32722975141
2020-05-31,9700.10546875,9700.34375000,9432.29687500,9461.05859375,9461.05859375,27773290299
2020-06-01,9463.60546875,10199.56542969,9450.89941406,10167.26855469,10167.26855469,35198901068
2020-06-02,10162.97363281,10182.34082031,9460.57128906,9529.80371094,9529.80371094,39137252109
2020-06-03,9533.76074219,9682.85937500,9471.84667969,9656.71777344,9656.71777344,25007459262
2020-06-04,9655.85449219,9887.61035156,9525.24707031,9800.63671875,9800.63671875,25921805072
2020-06-05,9800.21582031,9869.23730469,9663.21679688,9665.53320312,9665.53320312,23509628646
2020-06-06,9664.90429688,9773.43164062,9591.02441406,9653.67968750,9653.67968750,20438419222
2020-06-07,9653.00292969,9768.49804688,9458.15039062,9758.85253906,9758.85253906,25015250846
2020-06-08,9760.06347656,9782.30664062,9675.88574219,9771.48925781,9771.48925781,21486346312
2020-06-09,9774.36035156,9836.36914062,9664.71972656,9795.70019531,9795.70019531,23717842783
2020-06-10,9794.11914062,9908.89648438,9728.29101562,9870.09472656,9870.09472656,25706567601
2020-06-11,9870.07812500,9938.29785156,9263.06933594,9321.78125000,9321.78125000,30247143440
2020-06-12,9320.69042969,9540.46582031,9285.85156250,9480.84375000,9480.84375000,22610564515
2020-06-13,9480.73535156,9493.21191406,9396.00976562,9475.27734375,9475.27734375,17564322315
2020-06-14,9477.55371094,9482.27050781,9347.59375000,9386.78808594,9386.78808594,18991732746
2020-06-15,9386.03515625,9504.86035156,8990.17578125,9450.70214844,9450.70214844,26699704768
2020-06-16,9454.26660156,9579.43066406,9400.44531250,9538.02441406,9538.02441406,21565537209
2020-06-17,9533.78417969,9540.42285156,9327.33984375,9480.25488281,9480.25488281,20177709879
2020-06-18,9481.56738281,9482.78222656,9328.39550781,9411.84082031,9411.84082031,17770083003
2020-06-19,9410.29394531,9440.87597656,9274.29589844,9288.01855469,9288.01855469,19632223107
2020-06-20,9290.95996094,9394.97167969,9247.37988281,9332.34082031,9332.34082031,17130541557
2020-06-21,9330.92675781,9401.10742188,9300.43066406,9303.62988281,9303.62988281,15324301169
2020-06-22,9300.91503906,9655.07324219,9296.87207031,9648.71777344,9648.71777344,21104009514
2020-06-23,9644.07617188,9670.54101562,9547.24707031,9629.65820312,9629.65820312,17006433272
2020-06-24,9632.14941406,9680.36718750,9278.23339844,9313.61035156,9313.61035156,18961716076
2020-06-25,9314.12695312,9340.16113281,9095.32421875,9264.81347656,9264.81347656,18616048626
2020-06-26,9260.99511719,9310.51660156,9101.73828125,9162.91796875,9162.91796875,18341465837
2020-06-27,9167.82421875,9207.81054688,8998.21679688,9045.39062500,9045.39062500,17273093144
2020-06-28,9048.46093750,9197.54687500,8975.52539062,9143.58203125,9143.58203125,14560870760
2020-06-29,9140.02929688,9237.57324219,9041.87597656,9190.85449219,9190.85449219,16460547078
2020-06-30,9185.58105469,9217.83593750,9084.83789062,9137.99316406,9137.99316406,15735797744
2020-07-01,9145.98535156,9309.75488281,9104.73535156,9228.32519531,9228.32519531,15971550355
2020-07-02,9231.13964844,9274.96289062,9036.62304688,9123.41015625,9123.41015625,16338916796
2020-07-03,9124.84277344,9202.34472656,9058.79492188,9087.30371094,9087.30371094,13078970999
2020-07-04,9084.23339844,9183.29589844,9053.62988281,9132.48828125,9132.48828125,12290528515
2020-07-05,9126.09082031,9162.18359375,8977.01562500,9073.94238281,9073.94238281,12903406143
2020-07-06,9072.84960938,9375.47460938,9058.66406250,9375.47460938,9375.47460938,17889263252
2020-07-07,9349.16113281,9360.61718750,9201.81542969,9252.27734375,9252.27734375,13839652595
2020-07-08,9253.02050781,9450.33593750,9249.50000000,9428.33300781,9428.33300781,19702359883
2020-07-09,9427.99414062,9431.37890625,9234.99902344,9277.96777344,9277.96777344,18000702524
2020-07-10,9273.35742188,9287.47167969,9118.00195312,9278.80761719,9278.80761719,16860035605
2020-07-11,9277.51171875,9293.53222656,9199.48535156,9240.34667969,9240.34667969,13249910444
2020-07-12,9241.05468750,9319.41894531,9197.45019531,9276.50000000,9276.50000000,14452361907
2020-07-13,9277.20507812,9306.40527344,9224.29296875,9243.61425781,9243.61425781,17519821266
2020-07-14,9238.70312500,9283.84179688,9171.66113281,9243.21386719,9243.21386719,18085038362
2020-07-15,9241.89746094,9275.32519531,9171.93359375,9192.83691406,9192.83691406,15844731575
2020-07-16,9191.98046875,9214.31250000,9088.94726562,9132.22753906,9132.22753906,15713967523
2020-07-17,9131.81250000,9182.25390625,9089.20214844,9151.39257812,9151.39257812,13944570749
2020-07-18,9151.18359375,9230.98339844,9100.82421875,9159.04003906,9159.04003906,12252601475
2020-07-19,9158.00585938,9201.39843750,9097.63281250,9185.81738281,9185.81738281,12939002784
2020-07-20,9187.22070312,9214.27050781,9137.50976562,9164.23144531,9164.23144531,13755604146
2020-07-21,9162.51464844,9407.26269531,9149.38964844,9374.88769531,9374.88769531,18069581956
2020-07-22,9375.08007812,9530.51855469,9319.65332031,9525.36328125,9525.36328125,16532254884
2020-07-23,9527.14160156,9610.24707031,9483.00390625,9581.07226562,9581.07226562,18146399002
2020-07-24,9585.51464844,9623.33691406,9481.45410156,9536.89257812,9536.89257812,16552768325
2020-07-25,9539.48535156,9704.55664062,9530.21191406,9677.11328125,9677.11328125,16610070933
2020-07-26,9680.23437500,10023.80761719,9652.84765625,9905.16699219,9905.16699219,20507998997
2020-07-27,9905.21777344,11298.22167969,9903.96972656,10990.87304688,10990.87304688,35359749590
2020-07-28,11017.46386719,11204.32714844,10632.63183594,10912.82324219,10912.82324219,28766551142
2020-07-29,10912.95312500,11304.39746094,10856.14160156,11100.46777344,11100.46777344,24617249715
2020-07-30,11099.83300781,11169.35644531,10895.45507812,11111.21386719,11111.21386719,22857247901
2020-07-31,11110.21093750,11415.86425781,10987.05371094,11323.46679688,11323.46679688,23160469766
2020-08-01,11322.57031250,11794.77539062,11239.68261719,11759.59277344,11759.59277344,26075670303
2020-08-02,11758.76464844,12034.14453125,11018.12988281,11053.61425781,11053.61425781,27410067336
2020-08-03,11043.76855469,11453.07910156,11012.41503906,11246.34863281,11246.34863281,20271713443
2020-08-04,11246.20312500,11385.38183594,11094.14550781,11205.89257812,11205.89257812,21250197042
2020-08-05,11203.82324219,11786.61718750,11158.28515625,11747.02246094,11747.02246094,24411254471
2020-08-06,11749.87109375,11902.33593750,11598.71386719,11779.77343750,11779.77343750,23400740340
2020-08-07,11778.89453125,11898.03808594,11408.59375000,11601.47265625,11601.47265625,23132312867
2020-08-08,11604.55371094,11800.06445312,11558.43164062,11754.04589844,11754.04589844,17572057837
2020-08-09,11737.32519531,11806.05664062,11548.78417969,11675.73925781,11675.73925781,17489608833
2020-08-10,11662.25683594,12045.14062500,11662.25683594,11878.11132812,11878.11132812,26114112569
2020-08-11,11881.64746094,11932.71093750,11195.70898438,11410.52539062,11410.52539062,27039782640
2020-08-12,11404.59667969,11748.39648438,11249.60546875,11584.93457031,11584.93457031,25064548486
2020-08-13,11588.40527344,11796.39648438,11216.87207031,11784.13769531,11784.13769531,27522199497
2020-08-14,11772.65917969,12150.99414062,11685.45507812,11768.87109375,11768.87109375,24237958589
2020-08-15,11768.69726562,11963.20312500,11768.69726562,11865.69824219,11865.69824219,23354924400
2020-08-16,11866.68554688,11934.90136719,11737.18847656,11892.80371094,11892.80371094,20583375490
2020-08-17,11895.65820312,12359.05664062,11806.69628906,12254.40234375,12254.40234375,28227687027
2020-08-18,12251.89550781,12335.70703125,11954.52539062,11991.23339844,11991.23339844,26043227672
2020-08-19,11990.88476562,12028.92382812,11687.33300781,11758.28320312,11758.28320312,24502851117
2020-08-20,11761.50000000,11900.41113281,11710.06347656,11878.37207031,11878.37207031,20175242945
2020-08-21,11878.02636719,11899.25976562,11564.97949219,11592.48925781,11592.48925781,23762425999
2020-08-22,11585.47753906,11689.40722656,11448.80566406,11681.82519531,11681.82519531,20224191306
2020-08-23,11679.69628906,11713.42968750,11559.92089844,11664.84765625,11664.84765625,18482062658
2020-08-24,11663.68945312,11807.63183594,11623.25000000,11774.59570312,11774.59570312,20681511755
2020-08-25,11773.58886719,11778.29980469,11189.85058594,11366.13476562,11366.13476562,26301509932
2020-08-26,11366.89453125,11530.05273438,11296.99316406,11488.36328125,11488.36328125,22466660958
2020-08-27,11485.60839844,11570.78613281,11185.94140625,11323.39746094,11323.39746094,23240415076
2020-08-28,11325.29589844,11545.61523438,11316.42285156,11542.50000000,11542.50000000,19807127588
2020-08-29,11541.05468750,11585.64062500,11466.29296875,11506.86523438,11506.86523438,17485597759
2020-08-30,11508.71386719,11715.26464844,11492.38183594,11711.50585938,11711.50585938,19760127945
2020-08-31,11713.30664062,11768.87695312,11598.31835938,11680.82031250,11680.82031250,22285928250
2020-09-01,11679.31640625,12067.08105469,11601.12890625,11970.47851562,11970.47851562,27311555343
2020-09-02,11964.82324219,11964.82324219,11290.79394531,11414.03417969,11414.03417969,28037405299
2020-09-03,11407.19140625,11443.02246094,10182.46484375,10245.29687500,10245.29687500,31927261555
2020-09-04,10230.36523438,10663.91992188,10207.94042969,10511.81347656,10511.81347656,29965130374
2020-09-05,10512.53027344,10581.57128906,9946.67578125,10169.56738281,10169.56738281,44916565292
2020-09-06,10167.21679688,10353.92773438,10056.88574219,10280.35156250,10280.35156250,37071460174
2020-09-07,10280.99804688,10399.15332031,9916.49316406,10369.56347656,10369.56347656,33703098409
2020-09-08,10369.30664062,10414.77539062,9945.11035156,10131.51660156,10131.51660156,33430927462
2020-09-09,10134.15136719,10350.54296875,10017.25097656,10242.34765625,10242.34765625,24128292755
2020-09-10,10242.33007812,10503.91210938,10238.13574219,10363.13867188,10363.13867188,54406443211
2020-09-11,10369.02832031,10434.92285156,10140.83691406,10400.91503906,10400.91503906,45201121775
2020-09-12,10409.86132812,10578.83789062,10292.38671875,10442.17089844,10442.17089844,36750077324
2020-09-13,10452.39941406,10577.21484375,10224.33007812,10323.75585938,10323.75585938,36506852789
2020-09-14,10328.73437500,10800.01074219,10266.00878906,10680.83789062,10680.83789062,35453581940
2020-09-15,10677.75488281,10938.63183594,10656.45996094,10796.95117188,10796.95117188,32509451925
2020-09-16,10797.76171875,11100.12402344,10704.88476562,10974.90527344,10974.90527344,30769986455
2020-09-17,10973.25195312,11037.42089844,10774.62792969,10948.99023438,10948.99023438,38151810523
2020-09-18,10951.82031250,11034.90820312,10829.65722656,10944.58593750,10944.58593750,26341903912
2020-09-19,10933.75292969,11134.09277344,10909.61816406,11094.34667969,11094.34667969,22764204008
2020-09-20,11095.87011719,11095.87011719,10814.47753906,10938.27148438,10938.27148438,24699523788
2020-09-21,10934.92578125,10988.30468750,10380.26074219,10462.25976562,10462.25976562,28884999244
2020-09-22,10459.62402344,10568.07714844,10382.72656250,10538.45996094,10538.45996094,23621787804
2020-09-23,10535.49218750,10537.82812500,10197.86523438,10246.18652344,10246.18652344,23788661867
2020-09-24,10248.78613281,10771.05664062,10231.49023438,10760.06640625,10760.06640625,47144380902
2020-09-25,10761.10937500,10777.69628906,10578.91406250,10692.71679688,10692.71679688,39348590957
2020-09-26,10695.57519531,10772.99902344,10667.28125000,10750.72363281,10750.72363281,46852525493
2020-09-27,10746.89257812,10803.97656250,10622.92187500,10775.26953125,10775.26953125,53745972818
2020-09-28,10776.61328125,10945.34765625,10703.89355469,10709.65234375,10709.65234375,47762394731
2020-09-29,10709.65039062,10860.00097656,10649.49511719,10844.64062500,10844.64062500,46582396602
2020-09-30,10843.87109375,10847.25683594,10669.32128906,10784.49121094,10784.49121094,44171073700
2020-10-01,10795.25488281,10933.62402344,10472.35644531,10619.45214844,10619.45214844,40023134100
2020-10-02,10619.82128906,10657.83789062,10416.68945312,10575.97460938,10575.97460938,48661453918
2020-10-03,10575.10058594,10598.94042969,10511.12988281,10549.32910156,10549.32910156,44660271563
2020-10-04,10550.44042969,10686.00000000,10534.39160156,10669.58300781,10669.58300781,71251776995
2020-10-05,10676.52929688,10793.50781250,10634.60058594,10793.33984375,10793.33984375,47537578009
2020-10-06,10796.30664062,10797.57812500,10528.89062500,10604.40625000,10604.40625000,42623695307
2020-10-07,10603.35546875,10680.50781250,10562.50683594,10668.96875000,10668.96875000,37799458436
2020-10-08,10669.37109375,10945.73730469,10562.60644531,10915.68554688,10915.68554688,63314794397
2020-10-09,10927.91308594,11102.67187500,10846.85058594,11064.45800781,11064.45800781,22799117613
2020-10-10,11059.14257812,11442.21093750,11056.94042969,11296.36132812,11296.36132812,22877978588
2020-10-11,11296.08203125,11428.81347656,11288.62792969,11384.18164062,11384.18164062,19968627060
2020-10-12,11392.63574219,11698.46777344,11240.68652344,11555.36328125,11555.36328125,26163972642
2020-10-13,11548.71972656,11548.98437500,11321.22460938,11425.89941406,11425.89941406,24241420251
2020-10-14,11429.04785156,11539.97753906,11307.83105469,11429.50683594,11429.50683594,24103426719
2020-10-15,11426.60253906,11569.91406250,11303.60351562,11495.34960938,11495.34960938,24487233058
2020-10-16,11502.82812500,11540.06152344,11223.01269531,11322.12304688,11322.12304688,25635480772
2020-10-17,11322.12304688,11386.26171875,11285.34570312,11358.10156250,11358.10156250,19130430174
2020-10-18,11355.98242188,11483.35937500,11347.57812500,11483.35937500,11483.35937500,18283314340
2020-10-19,11495.03808594,11799.09277344,11408.29003906,11742.03710938,11742.03710938,23860769928
2020-10-20,11745.97460938,11999.91796875,11681.48046875,11916.33496094,11916.33496094,30915821592
2020-10-21,11913.07714844,13184.56640625,11900.92871094,12823.68945312,12823.68945312,43414712626
2020-10-22,12801.63574219,13161.59375000,12717.09375000,12965.89160156,12965.89160156,34729759598
2020-10-23,12971.54882812,13015.96191406,12752.64746094,12931.53906250,12931.53906250,28974975003
2020-10-24,12931.57421875,13145.06640625,12885.74707031,13108.06250000,13108.06250000,24542317940
2020-10-25,13108.06347656,13329.18359375,12910.06152344,13031.17382812,13031.17382812,24406920575
2020-10-26,13031.20117188,13225.29785156,12822.38281250,13075.24804688,13075.24804688,29461458313
2020-10-27,13075.24218750,13759.66894531,13060.83789062,13654.21875000,13654.21875000,33749878156
2020-10-28,13654.21484375,13837.69531250,12932.25097656,13271.28515625,13271.28515625,35867318895
2020-10-29,13271.29882812,13612.04785156,12980.05957031,13437.88281250,13437.88281250,56499499598
2020-10-30,13437.87402344,13651.51660156,13136.19824219,13546.52246094,13546.52246094,30581485201
2020-10-31,13546.53222656,14028.21386719,13457.53027344,13780.99511719,13780.99511719,30306464719
2020-11-01,13780.99511719,13862.03320312,13628.37792969,13737.10937500,13737.10937500,24453857900
2020-11-02,13737.03222656,13808.32324219,13243.16015625,13550.48925781,13550.48925781,30771455468
2020-11-03,13550.45117188,13984.98144531,13325.44140625,13950.30078125,13950.30078125,29869951617
2020-11-04,13950.48828125,14218.76660156,13580.47167969,14133.70703125,14133.70703125,35116364962
2020-11-05,14133.73339844,15706.40429688,14102.08886719,15579.84863281,15579.84863281,40856321439
2020-11-06,15579.72949219,15903.43750000,15226.83984375,15565.88085938,15565.88085938,39837841971
2020-11-07,15565.88085938,15737.09570312,14423.20312500,14833.75390625,14833.75390625,35024953706
2020-11-08,14833.75390625,15637.32031250,14744.11035156,15479.56738281,15479.56738281,26632075029
2020-11-09,15479.59570312,15785.13671875,14865.52929688,15332.31542969,15332.31542969,34149115566
2020-11-10,15332.35058594,15450.32910156,15124.95996094,15290.90234375,15290.90234375,25574938143
2020-11-11,15290.90917969,15916.26074219,15290.00683594,15701.33984375,15701.33984375,29772374934
2020-11-12,15701.29882812,16305.00390625,15534.77148438,16276.34375000,16276.34375000,34175758344
2020-11-13,16276.44042969,16463.17773438,15992.15234375,16317.80859375,16317.80859375,31599492172
2020-11-14,16317.80859375,16317.80859375,15749.19335938,16068.13867188,16068.13867188,27481710135
2020-11-15,16068.13964844,16123.11035156,15793.53417969,15955.58789062,15955.58789062,23653867583
2020-11-16,15955.57714844,16816.18164062,15880.70605469,16716.11132812,16716.11132812,31526766675
2020-11-17,16685.69140625,17782.91992188,16564.54492188,17645.40625000,17645.40625000,39006849170
2020-11-18,17645.19140625,18393.94921875,17352.90625000,17804.00585938,17804.00585938,49064800278
2020-11-19,17803.86132812,18119.54687500,17382.55468750,17817.08984375,17817.08984375,36985055355
2020-11-20,17817.08398438,18773.22656250,17765.79492188,18621.31445312,18621.31445312,36992873940
2020-11-21,18621.31640625,18936.62109375,18444.35937500,18642.23242188,18642.23242188,39650210707
2020-11-22,18642.23242188,18688.96875000,17671.38476562,18370.00195312,18370.00195312,41280434226
2020-11-23,18370.01757812,18711.42578125,18000.79687500,18364.12109375,18364.12109375,42741112308
2020-11-24,18365.01562500,19348.27148438,18128.65625000,19107.46484375,19107.46484375,51469565009
2020-11-25,19104.41015625,19390.96484375,18581.14648438,18732.12109375,18732.12109375,43710357371
2020-11-26,18729.83984375,18866.28515625,16351.03515625,17150.62304688,17150.62304688,61396835737
2020-11-27,17153.91406250,17445.02343750,16526.42382812,17108.40234375,17108.40234375,38886494645
2020-11-28,17112.93359375,17853.93945312,16910.65234375,17717.41406250,17717.41406250,32601040734
2020-11-29,17719.63476562,18283.62890625,17559.11718750,18177.48437500,18177.48437500,31133957704
2020-11-30,18178.32226562,19749.26367188,18178.32226562,19625.83593750,19625.83593750,47728480399
2020-12-01,19633.76953125,19845.97460938,18321.92187500,18802.99804688,18802.99804688,49633658712
2020-12-02,18801.74414062,19308.33007812,18347.71875000,19201.09179688,19201.09179688,37387697139
2020-12-03,19205.92578125,19566.19140625,18925.78515625,19445.39843750,19445.39843750,31930317405
2020-12-04,19446.96679688,19511.40429688,18697.19335938,18699.76562500,18699.76562500,33872388058
2020-12-05,18698.38476562,19160.44921875,18590.19335938,19154.23046875,19154.23046875,27242455064
2020-12-06,19154.17968750,19390.50000000,18897.89453125,19345.12109375,19345.12109375,25293775714
2020-12-07,19343.12890625,19411.82812500,18931.14257812,19191.63085938,19191.63085938,26896357742
2020-12-08,19191.52929688,19283.47851562,18269.94531250,18321.14453125,18321.14453125,31692288756
2020-12-09,18320.88476562,18626.29296875,17935.54687500,18553.91601562,18553.91601562,34420373071
2020-12-10,18553.29882812,18553.29882812,17957.06445312,18264.99218750,18264.99218750,25547132265
2020-12-11,18263.92968750,18268.45312500,17619.53320312,18058.90429688,18058.90429688,27919640985
2020-12-12,18051.32031250,18919.55078125,18046.04101562,18803.65625000,18803.65625000,21752580802
2020-12-13,18806.76562500,19381.53515625,18734.33203125,19142.38281250,19142.38281250,25450468637
2020-12-14,19144.49218750,19305.09960938,19012.70898438,19246.64453125,19246.64453125,22473997681
2020-12-15,19246.91992188,19525.00781250,19079.84179688,19417.07617188,19417.07617188,26741982541
2020-12-16,19418.81835938,21458.90820312,19298.31640625,21310.59765625,21310.59765625,44409011479
2020-12-17,21308.35156250,23642.66015625,21234.67578125,22805.16210938,22805.16210938,71378606374
2020-12-18,22806.79687500,23238.60156250,22399.81250000,23137.96093750,23137.96093750,40387896275
2020-12-19,23132.86523438,24085.85546875,22826.47265625,23869.83203125,23869.83203125,38487546580
2020-12-20,23861.76562500,24209.66015625,23147.71093750,23477.29492188,23477.29492188,37844228422
2020-12-21,23474.45507812,24059.98242188,22159.36718750,22803.08203125,22803.08203125,45852713981
2020-12-22,22794.03906250,23789.90234375,22430.60546875,23783.02929688,23783.02929688,44171632681
2020-12-23,23781.97460938,24024.49023438,22802.64648438,23241.34570312,23241.34570312,51146161904
2020-12-24,23240.20312500,23768.33789062,22777.59765625,23735.94921875,23735.94921875,41080759713
2020-12-25,23733.57031250,24710.10156250,23463.67382812,24664.79101562,24664.79101562,42068395846
2020-12-26,24677.01562500,26718.07031250,24522.68945312,26437.03710938,26437.03710938,48332647295
2020-12-27,26439.37304688,28288.83984375,25922.76953125,26272.29492188,26272.29492188,66479895605
2020-12-28,26280.82226562,27389.11132812,26207.64062500,27084.80859375,27084.80859375,49056742893
2020-12-29,27081.81054688,27370.72070312,25987.29882812,27362.43750000,27362.43750000,45265946774
2020-12-30,27360.08984375,28937.74023438,27360.08984375,28840.95312500,28840.95312500,51287442704
2020-12-31,28841.57421875,29244.87695312,28201.99218750,29001.72070312,29001.72070312,46754964848
2021-01-01,28994.00976562,29600.62695312,28803.58593750,29374.15234375,29374.15234375,40730301359
2021-01-02,29376.45507812,33155.11718750,29091.18164062,32127.26757812,32127.26757812,67865420765
2021-01-03,32129.40820312,34608.55859375,32052.31640625,32782.02343750,32782.02343750,78665235202
2021-01-04,32810.94921875,33440.21875000,28722.75585938,31971.91406250,31971.91406250,81163475344
2021-01-05,31977.04101562,34437.58984375,30221.18750000,33992.42968750,33992.42968750,67547324782
2021-01-06,34013.61328125,36879.69921875,33514.03515625,36824.36328125,36824.36328125,75289433811
2021-01-07,36833.87500000,40180.36718750,36491.19140625,39371.04296875,39371.04296875,84762141031
2021-01-08,39381.76562500,41946.73828125,36838.63671875,40797.60937500,40797.60937500,88107519480
2021-01-09,40788.64062500,41436.35156250,38980.87500000,40254.54687500,40254.54687500,61984162837
2021-01-10,40254.21875000,41420.19140625,35984.62890625,38356.44140625,38356.44140625,79980747690
2021-01-11,38346.53125000,38346.53125000,30549.59960938,35566.65625000,35566.65625000,123320567399
2021-01-12,35516.35937500,36568.52734375,32697.97656250,33922.96093750,33922.96093750,74773277909
2021-01-13,33915.12109375,37599.96093750,32584.66796875,37316.35937500,37316.35937500,69364315979
2021-01-14,37325.10937500,39966.40625000,36868.56250000,39187.32812500,39187.32812500,63615990033
2021-01-15,39156.70703125,39577.71093750,34659.58984375,36825.36718750,36825.36718750,67760757881
2021-01-16,36821.64843750,37864.36718750,35633.55468750,36178.14062500,36178.14062500,57706187875
2021-01-17,36163.64843750,36722.35156250,34069.32031250,35791.27734375,35791.27734375,52359854336
2021-01-18,35792.23828125,37299.28515625,34883.84375000,36630.07421875,36630.07421875,49511702429
2021-01-19,36642.23437500,37755.89062500,36069.80468750,36069.80468750,36069.80468750,57244195486
2021-01-20,36050.11328125,36378.32812500,33570.47656250,35547.75000000,35547.75000000,66834573161
2021-01-21,35549.39843750,35552.67968750,30250.75000000,30825.69921875,30825.69921875,75643067688
2021-01-22,30817.62500000,33811.85156250,28953.37304688,33005.76171875,33005.76171875,77207272511
2021-01-23,32985.75781250,33360.97656250,31493.16015625,32067.64257812,32067.64257812,48354737975
2021-01-24,32064.37695312,32944.00781250,31106.68554688,32289.37890625,32289.37890625,48643830599
2021-01-25,32285.79882812,34802.74218750,32087.78710938,32366.39257812,32366.39257812,59897054838
2021-01-26,32358.61328125,32794.55078125,31030.26562500,32569.84960938,32569.84960938,60255421470
2021-01-27,32564.02929688,32564.02929688,29367.13867188,30432.54687500,30432.54687500,62576762015
2021-01-28,30441.04101562,33858.31250000,30023.20703125,33466.09765625,33466.09765625,76517157706
2021-01-29,34318.67187500,38406.26171875,32064.81445312,34316.38671875,34316.38671875,117894572511
2021-01-30,34295.93359375,34834.70703125,32940.18750000,34269.52343750,34269.52343750,65141828798
2021-01-31,34270.87890625,34288.33203125,32270.17578125,33114.35937500,33114.35937500,52754542671
2021-02-01,33114.57812500,34638.21484375,32384.22851562,33537.17578125,33537.17578125,61400400660
2021-02-02,33533.19921875,35896.88281250,33489.21875000,35510.28906250,35510.28906250,63088585433
2021-02-03,35510.82031250,37480.18750000,35443.98437500,37472.08984375,37472.08984375,61166818159
2021-02-04,37475.10546875,38592.17578125,36317.50000000,36926.06640625,36926.06640625,68838074392
2021-02-05,36931.54687500,38225.90625000,36658.76171875,38144.30859375,38144.30859375,58598066402
2021-02-06,38138.38671875,40846.54687500,38138.38671875,39266.01171875,39266.01171875,71326033653
2021-02-07,39250.19140625,39621.83593750,37446.15234375,38903.44140625,38903.44140625,65500641143
2021-02-08,38886.82812500,46203.92968750,38076.32421875,46196.46484375,46196.46484375,101467222687
2021-02-09,46184.99218750,48003.72265625,45166.96093750,46481.10546875,46481.10546875,91809846886
2021-02-10,46469.76171875,47145.56640625,43881.15234375,44918.18359375,44918.18359375,87301089896
2021-02-11,44898.71093750,48463.46875000,44187.76171875,47909.33203125,47909.33203125,81388911810
2021-02-12,47877.03515625,48745.73437500,46424.97656250,47504.85156250,47504.85156250,76555041196
2021-02-13,47491.20312500,48047.74609375,46392.28125000,47105.51562500,47105.51562500,70250456155
2021-02-14,47114.50781250,49487.64062500,47114.50781250,48717.28906250,48717.28906250,71248675228
2021-02-15,48696.53515625,48875.57031250,46347.47656250,47945.05859375,47945.05859375,77069903166
2021-02-16,47944.45703125,50341.10156250,47201.30468750,49199.87109375,49199.87109375,77049582886
2021-02-17,49207.27734375,52533.91406250,49072.37890625,52149.00781250,52149.00781250,80820545404
2021-02-18,52140.97265625,52474.10546875,51015.76562500,51679.79687500,51679.79687500,52054723579
2021-02-19,51675.98046875,56113.65234375,50937.27734375,55888.13281250,55888.13281250,63495496918
2021-02-20,55887.33593750,57505.22656250,54626.55859375,56099.51953125,56099.51953125,68145460026
2021-02-21,56068.56640625,58330.57031250,55672.60937500,57539.94531250,57539.94531250,51897585191
2021-02-22,57532.73828125,57533.39062500,48967.56640625,54207.32031250,54207.32031250,92052420332
2021-02-23,54204.92968750,54204.92968750,45290.58984375,48824.42578125,48824.42578125,106102492824
2021-02-24,48835.08593750,51290.13671875,47213.50000000,49705.33203125,49705.33203125,63695521388
2021-02-25,49709.08203125,51948.96875000,47093.85156250,47093.85156250,47093.85156250,54506565949
2021-02-26,47180.46484375,48370.78515625,44454.84375000,46339.76171875,46339.76171875,350967941479
2021-02-27,46344.77343750,48253.26953125,45269.02734375,46188.45312500,46188.45312500,45910946382
2021-02-28,46194.01562500,46716.42968750,43241.61718750,45137.76953125,45137.76953125,53443887451
2021-03-01,45159.50390625,49784.01562500,45115.09375000,49631.24218750,49631.24218750,53891300112
2021-03-02,49612.10546875,50127.51171875,47228.84375000,48378.98828125,48378.98828125,47530897720
2021-03-03,48415.81640625,52535.13671875,48274.32031250,50538.24218750,50538.24218750,53220811975
2021-03-04,50522.30468750,51735.08984375,47656.92968750,48561.16796875,48561.16796875,52343816680
2021-03-05,48527.03125000,49396.42968750,46542.51562500,48927.30468750,48927.30468750,48625928883
2021-03-06,48899.23046875,49147.21875000,47257.52734375,48912.38281250,48912.38281250,34363564661
2021-03-07,48918.67968750,51384.36718750,48918.67968750,51206.69140625,51206.69140625,43137459378
2021-03-08,51174.11718750,52314.07031250,49506.05468750,52246.52343750,52246.52343750,48597428048
2021-03-09,52272.96875000,54824.11718750,51981.83203125,54824.11718750,54824.11718750,50912227385
2021-03-10,54824.01171875,57258.25390625,53290.89062500,56008.55078125,56008.55078125,57295577614
2021-03-11,55963.17968750,58091.06250000,54484.59375000,57805.12109375,57805.12109375,56772343595
2021-03-12,57821.21875000,57996.62109375,55376.64843750,57332.08984375,57332.08984375,55689944702
2021-03-13,57343.37109375,61683.86328125,56217.97265625,61243.08593750,61243.08593750,60669829814
2021-03-14,61221.13281250,61597.91796875,59302.31640625,59302.31640625,59302.31640625,43901225564
2021-03-15,59267.42968750,60540.99218750,55393.16406250,55907.19921875,55907.19921875,66419369890
2021-03-16,55840.78515625,56833.17968750,53555.02734375,56804.90234375,56804.90234375,59749798599
2021-03-17,56825.82812500,58969.81640625,54528.62890625,58870.89453125,58870.89453125,60258313191
2021-03-18,58893.07812500,60116.25000000,54253.57812500,57858.92187500,57858.92187500,55746041000
2021-03-19,57850.44140625,59498.37500000,56643.70312500,58346.65234375,58346.65234375,49063873786
2021-03-20,58332.26171875,60031.28515625,58213.29687500,58313.64453125,58313.64453125,50361731222
2021-03-21,58309.91406250,58767.89843750,56005.61718750,57523.42187500,57523.42187500,51943414539
2021-03-22,57517.89062500,58471.48046875,54288.15625000,54529.14453125,54529.14453125,56521454974
2021-03-23,54511.66015625,55985.44140625,53470.69531250,54738.94531250,54738.94531250,56435023914
2021-03-24,54710.48828125,57262.38281250,52514.33203125,52774.26562500,52774.26562500,70567223787
2021-03-25,52726.74609375,53392.38671875,50856.57031250,51704.16015625,51704.16015625,67999812841
2021-03-26,51683.01171875,55137.31250000,51579.85546875,55137.31250000,55137.31250000,56652197978
2021-03-27,55137.56640625,56568.21484375,54242.91015625,55973.51171875,55973.51171875,47266542233
2021-03-28,55974.94140625,56610.31250000,55071.11328125,55950.74609375,55950.74609375,47686580918
2021-03-29,55947.89843750,58342.09765625,55139.33984375,57750.19921875,57750.19921875,57625587027
2021-03-30,57750.13281250,59447.22265625,57251.55078125,58917.69140625,58917.69140625,54414116432
2021-03-31,58930.27734375,59930.02734375,57726.41796875,58918.83203125,58918.83203125,65520826225
2021-04-01,58926.56250000,59586.07031250,58505.27734375,59095.80859375,59095.80859375,61669163792
2021-04-02,59098.87890625,60267.18750000,58869.28125000,59384.31250000,59384.31250000,58727860620
2021-04-03,59397.41015625,60110.26953125,57603.89062500,57603.89062500,57603.89062500,59641344484
2021-04-04,57604.83984375,58913.74609375,57168.67578125,58758.55468750,58758.55468750,50749662970
2021-04-05,58760.87500000,59891.29687500,57694.82421875,59057.87890625,59057.87890625,60706272115
2021-04-06,59171.93359375,59479.57812500,57646.80859375,58192.35937500,58192.35937500,66058027988
2021-04-07,58186.50781250,58731.14453125,55604.02343750,56048.93750000,56048.93750000,75645303584
2021-04-08,56099.91406250,58338.73828125,55879.08593750,58323.95312500,58323.95312500,53053855641
2021-04-09,58326.56250000,58937.04687500,57807.86328125,58245.00390625,58245.00390625,46655208546
2021-04-10,58253.77734375,61276.66406250,58038.70703125,59793.23437500,59793.23437500,58238470525
2021-04-11,59846.23046875,60790.55468750,59289.79687500,60204.96484375,60204.96484375,46280252580
2021-04-12,60175.94531250,61253.03515625,59589.87500000,59893.45312500,59893.45312500,51828688519
2021-04-13,59890.01953125,63742.28515625,59869.95703125,63503.45703125,63503.45703125,69983454362
2021-04-14,63523.75390625,64863.09765625,61554.79687500,63109.69531250,63109.69531250,77451779687
2021-04-15,63075.19531250,63821.67187500,62208.96484375,63314.01171875,63314.01171875,60954381579
2021-04-16,63258.50390625,63594.72265625,60222.53125000,61572.78906250,61572.78906250,84293007468
2021-04-17,61529.92187500,62572.17578125,60361.35156250,60683.82031250,60683.82031250,66138759198
2021-04-18,60701.88671875,61057.45703125,52829.53515625,56216.18359375,56216.18359375,97468872758
2021-04-19,56191.58593750,57520.05468750,54368.59375000,55724.26562500,55724.26562500,65344865159
2021-04-20,55681.79296875,57062.14843750,53448.04687500,56473.03125000,56473.03125000,67849323955
2021-04-21,56471.12890625,56757.97265625,53695.46875000,53906.08984375,53906.08984375,54926612466
2021-04-22,53857.10546875,55410.23046875,50583.81250000,51762.27343750,51762.27343750,74798630778
2021-04-23,51739.80859375,52120.79296875,47714.66406250,51093.65234375,51093.65234375,86668667320
2021-04-24,51143.22656250,51167.56250000,48805.28515625,50050.86718750,50050.86718750,49014494781
2021-04-25,50052.83203125,50506.01953125,47159.48437500,49004.25390625,49004.25390625,46117114240
2021-04-26,49077.79296875,54288.00390625,48852.79687500,54021.75390625,54021.75390625,58284039825
2021-04-27,54030.30468750,55416.96484375,53319.18750000,55033.11718750,55033.11718750,49448222757
2021-04-28,55036.63671875,56227.20703125,53887.91796875,54824.70312500,54824.70312500,48000572955
2021-04-29,54858.08984375,55115.84375000,52418.02734375,53555.10937500,53555.10937500,46088929780
2021-04-30,53568.66406250,57900.71875000,53129.60156250,57750.17578125,57750.17578125,52395931985
2021-05-01,57714.66406250,58448.33984375,57052.27343750,57828.05078125,57828.05078125,42836427360
2021-05-02,57825.86328125,57902.59375000,56141.90625000,56631.07812500,56631.07812500,38177405335
2021-05-03,56620.27343750,58973.30859375,56590.87109375,57200.29296875,57200.29296875,51713139031
2021-05-04,57214.17968750,57214.17968750,53191.42578125,53333.53906250,53333.53906250,68564706967
2021-05-05,53252.16406250,57911.36328125,52969.05468750,57424.00781250,57424.00781250,69241316747
2021-05-06,57441.30859375,58363.31640625,55382.50781250,56396.51562500,56396.51562500,69523285106
2021-05-07,56413.95312500,58606.63281250,55321.84765625,57356.40234375,57356.40234375,68434023376
2021-05-08,57352.76562500,59464.61328125,56975.21093750,58803.77734375,58803.77734375,65382980634
2021-05-09,58877.39062500,59210.88281250,56482.00390625,58232.31640625,58232.31640625,65906690347
2021-05-10,58250.87109375,59519.35546875,54071.45703125,55859.79687500,55859.79687500,71776546298
2021-05-11,55847.24218750,56872.54296875,54608.65234375,56704.57421875,56704.57421875,61308396325
2021-05-12,56714.53125000,57939.36328125,49150.53515625,49150.53515625,49150.53515625,75215403907
2021-05-13,49735.43359375,51330.84375000,46980.01953125,49716.19140625,49716.19140625,96721152926
2021-05-14,49682.98046875,51438.11718750,48868.57812500,49880.53515625,49880.53515625,55737497453
2021-05-15,49855.49609375,50639.66406250,46664.14062500,46760.18750000,46760.18750000,59161047474
2021-05-16,46716.63671875,49720.04296875,43963.35156250,46456.05859375,46456.05859375,64047871555
2021-05-17,46415.89843750,46623.55859375,42207.28906250,43537.51171875,43537.51171875,74903638450
2021-05-18,43488.05859375,45812.45703125,42367.83203125,42909.40234375,42909.40234375,56187365084
2021-05-19,42944.97656250,43546.11718750,30681.49609375,37002.44140625,37002.44140625,126358098747
2021-05-20,36753.66796875,42462.98437500,35050.61718750,40782.73828125,40782.73828125,88281943359
2021-05-21,40596.94921875,42172.17187500,33616.45312500,37304.69140625,37304.69140625,82051616861
2021-05-22,37371.03125000,38831.05468750,35383.68359375,37536.63281250,37536.63281250,57377273240
2021-05-23,37531.44921875,38289.21875000,31227.33984375,34770.58203125,34770.58203125,78469274361
2021-05-24,34700.36328125,39835.14062500,34551.08203125,38705.98046875,38705.98046875,67359584098
2021-05-25,38795.78125000,39776.35156250,36581.42968750,38402.22265625,38402.22265625,56211915803
2021-05-26,38392.62500000,40782.07812500,37905.83593750,39294.19921875,39294.19921875,51346735160
2021-05-27,39316.89062500,40379.61718750,37247.90234375,38436.96875000,38436.96875000,43210968721
2021-05-28,38507.08203125,38856.96875000,34779.03906250,35697.60546875,35697.60546875,55200191952
2021-05-29,35684.15625000,37234.50000000,33693.92968750,34616.06640625,34616.06640625,45231013335
2021-05-30,34607.40625000,36400.66796875,33520.73828125,35678.12890625,35678.12890625,31646080921
2021-05-31,35658.59375000,37468.25000000,34241.94531250,37332.85546875,37332.85546875,39009847639
2021-06-01,37293.79296875,37896.73437500,35787.08593750,36684.92578125,36684.92578125,34639423297
2021-06-02,36699.92187500,38231.33984375,35966.30859375,37575.17968750,37575.17968750,33070867190
2021-06-03,37599.41015625,39478.95312500,37243.97265625,39208.76562500,39208.76562500,35460750427
2021-06-04,39242.48437500,39242.48437500,35717.72265625,36894.40625000,36894.40625000,41831090187
2021-06-05,36880.15625000,37917.71484375,34900.41406250,35551.95703125,35551.95703125,35959473399
2021-06-06,35538.60937500,36436.42187500,35304.57812500,35862.37890625,35862.37890625,28913440585
2021-06-07,35835.26562500,36790.57031250,33480.64062500,33560.70703125,33560.70703125,33683936663
2021-06-08,33589.51953125,34017.38671875,31114.44335938,33472.63281250,33472.63281250,49902050442
2021-06-09,33416.97656250,37537.37109375,32475.86523438,37345.12109375,37345.12109375,53972919008
2021-06-10,37389.51562500,38334.32421875,35847.59375000,36702.59765625,36702.59765625,43576032854
2021-06-11,36697.03125000,37608.69531250,36044.44921875,37334.39843750,37334.39843750,38699736985
2021-06-12,37340.14453125,37408.92578125,34728.19140625,35552.51562500,35552.51562500,37924228550
2021-06-13,35555.78906250,39322.78125000,34864.10937500,39097.85937500,39097.85937500,40669112838
2021-06-14,39016.96875000,40978.36328125,38757.28515625,40218.47656250,40218.47656250,43148914673
2021-06-15,40427.16796875,41295.26953125,39609.46875000,40406.26953125,40406.26953125,46420149185
2021-06-16,40168.69140625,40516.77734375,38176.03515625,38347.06250000,38347.06250000,39211635100
2021-06-17,38341.42187500,39513.67187500,37439.67578125,38053.50390625,38053.50390625,37096670047
2021-06-18,38099.47656250,38187.26171875,35255.85546875,35787.24609375,35787.24609375,36200887275
2021-06-19,35854.52734375,36457.79687500,34933.06250000,35615.87109375,35615.87109375,31207279719
2021-06-20,35563.14062500,36059.48437500,33432.07421875,35698.29687500,35698.29687500,36664034054
2021-06-21,35641.14453125,35721.64062500,31295.93554688,31676.69335938,31676.69335938,52809038594
2021-06-22,31622.37695312,33292.45312500,28893.62109375,32505.66015625,32505.66015625,58964353058
2021-06-23,32515.71484375,34753.41015625,31772.63281250,33723.02734375,33723.02734375,46317108925
2021-06-24,33682.80078125,35228.85156250,32385.21484375,34662.43750000,34662.43750000,33123368116
2021-06-25,34659.10546875,35487.24609375,31350.88476562,31637.77929688,31637.77929688,40230904226
2021-06-26,31594.66406250,32637.58789062,30184.50195312,32186.27734375,32186.27734375,38585385521
2021-06-27,32287.52343750,34656.12890625,32071.75781250,34649.64453125,34649.64453125,35511640894
2021-06-28,34679.12109375,35219.89062500,33902.07421875,34434.33593750,34434.33593750,33892523752
2021-06-29,34475.55859375,36542.10937500,34252.48437500,35867.77734375,35867.77734375,37901460044
2021-06-30,35908.38671875,36074.75781250,34086.15234375,35040.83593750,35040.83593750,34059036099
2021-07-01,35035.98437500,35035.98437500,32883.78125000,33572.11718750,33572.11718750,37838957079
2021-07-02,33549.60156250,33939.58984375,32770.67968750,33897.04687500,33897.04687500,38728974942
2021-07-03,33854.42187500,34909.26171875,33402.69531250,34668.54687500,34668.54687500,24383958643
2021-07-04,34665.56640625,35937.56640625,34396.47656250,35287.78125000,35287.78125000,24924307911
2021-07-05,35284.34375000,35284.34375000,33213.66015625,33746.00390625,33746.00390625,26721554282
2021-07-06,33723.50781250,35038.53515625,33599.91796875,34235.19531250,34235.19531250,26501259870
2021-07-07,34225.67968750,34997.66406250,33839.28906250,33855.32812500,33855.32812500,24796027477
2021-07-08,33889.60546875,33907.90625000,32133.18359375,32877.37109375,32877.37109375,29910396946
2021-07-09,32861.67187500,34042.29296875,32318.88085938,33798.01171875,33798.01171875,27436021028
2021-07-10,33811.24218750,34209.07031250,33116.01171875,33520.51953125,33520.51953125,22971873468
2021-07-11,33509.07812500,34584.70312500,33346.73828125,34240.18750000,34240.18750000,20108729370
2021-07-12,34254.01562500,34592.15625000,32697.30859375,33155.84765625,33155.84765625,24321499537
2021-07-13,33125.46875000,33327.10156250,32261.41992188,32702.02539062,32702.02539062,19120856669
2021-07-14,32723.84570312,33061.39843750,31639.12500000,32822.34765625,32822.34765625,21376531210
2021-07-15,32827.87500000,33159.64062500,31175.70898438,31780.73046875,31780.73046875,21300524237
2021-07-16,31841.55078125,32218.40625000,31100.67382812,31421.53906250,31421.53906250,23699476918
2021-07-17,31397.30859375,31935.94531250,31223.99023438,31533.06835938,31533.06835938,18895018942
2021-07-18,31533.88476562,32398.99609375,31215.49218750,31796.81054688,31796.81054688,18787986667
2021-07-19,31800.01171875,31885.85937500,30563.73437500,30817.83203125,30817.83203125,20434789545
2021-07-20,30838.28515625,31006.18750000,29360.95507812,29807.34765625,29807.34765625,23148267245
2021-07-21,29796.28515625,32752.32617188,29526.18359375,32110.69335938,32110.69335938,28203024559
2021-07-22,32138.87304688,32576.40039062,31745.29882812,32313.10546875,32313.10546875,19555230518
2021-07-23,32305.95898438,33581.55078125,32057.89257812,33581.55078125,33581.55078125,22552046192
2021-07-24,33593.73046875,34490.39062500,33424.85937500,34292.44531250,34292.44531250,21664706865
2021-07-25,34290.29296875,35364.92578125,33881.83593750,35350.18750000,35350.18750000,20856685287
2021-07-26,35384.03125000,40499.67578125,35287.31250000,37337.53515625,37337.53515625,51022126212
2021-07-27,37276.03515625,39406.94140625,36441.72656250,39406.94140625,39406.94140625,35097370560
2021-07-28,39503.18750000,40816.07031250,38862.43750000,39995.90625000,39995.90625000,38702404695
2021-07-29,39995.45312500,40593.07031250,39352.05859375,40008.42187500,40008.42187500,27167146027
2021-07-30,40027.48437500,42235.54687500,38397.35546875,42235.54687500,42235.54687500,33072782960
2021-07-31,42196.30468750,42231.44921875,41110.83203125,41626.19531250,41626.19531250,25802845343
2021-08-01,41460.84375000,42541.67968750,39540.94140625,39974.89453125,39974.89453125,26688438115
2021-08-02,39907.26171875,40419.17968750,38746.34765625,39201.94531250,39201.94531250,25595265436
2021-08-03,39178.40234375,39750.03125000,37782.05078125,38152.98046875,38152.98046875,26189830450
2021-08-04,38213.33203125,39952.29687500,37589.16406250,39747.50390625,39747.50390625,25372562724
2021-08-05,39744.51562500,41341.93359375,37458.00390625,40869.55468750,40869.55468750,35185031017
2021-08-06,40865.86718750,43271.66015625,39932.17968750,42816.50000000,42816.50000000,38226483046
2021-08-07,42832.79687500,44689.85937500,42618.56640625,44555.80078125,44555.80078125,40030862141
2021-08-08,44574.43750000,45282.35156250,43331.91015625,43798.11718750,43798.11718750,36302664750
2021-08-09,43791.92578125,46456.83203125,42848.68750000,46365.40234375,46365.40234375,38734079049
2021-08-10,46280.84765625,46637.98828125,44705.55468750,45585.03125000,45585.03125000,33546019517
2021-08-11,45599.70312500,46735.63281250,45351.71093750,45593.63671875,45593.63671875,34319709073
2021-08-12,45576.87890625,46228.91015625,43861.44531250,44428.28906250,44428.28906250,33723620826
2021-08-13,44439.69140625,47831.97656250,44282.41796875,47793.32031250,47793.32031250,31744259539
2021-08-14,47810.68750000,48098.68359375,46177.63281250,47096.94531250,47096.94531250,31211354442
2021-08-15,47096.66796875,47357.10546875,45579.58984375,47047.00390625,47047.00390625,30988958446
2021-08-16,47019.96093750,47998.09765625,45700.32031250,46004.48437500,46004.48437500,32776876610
2021-08-17,45936.45703125,47139.57031250,44512.41796875,44695.35937500,44695.35937500,33451362600
2021-08-18,44686.75000000,45952.06250000,44364.02734375,44801.18750000,44801.18750000,32194123075
2021-08-19,44741.88281250,46970.76171875,43998.31640625,46717.57812500,46717.57812500,37204312299
2021-08-20,46723.12109375,49342.15234375,46650.70703125,49339.17578125,49339.17578125,34706867452
2021-08-21,49327.07421875,49717.01953125,48312.19921875,48905.49218750,48905.49218750,40585205312
2021-08-22,48869.10546875,49471.60937500,48199.94140625,49321.65234375,49321.65234375,25370975378
2021-08-23,49291.67578125,50482.07812500,49074.60546875,49546.14843750,49546.14843750,34305053719
2021-08-24,49562.34765625,49878.76953125,47687.11718750,47706.11718750,47706.11718750,35361168834
2021-08-25,47727.25781250,49202.87890625,47163.61328125,48960.78906250,48960.78906250,32646349931
2021-08-26,49002.64062500,49347.58203125,46405.78125000,46942.21875000,46942.21875000,32666549568
2021-08-27,46894.55468750,49112.78515625,46394.28125000,49058.66796875,49058.66796875,34511076995
2021-08-28,49072.58593750,49283.50390625,48499.23828125,48902.40234375,48902.40234375,28568103401
2021-08-29,48911.25000000,49644.11328125,47925.85546875,48829.83203125,48829.83203125,25889650240
2021-08-30,48834.85156250,48925.60546875,46950.27343750,47054.98437500,47054.98437500,31847007016
2021-08-31,47024.33984375,48189.55078125,46750.09375000,47166.68750000,47166.68750000,34730363427
2021-09-01,47099.77343750,49111.08984375,46562.43750000,48847.02734375,48847.02734375,39139399125
2021-09-02,48807.84765625,50343.42187500,48652.32031250,49327.72265625,49327.72265625,39508070319
2021-09-03,49288.25000000,50982.27343750,48386.08593750,50025.37500000,50025.37500000,43206179619
2021-09-04,50009.32421875,50545.58203125,49548.78125000,49944.62500000,49944.62500000,37471327794
2021-09-05,49937.85937500,51868.67968750,49538.59765625,51753.41015625,51753.41015625,30322676319
2021-09-06,51769.00390625,52700.94140625,51053.67968750,52633.53515625,52633.53515625,38884105426
2021-09-07,52660.48046875,52853.76562500,43285.20703125,46811.12890625,46811.12890625,65210059683
2021-09-08,46827.76171875,47334.05468750,44561.39453125,46091.39062500,46091.39062500,49007762488
2021-09-09,45774.74218750,47261.94921875,45669.73828125,46391.42187500,46391.42187500,38672657013
2021-09-10,46396.66406250,47031.74218750,44344.48437500,44883.91015625,44883.91015625,39154666597
2021-09-11,44869.83984375,45969.29296875,44818.26562500,45201.45703125,45201.45703125,34499835245
2021-09-12,45206.62890625,46364.87890625,44790.46093750,46063.26953125,46063.26953125,27881980161
2021-09-13,46057.21484375,46598.67968750,43591.32031250,44963.07421875,44963.07421875,40969943253
2021-09-14,44960.05078125,47218.12500000,44752.33203125,47092.49218750,47092.49218750,38652152880
2021-09-15,47098.00000000,48450.46875000,46773.32812500,48176.34765625,48176.34765625,30484496466
2021-09-16,48158.90625000,48486.82812500,47079.55859375,47783.35937500,47783.35937500,31764293754
2021-09-17,47771.00390625,48160.92187500,46832.52343750,47267.51953125,47267.51953125,28727713711
2021-09-18,47273.52734375,48791.78125000,47087.28515625,48278.36328125,48278.36328125,28575630451
2021-09-19,48268.85546875,48328.36718750,46919.80468750,47260.21875000,47260.21875000,26967722648
2021-09-20,47261.40625000,47328.19921875,42598.91406250,42843.80078125,42843.80078125,43909845642
2021-09-21,43012.23437500,43607.60937500,39787.60937500,40693.67578125,40693.67578125,48701090088
2021-09-22,40677.95312500,43978.62109375,40625.63281250,43574.50781250,43574.50781250,38139709246
2021-09-23,43560.29687500,44942.17578125,43109.33984375,44895.09765625,44895.09765625,34244064430
2021-09-24,44894.30078125,45080.49218750,40936.55859375,42839.75000000,42839.75000000,42839345714
2021-09-25,42840.89062500,42996.25781250,41759.92187500,42716.59375000,42716.59375000,31604717236
2021-09-26,42721.62890625,43919.30078125,40848.46093750,43208.53906250,43208.53906250,30661222077
2021-09-27,43234.18359375,44313.24609375,42190.63281250,42235.73046875,42235.73046875,30980029059
2021-09-28,42200.89843750,42775.14453125,40931.66406250,41034.54296875,41034.54296875,30214940550
2021-09-29,41064.98437500,42545.25781250,40829.66796875,41564.36328125,41564.36328125,30602359905
2021-09-30,41551.26953125,44092.60156250,41444.58203125,43790.89453125,43790.89453125,31141681925
2021-10-01,43816.74218750,48436.01171875,43320.02343750,48116.94140625,48116.94140625,42850641582
2021-10-02,48137.46875000,48282.06250000,47465.49609375,47711.48828125,47711.48828125,30614346492
2021-10-03,47680.02734375,49130.69140625,47157.28906250,48199.95312500,48199.95312500,26638115879
2021-10-04,48208.90625000,49456.77734375,47045.00390625,49112.90234375,49112.90234375,33383173002
2021-10-05,49174.96093750,51839.98437500,49072.83984375,51514.81250000,51514.81250000,35873904236
2021-10-06,51486.66406250,55568.46484375,50488.19140625,55361.44921875,55361.44921875,49034730168
2021-10-07,55338.62500000,55338.62500000,53525.46875000,53805.98437500,53805.98437500,36807860413
2021-10-08,53802.14453125,55922.98046875,53688.05468750,53967.84765625,53967.84765625,34800873924
2021-10-09,53929.78125000,55397.94531250,53735.14453125,54968.22265625,54968.22265625,32491211414
2021-10-10,54952.82031250,56401.30468750,54264.25781250,54771.57812500,54771.57812500,39527792364
2021-10-11,54734.12500000,57793.03906250,54519.76562500,57484.78906250,57484.78906250,42637331698
2021-10-12,57526.83203125,57627.87890625,54477.97265625,56041.05859375,56041.05859375,41083758949
2021-10-13,56038.25781250,57688.66015625,54370.97265625,57401.09765625,57401.09765625,41684252783
2021-10-14,57372.83203125,58478.73437500,56957.07421875,57321.52343750,57321.52343750,36615791366
2021-10-15,57345.90234375,62757.12890625,56868.14453125,61593.94921875,61593.94921875,51780081801
2021-10-16,61609.52734375,62274.47656250,60206.12109375,60892.17968750,60892.17968750,34250964237
2021-10-17,60887.65234375,61645.52343750,59164.46875000,61553.61718750,61553.61718750,29032367511
2021-10-18,61548.80468750,62614.66015625,60012.75781250,62026.07812500,62026.07812500,38055562075
2021-10-19,62043.16406250,64434.53515625,61622.93359375,64261.99218750,64261.99218750,40471196346
2021-10-20,64284.58593750,66930.39062500,63610.67578125,65992.83593750,65992.83593750,40788955582
2021-10-21,66002.23437500,66600.54687500,62117.41015625,62210.17187500,62210.17187500,45908121370
2021-10-22,62237.89062500,63715.02343750,60122.79687500,60692.26562500,60692.26562500,38434082775
2021-10-23,60694.62890625,61743.87890625,59826.52343750,61393.61718750,61393.61718750,26882546034
2021-10-24,61368.34375000,61505.80468750,59643.34375000,60930.83593750,60930.83593750,27316183882
2021-10-25,60893.92578125,63729.32421875,60691.80078125,63039.82421875,63039.82421875,31064911614
2021-10-26,63032.76171875,63229.02734375,59991.16015625,60363.79296875,60363.79296875,34878965587
2021-10-27,60352.00000000,61435.18359375,58208.18750000,58482.38671875,58482.38671875,43657076893
2021-10-28,58470.73046875,62128.63281250,58206.91796875,60622.13671875,60622.13671875,45257083247
2021-10-29,60624.87109375,62927.60937500,60329.96484375,62227.96484375,62227.96484375,36856881767
2021-10-30,62239.36328125,62330.14453125,60918.38671875,61888.83203125,61888.83203125,32157938616
2021-10-31,61850.48828125,62406.17187500,60074.32812500,61318.95703125,61318.95703125,32241199927
2021-11-01,61320.44921875,62419.00390625,59695.18359375,61004.40625000,61004.40625000,36150572843
2021-11-02,60963.25390625,64242.79296875,60673.05468750,63226.40234375,63226.40234375,37746665647
2021-11-03,63254.33593750,63516.93750000,61184.23828125,62970.04687500,62970.04687500,36124731509
2021-11-04,62941.80468750,63123.28906250,60799.66406250,61452.23046875,61452.23046875,32615846901
2021-11-05,61460.07812500,62541.46875000,60844.60937500,61125.67578125,61125.67578125,30605102446
2021-11-06,61068.87500000,61590.68359375,60163.78125000,61527.48046875,61527.48046875,29094934221
2021-11-07,61554.92187500,63326.98828125,61432.48828125,63326.98828125,63326.98828125,24726754302
2021-11-08,63344.06640625,67673.74218750,63344.06640625,67566.82812500,67566.82812500,41125608330
2021-11-09,67549.73437500,68530.33593750,66382.06250000,66971.82812500,66971.82812500,42357991721
2021-11-10,66953.33593750,68789.62500000,63208.11328125,64995.23046875,64995.23046875,48730828378
2021-11-11,64978.89062500,65579.01562500,64180.48828125,64949.96093750,64949.96093750,35880633236
2021-11-12,64863.98046875,65460.81640625,62333.91406250,64155.94140625,64155.94140625,36084893887
2021-11-13,64158.12109375,64915.67578125,63303.73437500,64469.52734375,64469.52734375,30474228777
2021-11-14,64455.37109375,65495.17968750,63647.80859375,65466.83984375,65466.83984375,25122092191
2021-11-15,65521.28906250,66281.57031250,63548.14453125,63557.87109375,63557.87109375,30558763548
2021-11-16,63721.19531250,63721.19531250,59016.33593750,60161.24609375,60161.24609375,46844335592
2021-11-17,60139.62109375,60823.60937500,58515.41015625,60368.01171875,60368.01171875,39178392930
2021-11-18,60360.13671875,60948.50000000,56550.79296875,56942.13671875,56942.13671875,41388338699
2021-11-19,56896.12890625,58351.11328125,55705.17968750,58119.57812500,58119.57812500,38702407772
2021-11-20,58115.08203125,59859.87890625,57469.72656250,59697.19531250,59697.19531250,30624264863
2021-11-21,59730.50781250,60004.42578125,58618.92968750,58730.47656250,58730.47656250,26123447605
2021-11-22,58706.84765625,59266.35937500,55679.83984375,56289.28906250,56289.28906250,35036121783
2021-11-23,56304.55468750,57875.51562500,55632.76171875,57569.07421875,57569.07421875,37485803899
2021-11-24,57565.85156250,57803.06640625,55964.22265625,56280.42578125,56280.42578125,36635566789
2021-11-25,57165.41796875,59367.96875000,57146.68359375,57274.67968750,57274.67968750,34284016248
2021-11-26,58960.28515625,59183.48046875,53569.76562500,53569.76562500,53569.76562500,41810748221
2021-11-27,53736.42968750,55329.25781250,53668.35546875,54815.07812500,54815.07812500,30560857714
2021-11-28,54813.02343750,57393.84375000,53576.73437500,57248.45703125,57248.45703125,28116886357
2021-11-29,57291.90625000,58872.87890625,56792.52734375,57806.56640625,57806.56640625,32370840356
2021-11-30,57830.11328125,59113.40234375,56057.28125000,57005.42578125,57005.42578125,36708594618
2021-12-01,56907.96484375,59041.68359375,56553.08203125,57229.82812500,57229.82812500,36858195307
2021-12-02,57217.37109375,57349.23437500,55895.13281250,56477.81640625,56477.81640625,32379968686
2021-12-03,56509.16406250,57482.16796875,52496.58593750,53598.24609375,53598.24609375,39789134215
2021-12-04,53727.87890625,53904.67968750,42874.61718750,49200.70312500,49200.70312500,61385677469
2021-12-05,49201.51953125,49768.14843750,47857.49609375,49368.84765625,49368.84765625,37198201161
2021-12-06,49413.48046875,50929.51953125,47281.03515625,50582.62500000,50582.62500000,37707308001
2021-12-07,50581.82812500,51934.78125000,50175.80859375,50700.08593750,50700.08593750,33676814852
2021-12-08,50667.64843750,51171.37500000,48765.98828125,50504.79687500,50504.79687500,28479699446
2021-12-09,50450.08203125,50797.16406250,47358.35156250,47672.12109375,47672.12109375,29603577251
2021-12-10,47642.14453125,50015.25390625,47023.69921875,47243.30468750,47243.30468750,30966005122
2021-12-11,47264.63281250,49458.21093750,46942.34765625,49362.50781250,49362.50781250,25775869261
2021-12-12,49354.85546875,50724.86718750,48725.85156250,50098.33593750,50098.33593750,21939223599
2021-12-13,50114.74218750,50205.00000000,45894.84765625,46737.48046875,46737.48046875,32166727776
2021-12-14,46709.82421875,48431.39843750,46424.49609375,46612.63281250,46612.63281250,34638619079
2021-12-15,48379.75390625,49473.95703125,46671.96484375,48896.72265625,48896.72265625,36541828520
2021-12-16,48900.46484375,49425.57421875,47529.87890625,47665.42578125,47665.42578125,27268150947
2021-12-17,47653.73046875,48004.89453125,45618.21484375,46202.14453125,46202.14453125,32902725329
2021-12-18,46219.25390625,47313.82812500,45598.44140625,46848.77734375,46848.77734375,26098292690
2021-12-19,46853.86718750,48089.66406250,46502.95312500,46707.01562500,46707.01562500,25154053861
2021-12-20,46707.06250000,47401.71875000,45579.80859375,46880.27734375,46880.27734375,30961902129
2021-12-21,46886.07812500,49300.91796875,46698.77343750,48936.61328125,48936.61328125,27055803928
2021-12-22,48937.09765625,49544.79687500,48450.94140625,48628.51171875,48628.51171875,24447979559
2021-12-23,48626.34375000,51332.33984375,48065.83593750,50784.53906250,50784.53906250,28223878108
2021-12-24,50806.05078125,51814.02734375,50514.49609375,50822.19531250,50822.19531250,24367912228
2021-12-25,50854.91796875,51176.59765625,50236.70703125,50429.85937500,50429.85937500,19030650914
2021-12-26,50428.69140625,51196.37890625,49623.10546875,50809.51562500,50809.51562500,20964372926
2021-12-27,50802.60937500,51956.32812500,50499.46875000,50640.41796875,50640.41796875,24324345758
2021-12-28,50679.85937500,50679.85937500,47414.21093750,47588.85546875,47588.85546875,33430376883
2021-12-29,47623.87109375,48119.74218750,46201.49609375,46444.71093750,46444.71093750,30049226299
2021-12-30,46490.60546875,47879.96484375,46060.31250000,47178.12500000,47178.12500000,26686491018
2021-12-31,47169.37109375,48472.52734375,45819.95312500,46306.44531250,46306.44531250,36974172400
2022-01-01,46311.74609375,47827.31250000,46288.48437500,47686.81250000,47686.81250000,24582667004
2022-01-02,47680.92578125,47881.40625000,46856.93750000,47345.21875000,47345.21875000,27951569547
2022-01-03,47343.54296875,47510.72656250,45835.96484375,46458.11718750,46458.11718750,33071628362
2022-01-04,46458.85156250,47406.54687500,45752.46484375,45897.57421875,45897.57421875,42494677905
2022-01-05,45899.35937500,46929.04687500,42798.22265625,43569.00390625,43569.00390625,36851084859
2022-01-06,43565.51171875,43748.71875000,42645.53906250,43160.92968750,43160.92968750,30208048289
2022-01-07,43153.57031250,43153.57031250,41077.44531250,41557.90234375,41557.90234375,84196607520
2022-01-08,41561.46484375,42228.94140625,40672.27734375,41733.94140625,41733.94140625,28066355845
2022-01-09,41734.72656250,42663.94921875,41338.16015625,41911.60156250,41911.60156250,21294384372
2022-01-10,41910.23046875,42199.48437500,39796.57031250,41821.26171875,41821.26171875,32104232331
2022-01-11,41819.50781250,43001.15625000,41407.75390625,42735.85546875,42735.85546875,26327648900
2022-01-12,42742.17968750,44135.36718750,42528.98828125,43949.10156250,43949.10156250,33499938689
2022-01-13,43946.74218750,44278.42187500,42447.04296875,42591.57031250,42591.57031250,47691135082
2022-01-14,42598.87109375,43346.68750000,41982.61718750,43099.69921875,43099.69921875,23577403399
2022-01-15,43101.89843750,43724.67187500,42669.03515625,43177.39843750,43177.39843750,18371348298
2022-01-16,43172.03906250,43436.80859375,42691.02343750,43113.87890625,43113.87890625,17902097845
2022-01-17,43118.12109375,43179.39062500,41680.32031250,42250.55078125,42250.55078125,21690904261
2022-01-18,42250.07421875,42534.40234375,41392.21484375,42375.63281250,42375.63281250,22417209227
2022-01-19,42374.03906250,42478.30468750,41242.91406250,41744.32812500,41744.32812500,23091543258
2022-01-20,41744.02734375,43413.02343750,40672.82421875,40680.41796875,40680.41796875,20382033940
2022-01-21,40699.60546875,41060.52734375,35791.42578125,36457.31640625,36457.31640625,43011992031
2022-01-22,36471.58984375,36688.81250000,34349.25000000,35030.25000000,35030.25000000,39714385405
2022-01-23,35047.35937500,36433.31250000,34784.96875000,36276.80468750,36276.80468750,26017975951
2022-01-24,36275.73437500,37247.51953125,33184.05859375,36654.32812500,36654.32812500,41856658597
2022-01-25,36654.80468750,37444.57031250,35779.42968750,36954.00390625,36954.00390625,26428189594
2022-01-26,36950.51562500,38825.41015625,36374.90625000,36852.12109375,36852.12109375,31324598034
2022-01-27,36841.87890625,37148.32421875,35629.28125000,37138.23437500,37138.23437500,25041426629
2022-01-28,37128.44531250,37952.87890625,36211.10937500,37784.33203125,37784.33203125,22238830523
2022-01-29,37780.71484375,38576.26171875,37406.47265625,38138.17968750,38138.17968750,17194183075
2022-01-30,38151.91796875,38266.33984375,37437.71093750,37917.60156250,37917.60156250,14643548444
2022-01-31,37920.28125000,38647.26171875,36733.57421875,38483.12500000,38483.12500000,20734730465
2022-02-01,38481.76562500,39115.13281250,38113.66406250,38743.27343750,38743.27343750,20288500328
2022-02-02,38743.71484375,38834.61718750,36832.73046875,36952.98437500,36952.98437500,19155189416
2022-02-03,36944.80468750,37154.60156250,36375.53906250,37154.60156250,37154.60156250,18591534769
2022-02-04,37149.26562500,41527.78515625,37093.62890625,41500.87500000,41500.87500000,29412210792
2022-02-05,41501.48046875,41847.16406250,41038.09765625,41441.16406250,41441.16406250,19652846215
2022-02-06,41441.12109375,42500.78515625,41244.90625000,42412.43359375,42412.43359375,16142097334
2022-02-07,42406.78125000,44401.86328125,41748.15625000,43840.28515625,43840.28515625,28641855926
2022-02-08,43854.65234375,45293.86718750,42807.83593750,44118.44531250,44118.44531250,33079398868
2022-02-09,44096.70312500,44727.80078125,43232.96875000,44338.79687500,44338.79687500,23245887300
2022-02-10,44347.80078125,45661.17187500,43402.80859375,43565.11328125,43565.11328125,32142048537
2022-02-11,43571.12890625,43810.83203125,42114.53906250,42407.93750000,42407.93750000,26954925781
2022-02-12,42412.30078125,42992.55078125,41852.57421875,42244.46875000,42244.46875000,18152390304
2022-02-13,42236.56640625,42693.05468750,41950.94140625,42197.51562500,42197.51562500,14741589015
2022-02-14,42157.39843750,42775.77734375,41681.95703125,42586.91796875,42586.91796875,20827783012
2022-02-15,42586.46484375,44667.21875000,42491.03515625,44575.20312500,44575.20312500,22721659051
2022-02-16,44578.27734375,44578.27734375,43456.69140625,43961.85937500,43961.85937500,19792547657
2022-02-17,43937.07031250,44132.97265625,40249.37109375,40538.01171875,40538.01171875,26246662813
2022-02-18,40552.13281250,40929.15234375,39637.61718750,40030.97656250,40030.97656250,23310007704
2022-02-19,40026.02343750,40418.87890625,39713.05859375,40122.15625000,40122.15625000,13736557863
2022-02-20,40118.10156250,40119.89062500,38112.81250000,38431.37890625,38431.37890625,18340576452
2022-02-21,38423.21093750,39394.43750000,36950.47656250,37075.28125000,37075.28125000,29280402798
2022-02-22,37068.76953125,38359.85546875,36488.93359375,38286.02734375,38286.02734375,25493150450
2022-02-23,38285.28125000,39122.39453125,37201.81640625,37296.57031250,37296.57031250,21849073843
2022-02-24,37278.56640625,38968.83984375,34459.21875000,38332.60937500,38332.60937500,46383802093
2022-02-25,38333.74609375,39630.32421875,38111.34375000,39214.21875000,39214.21875000,26545599159
2022-02-26,39213.08203125,40005.34765625,38702.53515625,39105.14843750,39105.14843750,17467554129
2022-02-27,39098.69921875,39778.94140625,37268.97656250,37709.78515625,37709.78515625,23450127612
2022-02-28,37706.00000000,43760.45703125,37518.21484375,43193.23437500,43193.23437500,35690014104
2022-03-01,43194.50390625,44793.60156250,42952.58593750,44354.63671875,44354.63671875,32479047645
2022-03-02,44357.61718750,45077.57812500,43432.85156250,43924.11718750,43924.11718750,29183112630
2022-03-03,43925.19531250,44021.57812500,41914.75000000,42451.78906250,42451.78906250,24967782593
2022-03-04,42458.14062500,42479.61328125,38805.84765625,39137.60546875,39137.60546875,28516271427
2022-03-05,39148.44921875,39566.33593750,38777.03515625,39400.58593750,39400.58593750,16975917450
2022-03-06,39404.19921875,39640.17578125,38211.64843750,38419.98437500,38419.98437500,19745229902
2022-03-07,38429.30468750,39430.22656250,37260.20312500,38062.03906250,38062.03906250,28546143503
2022-03-08,38059.90234375,39304.44140625,37957.38671875,38737.26953125,38737.26953125,25776583476
2022-03-09,38742.81640625,42465.67187500,38706.09375000,41982.92578125,41982.92578125,32284121034
2022-03-10,41974.07031250,42004.72656250,38832.94140625,39437.46093750,39437.46093750,31078064711
2022-03-11,39439.96875000,40081.67968750,38347.43359375,38794.97265625,38794.97265625,26364890465
2022-03-12,38794.46484375,39308.59765625,38772.53515625,38904.01171875,38904.01171875,14616450657
2022-03-13,38884.72656250,39209.35156250,37728.14453125,37849.66406250,37849.66406250,17300745310
2022-03-14,37846.31640625,39742.50000000,37680.73437500,39666.75390625,39666.75390625,24322159070
2022-03-15,39664.25000000,39794.62890625,38310.21093750,39338.78515625,39338.78515625,23934000868
2022-03-16,39335.57031250,41465.45312500,39022.34765625,41143.92968750,41143.92968750,39616916192
2022-03-17,41140.84375000,41287.53515625,40662.87109375,40951.37890625,40951.37890625,22009601093
2022-03-18,40944.83984375,42195.74609375,40302.39843750,41801.15625000,41801.15625000,34421564942
2022-03-19,41794.64843750,42316.55468750,41602.66796875,42190.65234375,42190.65234375,19664853187
2022-03-20,42191.40625000,42241.16406250,41004.75781250,41247.82421875,41247.82421875,20127946682
2022-03-21,41246.13281250,41454.41015625,40668.04296875,41077.99609375,41077.99609375,24615543271
2022-03-22,41074.10546875,43124.70703125,40948.28125000,42358.80859375,42358.80859375,32004652376
2022-03-23,42364.37890625,42893.50781250,41877.50781250,42892.95703125,42892.95703125,25242943069
2022-03-24,42886.65234375,44131.85546875,42726.16406250,43960.93359375,43960.93359375,31042992291
2022-03-25,43964.54687500,44999.49218750,43706.28515625,44348.73046875,44348.73046875,30574413034
2022-03-26,44349.85937500,44735.99609375,44166.27343750,44500.82812500,44500.82812500,16950455995
2022-03-27,44505.35546875,46827.54687500,44437.29296875,46820.49218750,46820.49218750,28160889722
2022-03-28,46821.85156250,48086.83593750,46690.20312500,47128.00390625,47128.00390625,36362175703
2022-03-29,47100.43750000,48022.28906250,47100.43750000,47465.73046875,47465.73046875,31397059069
2022-03-30,47456.89843750,47655.14843750,46746.21093750,47062.66406250,47062.66406250,29333883962
2022-03-31,47062.14843750,47512.02734375,45390.53906250,45538.67578125,45538.67578125,33327427106
2022-04-01,45554.16406250,46616.24218750,44403.14062500,46281.64453125,46281.64453125,38162644287
2022-04-02,46285.50000000,47028.28125000,45782.51171875,45868.94921875,45868.94921875,29336594194
2022-04-03,45859.12890625,47313.47656250,45634.10546875,46453.56640625,46453.56640625,25414397610
2022-04-04,46445.27343750,46791.08984375,45235.81640625,46622.67578125,46622.67578125,32499785455
2022-04-05,46624.50781250,47106.14062500,45544.80859375,45555.99218750,45555.99218750,29640604055
2022-04-06,45544.35546875,45544.35546875,43193.95312500,43206.73828125,43206.73828125,39393395788
2022-04-07,43207.50000000,43860.69921875,42899.90625000,43503.84765625,43503.84765625,26101973106
2022-04-08,43505.13671875,43903.01953125,42183.28906250,42287.66406250,42287.66406250,27215995394
2022-04-09,42282.07812500,42786.81640625,42183.25390625,42782.13671875,42782.13671875,16050772496
2022-04-10,42781.08984375,43376.37890625,42021.20703125,42207.67187500,42207.67187500,17654475582
2022-04-11,42201.03906250,42424.58984375,39373.05859375,39521.90234375,39521.90234375,33949912166
2022-04-12,39533.71484375,40617.58593750,39388.32812500,40127.18359375,40127.18359375,30991500854
2022-04-13,40123.57031250,41430.05468750,39712.74609375,41166.73046875,41166.73046875,27691105228
2022-04-14,41160.21875000,41451.48046875,39695.74609375,39935.51562500,39935.51562500,24342001973
2022-04-15,39939.40234375,40617.72265625,39866.83203125,40553.46484375,40553.46484375,21756855753
2022-04-16,40552.31640625,40633.67968750,40078.42578125,40424.48437500,40424.48437500,16833150693
2022-04-17,40417.77734375,40570.72656250,39620.89453125,39716.95312500,39716.95312500,19087633042
2022-04-18,39721.20312500,40986.32031250,38696.19140625,40826.21484375,40826.21484375,33705182072
2022-04-19,40828.17578125,41672.96093750,40618.63281250,41502.75000000,41502.75000000,25303206547
2022-04-20,41501.74609375,42126.30078125,40961.09765625,41374.37890625,41374.37890625,27819532341
2022-04-21,41371.51562500,42893.58203125,40063.82812500,40527.36328125,40527.36328125,35372786395
2022-04-22,40525.86328125,40777.75781250,39315.41796875,39740.32031250,39740.32031250,28011716745
2022-04-23,39738.72265625,39935.85937500,39352.20312500,39486.73046875,39486.73046875,16138021249
2022-04-24,39478.37500000,39845.92578125,39233.53906250,39469.29296875,39469.29296875,17964398167
2022-04-25,39472.60546875,40491.75390625,38338.37890625,40458.30859375,40458.30859375,35445730570
2022-04-26,40448.42187500,40713.89062500,37884.98437500,38117.46093750,38117.46093750,34569088416
2022-04-27,38120.30078125,39397.91796875,37997.31250000,39241.12109375,39241.12109375,30981015184
2022-04-28,39241.42968750,40269.46484375,38941.42187500,39773.82812500,39773.82812500,33903704907
2022-04-29,39768.61718750,39887.26953125,38235.53515625,38609.82421875,38609.82421875,30882994649
2022-04-30,38605.85937500,38771.21093750,37697.94140625,37714.87500000,37714.87500000,23895713731
2022-05-01,37713.26562500,38627.85937500,37585.78906250,38469.09375000,38469.09375000,27002760110
2022-05-02,38472.18750000,39074.97265625,38156.56250000,38529.32812500,38529.32812500,32922642426
2022-05-03,38528.10937500,38629.99609375,37585.62109375,37750.45312500,37750.45312500,27326943244
2022-05-04,37748.01171875,39902.94921875,37732.05859375,39698.37109375,39698.37109375,36754404490
2022-05-05,39695.74609375,39789.28125000,35856.51562500,36575.14062500,36575.14062500,43106256317
2022-05-06,36573.18359375,36624.35937500,35482.13281250,36040.92187500,36040.92187500,37795577489
2022-05-07,36042.50390625,36129.92578125,34940.82421875,35501.95312500,35501.95312500,24375896406
2022-05-08,35502.94140625,35502.94140625,33878.96484375,34059.26562500,34059.26562500,36763041910
2022-05-09,34060.01562500,34222.07421875,30296.95312500,30296.95312500,30296.95312500,63355494961
2022-05-10,30273.65429688,32596.30859375,29944.80273438,31022.90625000,31022.90625000,59811038817
2022-05-11,31016.18359375,32013.40234375,28170.41406250,28936.35546875,28936.35546875,70388855818
2022-05-12,28936.73437500,30032.43945312,26350.49023438,29047.75195312,29047.75195312,66989173272
2022-05-13,29030.91015625,30924.80273438,28782.33007812,29283.10351562,29283.10351562,42841124537
2022-05-14,29285.64257812,30192.80273438,28702.91015625,30101.26562500,30101.26562500,28579868620
2022-05-15,30098.58593750,31308.19140625,29527.74023438,31305.11328125,31305.11328125,25835372065
2022-05-16,31304.37500000,31305.34179688,29251.88476562,29862.91796875,29862.91796875,32613897286
2022-05-17,29862.40820312,30694.49023438,29570.30273438,30425.85742188,30425.85742188,29101473475
2022-05-18,30424.47851562,30618.71679688,28720.27148438,28720.27148438,28720.27148438,31285268319
2022-05-19,28720.35937500,30430.75195312,28708.95507812,30314.33398438,30314.33398438,33773447707
2022-05-20,30311.11914062,30664.97656250,28793.60546875,29200.74023438,29200.74023438,30749382605
2022-05-21,29199.85937500,29588.86914062,29027.39453125,29432.22656250,29432.22656250,17274840442
2022-05-22,29432.47265625,30425.86132812,29275.18359375,30323.72265625,30323.72265625,21631532270
2022-05-23,30309.39648438,30590.58593750,28975.56054688,29098.91015625,29098.91015625,31483454557
2022-05-24,29101.12500000,29774.35546875,28786.58984375,29655.58593750,29655.58593750,26616506245
2022-05-25,29653.13476562,30157.78515625,29384.94921875,29562.36132812,29562.36132812,27525063551
2022-05-26,29564.77734375,29834.16015625,28261.90625000,29267.22460938,29267.22460938,36774325352
2022-05-27,29251.14062500,29346.94335938,28326.61328125,28627.57421875,28627.57421875,36582005748
2022-05-28,28622.62500000,28814.90039062,28554.56640625,28814.90039062,28814.90039062,35519577634
2022-05-29,29019.86718750,29498.00976562,28841.10742188,29445.95703125,29445.95703125,18093886409
2022-05-30,29443.36523438,31949.63085938,29303.57226562,31726.39062500,31726.39062500,39277993274
2022-05-31,31723.86523438,32249.86328125,31286.15429688,31792.31054688,31792.31054688,33538210634
2022-06-01,31792.55468750,31957.28515625,29501.58789062,29799.08007812,29799.08007812,41135817341
2022-06-02,29794.89062500,30604.73437500,29652.70507812,30467.48828125,30467.48828125,29083562061
2022-06-03,30467.80664062,30633.03515625,29375.68945312,29704.39062500,29704.39062500,26175547452
2022-06-04,29706.13867188,29930.56445312,29500.00585938,29832.91406250,29832.91406250,16588370958
2022-06-05,29835.11718750,30117.74414062,29574.44921875,29906.66210938,29906.66210938,17264085441
2022-06-06,29910.28320312,31693.29101562,29894.18750000,31370.67187500,31370.67187500,31947336829
2022-06-07,31371.74218750,31489.68359375,29311.68359375,31155.47851562,31155.47851562,40770974039
2022-06-08,31151.48046875,31253.69140625,29944.40429688,30214.35546875,30214.35546875,30242059107
2022-06-09,30215.27929688,30609.31054688,30020.26562500,30111.99804688,30111.99804688,21692004719
2022-06-10,30110.33007812,30245.80859375,28978.14648438,29083.80468750,29083.80468750,29867476527
2022-06-11,29084.66601562,29401.91601562,28236.21289062,28360.81054688,28360.81054688,27246574439
2022-06-12,28373.51367188,28502.68554688,26762.64843750,26762.64843750,26762.64843750,34163220274
2022-06-13,26737.57812500,26795.58984375,22141.25781250,22487.38867188,22487.38867188,68204556440
2022-06-14,22487.98632812,23018.95117188,20950.81835938,22206.79296875,22206.79296875,50913575242
2022-06-15,22196.73046875,22642.67187500,20178.37695312,22572.83984375,22572.83984375,54912007015
2022-06-16,22576.30468750,22868.92187500,20265.22656250,20381.65039062,20381.65039062,31183975654
2022-06-17,20385.71875000,21243.31250000,20326.51953125,20471.48242188,20471.48242188,27132421514
2022-06-18,20473.42578125,20736.04101562,17708.62304688,19017.64257812,19017.64257812,42009436760
2022-06-19,19010.90234375,20683.82226562,18067.15234375,20553.27148438,20553.27148438,35329942625
2022-06-20,20553.37109375,20913.32226562,19689.16992188,20599.53710938,20599.53710938,30818458597
2022-06-21,20594.29492188,21620.62890625,20415.06250000,20710.59765625,20710.59765625,28970212744
2022-06-22,20719.41406250,20835.75000000,19848.07812500,19987.02929688,19987.02929688,28574793478
2022-06-23,19986.60742188,21135.76171875,19950.11718750,21085.87695312,21085.87695312,26188097173
2022-06-24,21084.64843750,21472.91796875,20777.51171875,21231.65625000,21231.65625000,24957784918
2022-06-25,21233.60937500,21520.91406250,20964.58593750,21502.33789062,21502.33789062,18372538715
2022-06-26,21496.49414062,21783.72460938,21016.26953125,21027.29492188,21027.29492188,18027170497
2022-06-27,21028.23828125,21478.08984375,20620.19921875,20735.47851562,20735.47851562,20965695707
2022-06-28,20731.54492188,21164.42382812,20228.81250000,20280.63476562,20280.63476562,21381535161
2022-06-29,20281.16992188,20364.15625000,19937.79101562,20104.02343750,20104.02343750,23552740328
2022-06-30,20108.31250000,20141.16015625,18729.65625000,19784.72656250,19784.72656250,26267239923
2022-07-01,19820.47070312,20632.67187500,19073.70898438,19269.36718750,19269.36718750,30767551159
2022-07-02,19274.83593750,19371.74804688,19027.08203125,19242.25585938,19242.25585938,18100418740
2022-07-03,19242.09570312,19558.26953125,18966.95117188,19297.07617188,19297.07617188,16390821947
2022-07-04,19297.31445312,20258.74804688,19063.06640625,20231.26171875,20231.26171875,21594638208
2022-07-05,20225.35351562,20635.46679688,19341.23242188,20190.11523438,20190.11523438,26715546990
2022-07-06,20194.61914062,20595.52929688,19823.51171875,20548.24609375,20548.24609375,24598943708
2022-07-07,20547.81445312,21771.81640625,20296.10351562,21637.58789062,21637.58789062,25814972520
2022-07-08,21637.15429688,22314.94140625,21257.45312500,21731.11718750,21731.11718750,49899834488
2022-07-09,21716.82812500,21877.13867188,21445.95703125,21592.20703125,21592.20703125,29641127858
2022-07-10,21591.08007812,21591.08007812,20727.12304688,20860.44921875,20860.44921875,28688807249
2022-07-11,20856.35351562,20856.35351562,19924.53906250,19970.55664062,19970.55664062,24150249025
2022-07-12,19970.47460938,20043.44531250,19308.53125000,19323.91406250,19323.91406250,25810220018
2022-07-13,19325.97265625,20223.05273438,18999.95312500,20212.07421875,20212.07421875,33042430345
2022-07-14,20211.46679688,20789.89453125,19689.25781250,20569.91992188,20569.91992188,31158743333
2022-07-15,20573.15625000,21138.24414062,20397.00000000,20836.32812500,20836.32812500,25905575359
2022-07-16,20834.10351562,21514.40429688,20518.89843750,21190.31640625,21190.31640625,24302954056
2022-07-17,21195.04101562,21600.64062500,20778.17968750,20779.34375000,20779.34375000,22927802083
2022-07-18,20781.91210938,22633.03320312,20781.91210938,22485.68945312,22485.68945312,39974475562
2022-07-19,22467.84960938,23666.96289062,21683.40625000,23389.43359375,23389.43359375,48765202697
2022-07-20,23393.19140625,24196.81835938,23009.94921875,23231.73242188,23231.73242188,42932549127
2022-07-21,23233.20117188,23388.32226562,22431.14843750,23164.62890625,23164.62890625,33631012204
2022-07-22,23163.75195312,23671.92773438,22603.41601562,22714.97851562,22714.97851562,31421555646
2022-07-23,22706.98437500,22977.21093750,22002.91015625,22465.47851562,22465.47851562,24021799169
2022-07-24,22465.50976562,22974.00195312,22306.83984375,22609.16406250,22609.16406250,23565495303
2022-07-25,22607.15625000,22649.12109375,21361.64257812,21361.70117188,21361.70117188,35574561406
2022-07-26,21361.12109375,21361.12109375,20776.81640625,21239.75390625,21239.75390625,28624673855
2022-07-27,21244.16992188,22986.52929688,21070.80664062,22930.54882812,22930.54882812,31758955233
2022-07-28,22933.64062500,24110.47070312,22722.26562500,23843.88671875,23843.88671875,40212386158
2022-07-29,23845.21289062,24294.78710938,23481.17382812,23804.63281250,23804.63281250,35887249746
2022-07-30,23796.81835938,24572.58007812,23580.50781250,23656.20703125,23656.20703125,28148218301
2022-07-31,23652.07031250,24121.64257812,23275.70312500,23336.89648438,23336.89648438,23553591896
2022-08-01,23336.71875000,23464.78710938,22890.79687500,23314.19921875,23314.19921875,25849159141
2022-08-02,23308.43359375,23415.04101562,22710.08398438,22978.11718750,22978.11718750,28389250717
2022-08-03,22981.30273438,23578.65039062,22747.83593750,22846.50781250,22846.50781250,26288169966
2022-08-04,22848.21484375,23198.00976562,22485.70117188,22630.95703125,22630.95703125,25120229769
2022-08-05,22626.83398438,23422.82812500,22612.17773438,23289.31445312,23289.31445312,28881249043
2022-08-06,23291.42382812,23326.56250000,22961.27929688,22961.27929688,22961.27929688,15978259885
2022-08-07,22963.50585938,23359.00976562,22894.55664062,23175.89062500,23175.89062500,15886817043
2022-08-08,23179.52734375,24203.68945312,23176.54687500,23809.48632812,23809.48632812,28575544847
2022-08-09,23811.48437500,23898.61523438,22982.00000000,23164.31835938,23164.31835938,23555719219
2022-08-10,23162.89843750,24127.41406250,22771.51953125,23947.64257812,23947.64257812,32837431722
2022-08-11,23948.34570312,24822.62890625,23900.99609375,23957.52929688,23957.52929688,37127036580
2022-08-12,23957.20312500,24412.56640625,23657.26562500,24402.81835938,24402.81835938,27265804688
2022-08-13,24402.18750000,24860.05078125,24346.11523438,24424.06835938,24424.06835938,22987346289
2022-08-14,24429.05664062,24974.91406250,24206.25976562,24319.33398438,24319.33398438,22994133555
2022-08-15,24318.31640625,25135.58984375,23839.77539062,24136.97265625,24136.97265625,35123501685
2022-08-16,24126.13671875,24228.41601562,23733.50000000,23883.29101562,23883.29101562,27753685646
2022-08-17,23881.31640625,24407.05859375,23243.35351562,23335.99804688,23335.99804688,30931623076
2022-08-18,23341.03906250,23563.83203125,23177.60156250,23212.73828125,23212.73828125,23747613147
2022-08-19,23213.31250000,23213.31250000,20868.84765625,20877.55273438,20877.55273438,40509610260
2022-08-20,20872.84179688,21350.80664062,20856.73046875,21166.06054688,21166.06054688,27595671000
2022-08-21,21160.39257812,21668.84570312,21103.19726562,21534.12109375,21534.12109375,23102307723
2022-08-22,21531.46289062,21531.46289062,20939.18359375,21398.90820312,21398.90820312,31666498758
2022-08-23,21401.04492188,21646.20312500,20955.13867188,21528.08789062,21528.08789062,31878280659
2022-08-24,21526.45507812,21783.07617188,21195.00585938,21395.01953125,21395.01953125,31962253368
2022-08-25,21395.45898438,21789.63671875,21362.44140625,21600.90429688,21600.90429688,31028679593
2022-08-26,21596.08593750,21804.90820312,20199.48242188,20260.01953125,20260.01953125,42326789564
2022-08-27,20262.48046875,20340.77539062,19890.52343750,20041.73828125,20041.73828125,30116729776
2022-08-28,20041.03515625,20139.05468750,19616.81445312,19616.81445312,19616.81445312,24366810591
2022-08-29,19615.15429688,20357.46289062,19600.78515625,20297.99414062,20297.99414062,32637854078
2022-08-30,20298.61132812,20542.64453125,19617.64062500,19796.80859375,19796.80859375,34483360283
2022-08-31,19799.58203125,20420.99023438,19799.58203125,20049.76367188,20049.76367188,33225232872
2022-09-01,20050.49804688,20198.39062500,19653.96875000,20127.14062500,20127.14062500,30182031010
2022-09-02,20126.07226562,20401.56835938,19814.76562500,19969.77148438,19969.77148438,29123998928
2022-09-03,19969.71875000,20037.00976562,19698.35546875,19832.08789062,19832.08789062,23613051457
2022-09-04,19832.47070312,19999.68945312,19636.81640625,19986.71289062,19986.71289062,25245861652
2022-09-05,19988.78906250,20031.16015625,19673.04687500,19812.37109375,19812.37109375,28813460025
2022-09-06,19817.72460938,20155.26953125,18800.17187500,18837.66796875,18837.66796875,43403978910
2022-09-07,18837.68359375,19427.17187500,18644.46679688,19290.32421875,19290.32421875,35239757134
2022-09-08,19289.94140625,19417.35156250,19076.71484375,19329.83398438,19329.83398438,32194477850
2022-09-09,19328.14062500,21439.41015625,19310.96289062,21381.15234375,21381.15234375,48469528171
2022-09-10,21376.91210938,21760.27539062,21168.72265625,21680.53906250,21680.53906250,36913738894
2022-09-11,21678.54296875,21770.55273438,21406.94531250,21769.25585938,21769.25585938,34493951963
2022-09-12,21770.14843750,22439.18164062,21603.89648438,22370.44921875,22370.44921875,50212088965
2022-09-13,22371.48046875,22673.82031250,20062.66992188,20296.70703125,20296.70703125,51091116622
2022-09-14,20184.55468750,20467.20117188,19793.39648438,20241.08984375,20241.08984375,37872380889
2022-09-15,20242.28906250,20318.16601562,19636.73437500,19701.21093750,19701.21093750,36389011503
2022-09-16,19704.00585938,19870.62890625,19400.07617188,19772.58398438,19772.58398438,30123362273
2022-09-17,19777.03320312,20162.53125000,19777.03320312,20127.57617188,20127.57617188,24957448100
2022-09-18,20127.23437500,20127.23437500,19387.49218750,19419.50585938,19419.50585938,31254779144
2022-09-19,19418.57226562,19639.48046875,18390.31835938,19544.12890625,19544.12890625,40177002624
2022-09-20,19545.59179688,19602.45703125,18813.45507812,18890.78906250,18890.78906250,36791346508
2022-09-21,18891.28320312,19674.63085938,18290.31445312,18547.40039062,18547.40039062,46363793975
2022-09-22,18534.65039062,19456.91015625,18415.59179688,19413.55078125,19413.55078125,41135767926
2022-09-23,19412.40039062,19464.67187500,18617.55273438,19297.63867188,19297.63867188,38896078052
2022-09-24,19296.99023438,19310.19726562,18861.97460938,18937.01171875,18937.01171875,26149643168
2022-09-25,18936.31054688,19134.73242188,18696.46875000,18802.09765625,18802.09765625,23359966112
2022-09-26,18803.90039062,19274.87304688,18721.28515625,19222.67187500,19222.67187500,44148798321
2022-09-27,19221.83984375,20338.45507812,18915.66796875,19110.54687500,19110.54687500,58571439619
2022-09-28,19104.62109375,19688.34375000,18553.29687500,19426.72070312,19426.72070312,53071298734
2022-09-29,19427.77929688,19589.26562500,18924.35351562,19573.05078125,19573.05078125,41037843771
2022-09-30,19573.43164062,20109.84960938,19265.66210938,19431.78906250,19431.78906250,43975248085
2022-10-01,19431.10546875,19471.15429688,19231.08203125,19312.09570312,19312.09570312,18719537670
2022-10-02,19311.84960938,19370.30859375,18970.62109375,19044.10742188,19044.10742188,20765955327
2022-10-03,19044.06835938,19653.54296875,19025.22656250,19623.58007812,19623.58007812,30484729489
2022-10-04,19623.58398438,20380.34375000,19523.83984375,20336.84375000,20336.84375000,35887278685
2022-10-05,20335.90039062,20343.74804688,19801.80078125,20160.71679688,20160.71679688,33223790572
2022-10-06,20161.03906250,20408.39257812,19900.08789062,19955.44335938,19955.44335938,34711412966
2022-10-07,19957.55859375,20041.08593750,19395.79296875,19546.84960938,19546.84960938,29227315390
2022-10-08,19546.32812500,19601.69531250,19299.41406250,19416.56835938,19416.56835938,16437423167
2022-10-09,19417.47851562,19542.53906250,19349.25976562,19446.42578125,19446.42578125,16837262532
2022-10-10,19446.41601562,19515.46679688,19102.97851562,19141.48437500,19141.48437500,27425022774
2022-10-11,19139.00000000,19241.96093750,18925.60351562,19051.41796875,19051.41796875,28711532910
2022-10-12,19052.64648438,19203.19921875,19029.75781250,19157.44531250,19157.44531250,24950173846
2022-10-13,19156.96679688,19453.32812500,18319.82226562,19382.90429688,19382.90429688,44219840004
2022-10-14,19382.53320312,19889.14648438,19115.40820312,19185.65625000,19185.65625000,38452356727
2022-10-15,19185.43750000,19212.54101562,19019.25000000,19067.63476562,19067.63476562,16192235532
2022-10-16,19068.91406250,19389.60351562,19068.91406250,19268.09375000,19268.09375000,17988916650
2022-10-17,19268.56250000,19635.80273438,19173.33398438,19550.75781250,19550.75781250,27472552998
2022-10-18,19550.46679688,19666.99414062,19144.76953125,19334.41601562,19334.41601562,30580012344
2022-10-19,19335.02734375,19348.41601562,19127.68750000,19139.53515625,19139.53515625,22425387184
2022-10-20,19138.08593750,19315.19921875,18971.45898438,19053.74023438,19053.74023438,24493974420
2022-10-21,19053.20312500,19237.38476562,18770.97070312,19172.46875000,19172.46875000,32459287866
2022-10-22,19172.38085938,19248.06835938,19132.24414062,19208.18945312,19208.18945312,16104440957
2022-10-23,19207.73437500,19646.65234375,19124.19726562,19567.00781250,19567.00781250,22128794335
2022-10-24,19567.76953125,19589.12500000,19206.32421875,19345.57226562,19345.57226562,30202235805
2022-10-25,19344.96484375,20348.41210938,19261.44726562,20095.85742188,20095.85742188,47761524910
2022-10-26,20092.23632812,20938.13476562,20076.11718750,20770.44140625,20770.44140625,58895950537
2022-10-27,20772.80273438,20854.04492188,20255.37304688,20285.83593750,20285.83593750,49625110402
2022-10-28,20287.95703125,20724.98046875,20086.06835938,20595.35156250,20595.35156250,43994715910
2022-10-29,20595.10351562,20988.39453125,20566.48437500,20818.47656250,20818.47656250,40369840645
2022-10-30,20817.98242188,20917.00585938,20547.46289062,20635.60351562,20635.60351562,31486345556
2022-10-31,20633.69531250,20795.32031250,20287.45898438,20495.77343750,20495.77343750,45668466815
2022-11-01,20494.89843750,20647.28906250,20359.84570312,20485.27343750,20485.27343750,39819303159
2022-11-02,20482.95898438,20742.81054688,20087.13476562,20159.50390625,20159.50390625,55552169483
2022-11-03,20162.68945312,20382.09570312,20086.24023438,20209.98828125,20209.98828125,43228750179
2022-11-04,20208.76953125,21209.56054688,20188.01953125,21147.23046875,21147.23046875,64072727950
2022-11-05,21144.83203125,21446.88671875,21097.63476562,21282.69140625,21282.69140625,37846047609
2022-11-06,21285.05664062,21345.37695312,20920.19140625,20926.48632812,20926.48632812,35082693210
2022-11-07,20924.62109375,21053.24609375,20489.97265625,20602.81640625,20602.81640625,53510852236
2022-11-08,20600.67187500,20664.60742188,17603.54492188,18541.27148438,18541.27148438,118992465607
2022-11-09,18543.76171875,18590.45898438,15682.69238281,15880.78027344,15880.78027344,102905151606
2022-11-10,15883.15820312,18054.31250000,15834.01855469,17586.77148438,17586.77148438,83202283721
2022-11-11,17583.25195312,17650.94335938,16543.48242188,17034.29296875,17034.29296875,55871616488
2022-11-12,17036.87500000,17066.67578125,16651.77539062,16799.18554688,16799.18554688,29717699419
2022-11-13,16799.72265625,16920.76562500,16320.63476562,16353.36523438,16353.36523438,27209183682
2022-11-14,16352.02832031,17109.32421875,15872.94140625,16618.19921875,16618.19921875,49630243054
2022-11-15,16617.48437500,17051.96289062,16542.55078125,16884.61328125,16884.61328125,36599436183
2022-11-16,16884.34179688,16960.29492188,16430.11132812,16669.43945312,16669.43945312,33925512989
2022-11-17,16670.42578125,16726.43945312,16460.68359375,16687.51757812,16687.51757812,27868914022
2022-11-18,16687.91210938,16947.05859375,16564.61132812,16697.77734375,16697.77734375,26862218609
2022-11-19,16696.22070312,16797.87695312,16570.41015625,16711.54687500,16711.54687500,16106223492
2022-11-20,16712.91992188,16746.77929688,16248.69238281,16291.83203125,16291.83203125,21313378652
2022-11-21,16291.22363281,16291.22363281,15599.04687500,15787.28417969,15787.28417969,37429485518
2022-11-22,15782.30078125,16253.04785156,15656.60644531,16189.76953125,16189.76953125,30726828760
2022-11-23,16195.58886719,16638.19335938,16170.50292969,16610.70703125,16610.70703125,32958875628
2022-11-24,16611.63671875,16771.47460938,16501.76757812,16604.46484375,16604.46484375,26129037414
2022-11-25,16602.26953125,16603.31640625,16388.40429688,16521.84179688,16521.84179688,18678255976
2022-11-26,16521.57617188,16666.86328125,16416.22851562,16464.28125000,16464.28125000,18000008764
2022-11-27,16463.88281250,16594.40625000,16437.02539062,16444.62695312,16444.62695312,20443898509
2022-11-28,16440.22265625,16482.93359375,16054.53027344,16217.32226562,16217.32226562,27743025156
2022-11-29,16217.63964844,16522.25781250,16139.39648438,16444.98242188,16444.98242188,23581685468
2022-11-30,16445.47656250,17190.93750000,16445.47656250,17168.56640625,17168.56640625,29523576583
2022-12-01,17168.00195312,17197.49804688,16888.38867188,16967.13281250,16967.13281250,22895392882
2022-12-02,16968.68359375,17088.66015625,16877.88085938,17088.66015625,17088.66015625,19539705127
2022-12-03,17090.09765625,17116.04101562,16888.14062500,16908.23632812,16908.23632812,16217776704
2022-12-04,16908.16992188,17157.76757812,16903.43945312,17130.48632812,17130.48632812,16824520830
2022-12-05,17128.89453125,17378.15234375,16922.43164062,16974.82617188,16974.82617188,22209086834
2022-12-06,16975.23828125,17091.86328125,16939.92187500,17089.50390625,17089.50390625,19889922369
2022-12-07,17089.50585938,17109.37695312,16750.55859375,16848.12695312,16848.12695312,19675404389
2022-12-08,16847.34960938,17267.91601562,16788.78320312,17233.47460938,17233.47460938,20496603770
2022-12-09,17232.14843750,17280.54687500,17100.83593750,17133.15234375,17133.15234375,20328426366
2022-12-10,17134.22070312,17216.82617188,17120.68359375,17128.72460938,17128.72460938,12706781969
2022-12-11,17129.71093750,17245.63476562,17091.82031250,17104.19335938,17104.19335938,14122486832
2022-12-12,17102.50000000,17212.56445312,16899.39453125,17206.43750000,17206.43750000,19617581341
2022-12-13,17206.44140625,17930.08593750,17111.76367188,17781.31835938,17781.31835938,26634741631
2022-12-14,17782.06640625,18318.53125000,17739.51367188,17815.65039062,17815.65039062,25534481470
2022-12-15,17813.64453125,17846.74414062,17322.58984375,17364.86523438,17364.86523438,20964448341
2022-12-16,17364.54687500,17505.52539062,16584.70117188,16647.48437500,16647.48437500,24031608960
2022-12-17,16646.98242188,16800.58984375,16614.02929688,16795.09179688,16795.09179688,14463581825
2022-12-18,16795.60937500,16815.38671875,16697.82031250,16757.97656250,16757.97656250,10924354698
2022-12-19,16759.04101562,16807.52734375,16398.13671875,16439.67968750,16439.67968750,17221074814
2022-12-20,16441.78710938,17012.98437500,16427.86718750,16906.30468750,16906.30468750,22722096615
2022-12-21,16904.52734375,16916.80078125,16755.91210938,16817.53515625,16817.53515625,14882945045
2022-12-22,16818.38085938,16866.67382812,16592.40820312,16830.34179688,16830.34179688,16441573050
2022-12-23,16829.64453125,16905.21875000,16794.45898438,16796.95312500,16796.95312500,15329265213
2022-12-24,16796.97656250,16864.70312500,16793.52734375,16847.75585938,16847.75585938,9744636213
2022-12-25,16847.50585938,16860.55468750,16755.25390625,16841.98632812,16841.98632812,11656379938
2022-12-26,16842.25000000,16920.12304688,16812.36914062,16919.80468750,16919.80468750,11886957804
2022-12-27,16919.29101562,16959.84570312,16642.07226562,16717.17382812,16717.17382812,15748580239
2022-12-28,16716.40039062,16768.16992188,16497.55664062,16552.57226562,16552.57226562,17005713920
2022-12-29,16552.32226562,16651.75585938,16508.68359375,16642.34179688,16642.34179688,14472237479
2022-12-30,16641.33007812,16643.42773438,16408.47460938,16602.58593750,16602.58593750,15929162910
2022-12-31,16603.67382812,16628.98632812,16517.51953125,16547.49609375,16547.49609375,11239186456
2023-01-01,16547.91406250,16630.43945312,16521.23437500,16625.08007812,16625.08007812,9244361700
2023-01-02,16625.50976562,16759.34375000,16572.22851562,16688.47070312,16688.47070312,12097775227
2023-01-03,16688.84765625,16760.44726562,16622.37109375,16679.85742188,16679.85742188,13903079207
2023-01-04,16680.20507812,16964.58593750,16667.76367188,16863.23828125,16863.23828125,18421743322
2023-01-05,16863.47265625,16884.02148438,16790.28320312,16836.73632812,16836.73632812,13692758566
2023-01-06,16836.47265625,16991.99414062,16716.42187500,16951.96875000,16951.96875000,14413662913
2023-01-07,16952.11718750,16975.01757812,16914.19140625,16955.07812500,16955.07812500,7714767174
2023-01-08,16954.14648438,17091.14453125,16924.05078125,17091.14453125,17091.14453125,9768827914
2023-01-09,17093.99218750,17389.95703125,17093.99218750,17196.55468750,17196.55468750,18624736866
2023-01-10,17192.94921875,17484.72070312,17162.99023438,17446.29296875,17446.29296875,15808338949
2023-01-11,17446.35937500,17934.89648438,17337.99414062,17934.89648438,17934.89648438,18372283782
2023-01-12,18117.59375000,19030.08789062,17995.20312500,18869.58789062,18869.58789062,34971338710
2023-01-13,18868.90625000,19964.32226562,18753.16406250,19909.57421875,19909.57421875,29225029694
2023-01-14,19910.53710938,21075.14257812,19907.82812500,20976.29882812,20976.29882812,38967784639
2023-01-15,20977.48437500,20993.74804688,20606.98632812,20880.79882812,20880.79882812,19298407543
2023-01-16,20882.22460938,21360.87500000,20715.74609375,21169.63281250,21169.63281250,26792494050
2023-01-17,21175.83398438,21438.66015625,20978.53320312,21161.51953125,21161.51953125,24999983362
2023-01-18,21161.05078125,21564.50195312,20541.54492188,20688.78125000,20688.78125000,30005625418
2023-01-19,20686.74609375,21163.01171875,20685.38085938,21086.79296875,21086.79296875,21152848261
2023-01-20,21085.37304688,22692.35742188,20919.12695312,22676.55273438,22676.55273438,28799154319
2023-01-21,22677.42773438,23282.34765625,22511.83398438,22777.62500000,22777.62500000,32442278429
2023-01-22,22777.98632812,23056.73046875,22387.90039062,22720.41601562,22720.41601562,24746386230
2023-01-23,22721.08789062,23126.48632812,22654.30468750,22934.43164062,22934.43164062,26518700512
2023-01-24,22929.62695312,23134.01171875,22549.74414062,22636.46875000,22636.46875000,26405069715
2023-01-25,22639.26757812,23722.09960938,22406.07617188,23117.85937500,23117.85937500,30685366709
2023-01-26,23108.95507812,23237.07812500,22911.37304688,23032.77734375,23032.77734375,26357839322
2023-01-27,23030.71679688,23417.72070312,22654.59375000,23078.72851562,23078.72851562,25383335641
2023-01-28,23079.96484375,23165.89648438,22908.84570312,23031.08984375,23031.08984375,14712928379
2023-01-29,23031.44921875,23919.89062500,22985.07031250,23774.56640625,23774.56640625,27423687259
2023-01-30,23774.64843750,23789.34765625,22657.58203125,22840.13867188,22840.13867188,27205595568
2023-01-31,22840.79687500,23225.02148438,22765.56835938,23139.28320312,23139.28320312,22837828665
2023-02-01,23137.83593750,23764.53906250,22877.75000000,23723.76953125,23723.76953125,26683255504
2023-02-02,23720.82421875,24167.21093750,23468.59570312,23471.87109375,23471.87109375,32066936882
2023-02-03,23469.41210938,23678.10351562,23279.95507812,23449.32226562,23449.32226562,27083066007
2023-02-04,23446.32031250,23556.94921875,23291.79492188,23331.84765625,23331.84765625,15639298538
2023-02-05,23332.24804688,23423.43554688,22841.75976562,22955.66601562,22955.66601562,19564262605
2023-02-06,22954.02148438,23119.27929688,22692.02539062,22760.10937500,22760.10937500,23825006542
2023-02-07,22757.26757812,23310.97460938,22756.25781250,23264.29101562,23264.29101562,27187964471
2023-02-08,23263.41601562,23367.95898438,22731.09765625,22939.39843750,22939.39843750,25371367758
2023-02-09,22946.56640625,22996.43750000,21773.97460938,21819.03906250,21819.03906250,32572572185
2023-02-10,21819.00585938,21941.18554688,21539.39257812,21651.18359375,21651.18359375,27078406594
2023-02-11,21651.84179688,21891.41015625,21618.44921875,21870.87500000,21870.87500000,16356226232
2023-02-12,21870.90234375,22060.99414062,21682.82812500,21788.20312500,21788.20312500,17821046406
2023-02-13,21787.00000000,21898.41406250,21460.08789062,21808.10156250,21808.10156250,23918742607
2023-02-14,21801.82226562,22293.14062500,21632.39453125,22220.80468750,22220.80468750,26792596581
2023-02-15,22220.58593750,24307.84179688,22082.76953125,24307.84179688,24307.84179688,32483312909
2023-02-16,24307.34960938,25134.11718750,23602.52343750,23623.47460938,23623.47460938,39316664596
2023-02-17,23621.28320312,24924.04101562,23460.75585938,24565.60156250,24565.60156250,41358451255
2023-02-18,24565.29687500,24798.83593750,24468.37304688,24641.27734375,24641.27734375,19625427158
2023-02-19,24640.02734375,25093.05468750,24327.64257812,24327.64257812,24327.64257812,25555105670
2023-02-20,24336.62304688,25020.45898438,23927.91015625,24829.14843750,24829.14843750,28987376573
2023-02-21,24833.04882812,25126.85156250,24200.36328125,24436.35351562,24436.35351562,31252098714
2023-02-22,24437.41796875,24472.33984375,23644.31835938,24188.84375000,24188.84375000,30199996781
2023-02-23,24190.71875000,24572.08984375,23693.91992188,23947.49218750,23947.49218750,30476264066
2023-02-24,23946.00781250,24103.70507812,23007.07226562,23198.12695312,23198.12695312,26811744928
2023-02-25,23200.12500000,23210.21093750,22861.55859375,23175.37500000,23175.37500000,16100721565
2023-02-26,23174.15039062,23654.36718750,23084.22070312,23561.21289062,23561.21289062,16644534842
2023-02-27,23561.45117188,23857.89062500,23205.87890625,23522.87109375,23522.87109375,22660763494
2023-02-28,23521.83789062,23585.38476562,23077.65039062,23147.35351562,23147.35351562,20535363434
2023-03-01,23150.92968750,23880.63281250,23088.62695312,23646.55078125,23646.55078125,24662841200
2023-03-02,23647.01953125,23739.13867188,23245.02148438,23475.46679688,23475.46679688,20386398516
2023-03-03,23476.63281250,23479.34765625,22213.23828125,22362.67968750,22362.67968750,26062404610
2023-03-04,22362.92382812,22405.17773438,22198.98046875,22353.34960938,22353.34960938,11166012913
2023-03-05,22354.14453125,22613.68554688,22307.14257812,22435.51367188,22435.51367188,13317001733
2023-03-06,22436.81640625,22584.29296875,22331.31445312,22429.75781250,22429.75781250,17353192895
2023-03-07,22428.32226562,22527.41796875,22011.26171875,22219.76953125,22219.76953125,22765452204
2023-03-08,22216.44140625,22268.89648438,21708.05078125,21718.08007812,21718.08007812,22536575684
2023-03-09,21720.08007812,21802.71679688,20210.30664062,20363.02148438,20363.02148438,30364664171
2023-03-10,20367.00195312,20370.59570312,19628.25390625,20187.24414062,20187.24414062,39578257695
2023-03-11,20187.87695312,20792.52539062,20068.66015625,20632.41015625,20632.41015625,30180288176
2023-03-12,20628.02929688,22185.03125000,20448.80664062,22163.94921875,22163.94921875,29279035521
2023-03-13,22156.40625000,24550.83789062,21918.19921875,24197.53320312,24197.53320312,49466362688
2023-03-14,24201.76562500,26514.71679688,24081.18359375,24746.07421875,24746.07421875,54622230164
2023-03-15,24770.92578125,25240.61523438,23964.91015625,24375.96093750,24375.96093750,43655701450
2023-03-16,24373.45703125,25190.32617188,24225.11132812,25052.78906250,25052.78906250,33866061747
2023-03-17,25055.12304688,27787.81250000,24955.16992188,27423.92968750,27423.92968750,50730261335
2023-03-18,27448.11718750,27725.95312500,26636.26171875,26965.87890625,26965.87890625,35723036817
2023-03-19,26969.50390625,28440.56054688,26907.71679688,28038.67578125,28038.67578125,37769448859
2023-03-20,28041.60156250,28527.72460938,27242.88085938,27767.23632812,27767.23632812,44774027664
2023-03-21,27768.39257812,28439.56250000,27439.64648438,28175.81640625,28175.81640625,36102192830
2023-03-22,28158.72070312,28803.33593750,26759.99609375,27307.43750000,27307.43750000,33382021890
2023-03-23,27301.95703125,28729.84375000,27183.36328125,28333.97265625,28333.97265625,24220433689
2023-03-24,28324.11132812,28388.43750000,27039.26562500,27493.28515625,27493.28515625,25980310960
2023-03-25,27487.33789062,27791.82617188,27196.23437500,27494.70703125,27494.70703125,13383005987
2023-03-26,27495.52343750,28178.14453125,27445.04687500,27994.33007812,27994.33007812,13878363192
2023-03-27,27994.06835938,28037.92578125,26606.68945312,27139.88867188,27139.88867188,18188895178
2023-03-28,27132.88867188,27460.71875000,26677.81835938,27268.13085938,27268.13085938,17783600385
2023-03-29,27267.03125000,28619.54296875,27259.66210938,28348.44140625,28348.44140625,20684945906
2023-03-30,28350.14062500,29159.90234375,27720.16015625,28033.56250000,28033.56250000,22435349951
2023-03-31,28032.26171875,28639.89648438,27583.71484375,28478.48437500,28478.48437500,19001327598
2023-04-01,28473.33203125,28802.45703125,28297.17187500,28411.03515625,28411.03515625,10876469901
2023-04-02,28462.84570312,28518.95898438,27884.08789062,28199.30859375,28199.30859375,12284641999
2023-04-03,28183.08007812,28475.62304688,27276.72070312,27790.22070312,27790.22070312,19556501327
2023-04-04,27795.27343750,28433.74218750,27681.30468750,28168.08984375,28168.08984375,15284538859
2023-04-05,28169.72656250,28739.23828125,27843.76367188,28177.98437500,28177.98437500,17052315986
2023-04-06,28175.22656250,28178.38476562,27738.75976562,28044.14062500,28044.14062500,13837809380
2023-04-07,28038.96679688,28111.59375000,27794.03125000,27925.85937500,27925.85937500,10861680497
2023-04-08,27920.51367188,28159.86328125,27883.38671875,27947.79492188,27947.79492188,9373255556
2023-04-09,27952.36718750,28532.83007812,27828.48046875,28333.05078125,28333.05078125,12175322951
2023-04-10,28336.02734375,29771.46484375,28189.27148438,29652.98046875,29652.98046875,19282400094
2023-04-11,29653.67968750,30509.08398438,29609.30078125,30235.05859375,30235.05859375,20121259843
2023-04-12,30231.58203125,30462.48046875,29725.57421875,30139.05273438,30139.05273438,18651929926
2023-04-13,29892.74023438,30539.84570312,29878.62304688,30399.06640625,30399.06640625,17487721001
2023-04-14,30409.56250000,31005.60742188,30044.49804688,30485.69921875,30485.69921875,22659995079
2023-04-15,30490.75000000,30601.74023438,30245.88281250,30318.49609375,30318.49609375,11940685378
2023-04-16,30315.97656250,30555.53710938,30157.83203125,30315.35546875,30315.35546875,12854816417
2023-04-17,30317.14648438,30319.19726562,29275.37109375,29445.04492188,29445.04492188,17872186762
2023-04-18,29449.09179688,30470.30273438,29154.84960938,30397.55273438,30397.55273438,19480529496
2023-04-19,30394.18750000,30411.05468750,28669.89843750,28822.67968750,28822.67968750,24571565421
2023-04-20,28823.68359375,29076.40039062,28037.25781250,28245.98828125,28245.98828125,21340360360
2023-04-21,28249.23046875,28349.96875000,27177.36523438,27276.91015625,27276.91015625,20759504330
2023-04-22,27265.89453125,27872.14257812,27169.57031250,27817.50000000,27817.50000000,13125734602
2023-04-23,27816.14453125,27820.24414062,27400.31445312,27591.38476562,27591.38476562,12785446832
2023-04-24,27591.73046875,27979.98242188,27070.84960938,27525.33984375,27525.33984375,17703288330
2023-04-25,27514.87304688,28371.07812500,27207.93164062,28307.59765625,28307.59765625,17733373139
2023-04-26,28300.05859375,29995.83789062,27324.54882812,28422.70117188,28422.70117188,31854242019
2023-04-27,28428.46484375,29871.54687500,28402.88671875,29473.78710938,29473.78710938,27153445027
2023-04-28,29481.01367188,29572.79101562,28929.60937500,29340.26171875,29340.26171875,17544464887
2023-04-29,29336.56640625,29452.45507812,29088.04296875,29248.48828125,29248.48828125,10662634333
2023-04-30,29245.51562500,29952.02929688,29114.02148438,29268.80664062,29268.80664062,14652199272
2023-05-01,29227.10351562,29329.93554688,27680.79296875,28091.56835938,28091.56835938,18655599976
2023-05-02,28087.17578125,28881.29882812,27924.12304688,28680.53710938,28680.53710938,16432924527
2023-05-03,28680.49414062,29259.53320312,28178.38867188,29006.30859375,29006.30859375,19122972518
2023-05-04,29031.30468750,29353.18554688,28694.03906250,28847.71093750,28847.71093750,15548678514
2023-05-05,28851.48046875,29668.90820312,28845.50976562,29534.38476562,29534.38476562,17936566518
2023-05-06,29538.85937500,29820.12695312,28468.96679688,28904.62304688,28904.62304688,15913866714
2023-05-07,28901.62304688,29157.51757812,28441.36718750,28454.97851562,28454.97851562,11301355486
2023-05-08,28450.45703125,28663.27148438,27310.13476562,27694.27343750,27694.27343750,19122903752
2023-05-09,27695.06835938,27821.40039062,27375.60156250,27658.77539062,27658.77539062,14128593256
2023-05-10,27654.63671875,28322.68750000,26883.66992188,27621.75585938,27621.75585938,20656025026
2023-05-11,27621.08593750,27621.94140625,26781.82617188,27000.78906250,27000.78906250,16724343943
2023-05-12,26987.66210938,27055.64648438,25878.42968750,26804.99023438,26804.99023438,19313599897
2023-05-13,26807.76953125,27030.48242188,26710.87304688,26784.07812500,26784.07812500,9999171605
2023-05-14,26788.97460938,27150.97656250,26661.35546875,26930.63867188,26930.63867188,10014858959
2023-05-15,26931.38476562,27646.34765625,26766.09765625,27192.69335938,27192.69335938,14413231792
2023-05-16,27171.51367188,27299.30468750,26878.94726562,27036.65039062,27036.65039062,12732238816
2023-05-17,27035.47070312,27465.92773438,26600.14453125,27398.80273438,27398.80273438,15140006925
2023-05-18,27401.65039062,27466.52734375,26415.10156250,26832.20898438,26832.20898438,15222938600
2023-05-19,26826.75390625,27128.61914062,26700.21093750,26890.12890625,26890.12890625,11258983301
2023-05-20,26888.84179688,27155.15820312,26843.27734375,27129.58593750,27129.58593750,7044911360
2023-05-21,27118.42382812,27265.91796875,26706.92187500,26753.82617188,26753.82617188,8647416921
2023-05-22,26749.89257812,27045.73437500,26549.73437500,26851.27734375,26851.27734375,11056770492
2023-05-23,26855.96093750,27434.68359375,26816.17968750,27225.72656250,27225.72656250,13697203143
2023-05-24,27224.60351562,27224.60351562,26106.57617188,26334.81835938,26334.81835938,16299104428
2023-05-25,26329.46093750,26591.51953125,25890.59375000,26476.20703125,26476.20703125,13851122697
2023-05-26,26474.18164062,26916.66992188,26343.94921875,26719.29101562,26719.29101562,12711619225
2023-05-27,26720.18164062,26888.88281250,26621.14062500,26868.35351562,26868.35351562,7892015141
2023-05-28,26871.15820312,28193.44921875,26802.75195312,28085.64648438,28085.64648438,14545229578
2023-05-29,28075.59179688,28432.03906250,27563.87695312,27745.88476562,27745.88476562,15181308984
2023-05-30,27745.12304688,28044.75976562,27588.50195312,27702.34960938,27702.34960938,13251081851
2023-05-31,27700.52929688,27831.67773438,26866.45312500,27219.65820312,27219.65820312,15656371534
2023-06-01,27218.41210938,27346.10546875,26671.72070312,26819.97265625,26819.97265625,14678970415
2023-06-02,26824.55664062,27303.86132812,26574.64453125,27249.58984375,27249.58984375,14837415000
2023-06-03,27252.32421875,27317.05273438,26958.00390625,27075.12890625,27075.12890625,8385597470
2023-06-04,27075.12304688,27407.01953125,26968.22460938,27119.06640625,27119.06640625,9360912318
2023-06-05,27123.10937500,27129.98242188,25445.16796875,25760.09765625,25760.09765625,21513292646
2023-06-06,25732.10937500,27313.82031250,25434.86718750,27238.78320312,27238.78320312,21929670693
2023-06-07,27235.65039062,27332.18164062,26146.98828125,26345.99804688,26345.99804688,19530045082
2023-06-08,26347.65429688,26797.51367188,26246.66406250,26508.21679688,26508.21679688,11904824295
2023-06-09,26505.92382812,26770.28906250,26339.31445312,26480.37500000,26480.37500000,11015551640
2023-06-10,26481.76171875,26531.04492188,25501.83593750,25851.24023438,25851.24023438,19872933189
2023-06-11,25854.03125000,26203.43945312,25668.98632812,25940.16796875,25940.16796875,10732609603
2023-06-12,25934.28515625,26087.91992188,25675.19726562,25902.50000000,25902.50000000,11677889997
2023-06-13,25902.94140625,26376.35156250,25728.36523438,25918.72851562,25918.72851562,14143474486
2023-06-14,25920.25781250,26041.80078125,24902.15234375,25124.67578125,25124.67578125,14265717766
2023-06-15,25121.67382812,25735.30859375,24797.16796875,25576.39453125,25576.39453125,15837384409
2023-06-16,25575.28320312,26463.17382812,25245.35742188,26327.46289062,26327.46289062,16324646965
2023-06-17,26328.67968750,26769.39453125,26174.49218750,26510.67578125,26510.67578125,11090276850
2023-06-18,26510.45703125,26675.92578125,26325.89062500,26336.21289062,26336.21289062,9565695129
2023-06-19,26335.44140625,26984.61132812,26312.83203125,26851.02929688,26851.02929688,12826986222
2023-06-20,26841.66406250,28388.96875000,26668.79101562,28327.48828125,28327.48828125,22211859147
2023-06-21,28311.31054688,30737.33007812,28283.41015625,30027.29687500,30027.29687500,33346760979
2023-06-22,29995.93554688,30495.99804688,29679.15820312,29912.28125000,29912.28125000,20653160491
2023-06-23,29896.38281250,31389.53906250,29845.21484375,30695.46875000,30695.46875000,24115570085
2023-06-24,30708.73828125,30804.14843750,30290.14648438,30548.69531250,30548.69531250,12147822496
2023-06-25,30545.15039062,31041.27148438,30327.94335938,30480.26171875,30480.26171875,12703464114
2023-06-26,30480.52343750,30636.02929688,29955.74414062,30271.13085938,30271.13085938,16493186997
2023-06-27,30274.32031250,31006.78710938,30236.65039062,30688.16406250,30688.16406250,16428827944
2023-06-28,30696.56054688,30703.27929688,29921.82226562,30086.24609375,30086.24609375,14571500779
2023-06-29,30086.18750000,30796.25000000,30057.20312500,30445.35156250,30445.35156250,13180860821
2023-06-30,30441.35351562,31256.86328125,29600.27539062,30477.25195312,30477.25195312,26387306197
2023-07-01,30471.84765625,30641.28906250,30328.86523438,30590.07812500,30590.07812500,9086606733
2023-07-02,30587.26953125,30766.14062500,30264.01953125,30620.76953125,30620.76953125,10533418042
2023-07-03,30624.51562500,31375.61328125,30586.51367188,31156.43945312,31156.43945312,15271884873
2023-07-04,31156.86523438,31325.19726562,30659.35546875,30777.58203125,30777.58203125,12810828427
2023-07-05,30778.72460938,30877.33007812,30225.61328125,30514.16601562,30514.16601562,12481622280
2023-07-06,30507.15039062,31460.05273438,29892.22656250,29909.33789062,29909.33789062,21129219509
2023-07-07,29907.99804688,30434.64453125,29777.28515625,30342.26562500,30342.26562500,13384770155
2023-07-08,30346.92187500,30374.43750000,30080.16015625,30292.54101562,30292.54101562,7509378699
2023-07-09,30291.61132812,30427.58984375,30085.59179688,30171.23437500,30171.23437500,7903327692
2023-07-10,30172.42382812,31026.08398438,29985.39453125,30414.47070312,30414.47070312,14828209155
2023-07-11,30417.63281250,30788.31445312,30358.09765625,30620.95117188,30620.95117188,12151839152
2023-07-12,30622.24609375,30959.96484375,30228.83593750,30391.64648438,30391.64648438,14805659717
2023-07-13,30387.48828125,31814.51562500,30268.35156250,31476.04882812,31476.04882812,23686079548
2023-07-14,31474.72070312,31582.25390625,29966.38671875,30334.06835938,30334.06835938,20917902660
2023-07-15,30331.78320312,30407.78125000,30263.46289062,30295.80664062,30295.80664062,8011667756
2023-07-16,30297.47265625,30437.56054688,30089.66992188,30249.13281250,30249.13281250,8516564470
2023-07-17,30249.62695312,30336.40039062,29685.78320312,30145.88867188,30145.88867188,13240156074
2023-07-18,30147.07031250,30233.65625000,29556.42773438,29856.56250000,29856.56250000,13138897269
2023-07-19,29862.04687500,30184.18164062,29794.26953125,29913.92382812,29913.92382812,12128602812
2023-07-20,29915.25000000,30195.53125000,29638.09570312,29792.01562500,29792.01562500,14655207121
2023-07-21,29805.11132812,30045.99804688,29733.85156250,29908.74414062,29908.74414062,10972789818
2023-07-22,29908.69726562,29991.61523438,29664.12109375,29771.80273438,29771.80273438,7873300598
2023-07-23,29790.11132812,30330.64062500,29741.52734375,30084.53906250,30084.53906250,9220145050
2023-07-24,30081.66210938,30093.39453125,28934.29492188,29176.91601562,29176.91601562,15395817395
2023-07-25,29178.97070312,29353.16015625,29062.43359375,29227.39062500,29227.39062500,10266772793
2023-07-26,29225.75976562,29675.55273438,29113.91210938,29354.97265625,29354.97265625,13497554655
2023-07-27,29353.79882812,29560.96679688,29099.35156250,29210.68945312,29210.68945312,10770779217
2023-07-28,29212.16406250,29521.51367188,29125.84570312,29319.24609375,29319.24609375,11218474952
2023-07-29,29319.44531250,29396.84375000,29264.16601562,29356.91796875,29356.91796875,6481775959
2023-07-30,29357.09375000,29443.16992188,29059.50195312,29275.30859375,29275.30859375,8678454527
2023-07-31,29278.31445312,29489.87304688,29131.57812500,29230.11132812,29230.11132812,11656781982
2023-08-01,29230.87304688,29675.73242188,28657.02343750,29675.73242188,29675.73242188,18272392391
2023-08-02,29704.14648438,29987.99804688,28946.50976562,29151.95898438,29151.95898438,19212655598
2023-08-03,29161.81250000,29375.70703125,28959.48828125,29178.67968750,29178.67968750,12780357746
2023-08-04,29174.38281250,29302.07812500,28885.33593750,29074.09179688,29074.09179688,12036639988
2023-08-05,29075.38867188,29102.46484375,28957.79687500,29042.12695312,29042.12695312,6598366353
2023-08-06,29043.70117188,29160.82226562,28963.83398438,29041.85546875,29041.85546875,7269806994
2023-08-07,29038.51367188,29244.28125000,28724.14062500,29180.57812500,29180.57812500,13618163710
2023-08-08,29180.01953125,30176.79687500,29113.81445312,29765.49218750,29765.49218750,17570561357
2023-08-09,29766.69531250,30093.43554688,29376.80078125,29561.49414062,29561.49414062,18379521213
2023-08-10,29563.97265625,29688.56445312,29354.44726562,29429.59179688,29429.59179688,11865344789
2023-08-11,29424.90234375,29517.77343750,29253.51757812,29397.71484375,29397.71484375,10195168197
2023-08-12,29399.78710938,29465.11328125,29357.58789062,29415.96484375,29415.96484375,6194358008
2023-08-13,29416.59375000,29441.43359375,29265.80664062,29282.91406250,29282.91406250,7329897180
2023-08-14,29283.26367188,29660.25390625,29124.10546875,29408.44335938,29408.44335938,14013695304
2023-08-15,29408.04882812,29439.12109375,29088.85351562,29170.34765625,29170.34765625,12640195779
2023-08-16,29169.07421875,29221.97656250,28701.77929688,28701.77929688,28701.77929688,14949271904
2023-08-17,28699.80273438,28745.94726562,25409.11132812,26664.55078125,26664.55078125,31120851211
2023-08-18,26636.07812500,26808.19531250,25668.92187500,26049.55664062,26049.55664062,24026236529
2023-08-19,26047.83203125,26249.44921875,25802.40820312,26096.20507812,26096.20507812,10631443812
2023-08-20,26096.86132812,26260.68164062,26004.31445312,26189.58398438,26189.58398438,9036580420
2023-08-21,26188.69140625,26220.20117188,25846.08789062,26124.14062500,26124.14062500,13371557893
2023-08-22,26130.74804688,26135.50781250,25520.72851562,26031.65625000,26031.65625000,14503820706
2023-08-23,26040.47460938,26786.89843750,25804.99804688,26431.64062500,26431.64062500,16985265785
2023-08-24,26431.51953125,26554.91015625,25914.92578125,26162.37304688,26162.37304688,12871532023
2023-08-25,26163.67968750,26248.10351562,25786.81250000,26047.66796875,26047.66796875,12406045118
2023-08-26,26047.23437500,26107.38476562,25983.87890625,26008.46289062,26008.46289062,6034817316
2023-08-27,26008.24218750,26165.37304688,25965.09765625,26089.69335938,26089.69335938,6913768611
2023-08-28,26089.61523438,26198.57812500,25880.59960938,26106.15039062,26106.15039062,11002805166
2023-08-29,26102.48632812,28089.33789062,25912.62890625,27727.39257812,27727.39257812,29368391712
2023-08-30,27726.08398438,27760.16015625,27069.20703125,27297.26562500,27297.26562500,16343655235
2023-08-31,27301.92968750,27456.07812500,25752.92968750,25931.47265625,25931.47265625,20181001451
2023-09-01,25934.02148438,26125.86914062,25362.60937500,25800.72460938,25800.72460938,17202862221
2023-09-02,25800.91015625,25970.28515625,25753.09375000,25868.79882812,25868.79882812,10100387473
2023-09-03,25869.47265625,26087.14843750,25817.03125000,25969.56640625,25969.56640625,8962524523
2023-09-04,25968.16992188,26081.52539062,25657.02539062,25812.41601562,25812.41601562,10680635106
2023-09-05,25814.95703125,25858.37500000,25589.98828125,25779.98242188,25779.98242188,11094740040
2023-09-06,25783.93164062,25953.01562500,25404.35937500,25753.23632812,25753.23632812,12752705327
2023-09-07,25748.31250000,26409.30273438,25608.20117188,26240.19531250,26240.19531250,11088307100
2023-09-08,26245.20898438,26414.00585938,25677.48046875,25905.65429688,25905.65429688,10817356400
2023-09-09,25905.42578125,25921.97656250,25810.49414062,25895.67773438,25895.67773438,5481314132
2023-09-10,25895.21093750,25978.13085938,25640.26171875,25832.22656250,25832.22656250,7899553047
2023-09-11,25831.71484375,25883.94726562,24930.29687500,25162.65429688,25162.65429688,14600006467
2023-09-12,25160.65820312,26451.93945312,25133.07812500,25833.34375000,25833.34375000,18657279324
2023-09-13,25837.55468750,26376.11328125,25781.12304688,26228.32421875,26228.32421875,13072077070
2023-09-14,26228.27734375,26774.62304688,26171.45117188,26539.67382812,26539.67382812,13811359124
2023-09-15,26533.81835938,26840.49804688,26240.70117188,26608.69335938,26608.69335938,11479735788
2023-09-16,26606.19921875,26754.76953125,26473.89062500,26568.28125000,26568.28125000,7402031417
2023-09-17,26567.92773438,26617.99804688,26445.07421875,26534.18750000,26534.18750000,6774210670
2023-09-18,26532.99414062,27414.73437500,26415.51562500,26754.28125000,26754.28125000,15615339655
2023-09-19,26760.85156250,27488.76367188,26681.60546875,27211.11718750,27211.11718750,13807690550
2023-09-20,27210.22851562,27379.50585938,26864.08203125,27132.00781250,27132.00781250,13281116604
2023-09-21,27129.83984375,27152.93945312,26389.30078125,26567.63281250,26567.63281250,13371443708
2023-09-22,26564.05664062,26726.07812500,26495.53320312,26579.56835938,26579.56835938,10578746709
2023-09-23,26578.55664062,26634.18554688,26520.51953125,26579.39062500,26579.39062500,7404700301
2023-09-24,26579.37304688,26716.05859375,26221.05078125,26256.82617188,26256.82617188,8192867686
2023-09-25,26253.77539062,26421.50781250,26011.46875000,26298.48046875,26298.48046875,11997833257
2023-09-26,26294.75781250,26389.88476562,26090.71289062,26217.25000000,26217.25000000,9985498161
2023-09-27,26209.49804688,26817.84179688,26111.46484375,26352.71679688,26352.71679688,11718380997
2023-09-28,26355.81250000,27259.50000000,26327.32226562,27021.54687500,27021.54687500,14079002707
2023-09-29,27024.84179688,27225.93750000,26721.76367188,26911.72070312,26911.72070312,10396435377
2023-09-30,26911.68945312,27091.79492188,26888.96875000,26967.91601562,26967.91601562,5331172801
2023-10-01,26967.39648438,28047.23828125,26965.09375000,27983.75000000,27983.75000000,9503917434
2023-10-02,27976.79882812,28494.45898438,27347.78710938,27530.78515625,27530.78515625,19793041322
2023-10-03,27508.25195312,27667.19140625,27216.00195312,27429.97851562,27429.97851562,11407814187
2023-10-04,27429.07421875,27826.65820312,27248.10546875,27799.39453125,27799.39453125,11143355314
2023-10-05,27798.64648438,28091.86132812,27375.60156250,27415.91210938,27415.91210938,11877253670
2023-10-06,27412.12304688,28252.53710938,27215.55273438,27946.59765625,27946.59765625,13492391599
2023-10-07,27946.78125000,28028.09179688,27870.42382812,27968.83984375,27968.83984375,6553044316
2023-10-08,27971.67773438,28102.16992188,27740.66210938,27935.08984375,27935.08984375,7916875290
2023-10-09,27934.47265625,27989.47070312,27302.56250000,27583.67773438,27583.67773438,12007668568
2023-10-10,27589.20117188,27715.84765625,27301.65429688,27391.01953125,27391.01953125,9973350678
2023-10-11,27392.07617188,27474.11523438,26561.09960938,26873.32031250,26873.32031250,13648094333
2023-10-12,26873.29296875,26921.43945312,26558.32031250,26756.79882812,26756.79882812,9392909295
2023-10-13,26752.87890625,27092.69726562,26686.32226562,26862.37500000,26862.37500000,15165312851
2023-10-14,26866.20312500,26969.00000000,26814.58593750,26861.70703125,26861.70703125,5388116782
2023-10-15,26858.01171875,27289.16992188,26817.89453125,27159.65234375,27159.65234375,7098201980
2023-10-16,27162.62890625,29448.13867188,27130.47265625,28519.46679688,28519.46679688,27833876539
2023-10-17,28522.09765625,28618.75195312,28110.18554688,28415.74804688,28415.74804688,14872527508
2023-10-18,28413.53125000,28889.00976562,28174.25195312,28328.34179688,28328.34179688,12724128586
2023-10-19,28332.41601562,28892.47460938,28177.98828125,28719.80664062,28719.80664062,14448058195
2023-10-20,28732.81250000,30104.08593750,28601.66992188,29682.94921875,29682.94921875,21536125230
2023-10-21,29683.38085938,30287.48242188,29481.75195312,29918.41210938,29918.41210938,11541146996
2023-10-22,29918.65429688,30199.43359375,29720.31250000,29993.89648438,29993.89648438,10446520040
2023-10-23,30140.68554688,34370.43750000,30097.82812500,33086.23437500,33086.23437500,38363572311
2023-10-24,33077.30468750,35150.43359375,32880.76171875,33901.52734375,33901.52734375,44934999645
2023-10-25,33916.04296875,35133.75781250,33709.10937500,34502.82031250,34502.82031250,25254318008
2023-10-26,34504.28906250,34832.91015625,33762.32421875,34156.64843750,34156.64843750,19427195376
2023-10-27,34156.50000000,34238.21093750,33416.88671875,33909.80078125,33909.80078125,16418032871
2023-10-28,33907.72265625,34399.39062500,33874.80468750,34089.57421875,34089.57421875,10160330825
2023-10-29,34089.37109375,34743.26171875,33947.56640625,34538.48046875,34538.48046875,11160323986
2023-10-30,34531.74218750,34843.93359375,34110.97265625,34502.36328125,34502.36328125,17184860315
2023-10-31,34500.07812500,34719.25390625,34083.30859375,34667.78125000,34667.78125000,15758270810
2023-11-01,34657.27343750,35527.92968750,34170.69140625,35437.25390625,35437.25390625,22446272005
2023-11-02,35441.57812500,35919.84375000,34401.57421875,34938.24218750,34938.24218750,20998158544
2023-11-03,34942.47265625,34942.47265625,34133.44140625,34732.32421875,34732.32421875,17158456701
2023-11-04,34736.32421875,35256.03125000,34616.69140625,35082.19531250,35082.19531250,9561294264
2023-11-05,35090.01171875,35340.33984375,34594.24218750,35049.35546875,35049.35546875,12412743996
2023-11-06,35044.78906250,35286.02734375,34765.36328125,35037.37109375,35037.37109375,12693436420
2023-11-07,35047.79296875,35892.41796875,34545.81640625,35443.56250000,35443.56250000,18834737789
2023-11-08,35419.47656250,35994.41796875,35147.80078125,35655.27734375,35655.27734375,17295394918
2023-11-09,35633.63281250,37926.25781250,35592.10156250,36693.12500000,36693.12500000,37762672382
2023-11-10,36702.25000000,37493.80078125,36362.75390625,37313.96875000,37313.96875000,22711265155
2023-11-11,37310.07031250,37407.09375000,36773.66796875,37138.05078125,37138.05078125,13924272142
2023-11-12,37133.99218750,37227.69140625,36779.11718750,37054.51953125,37054.51953125,11545715999
2023-11-13,37070.30468750,37405.11718750,36399.60546875,36502.35546875,36502.35546875,19057712790
2023-11-14,36491.78906250,36753.35156250,34948.50000000,35537.64062500,35537.64062500,23857403554
2023-11-15,35548.11328125,37964.89453125,35383.78125000,37880.58203125,37880.58203125,27365821679
2023-11-16,37879.98046875,37934.62500000,35545.47265625,36154.76953125,36154.76953125,26007385366
2023-11-17,36164.82421875,36704.48437500,35901.23437500,36596.68359375,36596.68359375,22445028430
2023-11-18,36625.37109375,36839.28125000,36233.31250000,36585.70312500,36585.70312500,11886022717
2023-11-19,36585.76562500,37509.35546875,36414.59765625,37386.54687500,37386.54687500,12915986553
2023-11-20,37374.07421875,37756.82031250,36882.53125000,37476.95703125,37476.95703125,20888209068
2023-11-21,37469.16015625,37631.14062500,35813.81250000,35813.81250000,35813.81250000,25172163756
2023-11-22,35756.55468750,37856.98046875,35670.97265625,37432.33984375,37432.33984375,24397247860
2023-11-23,37420.43359375,37643.91796875,36923.86328125,37289.62109375,37289.62109375,14214948217
2023-11-24,37296.31640625,38415.33984375,37261.60546875,37720.28125000,37720.28125000,22922957823
2023-11-25,37721.41406250,37892.42968750,37617.41796875,37796.79296875,37796.79296875,9099571165
2023-11-26,37796.82812500,37820.30078125,37162.75000000,37479.12109375,37479.12109375,13744796068
2023-11-27,37454.19140625,37559.35546875,36750.12890625,37254.16796875,37254.16796875,19002925720
2023-11-28,37247.99218750,38368.48046875,36891.08984375,37831.08593750,37831.08593750,21696137014
2023-11-29,37826.10546875,38366.11328125,37612.63281250,37858.49218750,37858.49218750,20728546658
2023-11-30,37861.11718750,38141.75390625,37531.14062500,37712.74609375,37712.74609375,18115982627
2023-12-01,37718.00781250,38954.10937500,37629.35937500,38688.75000000,38688.75000000,23512784002
2023-12-02,38689.27734375,39678.93750000,38652.59375000,39476.33203125,39476.33203125,15534035612
2023-12-03,39472.20703125,40135.60546875,39298.16406250,39978.39062500,39978.39062500,15769696322
2023-12-04,39978.62890625,42371.75000000,39978.62890625,41980.09765625,41980.09765625,39856129827
2023-12-05,41986.26562500,44408.66406250,41421.14843750,44080.64843750,44080.64843750,36312154535
2023-12-06,44080.02343750,44265.76953125,43478.08203125,43746.44531250,43746.44531250,29909761586
2023-12-07,43769.13281250,44042.58984375,42880.64843750,43292.66406250,43292.66406250,27635760671
2023-12-08,43293.13671875,44705.51562500,43125.29687500,44166.60156250,44166.60156250,24421116687
2023-12-09,44180.01953125,44361.25781250,43627.59765625,43725.98437500,43725.98437500,17368210171
2023-12-10,43728.38281250,44034.62500000,43593.28515625,43779.69921875,43779.69921875,13000481418
2023-12-11,43792.01953125,43808.37500000,40234.57812500,41243.83203125,41243.83203125,40632672038
2023-12-12,41238.73437500,42048.30468750,40667.56250000,41450.22265625,41450.22265625,24779520132
2023-12-13,41468.46484375,43429.78125000,40676.86718750,42890.74218750,42890.74218750,26797884674
2023-12-14,42884.26171875,43390.85937500,41767.08984375,43023.97265625,43023.97265625,25578530178
2023-12-15,43028.25000000,43087.82421875,41692.96875000,41929.75781250,41929.75781250,19639442462
2023-12-16,41937.74218750,42664.94531250,41723.11328125,42240.11718750,42240.11718750,14386729590
2023-12-17,42236.10937500,42359.49609375,41274.54296875,41364.66406250,41364.66406250,16678702876
2023-12-18,41348.20312500,42720.29687500,40530.25781250,42623.53906250,42623.53906250,25224642008
2023-12-19,42641.51171875,43354.29687500,41826.33593750,42270.52734375,42270.52734375,23171001281
2023-12-20,42261.30078125,44275.58593750,42223.81640625,43652.25000000,43652.25000000,27868908174
2023-12-21,43648.12500000,44240.66796875,43330.05078125,43869.15234375,43869.15234375,22452766169
2023-12-22,43868.98828125,44367.95703125,43441.96875000,43997.90234375,43997.90234375,21028503216
2023-12-23,44012.19921875,44015.69921875,43351.35546875,43739.54296875,43739.54296875,13507796558
2023-12-24,43728.36718750,43945.52343750,42786.91796875,43016.11718750,43016.11718750,18830554085
2023-12-25,43010.57421875,43765.09375000,42765.76953125,43613.14062500,43613.14062500,21115795370
2023-12-26,43599.84765625,43603.17578125,41676.48828125,42520.40234375,42520.40234375,30026850982
2023-12-27,42518.46875000,43683.16015625,42167.58203125,43442.85546875,43442.85546875,25260941032
2023-12-28,43468.19921875,43804.78125000,42318.55078125,42627.85546875,42627.85546875,22992093014
2023-12-29,42614.64453125,43124.32421875,41424.06250000,42099.40234375,42099.40234375,26000021055
2023-12-30,42091.75390625,42584.12500000,41556.22656250,42156.90234375,42156.90234375,16013925945
2023-12-31,42152.09765625,42860.93750000,41998.25390625,42265.18750000,42265.18750000,16397498810
2024-01-01,42280.23437500,44175.43750000,42214.97656250,44167.33203125,44167.33203125,18426978443
2024-01-02,44187.14062500,45899.70703125,44176.94921875,44957.96875000,44957.96875000,39335274536
2024-01-03,44961.60156250,45503.24218750,40813.53515625,42848.17578125,42848.17578125,46342323118
2024-01-04,42855.81640625,44770.02343750,42675.17578125,44179.92187500,44179.92187500,30448091210
2024-01-05,44192.98046875,44353.28515625,42784.71875000,44162.69140625,44162.69140625,32336029347
2024-01-06,44178.95312500,44227.63281250,43475.15625000,43989.19531250,43989.19531250,16092503468
2024-01-07,43998.46484375,44495.57031250,43662.23046875,43943.09765625,43943.09765625,19330573863
2024-01-08,43948.70703125,47218.00000000,43244.08203125,46970.50390625,46970.50390625,42746192015
2024-01-09,46987.64062500,47893.69921875,45244.71484375,46139.73046875,46139.73046875,39821290992
2024-01-10,46121.53906250,47647.22265625,44483.15234375,46627.77734375,46627.77734375,50114613298
2024-01-11,46656.07421875,48969.37109375,45678.64453125,46368.58593750,46368.58593750,45833734549
2024-01-12,46354.79296875,46498.13671875,41903.76953125,42853.16796875,42853.16796875,43332698900
2024-01-13,42799.44531250,43234.66015625,42464.14453125,42842.38281250,42842.38281250,20601860469
2024-01-14,42842.26171875,43065.59765625,41724.61328125,41796.26953125,41796.26953125,17521429522
2024-01-15,41715.06640625,43319.72265625,41705.41796875,42511.96875000,42511.96875000,22320220558
2024-01-16,42499.33593750,43566.27343750,42085.99609375,43154.94531250,43154.94531250,24062872740
2024-01-17,43132.10156250,43189.89062500,42189.30859375,42742.65234375,42742.65234375,20851232595
2024-01-18,42742.31250000,42876.34765625,40631.17187500,41262.05859375,41262.05859375,25218357242
2024-01-19,41278.46093750,42134.16015625,40297.45703125,41618.40625000,41618.40625000,25752407154
2024-01-20,41624.58984375,41877.89453125,41446.82421875,41665.58593750,41665.58593750,11586690904
2024-01-21,41671.48828125,41855.36718750,41497.00781250,41545.78515625,41545.78515625,9344043642
2024-01-22,41553.65234375,41651.20703125,39450.11718750,39507.36718750,39507.36718750,31338708143
2024-01-23,39518.71484375,40127.35156250,38521.89453125,39845.55078125,39845.55078125,29244553045
2024-01-24,39877.59375000,40483.78515625,39508.79687500,40077.07421875,40077.07421875,22359526178
2024-01-25,40075.55078125,40254.48046875,39545.66406250,39933.80859375,39933.80859375,18491782013
2024-01-26,39936.81640625,42209.38671875,39825.69140625,41816.87109375,41816.87109375,25598119893
2024-01-27,41815.62500000,42195.63281250,41431.28125000,42120.05468750,42120.05468750,11422941934
2024-01-28,42126.12500000,42797.17578125,41696.91015625,42035.59375000,42035.59375000,16858971687
2024-01-29,42030.91406250,43305.86718750,41818.33203125,43288.24609375,43288.24609375,20668476578
2024-01-30,43300.22656250,43838.94531250,42711.37109375,42952.60937500,42952.60937500,23842814518
2024-01-31,42946.25000000,43717.40625000,42298.94531250,42582.60546875,42582.60546875,24673628793
2024-02-01,42569.76171875,43243.16796875,41879.19140625,43075.77343750,43075.77343750,21423953779
2024-02-02,43077.64062500,43422.48828125,42584.33593750,43185.85937500,43185.85937500,18603843039
2024-02-03,43184.96484375,43359.94140625,42890.80859375,42992.25000000,42992.25000000,11169245236
2024-02-04,42994.94140625,43097.64453125,42374.83203125,42583.58203125,42583.58203125,14802225490
2024-02-05,42577.62109375,43494.25000000,42264.81640625,42658.66796875,42658.66796875,18715487317
2024-02-06,42657.39062500,43344.14843750,42529.01953125,43084.67187500,43084.67187500,16798476726
2024-02-07,43090.01953125,44341.94921875,42775.95703125,44318.22265625,44318.22265625,21126587775
2024-02-08,44332.12500000,45575.83984375,44332.12500000,45301.56640625,45301.56640625,26154524080
2024-02-09,45297.38281250,48152.49609375,45260.82421875,47147.19921875,47147.19921875,39316770844
2024-02-10,47153.52734375,48146.17187500,46905.32031250,47771.27734375,47771.27734375,16398681570
2024-02-11,47768.96875000,48535.93750000,47617.40625000,48293.91796875,48293.91796875,19315867136
2024-02-12,48296.38671875,50280.47656250,47745.76171875,49958.22265625,49958.22265625,34511985805
2024-02-13,49941.35937500,50358.39062500,48406.49609375,49742.44140625,49742.44140625,35593051468
2024-02-14,49733.44531250,52021.37109375,49296.83203125,51826.69531250,51826.69531250,39105608050
2024-02-15,51836.78515625,52820.06640625,51371.62890625,51938.55468750,51938.55468750,38564360533
2024-02-16,51937.72656250,52537.96875000,51641.36718750,52160.20312500,52160.20312500,28180567298
2024-02-17,52161.67578125,52191.91406250,50669.66796875,51662.99609375,51662.99609375,20009091006
2024-02-18,51661.96875000,52356.96484375,51233.70703125,52122.54687500,52122.54687500,17595377311
2024-02-19,52134.81250000,52483.32421875,51711.82031250,51779.14453125,51779.14453125,21362184346
2024-02-20,51777.72656250,52945.05078125,50792.31250000,52284.87500000,52284.87500000,33353758256
2024-02-21,52273.53515625,52368.81640625,50671.75781250,51839.17968750,51839.17968750,28624907020
2024-02-22,51854.64453125,52009.61328125,50926.29296875,51304.97265625,51304.97265625,25413900611
2024-02-23,51283.90625000,51497.93359375,50561.77734375,50731.94921875,50731.94921875,21427078270
2024-02-24,50736.37109375,51684.19531250,50585.44531250,51571.10156250,51571.10156250,15174077879
2024-02-25,51565.21484375,51950.02734375,51306.17187500,51733.23828125,51733.23828125,15413239245
2024-02-26,51730.53906250,54938.17578125,50931.03125000,54522.40234375,54522.40234375,34074411896
2024-02-27,54519.36328125,57537.83984375,54484.19921875,57085.37109375,57085.37109375,49756832031
2024-02-28,57071.09765625,63913.13281250,56738.42578125,62504.78906250,62504.78906250,83239156760
2024-02-29,62499.18359375,63585.64453125,60498.73046875,61198.38281250,61198.38281250,65496611844
2024-03-01,61168.06250000,63155.10156250,60802.52734375,62440.63281250,62440.63281250,40186368423
2024-03-02,62431.65234375,62458.69921875,61657.28906250,62029.84765625,62029.84765625,23888473685
2024-03-03,62031.57812500,63230.21093750,61435.02343750,63167.37109375,63167.37109375,26253811450
2024-03-04,63137.00390625,68537.03125000,62386.51953125,68330.41406250,68330.41406250,70670471105
2024-03-05,68341.05468750,69170.62500000,59323.91015625,63801.19921875,63801.19921875,102802940877
2024-03-06,63776.05078125,67637.92968750,62848.67187500,66106.80468750,66106.80468750,68750229073
2024-03-07,66099.74218750,68029.92187500,65655.53125000,66925.48437500,66925.48437500,46989543159
2024-03-08,66938.09375000,70083.05468750,66230.45312500,68300.09375000,68300.09375000,59202881172
2024-03-09,68299.25781250,68673.05468750,68053.12500000,68498.88281250,68498.88281250,21609650379
2024-03-10,68500.25781250,70005.20312500,68239.97656250,69019.78906250,69019.78906250,35683977532
2024-03-11,69020.54687500,72850.71093750,67194.88281250,72123.90625000,72123.90625000,65716656765
2024-03-12,72125.12500000,72825.65625000,68728.85156250,71481.28906250,71481.28906250,62554434520
2024-03-13,71482.11718750,73637.47656250,71334.09375000,73083.50000000,73083.50000000,48212536929
2024-03-14,73079.37500000,73750.07031250,68563.02343750,71396.59375000,71396.59375000,59594605698
2024-03-15,71387.87500000,72357.13281250,65630.69531250,69403.77343750,69403.77343750,78320453976
2024-03-16,69392.48437500,70046.27343750,64801.39453125,65315.11718750,65315.11718750,46842198371
2024-03-17,65316.34375000,68845.71875000,64545.31640625,68390.62500000,68390.62500000,44716864318
2024-03-18,68371.30468750,68897.13281250,66594.22656250,67548.59375000,67548.59375000,49261579492
2024-03-19,67556.13281250,68106.92968750,61536.17968750,61912.77343750,61912.77343750,74215844794
2024-03-20,61930.15625000,68115.25781250,60807.78515625,67913.67187500,67913.67187500,66792634382
2024-03-21,67911.58593750,68199.99218750,64580.91796875,65491.39062500,65491.39062500,44480350565
2024-03-22,65489.92968750,66623.75000000,62355.37109375,63778.76171875,63778.76171875,41401116964
2024-03-23,63802.72265625,65976.39843750,63038.49218750,64062.20312500,64062.20312500,24738964812
2024-03-24,64070.75390625,67622.75781250,63825.85156250,67234.17187500,67234.17187500,27206630673
2024-03-25,67234.09375000,71162.59375000,66414.83593750,69958.81250000,69958.81250000,42700139523
2024-03-26,69931.32812500,71535.74218750,69335.60937500,69987.83593750,69987.83593750,36010437368
2024-03-27,69991.89843750,71727.68750000,68381.92968750,69455.34375000,69455.34375000,40827113309
2024-03-28,69452.77343750,71546.02343750,68895.50781250,70744.95312500,70744.95312500,34374900617
2024-03-29,70744.79687500,70913.09375000,69076.65625000,69892.82812500,69892.82812500,25230851763
2024-03-30,69893.44531250,70355.49218750,69601.06250000,69645.30468750,69645.30468750,17130241883
2024-03-31,69647.78125000,71377.78125000,69624.86718750,71333.64843750,71333.64843750,20050941373
2024-04-01,71333.48437500,71342.09375000,68110.69531250,69702.14843750,69702.14843750,34873527352
2024-04-02,69705.02343750,69708.38281250,64586.59375000,65446.97265625,65446.97265625,50705240709
2024-04-03,65446.67187500,66914.32031250,64559.89843750,65980.81250000,65980.81250000,34488018367
2024-04-04,65975.69531250,69291.25781250,65113.79687500,68508.84375000,68508.84375000,34439527442
2024-04-05,68515.75781250,68725.75781250,66011.47656250,67837.64062500,67837.64062500,33748230056
2024-04-06,67840.57031250,69629.60156250,67491.71875000,68896.10937500,68896.10937500,19967785809
2024-04-07,68897.10937500,70284.42968750,68851.63281250,69362.55468750,69362.55468750,21204930369
2024-04-08,69362.55468750,72715.35937500,69064.24218750,71631.35937500,71631.35937500,37261432669
2024-04-09,71632.50000000,71742.50781250,68212.92187500,69139.01562500,69139.01562500,36426900409
2024-04-10,69140.24218750,71093.42968750,67503.56250000,70587.88281250,70587.88281250,38318601774
2024-04-11,70575.73437500,71256.23437500,69571.81250000,70060.60937500,70060.60937500,30153382941
2024-04-12,70061.38281250,71222.74218750,65254.83593750,67195.86718750,67195.86718750,44129299406
2024-04-13,67188.37500000,67931.42968750,60919.10546875,63821.47265625,63821.47265625,52869738185
2024-04-14,63836.23046875,65824.42968750,62205.85156250,65738.72656250,65738.72656250,49084320047
2024-04-15,65739.64843750,66878.64843750,62332.07031250,63426.21093750,63426.21093750,43595917654
2024-04-16,63419.29687500,64355.66796875,61716.40234375,63811.86328125,63811.86328125,42847528078
2024-04-17,63831.84765625,64486.36328125,59768.58593750,61276.69140625,61276.69140625,41915247049
2024-04-18,61275.31640625,64125.68750000,60833.48046875,63512.75390625,63512.75390625,36006307335
2024-04-19,63510.75000000,65481.59765625,59651.39062500,63843.57031250,63843.57031250,49920425401
2024-04-20,63851.10156250,65442.45703125,63172.40234375,64994.44140625,64994.44140625,23097485495
2024-04-21,64992.81640625,65723.24218750,64277.72265625,64926.64453125,64926.64453125,20506644853
2024-04-22,64935.63281250,67233.96093750,64548.17968750,66837.67968750,66837.67968750,28282686673
2024-04-23,66839.89062500,67199.24218750,65864.86718750,66407.27343750,66407.27343750,24310975583
2024-04-24,66408.71875000,67075.36718750,63589.87109375,64276.89843750,64276.89843750,30276655120
2024-04-25,64275.01953125,65275.20703125,62783.63281250,64481.70703125,64481.70703125,32155786816
2024-04-26,64485.37109375,64789.65625000,63322.39843750,63755.32031250,63755.32031250,24139372950
2024-04-27,63750.98828125,63898.36328125,62424.71875000,63419.14062500,63419.14062500,19530783039
2024-04-28,63423.51562500,64321.48437500,62793.59765625,63113.23046875,63113.23046875,17334827993
2024-04-29,63106.36328125,64174.87890625,61795.45703125,63841.12109375,63841.12109375,26635912073
2024-04-30,63839.41796875,64703.33203125,59120.06640625,60636.85546875,60636.85546875,37840840057
2024-05-01,60609.49609375,60780.50000000,56555.29296875,58254.01171875,58254.01171875,48439780271
2024-05-02,58253.70312500,59602.29687500,56937.20312500,59123.43359375,59123.43359375,32711813559
2024-05-03,59122.30078125,63320.50390625,58848.31250000,62889.83593750,62889.83593750,33172023048
2024-05-04,62891.03125000,64494.95703125,62599.35156250,63891.47265625,63891.47265625,20620477992
2024-05-05,63892.45312500,64610.89062500,62955.30468750,64031.13281250,64031.13281250,18296164805
2024-05-06,64038.31250000,65494.90234375,62746.23828125,63161.94921875,63161.94921875,28697928697
2024-05-07,63162.76171875,64390.45703125,62285.98046875,62334.81640625,62334.81640625,25930730982
2024-05-08,62332.64062500,62986.08593750,60877.12890625,61187.94140625,61187.94140625,26088172222
2024-05-09,61191.19921875,63404.91406250,60648.07421875,63049.96093750,63049.96093750,25453338161
2024-05-10,63055.19140625,63446.74218750,60208.78125000,60792.77734375,60792.77734375,27804954694
2024-05-11,60793.35546875,61451.15234375,60492.62500000,60793.71093750,60793.71093750,13842272968
2024-05-12,60793.50390625,61818.15625000,60632.60156250,61448.39453125,61448.39453125,13800459405
2024-05-13,61451.21875000,63422.66015625,60769.83984375,62901.44921875,62901.44921875,27889181179
2024-05-14,62900.77343750,63092.12500000,61123.76562500,61552.78906250,61552.78906250,28186271527
2024-05-15,61553.98828125,66454.45312500,61330.41015625,66267.49218750,66267.49218750,39815167074
2024-05-16,66256.10937500,66712.42968750,64613.05468750,65231.58203125,65231.58203125,31573077994
2024-05-17,65231.29687500,67459.46093750,65119.31640625,67051.87500000,67051.87500000,28031279310
2024-05-18,67066.21093750,67387.32812500,66663.50000000,66940.80468750,66940.80468750,16712277406
2024-05-19,66937.92968750,67694.29687500,65937.17968750,66278.36718750,66278.36718750,19249094538
2024-05-20,66278.74218750,71483.56250000,66086.17187500,71448.19531250,71448.19531250,43850655717
2024-05-21,71443.06250000,71946.46093750,69191.12500000,70136.53125000,70136.53125000,46932005990
2024-05-22,70135.32031250,70623.69531250,68977.69531250,69122.33593750,69122.33593750,32802561717
2024-05-23,69121.30468750,70041.27343750,66356.95312500,67929.56250000,67929.56250000,41895680979
2024-05-24,67928.13281250,69220.29687500,66622.67187500,68526.10156250,68526.10156250,29197308153
2024-05-25,68526.92187500,69579.32031250,68515.82031250,69265.94531250,69265.94531250,15473071741
2024-05-26,69264.28906250,69506.22656250,68183.89062500,68518.09375000,68518.09375000,15628433737
2024-05-27,68512.17968750,70597.88281250,68232.50000000,69394.55468750,69394.55468750,25870990717
2024-05-28,69392.19531250,69514.64062500,67227.15625000,68296.21875000,68296.21875000,32722265965
2024-05-29,68296.35156250,68852.46093750,67101.49218750,67578.09375000,67578.09375000,26707072906
2024-05-30,67576.08593750,69500.53906250,67118.07812500,68364.99218750,68364.99218750,29509712534
2024-05-31,68362.51562500,68999.56250000,66633.42187500,67491.41406250,67491.41406250,27387283769
2024-06-01,67489.60937500,67839.76562500,67386.19531250,67706.93750000,67706.93750000,11641495604
2024-06-02,67710.27343750,68409.16406250,67315.52343750,67751.60156250,67751.60156250,17110588415
2024-06-03,67753.89843750,70230.82031250,67589.83593750,68804.78125000,68804.78125000,32401285324
2024-06-04,68804.57031250,71047.40625000,68564.64062500,70567.76562500,70567.76562500,33149696545
2024-06-05,70568.35156250,71735.41406250,70390.71093750,71082.82031250,71082.82031250,32810771409
2024-06-06,71082.84375000,71625.73437500,70119.12500000,70757.16406250,70757.16406250,25223152007
2024-06-07,70759.18750000,71907.85156250,68507.25781250,69342.58593750,69342.58593750,36188381096
2024-06-08,69324.17968750,69533.32031250,69210.74218750,69305.77343750,69305.77343750,14262185861
2024-06-09,69297.49218750,69817.52343750,69160.84375000,69647.99218750,69647.99218750,13534028500
2024-06-10,69644.31250000,70146.07031250,69232.42187500,69512.28125000,69512.28125000,20597699541
2024-06-11,69508.07812500,69549.41406250,66123.60156250,67332.03125000,67332.03125000,37116136345
2024-06-12,67321.37500000,69977.89062500,66902.45312500,68241.18750000,68241.18750000,34497940694
2024-06-13,68243.10156250,68365.78125000,66304.56250000,66756.39843750,66756.39843750,28955204146
2024-06-14,66747.57031250,67294.64843750,65056.89453125,66011.09375000,66011.09375000,27403884779
2024-06-15,66006.74218750,66402.18750000,65871.77343750,66191.00000000,66191.00000000,14121265576
2024-06-16,66189.35937500,66894.84375000,66018.25000000,66639.04687500,66639.04687500,13281140541
2024-06-17,66636.51562500,67188.32031250,65094.96484375,66490.29687500,66490.29687500,30006354476
2024-06-18,66490.97656250,66556.70312500,64066.95703125,65140.74609375,65140.74609375,39481285950
2024-06-19,65146.66015625,65695.35156250,64693.30078125,64960.29687500,64960.29687500,21103423504
2024-06-20,64960.29687500,66438.96093750,64547.84765625,64828.65625000,64828.65625000,25641109124
2024-06-21,64837.98828125,65007.54687500,63378.89453125,64096.19921875,64096.19921875,26188171739
2024-06-22,64113.86328125,64475.46875000,63929.75781250,64252.57812500,64252.57812500,9858198793
2024-06-23,64248.96484375,64491.70312500,63180.79687500,63180.79687500,63180.79687500,11170471802
2024-06-24,63173.35156250,63292.52734375,58601.69921875,60277.41406250,60277.41406250,43152133651
2024-06-25,60266.28125000,62258.26171875,60239.75000000,61804.64062500,61804.64062500,29201215431
2024-06-26,61789.67578125,62434.13671875,60695.18750000,60811.27734375,60811.27734375,22506003064
2024-06-27,60811.22656250,62293.86328125,60585.33203125,61604.80078125,61604.80078125,21231745045
2024-06-28,61612.80468750,62126.09765625,59985.40234375,60320.13671875,60320.13671875,24952866877
2024-06-29,60319.87500000,61097.62109375,60300.96484375,60887.37890625,60887.37890625,12652903396
2024-06-30,60888.44531250,62892.82812500,60632.94921875,62678.29296875,62678.29296875,17333226409
2024-07-01,62673.60546875,63777.22656250,62495.51171875,62851.98046875,62851.98046875,25468379421
2024-07-02,62844.41015625,63203.35937500,61752.74609375,62029.01562500,62029.01562500,20151616992
2024-07-03,62034.33203125,62187.70312500,59419.38671875,60173.92187500,60173.92187500,29756701685
2024-07-04,60147.13671875,60399.67578125,56777.80468750,56977.70312500,56977.70312500,41149609230
2024-07-05,57022.80859375,57497.15234375,53717.37500000,56662.37500000,56662.37500000,55417544033
2024-07-06,56659.07421875,58472.54687500,56038.96093750,58303.53906250,58303.53906250,20610320577
2024-07-07,58239.42968750,58371.12109375,55793.32421875,55849.10937500,55849.10937500,20553359505
2024-07-08,55849.57421875,58131.33593750,54321.01953125,56705.09765625,56705.09765625,39766159899
2024-07-09,56704.59765625,58239.19531250,56316.87500000,58009.22656250,58009.22656250,27849512607
2024-07-10,58033.88281250,59359.43359375,57178.41406250,57742.49609375,57742.49609375,26175260526
2024-07-11,57729.89062500,59299.43359375,57120.37890625,57344.91406250,57344.91406250,28707803842
2024-07-12,57341.19531250,58532.55468750,56590.17578125,57899.46484375,57899.46484375,25604805221
2024-07-13,57908.73828125,59787.07812500,57796.44140625,59231.95312500,59231.95312500,17080061806
2024-07-14,59225.25000000,61329.52734375,59225.25000000,60787.79296875,60787.79296875,22223416061
2024-07-15,60815.45703125,64870.15234375,60704.92968750,64870.15234375,64870.15234375,38094526099
2024-07-16,64784.41796875,65354.33984375,62487.96875000,65097.14843750,65097.14843750,41617346768
2024-07-17,65091.83203125,66066.73437500,63896.08593750,64118.79296875,64118.79296875,32525071311
2024-07-18,64104.73828125,65104.66015625,63246.16406250,63974.06640625,63974.06640625,27239305337
2024-07-19,63972.32421875,67442.64062500,63329.34375000,66710.15625000,66710.15625000,37003855410
2024-07-20,66709.92187500,67610.73437500,66299.61718750,67163.64843750,67163.64843750,19029581250
2024-07-21,67164.91406250,68372.90625000,65842.29687500,68154.52343750,68154.52343750,26652190004
2024-07-22,68152.97656250,68480.06250000,66611.29687500,67585.25000000,67585.25000000,42649109453
2024-07-23,67584.80468750,67779.01562500,65484.46093750,65927.67187500,65927.67187500,35605668666
2024-07-24,65927.85937500,67113.98437500,65146.99609375,65372.13281250,65372.13281250,27470942309
2024-07-25,65375.87500000,66112.42187500,63473.47265625,65777.22656250,65777.22656250,38315761670
2024-07-26,65771.81250000,68207.60156250,65743.76562500,67912.06250000,67912.06250000,30488630457
2024-07-27,67911.81250000,69398.50781250,66705.21875000,67813.33593750,67813.33593750,34691905492
2024-07-28,67808.65625000,68301.85156250,67085.82812500,68255.86718750,68255.86718750,18043166945
2024-07-29,68259.05468750,69987.53906250,66532.59375000,66819.91406250,66819.91406250,40780682628
2024-07-30,66819.05468750,66987.67187500,65323.19140625,66201.01562500,66201.01562500,31380492109
2024-07-31,66201.27343750,66810.21093750,64532.04687500,64619.25000000,64619.25000000,31292785994
2024-08-01,64625.83984375,65593.24218750,62248.94140625,65357.50000000,65357.50000000,40975554494
2024-08-02,65353.50000000,65523.22265625,61184.89453125,61415.06640625,61415.06640625,43060875727
2024-08-03,61414.80859375,62148.37109375,59836.52734375,60680.09375000,60680.09375000,31753030589
2024-08-04,60676.09375000,61062.98828125,57210.80468750,58116.97656250,58116.97656250,31758917219
2024-08-05,58110.29687500,58268.82812500,49121.23828125,53991.45703125,53991.45703125,108991085584
2024-08-06,53991.34765625,57059.91796875,53973.27343750,56034.31640625,56034.31640625,49300484106
2024-08-07,56040.63281250,57726.88281250,54620.50781250,55027.46093750,55027.46093750,41637562185
2024-08-08,55030.02734375,62673.76562500,54766.72656250,61710.13671875,61710.13671875,45298472567
2024-08-09,61728.20703125,61751.86328125,59587.85937500,60880.11328125,60880.11328125,33425553115
2024-08-10,60881.23046875,61464.51171875,60287.56640625,60945.81250000,60945.81250000,15745822278
2024-08-11,60944.89062500,61778.66015625,58348.82421875,58719.48437500,58719.48437500,22759754812
2024-08-12,58719.39453125,60680.33203125,57688.89843750,59354.51562500,59354.51562500,37078637820
2024-08-13,59356.20703125,61572.39843750,58506.25390625,60609.56640625,60609.56640625,30327698167
2024-08-14,60611.05078125,61687.75781250,58472.87500000,58737.26953125,58737.26953125,29961696180
2024-08-15,58733.26171875,59838.64843750,56161.59375000,57560.09765625,57560.09765625,35682112440
2024-08-16,57560.27343750,59847.35937500,57110.01953125,58894.10546875,58894.10546875,29350938673
2024-08-17,58893.53125000,59694.66796875,58814.83203125,59478.97265625,59478.97265625,13589684021
2024-08-18,59468.13281250,60262.71875000,58445.40234375,58483.96484375,58483.96484375,17740625837
2024-08-19,58480.71093750,59612.66015625,57864.71093750,59493.45312500,59493.45312500,25911207712
2024-08-20,59493.45312500,61396.32812500,58610.88281250,59012.79296875,59012.79296875,31613400008
2024-08-21,59014.98828125,61834.35156250,58823.44531250,61175.19140625,61175.19140625,32731154072
2024-08-22,61168.31640625,61408.10937500,59815.25390625,60381.91406250,60381.91406250,27625734377
2024-08-23,60380.95312500,64947.06250000,60372.05078125,64094.35546875,64094.35546875,42530509233
2024-08-24,64103.87109375,64513.78906250,63619.91796875,64178.99218750,64178.99218750,21430585163
2024-08-25,64176.36718750,64996.42187500,63833.51953125,64333.54296875,64333.54296875,18827683555
2024-08-26,64342.22656250,64489.70703125,62849.55859375,62880.66015625,62880.66015625,27682040631
2024-08-27,62879.70703125,63210.79687500,58116.75000000,59504.13281250,59504.13281250,39103882198
2024-08-28,59507.92578125,60236.44921875,57890.67578125,59027.62500000,59027.62500000,40289564698
2024-08-29,59027.46875000,61184.08203125,58786.22656250,59388.17968750,59388.17968750,32224990582
2024-08-30,59388.60156250,59896.88671875,57768.53125000,59119.47656250,59119.47656250,32292756405
2024-08-31,59117.48046875,59432.59375000,58768.78515625,58969.89843750,58969.89843750,12403470760
2024-09-01,58969.80078125,59062.07031250,57217.82421875,57325.48828125,57325.48828125,24592449997
2024-09-02,57326.96875000,59403.07031250,57136.02734375,59112.48046875,59112.48046875,27036454524
2024-09-03,59106.19140625,59815.05859375,57425.16796875,57431.02343750,57431.02343750,26666961053
2024-09-04,57430.34765625,58511.57031250,55673.16406250,57971.53906250,57971.53906250,35627680312
2024-09-05,57971.70312500,58300.58203125,55712.45312500,56160.48828125,56160.48828125,31030280656
2024-09-06,56160.19140625,56976.10937500,52598.69921875,53948.75390625,53948.75390625,49361693566
2024-09-07,53949.08593750,54838.14453125,53740.07031250,54139.68750000,54139.68750000,19061486526
2024-09-08,54147.93359375,55300.85937500,53653.75781250,54841.56640625,54841.56640625,18268287531
2024-09-09,54851.88671875,58041.12500000,54598.43359375,57019.53515625,57019.53515625,34618096173
2024-09-10,57020.09765625,58029.97656250,56419.41406250,57648.71093750,57648.71093750,28857630507
2024-09-11,57650.28906250,57991.32031250,55567.33984375,57343.17187500,57343.17187500,37049062672
2024-09-12,57343.17187500,58534.35937500,57330.10156250,58127.01171875,58127.01171875,33835707949
2024-09-13,58130.32421875,60648.02343750,57650.11328125,60571.30078125,60571.30078125,32490528356
2024-09-14,60569.11718750,60656.72265625,59517.88281250,60005.12109375,60005.12109375,16428405496
2024-09-15,60000.72656250,60381.91796875,58696.30859375,59182.83593750,59182.83593750,18120960867
2024-09-16,59185.22656250,59205.51171875,57501.33984375,58192.50781250,58192.50781250,32032822113
2024-09-17,58192.50781250,61316.08984375,57628.07031250,60308.53906250,60308.53906250,38075570118
2024-09-18,60309.00000000,61664.06640625,59218.25390625,61649.67968750,61649.67968750,40990702891
2024-09-19,61651.15625000,63872.44140625,61609.86718750,62940.45703125,62940.45703125,42710252573
2024-09-20,62941.42578125,64119.53125000,62364.60546875,63192.97656250,63192.97656250,35177164222
2024-09-21,63184.33984375,63543.35937500,62783.10546875,63394.83984375,63394.83984375,14408616220
2024-09-22,63396.80468750,63993.42187500,62440.72656250,63648.71093750,63648.71093750,20183348802
2024-09-23,63643.10156250,64733.55859375,62628.07812500,63329.80078125,63329.80078125,31400285425
2024-09-24,63326.83984375,64695.21484375,62737.41796875,64301.96875000,64301.96875000,29938335243
2024-09-25,64302.58984375,64804.50390625,62945.37500000,63143.14453125,63143.14453125,25078377700
2024-09-26,63138.54687500,65790.79687500,62669.26953125,65181.01953125,65181.01953125,36873129847
2024-09-27,65180.66406250,66480.69531250,64852.99218750,65790.66406250,65790.66406250,32058813449
2024-09-28,65792.17968750,66255.53125000,65458.03515625,65887.64843750,65887.64843750,15243637984
2024-09-29,65888.89843750,66069.34375000,65450.01562500,65635.30468750,65635.30468750,14788214575
2024-09-30,65634.65625000,65635.05468750,62873.61718750,63329.50000000,63329.50000000,37112957475
2024-10-01,63335.60546875,64110.98046875,60189.27734375,60837.00781250,60837.00781250,50220923500
2024-10-02,60836.32421875,62357.68750000,59996.94921875,60632.78515625,60632.78515625,40762722398
2024-10-03,60632.48437500,61469.03906250,59878.80468750,60759.40234375,60759.40234375,36106447279
2024-10-04,60754.62500000,62465.99218750,60459.94140625,62067.47656250,62067.47656250,29585472513
2024-10-05,62067.60937500,62371.02343750,61689.58203125,62089.94921875,62089.94921875,13305410749
2024-10-06,62084.98828125,62959.57031250,61833.14843750,62818.95312500,62818.95312500,14776233667
2024-10-07,62819.10937500,64443.70703125,62152.55078125,62236.66015625,62236.66015625,34253562610
2024-10-08,62221.64453125,63174.30468750,61843.56250000,62131.96875000,62131.96875000,28134475157
2024-10-09,62131.72656250,62508.83593750,60314.61328125,60582.10156250,60582.10156250,27670982363
2024-10-10,60581.92968750,61236.72265625,58895.20703125,60274.50000000,60274.50000000,30452813570
2024-10-11,60275.46093750,63400.87109375,60046.12500000,62445.08984375,62445.08984375,30327141594
2024-10-12,62444.61718750,63448.78515625,62443.26953125,63193.02343750,63193.02343750,16744110886
2024-10-13,63192.94531250,63272.65234375,62035.63671875,62851.37500000,62851.37500000,18177529690
2024-10-14,62848.39843750,66482.49218750,62442.15234375,66046.12500000,66046.12500000,43706958056
2024-10-15,66050.36718750,67881.67968750,64809.19531250,67041.10937500,67041.10937500,48863870879
2024-10-16,67042.46093750,68375.28906250,66758.72656250,67612.71875000,67612.71875000,38195189534
2024-10-17,67617.07812500,67912.21093750,66647.39062500,67399.83593750,67399.83593750,32790898511
2024-10-18,67419.10937500,68969.75000000,67177.82031250,68418.78906250,68418.78906250,36857165014
2024-10-19,68418.97656250,68668.00781250,68024.64062500,68362.73437500,68362.73437500,14443497908
2024-10-20,68364.17968750,69359.00781250,68105.71875000,69001.70312500,69001.70312500,18975847518
2024-10-21,69002.00000000,69462.73437500,66829.85156250,67367.85156250,67367.85156250,37498611780
2024-10-22,67360.70312500,67801.57812500,66581.36718750,67361.40625000,67361.40625000,31808472566
2024-10-23,67362.37500000,67402.74218750,65188.03515625,66432.19531250,66432.19531250,32263980353
2024-10-24,66653.70312500,68798.96093750,66454.10156250,68161.05468750,68161.05468750,31414428647
2024-10-25,68165.29687500,68722.15625000,65521.79296875,66642.41406250,66642.41406250,41469984306
2024-10-26,66628.73437500,67317.92187500,66360.59375000,67014.69531250,67014.69531250,19588098156
2024-10-27,67023.47656250,68221.31250000,66847.22656250,67929.29687500,67929.29687500,16721307878
2024-10-28,67922.67187500,70212.26562500,67535.13281250,69907.75781250,69907.75781250,38799856657
2024-10-29,69910.04687500,73577.21093750,69729.91406250,72720.49218750,72720.49218750,58541874402
2024-10-30,72715.36718750,72905.29687500,71411.73437500,72339.53906250,72339.53906250,40646637831
2024-10-31,72335.04687500,72662.31250000,69590.50000000,70215.18750000,70215.18750000,40627912076
2024-11-01,70216.89843750,71559.01562500,68779.70312500,69482.46875000,69482.46875000,49989795365
2024-11-02,69486.02343750,69867.35156250,69033.71875000,69289.27343750,69289.27343750,18184612091
2024-11-03,69296.38281250,69361.65625000,67482.52343750,68741.11718750,68741.11718750,34868307655
2024-11-04,68742.13281250,69433.17968750,66803.64843750,67811.50781250,67811.50781250,41184819348
2024-11-05,67811.17187500,70522.78906250,67458.86718750,69359.56250000,69359.56250000,46046889204
2024-11-06,69358.50000000,76460.15625000,69322.03125000,75639.07812500,75639.07812500,118592653963
2024-11-07,75637.08593750,76943.11718750,74480.42187500,75904.85937500,75904.85937500,63467654989
2024-11-08,75902.83593750,77252.75000000,75648.74218750,76545.47656250,76545.47656250,55176858003
2024-11-09,76556.18750000,76932.76562500,75773.78906250,76778.86718750,76778.86718750,29009480361
2024-11-10,76775.54687500,81474.42187500,76565.42968750,80474.18750000,80474.18750000,82570594495
2024-11-11,80471.41406250,89604.50000000,80283.25000000,88701.48437500,88701.48437500,117966845037
2024-11-12,88705.56250000,89956.88281250,85155.10937500,87955.81250000,87955.81250000,133673285375
2024-11-13,87929.96875000,93434.35156250,86256.92968750,90584.16406250,90584.16406250,123559027869
2024-11-14,90574.88281250,91765.21875000,86682.81250000,87250.42968750,87250.42968750,87616705248
2024-11-15,87284.17968750,91868.74218750,87124.89843750,91066.00781250,91066.00781250,78243109518
2024-11-16,91064.36718750,91763.94531250,90094.22656250,90558.47656250,90558.47656250,44333192814
2024-11-17,90558.46093750,91433.03906250,88741.66406250,89845.85156250,89845.85156250,46350159305
2024-11-18,89843.71875000,92596.78906250,89393.59375000,90542.64062500,90542.64062500,75535775084
2024-11-19,90536.81250000,94002.86718750,90426.98437500,92343.78906250,92343.78906250,74521048295
2024-11-20,92341.89062500,94902.02343750,91619.50000000,94339.49218750,94339.49218750,71730956426
2024-11-21,94334.64062500,99014.21875000,94132.60156250,98504.72656250,98504.72656250,106024505582
2024-11-22,98496.42968750,99655.50000000,97222.66406250,98997.66406250,98997.66406250,78473580551
2024-11-23,99006.74218750,99014.67968750,97232.89062500,97777.28125000,97777.28125000,44414644677
2024-11-24,97778.09375000,98647.17968750,95788.07812500,98013.82031250,98013.82031250,51712020623
2024-11-25,98033.44531250,98935.03125000,92642.91406250,93102.29687500,93102.29687500,80909462490
2024-11-26,93087.28125000,94991.75000000,90770.81250000,91985.32031250,91985.32031250,91656519855
2024-11-27,91978.14062500,97361.17968750,91778.66406250,95962.53125000,95962.53125000,71133452438
2024-11-28,95954.94531250,96650.20312500,94677.35156250,95652.46875000,95652.46875000,52260008261
2024-11-29,95653.95312500,98693.17187500,95407.88281250,97461.52343750,97461.52343750,54968682476
2024-11-30,97468.81250000,97499.34375000,96144.21875000,96449.05468750,96449.05468750,31634227866
2024-12-01,96461.33593750,97888.12500000,95770.18750000,97279.78906250,97279.78906250,36590695296
2024-12-02,97276.00781250,98152.60156250,94482.86718750,95865.30468750,95865.30468750,72680784305
2024-12-03,95854.59375000,96297.20312500,93629.56250000,96002.16406250,96002.16406250,67067810961
2024-12-04,95988.53125000,99207.32812500,94660.52343750,98768.53125000,98768.53125000,77199817112
2024-12-05,98741.53906250,103900.46875000,91998.78125000,96593.57031250,96593.57031250,149218945580
2024-12-06,97074.22656250,102039.88281250,96514.87500000,99920.71093750,99920.71093750,94534772658
2024-12-07,99916.71093750,100563.38281250,99030.88281250,99923.33593750,99923.33593750,44177510897
2024-12-08,99921.91406250,101399.99218750,98771.51562500,101236.01562500,101236.01562500,44125751925
2024-12-09,101237.06250000,101272.50781250,94355.91406250,97432.71875000,97432.71875000,110676473908
2024-12-10,97441.23437500,98270.15625000,94321.25781250,96675.42968750,96675.42968750,104823780634
2024-12-11,96656.06250000,101913.35937500,95747.22656250,101173.03125000,101173.03125000,85391409936
2024-12-12,101167.80468750,102524.91406250,99339.95312500,100043.00000000,100043.00000000,72073983533
2024-12-13,100046.64843750,101888.80468750,99233.28125000,101459.25781250,101459.25781250,56894751583
2024-12-14,101451.43750000,102618.88281250,100634.05468750,101372.96875000,101372.96875000,40422968793
2024-12-15,101373.53125000,105047.53906250,101227.03125000,104298.69531250,104298.69531250,51145914137
2024-12-16,104293.57812500,107780.57812500,103322.98437500,106029.71875000,106029.71875000,91020417816
2024-12-17,106030.68750000,108268.44531250,105291.73437500,106140.60156250,106140.60156250,68589364868
2024-12-18,106147.29687500,106470.60937500,100041.53906250,100041.53906250,100041.53906250,93865656139
2024-12-19,100070.68750000,102748.14843750,95587.67968750,97490.95312500,97490.95312500,97221662392
2024-12-20,97484.69531250,98098.91406250,92175.17968750,97755.92968750,97755.92968750,105634083408
2024-12-21,97756.19531250,99507.10156250,96426.52343750,97224.72656250,97224.72656250,51765334294
2024-12-22,97218.32031250,97360.26562500,94202.18750000,95104.93750000,95104.93750000,43147981314
2024-12-23,95099.39062500,96416.21093750,92403.13281250,94686.24218750,94686.24218750,65239002919
2024-12-24,94684.34375000,99404.06250000,93448.01562500,98676.09375000,98676.09375000,47114953674
2024-12-25,98675.91406250,99478.75000000,97593.46875000,99299.19531250,99299.19531250,33700394629
2024-12-26,99297.69531250,99884.57031250,95137.88281250,95795.51562500,95795.51562500,47054980873
2024-12-27,95704.97656250,97294.84375000,93310.74218750,94164.85937500,94164.85937500,52419934565
2024-12-28,94160.18750000,95525.89843750,94014.28906250,95163.92968750,95163.92968750,24107436185
2024-12-29,95174.05468750,95174.87500000,92881.78906250,93530.22656250,93530.22656250,29635885267
2024-12-30,93527.19531250,94903.32031250,91317.13281250,92643.21093750,92643.21093750,56188003691
2024-12-31,92643.25000000,96090.60156250,91914.03125000,93429.20312500,93429.20312500,43625106843
2025-01-01,93425.10156250,94929.86718750,92788.12500000,94419.75781250,94419.75781250,24519888919
2025-01-02,94416.28906250,97739.82031250,94201.57031250,96886.87500000,96886.87500000,46009564411
2025-01-03,96881.72656250,98956.91406250,96034.61718750,98107.42968750,98107.42968750,35611391163
2025-01-04,98106.99218750,98734.42968750,97562.97656250,98236.22656250,98236.22656250,22342608078
2025-01-05,98233.90625000,98813.30468750,97291.76562500,98314.96093750,98314.96093750,20525254825
2025-01-06,98314.95312500,102482.87500000,97926.14843750,102078.08593750,102078.08593750,51823432705
2025-01-07,102248.85156250,102712.48437500,96132.87500000,96922.70312500,96922.70312500,58685738547
2025-01-08,96924.16406250,97258.32031250,92525.84375000,95043.52343750,95043.52343750,63875859171
2025-01-09,95043.48437500,95349.71875000,91220.84375000,92484.03906250,92484.03906250,62777261693
2025-01-10,92494.49218750,95770.60937500,92250.09375000,94701.45312500,94701.45312500,62058693684
2025-01-11,94700.83593750,94977.68750000,93840.04687500,94566.59375000,94566.59375000,18860894100
2025-01-12,94565.72656250,95367.53906250,93712.50781250,94488.43750000,94488.43750000,20885130965
2025-01-13,94488.89062500,95837.00000000,89260.10156250,94516.52343750,94516.52343750,72978998252
2025-01-14,94519.00781250,97352.66406250,94322.15625000,96534.04687500,96534.04687500,53769675818
2025-01-15,96534.04687500,100697.23437500,96501.64062500,100504.49218750,100504.49218750,57805923627
2025-01-16,100505.29687500,100781.58593750,97364.44531250,99756.90625000,99756.90625000,54103781805
2025-01-17,100025.76562500,105884.22656250,99948.90625000,104462.03906250,104462.03906250,71888972663
2025-01-18,104124.95312500,104913.20312500,102226.61718750,104408.07031250,104408.07031250,50445655726
2025-01-19,104411.28906250,106299.79687500,99570.53125000,101089.60937500,101089.60937500,76789928525
2025-01-20,101083.75000000,109114.88281250,99471.35937500,102016.66406250,102016.66406250,126279678351
2025-01-21,102052.57812500,107180.92187500,100103.95312500,106146.26562500,106146.26562500,88733878242
2025-01-22,106136.38281250,106294.34375000,103360.26562500,103653.07031250,103653.07031250,53878181052
2025-01-23,103657.67187500,106820.32812500,101257.80468750,103960.17187500,103960.17187500,104104515428
2025-01-24,103965.67187500,107098.54687500,102772.12500000,104819.48437500,104819.48437500,52388229265
2025-01-25,104824.03125000,105243.78906250,104120.37500000,104714.64843750,104714.64843750,23888996502
2025-01-26,104713.21093750,105438.64843750,102507.71093750,102682.50000000,102682.50000000,22543395879
2025-01-27,102680.30468750,103214.10937500,97795.93750000,102087.68750000,102087.68750000,89006608428
2025-01-28,102095.41406250,103730.82031250,100238.18750000,101332.47656250,101332.47656250,47180685494
2025-01-29,101317.52343750,104750.80468750,101283.82031250,103703.21093750,103703.21093750,47432049818
2025-01-30,103709.33593750,106418.76562500,103321.64843750,104735.30468750,104735.30468750,41915744521
2025-01-31,104737.56250000,106026.35156250,101543.88281250,102405.02343750,102405.02343750,45732764360
2025-02-01,102402.79687500,102755.72656250,100297.71093750,100655.90625000,100655.90625000,27757944848
2025-02-02,100661.53906250,101430.66406250,96216.07812500,97688.97656250,97688.97656250,63091816853
2025-02-03,97681.10156250,102514.17187500,91242.89062500,101405.42187500,101405.42187500,115400897748
2025-02-04,101398.71875000,101745.61718750,96208.10937500,97871.82031250,97871.82031250,73002130211
2025-02-05,97878.00781250,99113.21093750,96174.82812500,96615.44531250,96615.44531250,49125911241
2025-02-06,96610.64062500,99168.60937500,95707.35156250,96593.29687500,96593.29687500,45302471947
2025-02-07,96581.32031250,100154.14062500,95653.88281250,96529.08593750,96529.08593750,55741290456
2025-02-08,96533.25781250,96877.80468750,95702.49218750,96482.45312500,96482.45312500,22447526395
2025-02-09,96481.31250000,97325.28125000,94745.25781250,96500.09375000,96500.09375000,27732901800
2025-02-10,96499.46093750,98333.21875000,95320.84375000,97437.55468750,97437.55468750,40078962391
2025-02-11,97438.13281250,98492.89843750,94875.03906250,95747.42968750,95747.42968750,37488783272
2025-02-12,95745.69531250,98151.02343750,94101.20312500,97885.85937500,97885.85937500,49340445530
2025-02-13,97888.75000000,98111.08593750,95269.71093750,96623.86718750,96623.86718750,37147280860
2025-02-14,96623.36718750,98819.46875000,96342.80468750,97508.96875000,97508.96875000,32697987277
2025-02-15,97508.38281250,97975.03906250,97240.19531250,97580.35156250,97580.35156250,17047266288
2025-02-16,97580.49218750,97725.59375000,96060.97656250,96175.03125000,96175.03125000,16536755396
2025-02-17,96179.00781250,97032.23437500,95243.54687500,95773.38281250,95773.38281250,27336550690
2025-02-18,95773.81250000,96695.37500000,93388.83593750,95539.54687500,95539.54687500,37325720482
2025-02-19,95532.53125000,96855.59375000,95011.96875000,96635.60937500,96635.60937500,28990872862
2025-02-20,96632.67968750,98767.19531250,96442.67187500,98333.93750000,98333.93750000,31668022771
2025-02-21,98340.67187500,99497.96875000,94852.96093750,96125.54687500,96125.54687500,49608706470
2025-02-22,96134.20312500,96950.15625000,95765.34375000,96577.75781250,96577.75781250,18353824477
2025-02-23,96577.80468750,96671.87500000,95270.45312500,96273.92187500,96273.92187500,16999478976
2025-02-24,96277.96093750,96503.45312500,91371.74218750,91418.17187500,91418.17187500,44046480529
2025-02-25,91437.11718750,92511.07812500,86008.23437500,88736.17187500,88736.17187500,92139104128
2025-02-26,88638.89062500,89286.25000000,82131.89843750,84347.02343750,84347.02343750,64597492134
2025-02-27,84076.85937500,87000.78125000,83144.96093750,84704.22656250,84704.22656250,52659591954
2025-02-28,84705.62500000,85036.32031250,78248.91406250,84373.00781250,84373.00781250,83610570576
2025-03-01,84373.86718750,86522.30468750,83794.23437500,86031.91406250,86031.91406250,29190628396
2025-03-02,86036.25781250,95043.43750000,85040.21093750,94248.35156250,94248.35156250,58398341092
2025-03-03,94248.42187500,94429.75000000,85081.30468750,86065.67187500,86065.67187500,70072228536
2025-03-04,86064.07031250,88911.27343750,81529.24218750,87222.19531250,87222.19531250,68095241474
2025-03-05,87222.95312500,90998.24218750,86379.77343750,90623.56250000,90623.56250000,50498988027
2025-03-06,90622.35937500,92804.93750000,87852.14062500,89961.72656250,89961.72656250,47749810486
2025-03-07,89963.28125000,91191.04687500,84717.67968750,86742.67187500,86742.67187500,65945677657
2025-03-08,86742.65625000,86847.26562500,85247.48437500,86154.59375000,86154.59375000,18206118081
2025-03-09,86154.30468750,86471.13281250,80052.48437500,80601.03906250,80601.03906250,30899345977
2025-03-10,80597.14843750,83955.92968750,77420.59375000,78532.00000000,78532.00000000,54061099422
2025-03-11,78523.87500000,83577.75781250,76624.25000000,82862.21093750,82862.21093750,54702837196
2025-03-12,82857.37500000,84358.57812500,80635.25000000,83722.35937500,83722.35937500,40353484454
2025-03-13,83724.92187500,84301.69531250,79931.85156250,81066.70312500,81066.70312500,31412940153
2025-03-14,81066.99218750,85263.28906250,80797.56250000,83969.10156250,83969.10156250,29588112414
2025-03-15,83968.40625000,84672.67187500,83639.59375000,84343.10937500,84343.10937500,13650491277
2025-03-16,84333.32031250,85051.60156250,82017.90625000,82579.68750000,82579.68750000,21330270174
2025-03-17,82576.33593750,84725.32812500,82492.15625000,84075.68750000,84075.68750000,25092785558
2025-03-18,84075.71875000,84075.71875000,81179.99218750,82718.50000000,82718.50000000,24095774594
2025-03-19,82718.80468750,87021.18750000,82569.72656250,86854.22656250,86854.22656250,34931960257
2025-03-20,86872.95312500,87443.26562500,83647.19531250,84167.19531250,84167.19531250,29028988961
2025-03-21,84164.53906250,84782.27343750,83171.07031250,84043.24218750,84043.24218750,19030452299
2025-03-22,84046.25781250,84513.87500000,83674.78125000,83832.48437500,83832.48437500,9863214091
2025-03-23,83831.89843750,86094.78125000,83794.91406250,86054.37500000,86054.37500000,12594615537
2025-03-24,86070.92968750,88758.72656250,85541.19531250,87498.91406250,87498.91406250,34582604933
2025-03-25,87512.82031250,88542.39843750,86346.07812500,87471.70312500,87471.70312500,30005840049
2025-03-26,87460.23437500,88292.15625000,85861.45312500,86900.88281250,86900.88281250,26704046038
2025-03-27,86896.25781250,87786.72656250,85837.93750000,87177.10156250,87177.10156250,24413471941
2025-03-28,87185.23437500,87489.85937500,83557.64062500,84353.14843750,84353.14843750,34198619509
2025-03-29,84352.07031250,84567.33593750,81634.14062500,82597.58593750,82597.58593750,16969396135
2025-03-30,82596.98437500,83505.00000000,81573.25000000,82334.52343750,82334.52343750,14763760943
2025-03-31,82336.06250000,83870.12500000,81293.89062500,82548.91406250,82548.91406250,29004228247
2025-04-01,82551.92187500,85487.36718750,82429.35937500,85169.17187500,85169.17187500,28175650319
2025-04-02,85180.60937500,88466.95312500,82343.53906250,82485.71093750,82485.71093750,47584398470
2025-04-03,82487.47656250,83909.29687500,81282.10156250,83102.82812500,83102.82812500,36852112080
2025-04-04,83100.25000000,84696.14843750,81670.75000000,83843.80468750,83843.80468750,45157640207
2025-04-05,83844.70312500,84207.01562500,82377.73437500,83504.79687500,83504.79687500,14380803631
2025-04-06,83504.50781250,83704.71875000,77097.74218750,78214.48437500,78214.48437500,36294853736
2025-04-07,78221.33593750,81119.06250000,74436.67968750,79235.33593750,79235.33593750,91262424987
2025-04-08,79218.47656250,80823.89062500,76198.02343750,76271.95312500,76271.95312500,48314590749
2025-04-09,76273.56250000,83541.00000000,74589.67187500,82573.95312500,82573.95312500,84213627038
2025-04-10,82565.97656250,82700.92968750,78456.13281250,79626.14062500,79626.14062500,44718000633
2025-04-11,79625.04687500,84247.47656250,78936.32031250,83404.83593750,83404.83593750,41656778779
2025-04-12,83404.51562500,85856.18750000,82769.37500000,85287.10937500,85287.10937500,24258059104
2025-04-13,85279.46875000,86015.18750000,83027.00781250,83684.97656250,83684.97656250,28796984817
2025-04-14,83694.52343750,85785.00000000,83690.64062500,84542.39062500,84542.39062500,34090769777
2025-04-15,84539.69531250,86429.35156250,83598.82031250,83668.99218750,83668.99218750,28040322885
2025-04-16,83674.50781250,85428.28125000,83100.61718750,84033.86718750,84033.86718750,29617804112
2025-04-17,84030.67187500,85449.07031250,83749.75000000,84895.75000000,84895.75000000,21276866029
2025-04-18,84900.18750000,85095.04687500,84298.88281250,84450.80468750,84450.80468750,12728372364
2025-04-19,84450.86718750,85597.70312500,84353.46093750,85063.41406250,85063.41406250,15259300427
2025-04-20,85066.07031250,85306.38281250,83976.84375000,85174.30468750,85174.30468750,14664050812
2025-04-21,85171.53906250,88460.09375000,85143.83593750,87518.90625000,87518.90625000,41396190190
2025-04-22,87521.87500000,93817.38281250,87084.53125000,93441.89062500,93441.89062500,55899038456
2025-04-23,93427.58593750,94535.73437500,91962.96093750,93699.10937500,93699.10937500,41719568821
2025-04-24,93692.39843750,94016.19531250,91696.71093750,93943.79687500,93943.79687500,31483175315
2025-04-25,93954.25000000,95768.39062500,92898.59375000,94720.50000000,94720.50000000,40915232364
2025-04-26,94714.64843750,95251.35937500,93927.25000000,94646.92968750,94646.92968750,17612825123
2025-04-27,94660.90625000,95301.20312500,93665.39843750,93754.84375000,93754.84375000,18090367764
2025-04-28,93755.30468750,95598.49218750,92860.80468750,94978.75000000,94978.75000000,32363449569
2025-04-29,94981.85937500,95485.41406250,93796.63281250,94284.78906250,94284.78906250,25806129921
2025-04-30,94286.46875000,95249.32031250,92979.64062500,94207.31250000,94207.31250000,28344679831
2025-05-01,94212.85937500,97437.96093750,94153.63281250,96492.33593750,96492.33593750,32875889623
2025-05-02,96494.96875000,97905.89843750,96375.94531250,96910.07031250,96910.07031250,26421924677
2025-05-03,96904.63281250,96943.88281250,95821.28906250,95891.79687500,95891.79687500,15775154889
2025-05-04,95877.18750000,96318.92187500,94173.42968750,94315.97656250,94315.97656250,18198688416
2025-05-05,94319.56250000,95193.18750000,93566.26562500,94748.05468750,94748.05468750,25816260327
2025-05-06,94748.38281250,96889.17968750,93399.85937500,96802.47656250,96802.47656250,26551275827
2025-05-07,96800.19531250,97625.80468750,95829.33593750,97032.32031250,97032.32031250,76983822462
2025-05-08,97034.25000000,103969.53906250,96913.87500000,103241.46093750,103241.46093750,69895404397
2025-05-09,103239.12500000,104297.49218750,102343.09375000,102970.85156250,102970.85156250,58198593958
2025-05-10,102973.71093750,104961.76562500,102830.48437500,104696.32812500,104696.32812500,42276713994
2025-05-11,104701.07031250,104937.99218750,103364.74218750,104106.35937500,104106.35937500,46285517406
2025-05-12,104106.96093750,105747.45312500,100814.40625000,102812.95312500,102812.95312500,63250475404
2025-05-13,102812.49218750,104997.42187500,101515.09375000,104169.81250000,104169.81250000,52608876410
2025-05-14,104167.32812500,104303.56250000,102618.29687500,103539.41406250,103539.41406250,45956071155
2025-05-15,103538.82812500,104153.61718750,101440.81250000,103744.64062500,103744.64062500,50408241840
2025-05-16,103735.65625000,104533.48437500,103137.47656250,103489.28906250,103489.28906250,44386499364
2025-05-17,103489.28906250,103716.94531250,102659.17968750,103191.08593750,103191.08593750,37898552742
2025-05-18,103186.95312500,106597.17187500,103142.60156250,106446.00781250,106446.00781250,49887082058
2025-05-19,106430.53125000,107068.71875000,102112.68750000,105606.17968750,105606.17968750,61761126647
2025-05-20,105605.40625000,107307.11718750,104206.51562500,106791.08593750,106791.08593750,36515726122
2025-05-21,106791.31250000,110724.46093750,106127.23437500,109678.07812500,109678.07812500,78086364051
2025-05-22,109673.49218750,111970.17187500,109285.07031250,111673.28125000,111673.28125000,70157575642
2025-05-23,111679.35937500,111798.90625000,106841.30468750,107287.79687500,107287.79687500,67548133399
2025-05-24,107278.50781250,109454.52343750,106895.28906250,107791.15625000,107791.15625000,45903627163
2025-05-25,107802.27343750,109313.30468750,106683.37500000,109035.39062500,109035.39062500,47518041841
2025-05-26,109023.78125000,110376.88281250,108735.64062500,109440.36718750,109440.36718750,45950461571
2025-05-27,109440.40625000,110744.21093750,107609.55468750,108994.64062500,108994.64062500,57450176272
2025-05-28,108992.17187500,109298.28906250,106812.92968750,107802.32812500,107802.32812500,49155377493
2025-05-29,107795.57031250,108910.04687500,105374.39843750,105641.75781250,105641.75781250,56022752042
2025-05-30,105646.21093750,106308.94531250,103685.78906250,103998.57031250,103998.57031250,57655287183
2025-05-31,103994.71875000,104927.10156250,103136.11718750,104638.09375000,104638.09375000,38997843858
2025-06-01,104637.29687500,105884.54687500,103826.95312500,105652.10156250,105652.10156250,37397056873
2025-06-02,105649.81250000,105958.31250000,103727.54687500,105881.53125000,105881.53125000,45819706290
2025-06-03,105888.47656250,106813.57812500,104920.84375000,105432.46875000,105432.46875000,46196508367
2025-06-04,105434.36718750,105997.69531250,104232.70312500,104731.98437500,104731.98437500,44544857105
2025-06-05,104750.78125000,105936.68750000,100436.88281250,101575.95312500,101575.95312500,57479298400
2025-06-06,101574.36718750,105376.77343750,101169.57031250,104390.34375000,104390.34375000,48856653697
2025-06-07,104390.64843750,105972.75781250,103987.31250000,105615.62500000,105615.62500000,38365033776
2025-06-08,105617.50781250,106497.06250000,105075.32812500,105793.64843750,105793.64843750,36626232328
2025-06-09,105793.02343750,110561.42187500,105400.23437500,110294.10156250,110294.10156250,55903193732
2025-06-10,110295.68750000,110380.12500000,108367.71093750,110257.23437500,110257.23437500,54700101509
2025-06-11,110261.79687500,110384.21875000,108086.32812500,108686.62500000,108686.62500000,50842662052
2025-06-12,108685.91406250,108780.69531250,105785.68750000,105929.05468750,105929.05468750,54843867968
2025-06-13,105924.59375000,106182.54687500,102822.02343750,106090.96875000,106090.96875000,69550440846
2025-06-14,106108.08593750,106203.75781250,104379.36718750,105472.40625000,105472.40625000,38007870453
2025-06-15,105464.84375000,106157.10156250,104519.88281250,105552.02343750,105552.02343750,36744307742
2025-06-16,105555.59375000,108915.37500000,104997.62500000,106796.75781250,106796.75781250,50366626945
2025-06-17,106794.11718750,107750.19531250,103396.53125000,104601.11718750,104601.11718750,55964092176
2025-06-18,104602.07031250,105581.85156250,103602.26562500,104883.32812500,104883.32812500,47318089133
2025-06-19,104886.77343750,105250.89062500,103940.77343750,104684.28906250,104684.28906250,37333806920
2025-06-20,104681.03125000,106539.38281250,102372.21093750,103309.60156250,103309.60156250,50951862476
2025-06-21,103315.07812500,104015.78125000,100973.06250000,102257.40625000,102257.40625000,38360555118
2025-06-22,102212.03125000,103351.63281250,98286.20312500,100987.14062500,100987.14062500,65536997201
2025-06-23,100987.47656250,106116.85937500,99705.75000000,105577.77343750,105577.77343750,65237759656
2025-06-24,105571.51562500,106316.82812500,104740.24218750,106045.63281250,106045.63281250,48822986421
2025-06-25,106047.40625000,108168.39843750,105881.39062500,107361.25781250,107361.25781250,51624120283
2025-06-26,107375.07031250,108305.54687500,106666.35156250,106960.00000000,106960.00000000,43891990613
2025-06-27,106954.92187500,107772.46875000,106449.99218750,107088.42968750,107088.42968750,45353692675
2025-06-28,107090.54687500,107567.88281250,106883.97656250,107327.70312500,107327.70312500,30037708335
2025-06-29,107327.82031250,108526.30468750,107230.10937500,108385.57031250,108385.57031250,35534874438
2025-06-30,108383.43750000,108798.78906250,106759.64843750,107135.33593750,107135.33593750,42064804590
2025-07-01,107144.38281250,107550.67968750,105270.22656250,105698.28125000,105698.28125000,44110692247
2025-07-02,105703.10156250,109763.65625000,105157.39843750,108859.32031250,108859.32031250,56248657737
2025-07-03,108845.01562500,110541.46093750,108605.79687500,109647.97656250,109647.97656250,50494742270
2025-07-04,109635.65625000,109751.98437500,107296.38281250,108034.33593750,108034.33593750,42616442656
2025-07-05,108015.83593750,108381.34375000,107842.27343750,108231.17968750,108231.17968750,30615537520
2025-07-06,108231.18750000,109731.62500000,107847.01562500,109232.07031250,109232.07031250,36746020463
2025-07-07,109235.32812500,109710.25000000,107527.05468750,108299.85156250,108299.85156250,45415696597
2025-07-08,108298.22656250,109198.96875000,107499.55468750,108950.27343750,108950.27343750,44282204127
2025-07-09,108950.27343750,111925.37500000,108357.67968750,111326.55468750,111326.55468750,57927418065
2025-07-10,111329.19531250,116608.78125000,110660.75000000,115987.20312500,115987.20312500,95911605728
2025-07-11,115986.23437500,118856.47656250,115245.68750000,117516.99218750,117516.99218750,86928361085
2025-07-12,117530.71093750,118219.89843750,116977.02343750,117435.22656250,117435.22656250,45524560304
2025-07-13,117432.20312500,119449.57031250,117265.43750000,119116.11718750,119116.11718750,49021091807
2025-07-14,119115.78906250,123091.60937500,118959.19531250,119849.70312500,119849.70312500,181746419401
2025-07-15,119853.85156250,119935.56250000,115765.68750000,117777.18750000,117777.18750000,98321661181
2025-07-16,117777.18750000,120065.51562500,117064.82031250,118738.50781250,118738.50781250,72162029070
2025-07-17,118738.50781250,120999.60937500,117508.21875000,119289.84375000,119289.84375000,72363841798
2025-07-18,119284.10937500,120851.91406250,116925.98437500,118003.22656250,118003.22656250,77945799785
2025-07-19,117998.12500000,118541.39843750,117388.41406250,117939.97656250,117939.97656250,47564562765
2025-07-20,117944.10937500,118865.03125000,116550.13281250,117300.78906250,117300.78906250,57515447231
2025-07-21,117306.46875000,119671.56250000,116584.39843750,117439.53906250,117439.53906250,69820091744
2025-07-22,117426.50000000,120269.96875000,116233.22656250,119995.41406250,119995.41406250,79217583118
2025-07-23,119997.44531250,120113.35156250,117391.39062500,118754.96093750,118754.96093750,66608604537
2025-07-24,118770.98437500,119535.45312500,117247.96875000,118368.00000000,118368.00000000,72627318560
2025-07-25,118368.00000000,118486.97656250,114759.82031250,117635.88281250,117635.88281250,104857024569
2025-07-26,117644.84375000,118335.68750000,117181.22656250,117947.36718750,117947.36718750,48508954046
2025-07-27,117944.72656250,119815.59375000,117859.68750000,119448.49218750,119448.49218750,54683390892
2025-07-28,119457.52343750,119819.78906250,117441.43750000,117924.47656250,117924.47656250,64822943193
2025-07-29,117938.58593750,119273.86718750,116987.36718750,117922.14843750,117922.14843750,68463107433
2025-07-30,117921.99218750,118780.72656250,115800.82812500,117831.18750000,117831.18750000,68896148592
2025-07-31,117833.63281250,118919.98437500,115505.21875000,115758.20312500,115758.20312500,69370346018
2025-08-01,115738.95312500,116060.77343750,112724.44531250,113320.08593750,113320.08593750,91294530181
2025-08-02,113320.39062500,114021.60156250,112005.76562500,112526.91406250,112526.91406250,56870866000
2025-08-03,112525.80468750,114747.42187500,111943.80468750,114217.67187500,114217.67187500,48099615826
2025-08-04,114223.92187500,115729.46875000,114130.40625000,115071.88281250,115071.88281250,35783028986
2025-08-05,115072.18750000,115117.43750000,112701.10937500,114141.44531250,114141.44531250,61039182286
2025-08-06,114140.91406250,115737.83593750,113372.25000000,115028.00000000,115028.00000000,56379133510
2025-08-07,115030.05468750,117676.90625000,114279.71093750,117496.89843750,117496.89843750,64051649681
2025-08-08,117505.50000000,117689.20312500,115917.46093750,116688.72656250,116688.72656250,59713005166
2025-08-09,116678.27343750,117906.60937500,116363.83593750,116500.35937500,116500.35937500,54004312429
2025-08-10,116497.71875000,119320.71093750,116485.16406250,119306.75781250,119306.75781250,64755458694
2025-08-11,119306.81250000,122321.09375000,118159.03125000,118731.44531250,118731.44531250,90528784177
2025-08-12,118717.66406250,120302.46875000,118228.71875000,120172.90625000,120172.90625000,72803657984
2025-08-13,120168.97656250,123682.45312500,118939.63281250,123344.06250000,123344.06250000,90904808795
2025-08-14,123339.39843750,124457.11718750,117254.88281250,118359.57812500,118359.57812500,104055627395
2025-08-15,118365.78125000,119332.31250000,116864.57031250,117398.35156250,117398.35156250,68665353159
2025-08-16,117398.42187500,117996.06250000,117271.95312500,117491.35156250,117491.35156250,48036922378
2025-08-17,117492.78906250,118595.77343750,117279.52343750,117453.06250000,117453.06250000,45852169525
2025-08-18,117453.90625000,117614.17187500,114723.67968750,116252.31250000,116252.31250000,72787808090
2025-08-19,116241.85937500,116764.50000000,112730.39843750,112831.17968750,112831.17968750,71657600353
2025-08-20,112828.02343750,114625.79687500,112387.96093750,114274.74218750,114274.74218750,67993811526
2025-08-21,114275.68750000,114802.64843750,111986.23437500,112419.03125000,112419.03125000,57817883700
2025-08-22,112433.73437500,117377.39843750,111678.94531250,116874.08593750,116874.08593750,82528088240
2025-08-23,116866.36718750,116996.25000000,114536.10937500,115374.32812500,115374.32812500,55377142586
2025-08-24,115387.39062500,115615.08593750,111060.54687500,113458.42968750,113458.42968750,73961489632
2025-08-25,113456.89843750,113637.84375000,109324.28125000,110124.35156250,110124.35156250,85706860190
2025-08-26,110124.10156250,112397.01562500,108762.03906250,111802.65625000,111802.65625000,69396320317
2025-08-27,111795.71093750,112619.41406250,110398.26562500,111222.06250000,111222.06250000,62137056409
2025-08-28,111219.05468750,113450.07812500,110900.92187500,112544.80468750,112544.80468750,58860155962
2025-08-29,112550.52343750,112619.05468750,107559.62500000,108410.83593750,108410.83593750,77843379644
2025-08-30,108409.40625000,108929.35156250,107444.44531250,108808.07031250,108808.07031250,51486264208
2025-08-31,108818.46093750,109491.00000000,108104.65625000,108236.71093750,108236.71093750,47986191770
2025-09-01,108228.75000000,109890.58593750,107271.17968750,109250.59375000,109250.59375000,66870372995
2025-09-02,109243.07031250,111748.01562500,108454.03125000,111200.58593750,111200.58593750,74776999491
2025-09-03,111190.69531250,112600.22656250,110582.96093750,111723.21093750,111723.21093750,61119643565
2025-09-04,111718.14843750,112208.32812500,109347.22656250,110723.60156250,110723.60156250,60131132901
2025-09-05,110723.01562500,113357.49218750,110233.39843750,110650.98437500,110650.98437500,60241647677
2025-09-06,110650.57031250,111275.01562500,110024.08593750,110224.69531250,110224.69531250,21500719036
2025-09-07,110221.32812500,111591.07812500,110211.62500000,111167.61718750,111167.61718750,24618007520
2025-09-08,111163.01562500,112869.23437500,110630.60937500,112071.42968750,112071.42968750,40212813407
2025-09-09,112077.57812500,113225.43750000,110776.70312500,111530.54687500,111530.54687500,45984480722
2025-09-10,111531.25000000,114275.25000000,110940.07812500,113955.35937500,113955.35937500,56377473784
2025-09-11,113961.42968750,115522.54687500,113453.83593750,115507.53906250,115507.53906250,45685065332
2025-09-12,115507.78906250,116769.38281250,114794.48437500,116101.57812500,116101.57812500,54785725894
2025-09-13,116093.56250000,116334.63281250,115248.27343750,115950.50781250,115950.50781250,34549454947
2025-09-14,115950.28906250,116181.50000000,115222.39843750,115407.65625000,115407.65625000,32798036057
2025-09-15,115399.63281250,116747.88281250,114461.06250000,115444.87500000,115444.87500000,52937859416
2025-09-16,115423.75781250,117005.27343750,114813.09375000,116843.18750000,116843.18750000,45781744593
2025-09-17,116840.50781250,117328.60937500,114794.97656250,116468.50781250,116468.50781250,60528025996
2025-09-18,116461.26562500,117911.78906250,116188.79687500,117137.20312500,117137.20312500,49457272032
2025-09-19,117137.67187500,117479.75781250,115141.82031250,115688.85937500,115688.85937500,38828473971
2025-09-20,115691.12500000,116191.14843750,115473.52343750,115721.96093750,115721.96093750,22864449614
2025-09-21,115730.22656250,115901.08593750,115252.57812500,115306.09375000,115306.09375000,22495852193
2025-09-22,115309.21875000,115431.31250000,112037.64843750,112748.50781250,112748.50781250,70684158591
2025-09-23,112757.47656250,113351.91406250,111535.57031250,112014.50000000,112014.50000000,47211853279
2025-09-24,112007.66406250,113986.27343750,111229.64062500,113328.63281250,113328.63281250,48044595085
2025-09-25,113330.16406250,113541.08593750,108713.39843750,109049.28906250,109049.28906250,75528654284
2025-09-26,109041.29687500,110359.19531250,108728.97656250,109712.82812500,109712.82812500,57738288949
2025-09-27,109707.14062500,109778.50000000,109144.29687500,109681.94531250,109681.94531250,26308042910
2025-09-28,109681.94531250,112375.48437500,109236.94531250,112122.64062500,112122.64062500,33371048505
2025-09-29,112117.87500000,114473.57031250,111589.95312500,114400.38281250,114400.38281250,60000147466
2025-09-30,114396.52343750,114836.61718750,112740.56250000,114056.08593750,114056.08593750,58986330258
2025-10-01,114057.59375000,118648.92968750,113981.39843750,118648.92968750,118648.92968750,71328680132
2025-10-02,118652.38281250,121086.40625000,118383.15625000,120681.25781250,120681.25781250,71415163912
2025-10-03,120656.98437500,123944.70312500,119344.31250000,122266.53125000,122266.53125000,83941392228
2025-10-04,122267.46875000,122857.64062500,121577.57031250,122425.42968750,122425.42968750,36769171735
2025-10-05,122419.67187500,125559.21093750,122191.96093750,123513.47656250,123513.47656250,73689317763
2025-10-06,123510.45312500,126198.07031250,123196.04687500,124752.53125000,124752.53125000,72568881188
2025-10-07,124752.14062500,125184.02343750,120681.96875000,121451.38281250,121451.38281250,76149412513
2025-10-08,121448.35156250,124167.09375000,121119.17968750,123354.86718750,123354.86718750,65354305286
2025-10-09,123337.07031250,123739.34375000,119812.03125000,121705.58593750,121705.58593750,74653009425
2025-10-10,121704.74218750,122509.66406250,104582.41406250,113214.36718750,113214.36718750,153125018868
2025-10-11,113236.42968750,113429.72656250,109760.56250000,110807.88281250,110807.88281250,110236934340
2025-10-12,110811.51562500,115805.06250000,109715.53906250,115169.76562500,115169.76562500,93710414091
2025-10-13,115161.67968750,116020.48437500,113821.18750000,115271.07812500,115271.07812500,71582026739
2025-10-14,115264.88281250,115502.88281250,110029.48437500,113118.66406250,113118.66406250,92212917403
2025-10-15,113113.96875000,113622.38281250,110235.83593750,110783.16406250,110783.16406250,72574132855
2025-10-16,110782.17187500,111990.81250000,107537.03125000,108186.03906250,108186.03906250,87306423067
2025-10-17,108179.13281250,109235.80468750,103598.42968750,106467.78906250,106467.78906250,99703051669
2025-10-18,106483.73437500,107490.98437500,106387.45312500,107198.26562500,107198.26562500,37779905278
2025-10-19,107204.31250000,109488.99218750,106157.78906250,108666.71093750,108666.71093750,47657008953
2025-10-20,108667.44531250,111711.03125000,107485.01562500,110588.92968750,110588.92968750,63507793085
2025-10-21,110587.63281250,113996.34375000,107534.75000000,108476.89062500,108476.89062500,101194375480
2025-10-22,108491.53125000,109115.13281250,106778.00000000,107688.58593750,107688.58593750,80807013218
2025-10-23,107679.43750000,111288.59375000,107548.42968750,110069.72656250,110069.72656250,54944076060
2025-10-24,110069.35156250,111842.53125000,109770.14843750,111033.92187500,111033.92187500,48160816980
2025-10-25,111032.61718750,111947.70312500,110704.40625000,111641.72656250,111641.72656250,24707667305
2025-10-26,111639.05468750,115260.90625000,111268.48437500,114472.44531250,114472.44531250,41708524143
2025-10-27,114479.85156250,116273.31250000,113882.28906250,114119.32812500,114119.32812500,61761358733
2025-10-28,114129.08593750,116078.98437500,112291.67968750,112956.16406250,112956.16406250,64528066504
2025-10-29,112921.32812500,113642.72656250,109368.71875000,110055.30468750,110055.30468750,62192043469
2025-10-30,110059.19531250,111612.35156250,106376.68750000,108305.54687500,108305.54687500,69673964814
2025-10-31,108304.41406250,111031.82031250,108288.27343750,109556.16406250,109556.16406250,60090359560
2025-11-01,109558.62500000,110574.89843750,109372.95312500,110064.01562500,110064.01562500,25871668762
2025-11-02,110064.42968750,111167.31250000,109523.45312500,110639.62500000,110639.62500000,34284209459
2025-11-03,110646.90625000,110764.91406250,105336.35937500,106547.52343750,106547.52343750,72852006359
2025-11-04,106541.42187500,107264.88281250,98962.06250000,101590.52343750,101590.52343750,110967184773
2025-11-05,101579.23437500,104534.70312500,98989.91406250,103891.83593750,103891.83593750,77584934804
2025-11-06,103893.66406250,104147.30468750,100336.86718750,101301.28906250,101301.28906250,63932752861
2025-11-07,101286.24218750,104052.91406250,99257.05468750,103372.40625000,103372.40625000,92168030081
2025-11-08,103371.70312500,103373.56250000,101458.03906250,102282.11718750,102282.11718750,51446691095
2025-11-09,102278.98437500,105418.36718750,101468.87500000,104719.64062500,104719.64062500,59679243013
2025-11-10,104723.77343750,106564.69531250,104350.64843750,105996.59375000,105996.59375000,69585887229
2025-11-11,105996.85937500,107428.25781250,102457.32812500,102997.46875000,102997.46875000,71130078574
2025-11-12,103011.43750000,105297.23437500,100836.61718750,101663.18750000,101663.18750000,64347179408
2025-11-13,101674.14843750,104005.49218750,97988.71875000,99697.49218750,99697.49218750,101546815416
2025-11-14,99694.70312500,99804.42968750,94000.73437500,94397.78906250,94397.78906250,114346441890
2025-11-15,94420.46875000,96728.46875000,94420.46875000,95549.14843750,95549.14843750,38500716654
2025-11-16,95556.86718750,96564.18750000,92971.16406250,94177.07812500,94177.07812500,71086235862
2025-11-17,94180.87500000,95928.36718750,91214.75781250,92093.87500000,92093.87500000,94186165724
2025-11-18,92094.53125000,93745.07812500,89300.46093750,92948.87500000,92948.87500000,101333569062
2025-11-19,92946.16406250,92946.16406250,88526.82812500,91465.99218750,91465.99218750,80350354656
2025-11-20,91459.35156250,93025.07031250,86040.79687500,86631.89843750,86631.89843750,97970645638
2025-11-21,86528.77343750,87380.80468750,80659.81250000,85090.68750000,85090.68750000,129157506112
2025-11-22,85098.56250000,85503.00781250,83490.89843750,84648.35937500,84648.35937500,40793099246
2025-11-23,84648.60937500,88038.46875000,84641.77343750,86805.00781250,86805.00781250,58083435576
2025-11-24,86798.77343750,89206.33593750,85272.19531250,88270.56250000,88270.56250000,74433896110
2025-11-25,88269.96093750,88457.33593750,86131.42968750,87341.89062500,87341.89062500,64837343545
2025-11-26,87345.58593750,90581.15625000,86316.89843750,90518.36718750,90518.36718750,66496301869
2025-11-27,90517.76562500,91897.57812500,90089.51562500,91285.37500000,91285.37500000,57040622845
2025-11-28,91285.38281250,92969.08593750,90257.11718750,90919.26562500,90919.26562500,60895830289
2025-11-29,90918.74218750,91187.61718750,90260.18750000,90851.75781250,90851.75781250,37921773455
2025-11-30,90838.21093750,91965.04687500,90394.31250000,90394.31250000,90394.31250000,38497902869
2025-12-01,90389.10937500,90398.15625000,83862.25000000,86321.57031250,86321.57031250,87962894424
2025-12-02,86322.53906250,92316.63281250,86202.19531250,91350.20312500,91350.20312500,78546798211
2025-12-03,91345.09375000,94060.77343750,91056.39062500,93527.80468750,93527.80468750,77650204986
2025-12-04,93454.25781250,94038.24218750,90976.10156250,92141.62500000,92141.62500000,64538402681
2025-12-05,92133.64843750,92702.64062500,88152.14062500,89387.75781250,89387.75781250,63256398633
2025-12-06,89389.35937500,90267.46093750,88951.66406250,89272.37500000,89272.37500000,37994042405
2025-12-07,89277.81250000,91740.84375000,87799.56250000,90405.64062500,90405.64062500,47394898960
2025-12-08,90424.58593750,92267.11718750,89644.89062500,90640.20312500,90640.20312500,57394099056
2025-12-09,90639.70312500,94601.57031250,89586.97656250,92691.71093750,92691.71093750,66861721440
2025-12-10,92695.23437500,94477.15625000,91640.13281250,92020.94531250,92020.94531250,65420694513
2025-12-11,92011.30468750,93554.26562500,89335.29687500,92511.33593750,92511.33593750,64532834621
2025-12-12,92513.66406250,92747.92968750,89532.60156250,90270.41406250,90270.41406250,80275884583
2025-12-13,90257.79687500,90647.57031250,89800.99218750,90298.71093750,90298.71093750,64237748110
2025-12-14,90296.43750000,90498.10937500,87634.93750000,88175.17968750,88175.17968750,50465972205
2025-12-15,88171.07812500,89983.92187500,85304.07812500,86419.78125000,86419.78125000,45559514323
2025-12-16,86424.40625000,88170.09375000,85381.68750000,87843.98437500,87843.98437500,41262178223
2025-12-17,87847.61718750,90264.57031250,85316.26562500,86143.75781250,86143.75781250,44243392914
2025-12-18,86144.36718750,89412.66406250,84436.31250000,85462.50781250,85462.50781250,52667115348
2025-12-19,85476.13281250,89339.11718750,85107.66406250,88103.38281250,88103.38281250,46733310561
2025-12-20,88101.67187500,88497.20312500,87924.87500000,88344.00000000,88344.00000000,14688196659
2025-12-21,88344.70312500,89027.95312500,87613.20312500,88621.75000000,88621.75000000,19845522660
2025-12-22,88621.39843750,90501.92968750,87908.07031250,88490.01562500,88490.01562500,38047472118
2025-12-23,88490.03125000,88898.38281250,86606.97656250,87414.00000000,87414.00000000,43683011533
2025-12-24,87404.32031250,87956.88281250,86411.79687500,87611.96093750,87611.96093750,25550297986
2025-12-25,87608.32031250,88501.78906250,86949.25781250,87234.74218750,87234.74218750,19953216347
2025-12-26,87235.50781250,89459.42968750,86628.14062500,87301.42968750,87301.42968750,42455674908
2025-12-27,87301.42968750,87874.78125000,87182.97656250,87802.15625000,87802.15625000,13741199310
2025-12-28,87799.34375000,87986.89062500,87394.95312500,87835.83593750,87835.83593750,15156557929
2025-12-29,87835.78906250,90299.15625000,86717.91406250,87138.14062500,87138.14062500,48411625849
2025-12-30,87134.35156250,89297.93750000,86735.54687500,88430.13281250,88430.13281250,35586356225
2025-12-31,88429.58593750,89080.28906250,87130.56250000,87508.82812500,87508.82812500,33830210616
2026-01-01,87508.04687500,88803.22656250,87399.40625000,88731.98437500,88731.98437500,18849043990
2026-01-02,88733.06250000,90884.46093750,88298.61718750,89944.69531250,89944.69531250,46398906171
2026-01-03,89945.05468750,90679.57031250,89328.07031250,90603.18750000,90603.18750000,20774828592
2026-01-04,90603.00000000,91712.58593750,90595.10156250,91413.49218750,91413.49218750,26770491368
2026-01-05,91414.62500000,94762.07031250,91414.62500000,93882.55468750,93882.55468750,53376407252
2026-01-06,93876.94531250,94395.29687500,91286.54687500,93729.03125000,93729.03125000,52430605257
2026-01-07,93727.46875000,93738.78906250,90601.80468750,91308.05468750,91308.05468750,43461295053
2026-01-08,91309.64062500,91485.85156250,89233.87500000,91027.12500000,91027.12500000,42386697030
2026-01-09,91026.27343750,91910.67187500,89625.38281250,90513.10156250,90513.10156250,38305906684
2026-01-10,90510.10156250,90713.03125000,90283.39843750,90386.64843750,90386.64843750,12385895282
2026-01-11,90385.35937500,91155.22656250,90212.02343750,90827.46093750,90827.46093750,17165568977
2026-01-12,90825.85937500,92395.52343750,90055.02343750,91192.99218750,91192.99218750,41346275358
2026-01-13,91185.33593750,96011.62500000,90941.92968750,95321.78125000,95321.78125000,54980674354
2026-01-14,95322.90625000,97860.60156250,94583.04687500,96929.32812500,96929.32812500,60592490863
2026-01-15,96931.28906250,97150.17187500,95103.24218750,95551.18750000,95551.18750000,53086363027
2026-01-16,95554.10156250,95801.89062500,94259.27343750,95525.11718750,95525.11718750,33248170537
2026-01-17,95525.15625000,95598.47656250,95005.61718750,95099.92187500,95099.92187500,16021715122
2026-01-18,95101.17968750,95491.50781250,93588.86718750,93634.42968750,93634.42968750,20809781232
2026-01-19,93655.67187500,93660.82812500,92089.25000000,92553.59375000,92553.59375000,39195241508
2026-01-20,92553.60156250,92798.42968750,87814.92968750,88310.90625000,88310.90625000,53072968031
2026-01-21,88326.50781250,90430.40625000,87231.57031250,89376.96093750,89376.96093750,56330422434
2026-01-22,89378.52343750,90258.96093750,88438.44531250,89462.45312500,89462.45312500,35549685694
2026-01-23,89462.04687500,91100.25000000,88486.35937500,89503.87500000,89503.87500000,38997586037
2026-01-24,89506.14843750,89811.60937500,89044.28906250,89110.73437500,89110.73437500,14558687712
2026-01-25,89104.76562500,89193.14843750,86003.71093750,86572.21875000,86572.21875000,36124986722
2026-01-26,86566.52343750,88743.07031250,86429.28906250,88267.14062500,88267.14062500,45329286974
2026-01-27,88257.47656250,89427.12500000,87228.92187500,89102.57031250,89102.57031250,38744942267
2026-01-28,89104.04687500,90439.28906250,88721.46093750,89184.57031250,89184.57031250,39807419296
2026-01-29,89169.85156250,89200.78125000,83250.60156250,84561.58593750,84561.58593750,64653083162
2026-01-30,84562.72656250,84602.16406250,81071.47656250,84128.65625000,84128.65625000,72083816087
2026-01-31,84126.50000000,84136.92187500,75815.88281250,78621.11718750,78621.11718750,70479259159
2026-02-01,78626.12500000,79322.60937500,75698.89843750,76974.44531250,76974.44531250,53372509744
2026-02-02,76968.87500000,79258.60937500,74551.33593750,78688.76562500,78688.76562500,75140589684
2026-02-03,78693.50781250,79118.85156250,72897.14062500,75633.54687500,75633.54687500,68249110822
2026-02-04,75640.09375000,76864.65625000,71779.92968750,73019.70312500,73019.70312500,67215363944
2026-02-05,73016.37500000,73161.55468750,62353.53515625,62702.09765625,62702.09765625,125509410908
2026-02-06,62704.45312500,71681.30468750,60074.20312500,70555.39062500,70555.39062500,114674259489
2026-02-07,70553.79687500,71611.14843750,67364.44531250,69281.96875000,69281.96875000,62347107663
2026-02-08,69283.72656250,72206.90625000,68852.89843750,70264.72656250,70264.72656250,39721722619
2026-02-09,70243.32812500,71369.96875000,68291.03125000,70120.78125000,70120.78125000,52081598792
2026-02-10,70137.39062500,70464.26562500,67913.09375000,68793.96093750,68793.96093750,40593063077
2026-02-11,68791.85937500,69242.67968750,65757.30468750,66991.96875000,66991.96875000,49671946030
2026-02-12,66992.19531250,68339.49218750,65092.10937500,66221.84375000,66221.84375000,44651071271
2026-02-13,66213.37500000,69382.83593750,65835.78125000,68857.84375000,68857.84375000,40820775886
2026-02-14,68856.98437500,70481.16406250,68706.61718750,69767.62500000,69767.62500000,36012397645
2026-02-15,69764.95312500,70939.28906250,68052.54687500,68788.18750000,68788.18750000,40191152750
2026-02-16,68782.39843750,70067.23437500,67301.58593750,68843.15625000,68843.15625000,33618145426
2026-02-17,68843.09375000,69201.86718750,66615.28125000,67494.21875000,67494.21875000,34866936040
2026-02-18,67488.02343750,68434.42968750,65845.89843750,66425.32031250,66425.32031250,33094301643
2026-02-19,66425.62500000,67277.12500000,65637.42968750,66957.52343750,66957.52343750,31492987019
2026-02-20,66958.57812500,68269.03125000,66452.48437500,68005.42187500,68005.42187500,47507867304
2026-02-21,68000.25000000,68657.70312500,67533.07031250,68003.76562500,68003.76562500,18357635642
2026-02-22,67998.82812500,68235.22656250,67185.60156250,67659.39062500,67659.39062500,17893536012
2026-02-23,67668.42968750,67668.42968750,63924.43750000,64616.73828125,64616.73828125,50953457309
2026-02-24,64616.01562500,64992.15625000,62553.18750000,64080.04296875,64080.04296875,40849331086
2026-02-25,64077.76953125,69953.53125000,63942.48437500,67960.12500000,67960.12500000,53629234355
2026-02-26,67954.86718750,68843.35156250,66523.73437500,67453.77343750,67453.77343750,42988597523
2026-02-27,67456.51562500,68220.40625000,64946.03515625,65881.79687500,65881.79687500,40283655942
2026-02-28,65878.92968750,67714.52343750,63062.21875000,66995.85937500,66995.85937500,42041497112
2026-03-01,67005.88281250,68162.82031250,65076.73046875,65738.10156250,65738.10156250,40733141929
2026-03-02,65734.07812500,70044.00000000,65303.13671875,68775.85156250,68775.85156250,56698092052
2026-03-03,68785.07812500,69232.89062500,66237.61718750,68293.64843750,68293.64843750,47947999049
2026-03-04,68290.56250000,74051.80468750,67437.40625000,72710.57812500,72710.57812500,75073101274
2026-03-05,72712.65625000,73555.78906250,70654.88281250,70841.12500000,70841.12500000,51172841727
2026-03-06,70842.15625000,71378.57031250,67757.82031250,68136.49218750,68136.49218750,43776962871
2026-03-07,68136.68750000,68515.16406250,66969.25781250,67272.59375000,67272.59375000,23258701211
2026-03-08,67272.50000000,68177.78906250,65639.19531250,65969.78125000,65969.78125000,33195080116
2026-03-09,65969.58593750,69474.94531250,65858.00781250,68402.38281250,68402.38281250,49499875378
2026-03-10,68402.71875000,71770.89843750,68402.71875000,69926.92187500,69926.92187500,54003996096
2026-03-11,69931.25000000,71337.66406250,68998.86718750,70204.88281250,70204.88281250,45236859848
2026-03-12,70209.76562500,70775.82812500,69230.15625000,70493.46093750,70493.46093750,40871848129
2026-03-13,70497.04687500,73927.32812500,70410.72656250,70968.26562500,70968.26562500,61167226505
2026-03-14,70965.38281250,71291.20312500,70339.58593750,71214.62500000,71214.62500000,22283546496
2026-03-15,71213.67968750,73173.00781250,70882.42187500,72789.91406250,72789.91406250,27991268669
2026-03-16,72820.78125000,74372.16406250,72323.09375000,74023.27343750,74023.27343750,55344570368
