Date,Open,High,Low,Close,Adj Close,Volume
2023-04-06,28175.22656250,28178.38476562,27738.75976562,28044.14062500,28044.14062500,13837809380
2023-04-07,28038.96679688,28111.59375000,27794.03125000,27925.85937500,27925.85937500,10861680497
2023-04-08,27920.51367188,28159.86328125,27883.38671875,27947.79492188,27947.79492188,9373255556
2023-04-09,27952.36718750,28532.83007812,27828.48046875,28333.05078125,28333.05078125,12175322951
2023-04-10,28336.02734375,29771.46484375,28189.27148438,29652.98046875,29652.98046875,19282400094
2023-04-11,29653.67968750,30509.08398438,29609.30078125,30235.05859375,30235.05859375,20121259843
2023-04-12,30231.58203125,30462.48046875,29725.57421875,30139.05273438,30139.05273438,18651929926
2023-04-13,29892.74023438,30539.84570312,29878.62304688,30399.06640625,30399.06640625,17487721001
2023-04-14,30409.56250000,31005.60742188,30044.49804688,30485.69921875,30485.69921875,22659995079
2023-04-15,30490.75000000,30601.74023438,30245.88281250,30318.49609375,30318.49609375,11940685378
2023-04-16,30315.97656250,30555.53710938,30157.83203125,30315.35546875,30315.35546875,12854816417
2023-04-17,30317.14648438,30319.19726562,29275.37109375,29445.04492188,29445.04492188,17872186762
2023-04-18,29449.09179688,30470.30273438,29154.84960938,30397.55273438,30397.55273438,19480529496
2023-04-19,30394.18750000,30411.05468750,28669.89843750,28822.67968750,28822.67968750,24571565421
2023-04-20,28823.68359375,29076.40039062,28037.25781250,28245.98828125,28245.98828125,21340360360
2023-04-21,28249.23046875,28349.96875000,27177.36523438,27276.91015625,27276.91015625,20759504330
2023-04-22,27265.89453125,27872.14257812,27169.57031250,27817.50000000,27817.50000000,13125734602
2023-04-23,27816.14453125,27820.24414062,27400.31445312,27591.38476562,27591.38476562,12785446832
2023-04-24,27591.73046875,27979.98242188,27070.84960938,27525.33984375,27525.33984375,17703288330
2023-04-25,27514.87304688,28371.07812500,27207.93164062,28307.59765625,28307.59765625,17733373139
2023-04-26,28300.05859375,29995.83789062,27324.54882812,28422.70117188,28422.70117188,31854242019
2023-04-27,28428.46484375,29871.54687500,28402.88671875,29473.78710938,29473.78710938,27153445027
2023-04-28,29481.01367188,29572.79101562,28929.60937500,29340.26171875,29340.26171875,17544464887
2023-04-29,29336.56640625,29452.45507812,29088.04296875,29248.48828125,29248.48828125,10662634333
2023-04-30,29245.51562500,29952.02929688,29114.02148438,29268.80664062,29268.80664062,14652199272
2023-05-01,29227.10351562,29329.93554688,27680.79296875,28091.56835938,28091.56835938,18655599976
2023-05-02,28087.17578125,28881.29882812,27924.12304688,28680.53710938,28680.53710938,16432924527
2023-05-03,28680.49414062,29259.53320312,28178.38867188,29006.30859375,29006.30859375,19122972518
2023-05-04,29031.30468750,29353.18554688,28694.03906250,28847.71093750,28847.71093750,15548678514
2023-05-05,28851.48046875,29668.90820312,28845.50976562,29534.38476562,29534.38476562,17936566518
2023-05-06,29538.85937500,29820.12695312,28468.96679688,28904.62304688,28904.62304688,15913866714
2023-05-07,28901.62304688,29157.51757812,28441.36718750,28454.97851562,28454.97851562,11301355486
2023-05-08,28450.45703125,28663.27148438,27310.13476562,27694.27343750,27694.27343750,19122903752
2023-05-09,27695.06835938,27821.40039062,27375.60156250,27658.77539062,27658.77539062,14128593256
2023-05-10,27654.63671875,28322.68750000,26883.66992188,27621.75585938,27621.75585938,20656025026
2023-05-11,27621.08593750,27621.94140625,26781.82617188,27000.78906250,27000.78906250,16724343943
2023-05-12,26987.66210938,27055.64648438,25878.42968750,26804.99023438,26804.99023438,19313599897
2023-05-13,26807.76953125,27030.48242188,26710.87304688,26784.07812500,26784.07812500,9999171605
2023-05-14,26788.97460938,27150.97656250,26661.35546875,26930.63867188,26930.63867188,10014858959
2023-05-15,26931.38476562,27646.34765625,26766.09765625,27192.69335938,27192.69335938,14413231792
2023-05-16,27171.51367188,27299.30468750,26878.94726562,27036.65039062,27036.65039062,12732238816
2023-05-17,27035.47070312,27465.92773438,26600.14453125,27398.80273438,27398.80273438,15140006925
2023-05-18,27401.65039062,27466.52734375,26415.10156250,26832.20898438,26832.20898438,15222938600
2023-05-19,26826.75390625,27128.61914062,26700.21093750,26890.12890625,26890.12890625,11258983301
2023-05-20,26888.84179688,27155.15820312,26843.27734375,27129.58593750,27129.58593750,7044911360
2023-05-21,27118.42382812,27265.91796875,26706.92187500,26753.82617188,26753.82617188,8647416921
2023-05-22,26749.89257812,27045.73437500,26549.73437500,26851.27734375,26851.27734375,11056770492
2023-05-23,26855.96093750,27434.68359375,26816.17968750,27225.72656250,27225.72656250,13697203143
2023-05-24,27224.60351562,27224.60351562,26106.57617188,26334.81835938,26334.81835938,16299104428
2023-05-25,26329.46093750,26591.51953125,25890.59375000,26476.20703125,26476.20703125,13851122697
2023-05-26,26474.18164062,26916.66992188,26343.94921875,26719.29101562,26719.29101562,12711619225
2023-05-27,26720.18164062,26888.88281250,26621.14062500,26868.35351562,26868.35351562,7892015141
2023-05-28,26871.15820312,28193.44921875,26802.75195312,28085.64648438,28085.64648438,14545229578
2023-05-29,28075.59179688,28432.03906250,27563.87695312,27745.88476562,27745.88476562,15181308984
2023-05-30,27745.12304688,28044.75976562,27588.50195312,27702.34960938,27702.34960938,13251081851
2023-05-31,27700.52929688,27831.67773438,26866.45312500,27219.65820312,27219.65820312,15656371534
2023-06-01,27218.41210938,27346.10546875,26671.72070312,26819.97265625,26819.97265625,14678970415
2023-06-02,26824.55664062,27303.86132812,26574.64453125,27249.58984375,27249.58984375,14837415000
2023-06-03,27252.32421875,27317.05273438,26958.00390625,27075.12890625,27075.12890625,8385597470
2023-06-04,27075.12304688,27407.01953125,26968.22460938,27119.06640625,27119.06640625,9360912318
2023-06-05,27123.10937500,27129.98242188,25445.16796875,25760.09765625,25760.09765625,21513292646
2023-06-06,25732.10937500,27313.82031250,25434.86718750,27238.78320312,27238.78320312,21929670693
2023-06-07,27235.65039062,27332.18164062,26146.98828125,26345.99804688,26345.99804688,19530045082
2023-06-08,26347.65429688,26797.51367188,26246.66406250,26508.21679688,26508.21679688,11904824295
2023-06-09,26505.92382812,26770.28906250,26339.31445312,26480.37500000,26480.37500000,11015551640
2023-06-10,26481.76171875,26531.04492188,25501.83593750,25851.24023438,25851.24023438,19872933189
2023-06-11,25854.03125000,26203.43945312,25668.98632812,25940.16796875,25940.16796875,10732609603
2023-06-12,25934.28515625,26087.91992188,25675.19726562,25902.50000000,25902.50000000,11677889997
2023-06-13,25902.94140625,26376.35156250,25728.36523438,25918.72851562,25918.72851562,14143474486
2023-06-14,25920.25781250,26041.80078125,24902.15234375,25124.67578125,25124.67578125,14265717766
2023-06-15,25121.67382812,25735.30859375,24797.16796875,25576.39453125,25576.39453125,15837384409
2023-06-16,25575.28320312,26463.17382812,25245.35742188,26327.46289062,26327.46289062,16324646965
2023-06-17,26328.67968750,26769.39453125,26174.49218750,26510.67578125,26510.67578125,11090276850
2023-06-18,26510.45703125,26675.92578125,26325.89062500,26336.21289062,26336.21289062,9565695129
2023-06-19,26335.44140625,26984.61132812,26312.83203125,26851.02929688,26851.02929688,12826986222
2023-06-20,26841.66406250,28388.96875000,26668.79101562,28327.48828125,28327.48828125,22211859147
2023-06-21,28311.31054688,30737.33007812,28283.41015625,30027.29687500,30027.29687500,33346760979
2023-06-22,29995.93554688,30495.99804688,29679.15820312,29912.28125000,29912.28125000,20653160491
2023-06-23,29896.38281250,31389.53906250,29845.21484375,30695.46875000,30695.46875000,24115570085
2023-06-24,30708.73828125,30804.14843750,30290.14648438,30548.69531250,30548.69531250,12147822496
2023-06-25,30545.15039062,31041.27148438,30327.94335938,30480.26171875,30480.26171875,12703464114
2023-06-26,30480.52343750,30636.02929688,29955.74414062,30271.13085938,30271.13085938,16493186997
2023-06-27,30274.32031250,31006.78710938,30236.65039062,30688.16406250,30688.16406250,16428827944
2023-06-28,30696.56054688,30703.27929688,29921.82226562,30086.24609375,30086.24609375,14571500779
2023-06-29,30086.18750000,30796.25000000,30057.20312500,30445.35156250,30445.35156250,13180860821
2023-06-30,30441.35351562,31256.86328125,29600.27539062,30477.25195312,30477.25195312,26387306197
2023-07-01,30471.84765625,30641.28906250,30328.86523438,30590.07812500,30590.07812500,9086606733
2023-07-02,30587.26953125,30766.14062500,30264.01953125,30620.76953125,30620.76953125,10533418042
2023-07-03,30624.51562500,31375.61328125,30586.51367188,31156.43945312,31156.43945312,15271884873
2023-07-04,31156.86523438,31325.19726562,30659.35546875,30777.58203125,30777.58203125,12810828427
2023-07-05,30778.72460938,30877.33007812,30225.61328125,30514.16601562,30514.16601562,12481622280
2023-07-06,30507.15039062,31460.05273438,29892.22656250,29909.33789062,29909.33789062,21129219509
2023-07-07,29907.99804688,30434.64453125,29777.28515625,30342.26562500,30342.26562500,13384770155
2023-07-08,30346.92187500,30374.43750000,30080.16015625,30292.54101562,30292.54101562,7509378699
2023-07-09,30291.61132812,30427.58984375,30085.59179688,30171.23437500,30171.23437500,7903327692
2023-07-10,30172.42382812,31026.08398438,29985.39453125,30414.47070312,30414.47070312,14828209155
2023-07-11,30417.63281250,30788.31445312,30358.09765625,30620.95117188,30620.95117188,12151839152
2023-07-12,30622.24609375,30959.96484375,30228.83593750,30391.64648438,30391.64648438,14805659717
2023-07-13,30387.48828125,31814.51562500,30268.35156250,31476.04882812,31476.04882812,23686079548
2023-07-14,31474.72070312,31582.25390625,29966.38671875,30334.06835938,30334.06835938,20917902660
2023-07-15,30331.78320312,30407.78125000,30263.46289062,30295.80664062,30295.80664062,8011667756
2023-07-16,30297.47265625,30437.56054688,30089.66992188,30249.13281250,30249.13281250,8516564470
2023-07-17,30249.62695312,30336.40039062,29685.78320312,30145.88867188,30145.88867188,13240156074
2023-07-18,30147.07031250,30233.65625000,29556.42773438,29856.56250000,29856.56250000,13138897269
2023-07-19,29862.04687500,30184.18164062,29794.26953125,29913.92382812,29913.92382812,12128602812
2023-07-20,29915.25000000,30195.53125000,29638.09570312,29792.01562500,29792.01562500,14655207121
2023-07-21,29805.11132812,30045.99804688,29733.85156250,29908.74414062,29908.74414062,10972789818
2023-07-22,29908.69726562,29991.61523438,29664.12109375,29771.80273438,29771.80273438,7873300598
2023-07-23,29790.11132812,30330.64062500,29741.52734375,30084.53906250,30084.53906250,9220145050
2023-07-24,30081.66210938,30093.39453125,28934.29492188,29176.91601562,29176.91601562,15395817395
2023-07-25,29178.97070312,29353.16015625,29062.43359375,29227.39062500,29227.39062500,10266772793
2023-07-26,29225.75976562,29675.55273438,29113.91210938,29354.97265625,29354.97265625,13497554655
2023-07-27,29353.79882812,29560.96679688,29099.35156250,29210.68945312,29210.68945312,10770779217
2023-07-28,29212.16406250,29521.51367188,29125.84570312,29319.24609375,29319.24609375,11218474952
2023-07-29,29319.44531250,29396.84375000,29264.16601562,29356.91796875,29356.91796875,6481775959
2023-07-30,29357.09375000,29443.16992188,29059.50195312,29275.30859375,29275.30859375,8678454527
2023-07-31,29278.31445312,29489.87304688,29131.57812500,29230.11132812,29230.11132812,11656781982
2023-08-01,29230.87304688,29675.73242188,28657.02343750,29675.73242188,29675.73242188,18272392391
2023-08-02,29704.14648438,29987.99804688,28946.50976562,29151.95898438,29151.95898438,19212655598
2023-08-03,29161.81250000,29375.70703125,28959.48828125,29178.67968750,29178.67968750,12780357746
2023-08-04,29174.38281250,29302.07812500,28885.33593750,29074.09179688,29074.09179688,12036639988
2023-08-05,29075.38867188,29102.46484375,28957.79687500,29042.12695312,29042.12695312,6598366353
2023-08-06,29043.70117188,29160.82226562,28963.83398438,29041.85546875,29041.85546875,7269806994
2023-08-07,29038.51367188,29244.28125000,28724.14062500,29180.57812500,29180.57812500,13618163710
2023-08-08,29180.01953125,30176.79687500,29113.81445312,29765.49218750,29765.49218750,17570561357
2023-08-09,29766.69531250,30093.43554688,29376.80078125,29561.49414062,29561.49414062,18379521213
2023-08-10,29563.97265625,29688.56445312,29354.44726562,29429.59179688,29429.59179688,11865344789
2023-08-11,29424.90234375,29517.77343750,29253.51757812,29397.71484375,29397.71484375,10195168197
2023-08-12,29399.78710938,29465.11328125,29357.58789062,29415.96484375,29415.96484375,6194358008
2023-08-13,29416.59375000,29441.43359375,29265.80664062,29282.91406250,29282.91406250,7329897180
2023-08-14,29283.26367188,29660.25390625,29124.10546875,29408.44335938,29408.44335938,14013695304
2023-08-15,29408.04882812,29439.12109375,29088.85351562,29170.34765625,29170.34765625,12640195779
2023-08-16,29169.07421875,29221.97656250,28701.77929688,28701.77929688,28701.77929688,14949271904
2023-08-17,28699.80273438,28745.94726562,25409.11132812,26664.55078125,26664.55078125,31120851211
2023-08-18,26636.07812500,26808.19531250,25668.92187500,26049.55664062,26049.55664062,24026236529
2023-08-19,26047.83203125,26249.44921875,25802.40820312,26096.20507812,26096.20507812,10631443812
2023-08-20,26096.86132812,26260.68164062,26004.31445312,26189.58398438,26189.58398438,9036580420
2023-08-21,26188.69140625,26220.20117188,25846.08789062,26124.14062500,26124.14062500,13371557893
2023-08-22,26130.74804688,26135.50781250,25520.72851562,26031.65625000,26031.65625000,14503820706
2023-08-23,26040.47460938,26786.89843750,25804.99804688,26431.64062500,26431.64062500,16985265785
2023-08-24,26431.51953125,26554.91015625,25914.92578125,26162.37304688,26162.37304688,12871532023
2023-08-25,26163.67968750,26248.10351562,25786.81250000,26047.66796875,26047.66796875,12406045118
2023-08-26,26047.23437500,26107.38476562,25983.87890625,26008.46289062,26008.46289062,6034817316
2023-08-27,26008.24218750,26165.37304688,25965.09765625,26089.69335938,26089.69335938,6913768611
2023-08-28,26089.61523438,26198.57812500,25880.59960938,26106.15039062,26106.15039062,11002805166
2023-08-29,26102.48632812,28089.33789062,25912.62890625,27727.39257812,27727.39257812,29368391712
2023-08-30,27726.08398438,27760.16015625,27069.20703125,27297.26562500,27297.26562500,16343655235
2023-08-31,27301.92968750,27456.07812500,25752.92968750,25931.47265625,25931.47265625,20181001451
2023-09-01,25934.02148438,26125.86914062,25362.60937500,25800.72460938,25800.72460938,17202862221
2023-09-02,25800.91015625,25970.28515625,25753.09375000,25868.79882812,25868.79882812,10100387473
2023-09-03,25869.47265625,26087.14843750,25817.03125000,25969.56640625,25969.56640625,8962524523
2023-09-04,25968.16992188,26081.52539062,25657.02539062,25812.41601562,25812.41601562,10680635106
2023-09-05,25814.95703125,25858.37500000,25589.98828125,25779.98242188,25779.98242188,11094740040
2023-09-06,25783.93164062,25953.01562500,25404.35937500,25753.23632812,25753.23632812,12752705327
2023-09-07,25748.31250000,26409.30273438,25608.20117188,26240.19531250,26240.19531250,11088307100
2023-09-08,26245.20898438,26414.00585938,25677.48046875,25905.65429688,25905.65429688,10817356400
2023-09-09,25905.42578125,25921.97656250,25810.49414062,25895.67773438,25895.67773438,5481314132
2023-09-10,25895.21093750,25978.13085938,25640.26171875,25832.22656250,25832.22656250,7899553047
2023-09-11,25831.71484375,25883.94726562,24930.29687500,25162.65429688,25162.65429688,14600006467
2023-09-12,25160.65820312,26451.93945312,25133.07812500,25833.34375000,25833.34375000,18657279324
2023-09-13,25837.55468750,26376.11328125,25781.12304688,26228.32421875,26228.32421875,13072077070
2023-09-14,26228.27734375,26774.62304688,26171.45117188,26539.67382812,26539.67382812,13811359124
2023-09-15,26533.81835938,26840.49804688,26240.70117188,26608.69335938,26608.69335938,11479735788
2023-09-16,26606.19921875,26754.76953125,26473.89062500,26568.28125000,26568.28125000,7402031417
2023-09-17,26567.92773438,26617.99804688,26445.07421875,26534.18750000,26534.18750000,6774210670
2023-09-18,26532.99414062,27414.73437500,26415.51562500,26754.28125000,26754.28125000,15615339655
2023-09-19,26760.85156250,27488.76367188,26681.60546875,27211.11718750,27211.11718750,13807690550
2023-09-20,27210.22851562,27379.50585938,26864.08203125,27132.00781250,27132.00781250,13281116604
2023-09-21,27129.83984375,27152.93945312,26389.30078125,26567.63281250,26567.63281250,13371443708
2023-09-22,26564.05664062,26726.07812500,26495.53320312,26579.56835938,26579.56835938,10578746709
2023-09-23,26578.55664062,26634.18554688,26520.51953125,26579.39062500,26579.39062500,7404700301
2023-09-24,26579.37304688,26716.05859375,26221.05078125,26256.82617188,26256.82617188,8192867686
2023-09-25,26253.77539062,26421.50781250,26011.46875000,26298.48046875,26298.48046875,11997833257
2023-09-26,26294.75781250,26389.88476562,26090.71289062,26217.25000000,26217.25000000,9985498161
2023-09-27,26209.49804688,26817.84179688,26111.46484375,26352.71679688,26352.71679688,11718380997
2023-09-28,26355.81250000,27259.50000000,26327.32226562,27021.54687500,27021.54687500,14079002707
2023-09-29,27024.84179688,27225.93750000,26721.76367188,26911.72070312,26911.72070312,10396435377
2023-09-30,26911.68945312,27091.79492188,26888.96875000,26967.91601562,26967.91601562,5331172801
2023-10-01,26967.39648438,28047.23828125,26965.09375000,27983.75000000,27983.75000000,9503917434
2023-10-02,27976.79882812,28494.45898438,27347.78710938,27530.78515625,27530.78515625,19793041322
2023-10-03,27508.25195312,27667.19140625,27216.00195312,27429.97851562,27429.97851562,11407814187
2023-10-04,27429.07421875,27826.65820312,27248.10546875,27799.39453125,27799.39453125,11143355314
2023-10-05,27798.64648438,28091.86132812,27375.60156250,27415.91210938,27415.91210938,11877253670
2023-10-06,27412.12304688,28252.53710938,27215.55273438,27946.59765625,27946.59765625,13492391599
2023-10-07,27946.78125000,28028.09179688,27870.42382812,27968.83984375,27968.83984375,6553044316
2023-10-08,27971.67773438,28102.16992188,27740.66210938,27935.08984375,27935.08984375,7916875290
2023-10-09,27934.47265625,27989.47070312,27302.56250000,27583.67773438,27583.67773438,12007668568
2023-10-10,27589.20117188,27715.84765625,27301.65429688,27391.01953125,27391.01953125,9973350678
2023-10-11,27392.07617188,27474.11523438,26561.09960938,26873.32031250,26873.32031250,13648094333
2023-10-12,26873.29296875,26921.43945312,26558.32031250,26756.79882812,26756.79882812,9392909295
2023-10-13,26752.87890625,27092.69726562,26686.32226562,26862.37500000,26862.37500000,15165312851
2023-10-14,26866.20312500,26969.00000000,26814.58593750,26861.70703125,26861.70703125,5388116782
2023-10-15,26858.01171875,27289.16992188,26817.89453125,27159.65234375,27159.65234375,7098201980
2023-10-16,27162.62890625,29448.13867188,27130.47265625,28519.46679688,28519.46679688,27833876539
2023-10-17,28522.09765625,28618.75195312,28110.18554688,28415.74804688,28415.74804688,14872527508
2023-10-18,28413.53125000,28889.00976562,28174.25195312,28328.34179688,28328.34179688,12724128586
2023-10-19,28332.41601562,28892.47460938,28177.98828125,28719.80664062,28719.80664062,14448058195
2023-10-20,28732.81250000,30104.08593750,28601.66992188,29682.94921875,29682.94921875,21536125230
2023-10-21,29683.38085938,30287.48242188,29481.75195312,29918.41210938,29918.41210938,11541146996
2023-10-22,29918.65429688,30199.43359375,29720.31250000,29993.89648438,29993.89648438,10446520040
2023-10-23,30140.68554688,34370.43750000,30097.82812500,33086.23437500,33086.23437500,38363572311
2023-10-24,33077.30468750,35150.43359375,32880.76171875,33901.52734375,33901.52734375,44934999645
2023-10-25,33916.04296875,35133.75781250,33709.10937500,34502.82031250,34502.82031250,25254318008
2023-10-26,34504.28906250,34832.91015625,33762.32421875,34156.64843750,34156.64843750,19427195376
2023-10-27,34156.50000000,34238.21093750,33416.88671875,33909.80078125,33909.80078125,16418032871
2023-10-28,33907.72265625,34399.39062500,33874.80468750,34089.57421875,34089.57421875,10160330825
2023-10-29,34089.37109375,34743.26171875,33947.56640625,34538.48046875,34538.48046875,11160323986
2023-10-30,34531.74218750,34843.93359375,34110.97265625,34502.36328125,34502.36328125,17184860315
2023-10-31,34500.07812500,34719.25390625,34083.30859375,34667.78125000,34667.78125000,15758270810
2023-11-01,34657.27343750,35527.92968750,34170.69140625,35437.25390625,35437.25390625,22446272005
2023-11-02,35441.57812500,35919.84375000,34401.57421875,34938.24218750,34938.24218750,20998158544
2023-11-03,34942.47265625,34942.47265625,34133.44140625,34732.32421875,34732.32421875,17158456701
2023-11-04,34736.32421875,35256.03125000,34616.69140625,35082.19531250,35082.19531250,9561294264
2023-11-05,35090.01171875,35340.33984375,34594.24218750,35049.35546875,35049.35546875,12412743996
2023-11-06,35044.78906250,35286.02734375,34765.36328125,35037.37109375,35037.37109375,12693436420
2023-11-07,35047.79296875,35892.41796875,34545.81640625,35443.56250000,35443.56250000,18834737789
2023-11-08,35419.47656250,35994.41796875,35147.80078125,35655.27734375,35655.27734375,17295394918
2023-11-09,35633.63281250,37926.25781250,35592.10156250,36693.12500000,36693.12500000,37762672382
2023-11-10,36702.25000000,37493.80078125,36362.75390625,37313.96875000,37313.96875000,22711265155
2023-11-11,37310.07031250,37407.09375000,36773.66796875,37138.05078125,37138.05078125,13924272142
2023-11-12,37133.99218750,37227.69140625,36779.11718750,37054.51953125,37054.51953125,11545715999
2023-11-13,37070.30468750,37405.11718750,36399.60546875,36502.35546875,36502.35546875,19057712790
2023-11-14,36491.78906250,36753.35156250,34948.50000000,35537.64062500,35537.64062500,23857403554
2023-11-15,35548.11328125,37964.89453125,35383.78125000,37880.58203125,37880.58203125,27365821679
2023-11-16,37879.98046875,37934.62500000,35545.47265625,36154.76953125,36154.76953125,26007385366
2023-11-17,36164.82421875,36704.48437500,35901.23437500,36596.68359375,36596.68359375,22445028430
2023-11-18,36625.37109375,36839.28125000,36233.31250000,36585.70312500,36585.70312500,11886022717
2023-11-19,36585.76562500,37509.35546875,36414.59765625,37386.54687500,37386.54687500,12915986553
2023-11-20,37374.07421875,37756.82031250,36882.53125000,37476.95703125,37476.95703125,20888209068
2023-11-21,37469.16015625,37631.14062500,35813.81250000,35813.81250000,35813.81250000,25172163756
2023-11-22,35756.55468750,37856.98046875,35670.97265625,37432.33984375,37432.33984375,24397247860
2023-11-23,37420.43359375,37643.91796875,36923.86328125,37289.62109375,37289.62109375,14214948217
2023-11-24,37296.31640625,38415.33984375,37261.60546875,37720.28125000,37720.28125000,22922957823
2023-11-25,37721.41406250,37892.42968750,37617.41796875,37796.79296875,37796.79296875,9099571165
2023-11-26,37796.82812500,37820.30078125,37162.75000000,37479.12109375,37479.12109375,13744796068
2023-11-27,37454.19140625,37559.35546875,36750.12890625,37254.16796875,37254.16796875,19002925720
2023-11-28,37247.99218750,38368.48046875,36891.08984375,37831.08593750,37831.08593750,21696137014
2023-11-29,37826.10546875,38366.11328125,37612.63281250,37858.49218750,37858.49218750,20728546658
2023-11-30,37861.11718750,38141.75390625,37531.14062500,37712.74609375,37712.74609375,18115982627
2023-12-01,37718.00781250,38954.10937500,37629.35937500,38688.75000000,38688.75000000,23512784002
2023-12-02,38689.27734375,39678.93750000,38652.59375000,39476.33203125,39476.33203125,15534035612
2023-12-03,39472.20703125,40135.60546875,39298.16406250,39978.39062500,39978.39062500,15769696322
2023-12-04,39978.62890625,42371.75000000,39978.62890625,41980.09765625,41980.09765625,39856129827
2023-12-05,41986.26562500,44408.66406250,41421.14843750,44080.64843750,44080.64843750,36312154535
2023-12-06,44080.02343750,44265.76953125,43478.08203125,43746.44531250,43746.44531250,29909761586
2023-12-07,43769.13281250,44042.58984375,42880.64843750,43292.66406250,43292.66406250,27635760671
2023-12-08,43293.13671875,44705.51562500,43125.29687500,44166.60156250,44166.60156250,24421116687
2023-12-09,44180.01953125,44361.25781250,43627.59765625,43725.98437500,43725.98437500,17368210171
2023-12-10,43728.38281250,44034.62500000,43593.28515625,43779.69921875,43779.69921875,13000481418
2023-12-11,43792.01953125,43808.37500000,40234.57812500,41243.83203125,41243.83203125,40632672038
2023-12-12,41238.73437500,42048.30468750,40667.56250000,41450.22265625,41450.22265625,24779520132
2023-12-13,41468.46484375,43429.78125000,40676.86718750,42890.74218750,42890.74218750,26797884674
2023-12-14,42884.26171875,43390.85937500,41767.08984375,43023.97265625,43023.97265625,25578530178
2023-12-15,43028.25000000,43087.82421875,41692.96875000,41929.75781250,41929.75781250,19639442462
2023-12-16,41937.74218750,42664.94531250,41723.11328125,42240.11718750,42240.11718750,14386729590
2023-12-17,42236.10937500,42359.49609375,41274.54296875,41364.66406250,41364.66406250,16678702876
2023-12-18,41348.20312500,42720.29687500,40530.25781250,42623.53906250,42623.53906250,25224642008
2023-12-19,42641.51171875,43354.29687500,41826.33593750,42270.52734375,42270.52734375,23171001281
2023-12-20,42261.30078125,44275.58593750,42223.81640625,43652.25000000,43652.25000000,27868908174
2023-12-21,43648.12500000,44240.66796875,43330.05078125,43869.15234375,43869.15234375,22452766169
2023-12-22,43868.98828125,44367.95703125,43441.96875000,43997.90234375,43997.90234375,21028503216
2023-12-23,44012.19921875,44015.69921875,43351.35546875,43739.54296875,43739.54296875,13507796558
2023-12-24,43728.36718750,43945.52343750,42786.91796875,43016.11718750,43016.11718750,18830554085
2023-12-25,43010.57421875,43765.09375000,42765.76953125,43613.14062500,43613.14062500,21115795370
2023-12-26,43599.84765625,43603.17578125,41676.48828125,42520.40234375,42520.40234375,30026850982
2023-12-27,42518.46875000,43683.16015625,42167.58203125,43442.85546875,43442.85546875,25260941032
2023-12-28,43468.19921875,43804.78125000,42318.55078125,42627.85546875,42627.85546875,22992093014
2023-12-29,42614.64453125,43124.32421875,41424.06250000,42099.40234375,42099.40234375,26000021055
2023-12-30,42091.75390625,42584.12500000,41556.22656250,42156.90234375,42156.90234375,16013925945
2023-12-31,42152.09765625,42860.93750000,41998.25390625,42265.18750000,42265.18750000,16397498810
2024-01-01,42280.23437500,44175.43750000,42214.97656250,44167.33203125,44167.33203125,18426978443
2024-01-02,44187.14062500,45899.70703125,44176.94921875,44957.96875000,44957.96875000,39335274536
2024-01-03,44961.60156250,45503.24218750,40813.53515625,42848.17578125,42848.17578125,46342323118
2024-01-04,42855.81640625,44770.02343750,42675.17578125,44179.92187500,44179.92187500,30448091210
2024-01-05,44192.98046875,44353.28515625,42784.71875000,44162.69140625,44162.69140625,32336029347
2024-01-06,44178.95312500,44227.63281250,43475.15625000,43989.19531250,43989.19531250,16092503468
2024-01-07,43998.46484375,44495.57031250,43662.23046875,43943.09765625,43943.09765625,19330573863
2024-01-08,43948.70703125,47218.00000000,43244.08203125,46970.50390625,46970.50390625,42746192015
2024-01-09,46987.64062500,47893.69921875,45244.71484375,46139.73046875,46139.73046875,39821290992
2024-01-10,46121.53906250,47647.22265625,44483.15234375,46627.77734375,46627.77734375,50114613298
2024-01-11,46656.07421875,48969.37109375,45678.64453125,46368.58593750,46368.58593750,45833734549
2024-01-12,46354.79296875,46498.13671875,41903.76953125,42853.16796875,42853.16796875,43332698900
2024-01-13,42799.44531250,43234.66015625,42464.14453125,42842.38281250,42842.38281250,20601860469
2024-01-14,42842.26171875,43065.59765625,41724.61328125,41796.26953125,41796.26953125,17521429522
2024-01-15,41715.06640625,43319.72265625,41705.41796875,42511.96875000,42511.96875000,22320220558
2024-01-16,42499.33593750,43566.27343750,42085.99609375,43154.94531250,43154.94531250,24062872740
2024-01-17,43132.10156250,43189.89062500,42189.30859375,42742.65234375,42742.65234375,20851232595
2024-01-18,42742.31250000,42876.34765625,40631.17187500,41262.05859375,41262.05859375,25218357242
2024-01-19,41278.46093750,42134.16015625,40297.45703125,41618.40625000,41618.40625000,25752407154
2024-01-20,41624.58984375,41877.89453125,41446.82421875,41665.58593750,41665.58593750,11586690904
2024-01-21,41671.48828125,41855.36718750,41497.00781250,41545.78515625,41545.78515625,9344043642
2024-01-22,41553.65234375,41651.20703125,39450.11718750,39507.36718750,39507.36718750,31338708143
2024-01-23,39518.71484375,40127.35156250,38521.89453125,39845.55078125,39845.55078125,29244553045
2024-01-24,39877.59375000,40483.78515625,39508.79687500,40077.07421875,40077.07421875,22359526178
2024-01-25,40075.55078125,40254.48046875,39545.66406250,39933.80859375,39933.80859375,18491782013
2024-01-26,39936.81640625,42209.38671875,39825.69140625,41816.87109375,41816.87109375,25598119893
2024-01-27,41815.62500000,42195.63281250,41431.28125000,42120.05468750,42120.05468750,11422941934
2024-01-28,42126.12500000,42797.17578125,41696.91015625,42035.59375000,42035.59375000,16858971687
2024-01-29,42030.91406250,43305.86718750,41818.33203125,43288.24609375,43288.24609375,20668476578
2024-01-30,43300.22656250,43838.94531250,42711.37109375,42952.60937500,42952.60937500,23842814518
2024-01-31,42946.25000000,43717.40625000,42298.94531250,42582.60546875,42582.60546875,24673628793
2024-02-01,42569.76171875,43243.16796875,41879.19140625,43075.77343750,43075.77343750,21423953779
2024-02-02,43077.64062500,43422.48828125,42584.33593750,43185.85937500,43185.85937500,18603843039
2024-02-03,43184.96484375,43359.94140625,42890.80859375,42992.25000000,42992.25000000,11169245236
2024-02-04,42994.94140625,43097.64453125,42374.83203125,42583.58203125,42583.58203125,14802225490
2024-02-05,42577.62109375,43494.25000000,42264.81640625,42658.66796875,42658.66796875,18715487317
2024-02-06,42657.39062500,43344.14843750,42529.01953125,43084.67187500,43084.67187500,16798476726
2024-02-07,43090.01953125,44341.94921875,42775.95703125,44318.22265625,44318.22265625,21126587775
2024-02-08,44332.12500000,45575.83984375,44332.12500000,45301.56640625,45301.56640625,26154524080
2024-02-09,45297.38281250,48152.49609375,45260.82421875,47147.19921875,47147.19921875,39316770844
2024-02-10,47153.52734375,48146.17187500,46905.32031250,47771.27734375,47771.27734375,16398681570
2024-02-11,47768.96875000,48535.93750000,47617.40625000,48293.91796875,48293.91796875,19315867136
2024-02-12,48296.38671875,50280.47656250,47745.76171875,49958.22265625,49958.22265625,34511985805
2024-02-13,49941.35937500,50358.39062500,48406.49609375,49742.44140625,49742.44140625,35593051468
2024-02-14,49733.44531250,52021.37109375,49296.83203125,51826.69531250,51826.69531250,39105608050
2024-02-15,51836.78515625,52820.06640625,51371.62890625,51938.55468750,51938.55468750,38564360533
2024-02-16,51937.72656250,52537.96875000,51641.36718750,52160.20312500,52160.20312500,28180567298
2024-02-17,52161.67578125,52191.91406250,50669.66796875,51662.99609375,51662.99609375,20009091006
2024-02-18,51661.96875000,52356.96484375,51233.70703125,52122.54687500,52122.54687500,17595377311
2024-02-19,52134.81250000,52483.32421875,51711.82031250,51779.14453125,51779.14453125,21362184346
2024-02-20,51777.72656250,52945.05078125,50792.31250000,52284.87500000,52284.87500000,33353758256
2024-02-21,52273.53515625,52368.81640625,50671.75781250,51839.17968750,51839.17968750,28624907020
2024-02-22,51854.64453125,52009.61328125,50926.29296875,51304.97265625,51304.97265625,25413900611
2024-02-23,51283.90625000,51497.93359375,50561.77734375,50731.94921875,50731.94921875,21427078270
2024-02-24,50736.37109375,51684.19531250,50585.44531250,51571.10156250,51571.10156250,15174077879
2024-02-25,51565.21484375,51950.02734375,51306.17187500,51733.23828125,51733.23828125,15413239245
2024-02-26,51730.53906250,54938.17578125,50931.03125000,54522.40234375,54522.40234375,34074411896
2024-02-27,54519.36328125,57537.83984375,54484.19921875,57085.37109375,57085.37109375,49756832031
2024-02-28,57071.09765625,63913.13281250,56738.42578125,62504.78906250,62504.78906250,83239156760
2024-02-29,62499.18359375,63585.64453125,60498.73046875,61198.38281250,61198.38281250,65496611844
2024-03-01,61168.06250000,63155.10156250,60802.52734375,62440.63281250,62440.63281250,40186368423
2024-03-02,62431.65234375,62458.69921875,61657.28906250,62029.84765625,62029.84765625,23888473685
2024-03-03,62031.57812500,63230.21093750,61435.02343750,63167.37109375,63167.37109375,26253811450
2024-03-04,63137.00390625,68537.03125000,62386.51953125,68330.41406250,68330.41406250,70670471105
2024-03-05,68341.05468750,69170.62500000,59323.91015625,63801.19921875,63801.19921875,102802940877
2024-03-06,63776.05078125,67637.92968750,62848.67187500,66106.80468750,66106.80468750,68750229073
2024-03-07,66099.74218750,68029.92187500,65655.53125000,66925.48437500,66925.48437500,46989543159
2024-03-08,66938.09375000,70083.05468750,66230.45312500,68300.09375000,68300.09375000,59202881172
2024-03-09,68299.25781250,68673.05468750,68053.12500000,68498.88281250,68498.88281250,21609650379
2024-03-10,68500.25781250,70005.20312500,68239.97656250,69019.78906250,69019.78906250,35683977532
2024-03-11,69020.54687500,72850.71093750,67194.88281250,72123.90625000,72123.90625000,65716656765
2024-03-12,72125.12500000,72825.65625000,68728.85156250,71481.28906250,71481.28906250,62554434520
2024-03-13,71482.11718750,73637.47656250,71334.09375000,73083.50000000,73083.50000000,48212536929
2024-03-14,73079.37500000,73750.07031250,68563.02343750,71396.59375000,71396.59375000,59594605698
2024-03-15,71387.87500000,72357.13281250,65630.69531250,69403.77343750,69403.77343750,78320453976
2024-03-16,69392.48437500,70046.27343750,64801.39453125,65315.11718750,65315.11718750,46842198371
2024-03-17,65316.34375000,68845.71875000,64545.31640625,68390.62500000,68390.62500000,44716864318
2024-03-18,68371.30468750,68897.13281250,66594.22656250,67548.59375000,67548.59375000,49261579492
2024-03-19,67556.13281250,68106.92968750,61536.17968750,61912.77343750,61912.77343750,74215844794
2024-03-20,61930.15625000,68115.25781250,60807.78515625,67913.67187500,67913.67187500,66792634382
2024-03-21,67911.58593750,68199.99218750,64580.91796875,65491.39062500,65491.39062500,44480350565
2024-03-22,65489.92968750,66623.75000000,62355.37109375,63778.76171875,63778.76171875,41401116964
2024-03-23,63802.72265625,65976.39843750,63038.49218750,64062.20312500,64062.20312500,24738964812
2024-03-24,64070.75390625,67622.75781250,63825.85156250,67234.17187500,67234.17187500,27206630673
2024-03-25,67234.09375000,71162.59375000,66414.83593750,69958.81250000,69958.81250000,42700139523
2024-03-26,69931.32812500,71535.74218750,69335.60937500,69987.83593750,69987.83593750,36010437368
2024-03-27,69991.89843750,71727.68750000,68381.92968750,69455.34375000,69455.34375000,40827113309
2024-03-28,69452.77343750,71546.02343750,68895.50781250,70744.95312500,70744.95312500,34374900617
2024-03-29,70744.79687500,70913.09375000,69076.65625000,69892.82812500,69892.82812500,25230851763
2024-03-30,69893.44531250,70355.49218750,69601.06250000,69645.30468750,69645.30468750,17130241883
2024-03-31,69647.78125000,71377.78125000,69624.86718750,71333.64843750,71333.64843750,20050941373
2024-04-01,71333.48437500,71342.09375000,68110.69531250,69702.14843750,69702.14843750,34873527352
2024-04-02,69705.02343750,69708.38281250,64586.59375000,65446.97265625,65446.97265625,50705240709
2024-04-03,65446.67187500,66914.32031250,64559.89843750,65980.81250000,65980.81250000,34488018367
2024-04-04,65975.69531250,69291.25781250,65113.79687500,68508.84375000,68508.84375000,34439527442
2024-04-05,68515.75781250,68725.75781250,66011.47656250,67837.64062500,67837.64062500,33748230056
2024-04-06,67840.57031250,69629.60156250,67491.71875000,68896.10937500,68896.10937500,19967785809
2024-04-07,68897.10937500,70284.42968750,68851.63281250,69362.55468750,69362.55468750,21204930369
2024-04-08,69362.55468750,72715.35937500,69064.24218750,71631.35937500,71631.35937500,37261432669
2024-04-09,71632.50000000,71742.50781250,68212.92187500,69139.01562500,69139.01562500,36426900409
2024-04-10,69140.24218750,71093.42968750,67503.56250000,70587.88281250,70587.88281250,38318601774
2024-04-11,70575.73437500,71256.23437500,69571.81250000,70060.60937500,70060.60937500,30153382941
2024-04-12,70061.38281250,71222.74218750,65254.83593750,67195.86718750,67195.86718750,44129299406
2024-04-13,67188.37500000,67931.42968750,60919.10546875,63821.47265625,63821.47265625,52869738185
2024-04-14,63836.23046875,65824.42968750,62205.85156250,65738.72656250,65738.72656250,49084320047
2024-04-15,65739.64843750,66878.64843750,62332.07031250,63426.21093750,63426.21093750,43595917654
2024-04-16,63419.29687500,64355.66796875,61716.40234375,63811.86328125,63811.86328125,42847528078
2024-04-17,63831.84765625,64486.36328125,59768.58593750,61276.69140625,61276.69140625,41915247049
2024-04-18,61275.31640625,64125.68750000,60833.48046875,63512.75390625,63512.75390625,36006307335
2024-04-19,63510.75000000,65481.59765625,59651.39062500,63843.57031250,63843.57031250,49920425401
2024-04-20,63851.10156250,65442.45703125,63172.40234375,64994.44140625,64994.44140625,23097485495
2024-04-21,64992.81640625,65723.24218750,64277.72265625,64926.64453125,64926.64453125,20506644853
2024-04-22,64935.63281250,67233.96093750,64548.17968750,66837.67968750,66837.67968750,28282686673
2024-04-23,66839.89062500,67199.24218750,65864.86718750,66407.27343750,66407.27343750,24310975583
2024-04-24,66408.71875000,67075.36718750,63589.87109375,64276.89843750,64276.89843750,30276655120
2024-04-25,64275.01953125,65275.20703125,62783.63281250,64481.70703125,64481.70703125,32155786816
2024-04-26,64485.37109375,64789.65625000,63322.39843750,63755.32031250,63755.32031250,24139372950
2024-04-27,63750.98828125,63898.36328125,62424.71875000,63419.14062500,63419.14062500,19530783039
2024-04-28,63423.51562500,64321.48437500,62793.59765625,63113.23046875,63113.23046875,17334827993
2024-04-29,63106.36328125,64174.87890625,61795.45703125,63841.12109375,63841.12109375,26635912073
2024-04-30,63839.41796875,64703.33203125,59120.06640625,60636.85546875,60636.85546875,37840840057
2024-05-01,60609.49609375,60780.50000000,56555.29296875,58254.01171875,58254.01171875,48439780271
2024-05-02,58253.70312500,59602.29687500,56937.20312500,59123.43359375,59123.43359375,32711813559
2024-05-03,59122.30078125,63320.50390625,58848.31250000,62889.83593750,62889.83593750,33172023048
2024-05-04,62891.03125000,64494.95703125,62599.35156250,63891.47265625,63891.47265625,20620477992
2024-05-05,63892.45312500,64610.89062500,62955.30468750,64031.13281250,64031.13281250,18296164805
2024-05-06,64038.31250000,65494.90234375,62746.23828125,63161.94921875,63161.94921875,28697928697
2024-05-07,63162.76171875,64390.45703125,62285.98046875,62334.81640625,62334.81640625,25930730982
2024-05-08,62332.64062500,62986.08593750,60877.12890625,61187.94140625,61187.94140625,26088172222
2024-05-09,61191.19921875,63404.91406250,60648.07421875,63049.96093750,63049.96093750,25453338161
2024-05-10,63055.19140625,63446.74218750,60208.78125000,60792.77734375,60792.77734375,27804954694
2024-05-11,60793.35546875,61451.15234375,60492.62500000,60793.71093750,60793.71093750,13842272968
2024-05-12,60793.50390625,61818.15625000,60632.60156250,61448.39453125,61448.39453125,13800459405
2024-05-13,61451.21875000,63422.66015625,60769.83984375,62901.44921875,62901.44921875,27889181179
2024-05-14,62900.77343750,63092.12500000,61123.76562500,61552.78906250,61552.78906250,28186271527
2024-05-15,61553.98828125,66454.45312500,61330.41015625,66267.49218750,66267.49218750,39815167074
2024-05-16,66256.10937500,66712.42968750,64613.05468750,65231.58203125,65231.58203125,31573077994
2024-05-17,65231.29687500,67459.46093750,65119.31640625,67051.87500000,67051.87500000,28031279310
2024-05-18,67066.21093750,67387.32812500,66663.50000000,66940.80468750,66940.80468750,16712277406
2024-05-19,66937.92968750,67694.29687500,65937.17968750,66278.36718750,66278.36718750,19249094538
2024-05-20,66278.74218750,71483.56250000,66086.17187500,71448.19531250,71448.19531250,43850655717
2024-05-21,71443.06250000,71946.46093750,69191.12500000,70136.53125000,70136.53125000,46932005990
2024-05-22,70135.32031250,70623.69531250,68977.69531250,69122.33593750,69122.33593750,32802561717
2024-05-23,69121.30468750,70041.27343750,66356.95312500,67929.56250000,67929.56250000,41895680979
2024-05-24,67928.13281250,69220.29687500,66622.67187500,68526.10156250,68526.10156250,29197308153
2024-05-25,68526.92187500,69579.32031250,68515.82031250,69265.94531250,69265.94531250,15473071741
2024-05-26,69264.28906250,69506.22656250,68183.89062500,68518.09375000,68518.09375000,15628433737
2024-05-27,68512.17968750,70597.88281250,68232.50000000,69394.55468750,69394.55468750,25870990717
2024-05-28,69392.19531250,69514.64062500,67227.15625000,68296.21875000,68296.21875000,32722265965
2024-05-29,68296.35156250,68852.46093750,67101.49218750,67578.09375000,67578.09375000,26707072906
2024-05-30,67576.08593750,69500.53906250,67118.07812500,68364.99218750,68364.99218750,29509712534
2024-05-31,68362.51562500,68999.56250000,66633.42187500,67491.41406250,67491.41406250,27387283769
2024-06-01,67489.60937500,67839.76562500,67386.19531250,67706.93750000,67706.93750000,11641495604
2024-06-02,67710.27343750,68409.16406250,67315.52343750,67751.60156250,67751.60156250,17110588415
2024-06-03,67753.89843750,70230.82031250,67589.83593750,68804.78125000,68804.78125000,32401285324
2024-06-04,68804.57031250,71047.40625000,68564.64062500,70567.76562500,70567.76562500,33149696545
2024-06-05,70568.35156250,71735.41406250,70390.71093750,71082.82031250,71082.82031250,32810771409
2024-06-06,71082.84375000,71625.73437500,70119.12500000,70757.16406250,70757.16406250,25223152007
2024-06-07,70759.18750000,71907.85156250,68507.25781250,69342.58593750,69342.58593750,36188381096
2024-06-08,69324.17968750,69533.32031250,69210.74218750,69305.77343750,69305.77343750,14262185861
2024-06-09,69297.49218750,69817.52343750,69160.84375000,69647.99218750,69647.99218750,13534028500
2024-06-10,69644.31250000,70146.07031250,69232.42187500,69512.28125000,69512.28125000,20597699541
2024-06-11,69508.07812500,69549.41406250,66123.60156250,67332.03125000,67332.03125000,37116136345
2024-06-12,67321.37500000,69977.89062500,66902.45312500,68241.18750000,68241.18750000,34497940694
2024-06-13,68243.10156250,68365.78125000,66304.56250000,66756.39843750,66756.39843750,28955204146
2024-06-14,66747.57031250,67294.64843750,65056.89453125,66011.09375000,66011.09375000,27403884779
2024-06-15,66006.74218750,66402.18750000,65871.77343750,66191.00000000,66191.00000000,14121265576
2024-06-16,66189.35937500,66894.84375000,66018.25000000,66639.04687500,66639.04687500,13281140541
2024-06-17,66636.51562500,67188.32031250,65094.96484375,66490.29687500,66490.29687500,30006354476
2024-06-18,66490.97656250,66556.70312500,64066.95703125,65140.74609375,65140.74609375,39481285950
2024-06-19,65146.66015625,65695.35156250,64693.30078125,64960.29687500,64960.29687500,21103423504
2024-06-20,64960.29687500,66438.96093750,64547.84765625,64828.65625000,64828.65625000,25641109124
2024-06-21,64837.98828125,65007.54687500,63378.89453125,64096.19921875,64096.19921875,26188171739
2024-06-22,64113.86328125,64475.46875000,63929.75781250,64252.57812500,64252.57812500,9858198793
2024-06-23,64248.96484375,64491.70312500,63180.79687500,63180.79687500,63180.79687500,11170471802
2024-06-24,63173.35156250,63292.52734375,58601.69921875,60277.41406250,60277.41406250,43152133651
2024-06-25,60266.28125000,62258.26171875,60239.75000000,61804.64062500,61804.64062500,29201215431
2024-06-26,61789.67578125,62434.13671875,60695.18750000,60811.27734375,60811.27734375,22506003064
2024-06-27,60811.22656250,62293.86328125,60585.33203125,61604.80078125,61604.80078125,21231745045
2024-06-28,61612.80468750,62126.09765625,59985.40234375,60320.13671875,60320.13671875,24952866877
2024-06-29,60319.87500000,61097.62109375,60300.96484375,60887.37890625,60887.37890625,12652903396
2024-06-30,60888.44531250,62892.82812500,60632.94921875,62678.29296875,62678.29296875,17333226409
2024-07-01,62673.60546875,63777.22656250,62495.51171875,62851.98046875,62851.98046875,25468379421
2024-07-02,62844.41015625,63203.35937500,61752.74609375,62029.01562500,62029.01562500,20151616992
2024-07-03,62034.33203125,62187.70312500,59419.38671875,60173.92187500,60173.92187500,29756701685
2024-07-04,60147.13671875,60399.67578125,56777.80468750,56977.70312500,56977.70312500,41149609230
2024-07-05,57022.80859375,57497.15234375,53717.37500000,56662.37500000,56662.37500000,55417544033
2024-07-06,56659.07421875,58472.54687500,56038.96093750,58303.53906250,58303.53906250,20610320577
2024-07-07,58239.42968750,58371.12109375,55793.32421875,55849.10937500,55849.10937500,20553359505
2024-07-08,55849.57421875,58131.33593750,54321.01953125,56705.09765625,56705.09765625,39766159899
2024-07-09,56704.59765625,58239.19531250,56316.87500000,58009.22656250,58009.22656250,27849512607
2024-07-10,58033.88281250,59359.43359375,57178.41406250,57742.49609375,57742.49609375,26175260526
2024-07-11,57729.89062500,59299.43359375,57120.37890625,57344.91406250,57344.91406250,28707803842
2024-07-12,57341.19531250,58532.55468750,56590.17578125,57899.46484375,57899.46484375,25604805221
2024-07-13,57908.73828125,59787.07812500,57796.44140625,59231.95312500,59231.95312500,17080061806
2024-07-14,59225.25000000,61329.52734375,59225.25000000,60787.79296875,60787.79296875,22223416061
2024-07-15,60815.45703125,64870.15234375,60704.92968750,64870.15234375,64870.15234375,38094526099
2024-07-16,64784.41796875,65354.33984375,62487.96875000,65097.14843750,65097.14843750,41617346768
2024-07-17,65091.83203125,66066.73437500,63896.08593750,64118.79296875,64118.79296875,32525071311
2024-07-18,64104.73828125,65104.66015625,63246.16406250,63974.06640625,63974.06640625,27239305337
2024-07-19,63972.32421875,67442.64062500,63329.34375000,66710.15625000,66710.15625000,37003855410
2024-07-20,66709.92187500,67610.73437500,66299.61718750,67163.64843750,67163.64843750,19029581250
2024-07-21,67164.91406250,68372.90625000,65842.29687500,68154.52343750,68154.52343750,26652190004
2024-07-22,68152.97656250,68480.06250000,66611.29687500,67585.25000000,67585.25000000,42649109453
2024-07-23,67584.80468750,67779.01562500,65484.46093750,65927.67187500,65927.67187500,35605668666
2024-07-24,65927.85937500,67113.98437500,65146.99609375,65372.13281250,65372.13281250,27470942309
2024-07-25,65375.87500000,66112.42187500,63473.47265625,65777.22656250,65777.22656250,38315761670
2024-07-26,65771.81250000,68207.60156250,65743.76562500,67912.06250000,67912.06250000,30488630457
2024-07-27,67911.81250000,69398.50781250,66705.21875000,67813.33593750,67813.33593750,34691905492
2024-07-28,67808.65625000,68301.85156250,67085.82812500,68255.86718750,68255.86718750,18043166945
2024-07-29,68259.05468750,69987.53906250,66532.59375000,66819.91406250,66819.91406250,40780682628
2024-07-30,66819.05468750,66987.67187500,65323.19140625,66201.01562500,66201.01562500,31380492109
2024-07-31,66201.27343750,66810.21093750,64532.04687500,64619.25000000,64619.25000000,31292785994
2024-08-01,64625.83984375,65593.24218750,62248.94140625,65357.50000000,65357.50000000,40975554494
2024-08-02,65353.50000000,65523.22265625,61184.89453125,61415.06640625,61415.06640625,43060875727
2024-08-03,61414.80859375,62148.37109375,59836.52734375,60680.09375000,60680.09375000,31753030589
2024-08-04,60676.09375000,61062.98828125,57210.80468750,58116.97656250,58116.97656250,31758917219
2024-08-05,58110.29687500,58268.82812500,49121.23828125,53991.45703125,53991.45703125,108991085584
2024-08-06,53991.34765625,57059.91796875,53973.27343750,56034.31640625,56034.31640625,49300484106
2024-08-07,56040.63281250,57726.88281250,54620.50781250,55027.46093750,55027.46093750,41637562185
2024-08-08,55030.02734375,62673.76562500,54766.72656250,61710.13671875,61710.13671875,45298472567
2024-08-09,61728.20703125,61751.86328125,59587.85937500,60880.11328125,60880.11328125,33425553115
2024-08-10,60881.23046875,61464.51171875,60287.56640625,60945.81250000,60945.81250000,15745822278
2024-08-11,60944.89062500,61778.66015625,58348.82421875,58719.48437500,58719.48437500,22759754812
2024-08-12,58719.39453125,60680.33203125,57688.89843750,59354.51562500,59354.51562500,37078637820
2024-08-13,59356.20703125,61572.39843750,58506.25390625,60609.56640625,60609.56640625,30327698167
2024-08-14,60611.05078125,61687.75781250,58472.87500000,58737.26953125,58737.26953125,29961696180
2024-08-15,58733.26171875,59838.64843750,56161.59375000,57560.09765625,57560.09765625,35682112440
2024-08-16,57560.27343750,59847.35937500,57110.01953125,58894.10546875,58894.10546875,29350938673
2024-08-17,58893.53125000,59694.66796875,58814.83203125,59478.97265625,59478.97265625,13589684021
2024-08-18,59468.13281250,60262.71875000,58445.40234375,58483.96484375,58483.96484375,17740625837
2024-08-19,58480.71093750,59612.66015625,57864.71093750,59493.45312500,59493.45312500,25911207712
2024-08-20,59493.45312500,61396.32812500,58610.88281250,59012.79296875,59012.79296875,31613400008
2024-08-21,59014.98828125,61834.35156250,58823.44531250,61175.19140625,61175.19140625,32731154072
2024-08-22,61168.31640625,61408.10937500,59815.25390625,60381.91406250,60381.91406250,27625734377
2024-08-23,60380.95312500,64947.06250000,60372.05078125,64094.35546875,64094.35546875,42530509233
2024-08-24,64103.87109375,64513.78906250,63619.91796875,64178.99218750,64178.99218750,21430585163
2024-08-25,64176.36718750,64996.42187500,63833.51953125,64333.54296875,64333.54296875,18827683555
2024-08-26,64342.22656250,64489.70703125,62849.55859375,62880.66015625,62880.66015625,27682040631
2024-08-27,62879.70703125,63210.79687500,58116.75000000,59504.13281250,59504.13281250,39103882198
2024-08-28,59507.92578125,60236.44921875,57890.67578125,59027.62500000,59027.62500000,40289564698
2024-08-29,59027.46875000,61184.08203125,58786.22656250,59388.17968750,59388.17968750,32224990582
2024-08-30,59388.60156250,59896.88671875,57768.53125000,59119.47656250,59119.47656250,32292756405
2024-08-31,59117.48046875,59432.59375000,58768.78515625,58969.89843750,58969.89843750,12403470760
2024-09-01,58969.80078125,59062.07031250,57217.82421875,57325.48828125,57325.48828125,24592449997
2024-09-02,57326.96875000,59403.07031250,57136.02734375,59112.48046875,59112.48046875,27036454524
2024-09-03,59106.19140625,59815.05859375,57425.16796875,57431.02343750,57431.02343750,26666961053
2024-09-04,57430.34765625,58511.57031250,55673.16406250,57971.53906250,57971.53906250,35627680312
2024-09-05,57971.70312500,58300.58203125,55712.45312500,56160.48828125,56160.48828125,31030280656
2024-09-06,56160.19140625,56976.10937500,52598.69921875,53948.75390625,53948.75390625,49361693566
2024-09-07,53949.08593750,54838.14453125,53740.07031250,54139.68750000,54139.68750000,19061486526
2024-09-08,54147.93359375,55300.85937500,53653.75781250,54841.56640625,54841.56640625,18268287531
2024-09-09,54851.88671875,58041.12500000,54598.43359375,57019.53515625,57019.53515625,34618096173
2024-09-10,57020.09765625,58029.97656250,56419.41406250,57648.71093750,57648.71093750,28857630507
2024-09-11,57650.28906250,57991.32031250,55567.33984375,57343.17187500,57343.17187500,37049062672
2024-09-12,57343.17187500,58534.35937500,57330.10156250,58127.01171875,58127.01171875,33835707949
2024-09-13,58130.32421875,60648.02343750,57650.11328125,60571.30078125,60571.30078125,32490528356
2024-09-14,60569.11718750,60656.72265625,59517.88281250,60005.12109375,60005.12109375,16428405496
2024-09-15,60000.72656250,60381.91796875,58696.30859375,59182.83593750,59182.83593750,18120960867
2024-09-16,59185.22656250,59205.51171875,57501.33984375,58192.50781250,58192.50781250,32032822113
2024-09-17,58192.50781250,61316.08984375,57628.07031250,60308.53906250,60308.53906250,38075570118
2024-09-18,60309.00000000,61664.06640625,59218.25390625,61649.67968750,61649.67968750,40990702891
2024-09-19,61651.15625000,63872.44140625,61609.86718750,62940.45703125,62940.45703125,42710252573
2024-09-20,62941.42578125,64119.53125000,62364.60546875,63192.97656250,63192.97656250,35177164222
2024-09-21,63184.33984375,63543.35937500,62783.10546875,63394.83984375,63394.83984375,14408616220
2024-09-22,63396.80468750,63993.42187500,62440.72656250,63648.71093750,63648.71093750,20183348802
2024-09-23,63643.10156250,64733.55859375,62628.07812500,63329.80078125,63329.80078125,31400285425
2024-09-24,63326.83984375,64695.21484375,62737.41796875,64301.96875000,64301.96875000,29938335243
2024-09-25,64302.58984375,64804.50390625,62945.37500000,63143.14453125,63143.14453125,25078377700
2024-09-26,63138.54687500,65790.79687500,62669.26953125,65181.01953125,65181.01953125,36873129847
2024-09-27,65180.66406250,66480.69531250,64852.99218750,65790.66406250,65790.66406250,32058813449
2024-09-28,65792.17968750,66255.53125000,65458.03515625,65887.64843750,65887.64843750,15243637984
2024-09-29,65888.89843750,66069.34375000,65450.01562500,65635.30468750,65635.30468750,14788214575
2024-09-30,65634.65625000,65635.05468750,62873.61718750,63329.50000000,63329.50000000,37112957475
2024-10-01,63335.60546875,64110.98046875,60189.27734375,60837.00781250,60837.00781250,50220923500
2024-10-02,60836.32421875,62357.68750000,59996.94921875,60632.78515625,60632.78515625,40762722398
2024-10-03,60632.48437500,61469.03906250,59878.80468750,60759.40234375,60759.40234375,36106447279
2024-10-04,60754.62500000,62465.99218750,60459.94140625,62067.47656250,62067.47656250,29585472513
2024-10-05,62067.60937500,62371.02343750,61689.58203125,62089.94921875,62089.94921875,13305410749
2024-10-06,62084.98828125,62959.57031250,61833.14843750,62818.95312500,62818.95312500,14776233667
2024-10-07,62819.10937500,64443.70703125,62152.55078125,62236.66015625,62236.66015625,34253562610
2024-10-08,62221.64453125,63174.30468750,61843.56250000,62131.96875000,62131.96875000,28134475157
2024-10-09,62131.72656250,62508.83593750,60314.61328125,60582.10156250,60582.10156250,27670982363
2024-10-10,60581.92968750,61236.72265625,58895.20703125,60274.50000000,60274.50000000,30452813570
2024-10-11,60275.46093750,63400.87109375,60046.12500000,62445.08984375,62445.08984375,30327141594
2024-10-12,62444.61718750,63448.78515625,62443.26953125,63193.02343750,63193.02343750,16744110886
2024-10-13,63192.94531250,63272.65234375,62035.63671875,62851.37500000,62851.37500000,18177529690
2024-10-14,62848.39843750,66482.49218750,62442.15234375,66046.12500000,66046.12500000,43706958056
2024-10-15,66050.36718750,67881.67968750,64809.19531250,67041.10937500,67041.10937500,48863870879
2024-10-16,67042.46093750,68375.28906250,66758.72656250,67612.71875000,67612.71875000,38195189534
2024-10-17,67617.07812500,67912.21093750,66647.39062500,67399.83593750,67399.83593750,32790898511
2024-10-18,67419.10937500,68969.75000000,67177.82031250,68418.78906250,68418.78906250,36857165014
2024-10-19,68418.97656250,68668.00781250,68024.64062500,68362.73437500,68362.73437500,14443497908
2024-10-20,68364.17968750,69359.00781250,68105.71875000,69001.70312500,69001.70312500,18975847518
2024-10-21,69002.00000000,69462.73437500,66829.85156250,67367.85156250,67367.85156250,37498611780
2024-10-22,67360.70312500,67801.57812500,66581.36718750,67361.40625000,67361.40625000,31808472566
2024-10-23,67362.37500000,67402.74218750,65188.03515625,66432.19531250,66432.19531250,32263980353
2024-10-24,66653.70312500,68798.96093750,66454.10156250,68161.05468750,68161.05468750,31414428647
2024-10-25,68165.29687500,68722.15625000,65521.79296875,66642.41406250,66642.41406250,41469984306
2024-10-26,66628.73437500,67317.92187500,66360.59375000,67014.69531250,67014.69531250,19588098156
2024-10-27,67023.47656250,68221.31250000,66847.22656250,67929.29687500,67929.29687500,16721307878
2024-10-28,67922.67187500,70212.26562500,67535.13281250,69907.75781250,69907.75781250,38799856657
2024-10-29,69910.04687500,73577.21093750,69729.91406250,72720.49218750,72720.49218750,58541874402
2024-10-30,72715.36718750,72905.29687500,71411.73437500,72339.53906250,72339.53906250,40646637831
2024-10-31,72335.04687500,72662.31250000,69590.50000000,70215.18750000,70215.18750000,40627912076
2024-11-01,70216.89843750,71559.01562500,68779.70312500,69482.46875000,69482.46875000,49989795365
2024-11-02,69486.02343750,69867.35156250,69033.71875000,69289.27343750,69289.27343750,18184612091
2024-11-03,69296.38281250,69361.65625000,67482.52343750,68741.11718750,68741.11718750,34868307655
2024-11-04,68742.13281250,69433.17968750,66803.64843750,67811.50781250,67811.50781250,41184819348
2024-11-05,67811.17187500,70522.78906250,67458.86718750,69359.56250000,69359.56250000,46046889204
2024-11-06,69358.50000000,76460.15625000,69322.03125000,75639.07812500,75639.07812500,118592653963
2024-11-07,75637.08593750,76943.11718750,74480.42187500,75904.85937500,75904.85937500,63467654989
2024-11-08,75902.83593750,77252.75000000,75648.74218750,76545.47656250,76545.47656250,55176858003
2024-11-09,76556.18750000,76932.76562500,75773.78906250,76778.86718750,76778.86718750,29009480361
2024-11-10,76775.54687500,81474.42187500,76565.42968750,80474.18750000,80474.18750000,82570594495
2024-11-11,80471.41406250,89604.50000000,80283.25000000,88701.48437500,88701.48437500,117966845037
2024-11-12,88705.56250000,89956.88281250,85155.10937500,87955.81250000,87955.81250000,133673285375
2024-11-13,87929.96875000,93434.35156250,86256.92968750,90584.16406250,90584.16406250,123559027869
2024-11-14,90574.88281250,91765.21875000,86682.81250000,87250.42968750,87250.42968750,87616705248
2024-11-15,87284.17968750,91868.74218750,87124.89843750,91066.00781250,91066.00781250,78243109518
2024-11-16,91064.36718750,91763.94531250,90094.22656250,90558.47656250,90558.47656250,44333192814
2024-11-17,90558.46093750,91433.03906250,88741.66406250,89845.85156250,89845.85156250,46350159305
2024-11-18,89843.71875000,92596.78906250,89393.59375000,90542.64062500,90542.64062500,75535775084
2024-11-19,90536.81250000,94002.86718750,90426.98437500,92343.78906250,92343.78906250,74521048295
2024-11-20,92341.89062500,94902.02343750,91619.50000000,94339.49218750,94339.49218750,71730956426
2024-11-21,94334.64062500,99014.21875000,94132.60156250,98504.72656250,98504.72656250,106024505582
2024-11-22,98496.42968750,99655.50000000,97222.66406250,98997.66406250,98997.66406250,78473580551
2024-11-23,99006.74218750,99014.67968750,97232.89062500,97777.28125000,97777.28125000,44414644677
2024-11-24,97778.09375000,98647.17968750,95788.07812500,98013.82031250,98013.82031250,51712020623
2024-11-25,98033.44531250,98935.03125000,92642.91406250,93102.29687500,93102.29687500,80909462490
2024-11-26,93087.28125000,94991.75000000,90770.81250000,91985.32031250,91985.32031250,91656519855
2024-11-27,91978.14062500,97361.17968750,91778.66406250,95962.53125000,95962.53125000,71133452438
2024-11-28,95954.94531250,96650.20312500,94677.35156250,95652.46875000,95652.46875000,52260008261
2024-11-29,95653.95312500,98693.17187500,95407.88281250,97461.52343750,97461.52343750,54968682476
2024-11-30,97468.81250000,97499.34375000,96144.21875000,96449.05468750,96449.05468750,31634227866
2024-12-01,96461.33593750,97888.12500000,95770.18750000,97279.78906250,97279.78906250,36590695296
2024-12-02,97276.00781250,98152.60156250,94482.86718750,95865.30468750,95865.30468750,72680784305
2024-12-03,95854.59375000,96297.20312500,93629.56250000,96002.16406250,96002.16406250,67067810961
2024-12-04,95988.53125000,99207.32812500,94660.52343750,98768.53125000,98768.53125000,77199817112
2024-12-05,98741.53906250,103900.46875000,91998.78125000,96593.57031250,96593.57031250,149218945580
2024-12-06,97074.22656250,102039.88281250,96514.87500000,99920.71093750,99920.71093750,94534772658
2024-12-07,99916.71093750,100563.38281250,99030.88281250,99923.33593750,99923.33593750,44177510897
2024-12-08,99921.91406250,101399.99218750,98771.51562500,101236.01562500,101236.01562500,44125751925
2024-12-09,101237.06250000,101272.50781250,94355.91406250,97432.71875000,97432.71875000,110676473908
2024-12-10,97441.23437500,98270.15625000,94321.25781250,96675.42968750,96675.42968750,104823780634
2024-12-11,96656.06250000,101913.35937500,95747.22656250,101173.03125000,101173.03125000,85391409936
2024-12-12,101167.80468750,102524.91406250,99339.95312500,100043.00000000,100043.00000000,72073983533
2024-12-13,100046.64843750,101888.80468750,99233.28125000,101459.25781250,101459.25781250,56894751583
2024-12-14,101451.43750000,102618.88281250,100634.05468750,101372.96875000,101372.96875000,40422968793
2024-12-15,101373.53125000,105047.53906250,101227.03125000,104298.69531250,104298.69531250,51145914137
2024-12-16,104293.57812500,107780.57812500,103322.98437500,106029.71875000,106029.71875000,91020417816
2024-12-17,106030.68750000,108268.44531250,105291.73437500,106140.60156250,106140.60156250,68589364868
2024-12-18,106147.29687500,106470.60937500,100041.53906250,100041.53906250,100041.53906250,93865656139
2024-12-19,100070.68750000,102748.14843750,95587.67968750,97490.95312500,97490.95312500,97221662392
2024-12-20,97484.69531250,98098.91406250,92175.17968750,97755.92968750,97755.92968750,105634083408
2024-12-21,97756.19531250,99507.10156250,96426.52343750,97224.72656250,97224.72656250,51765334294
2024-12-22,97218.32031250,97360.26562500,94202.18750000,95104.93750000,95104.93750000,43147981314
2024-12-23,95099.39062500,96416.21093750,92403.13281250,94686.24218750,94686.24218750,65239002919
2024-12-24,94684.34375000,99404.06250000,93448.01562500,98676.09375000,98676.09375000,47114953674
2024-12-25,98675.91406250,99478.75000000,97593.46875000,99299.19531250,99299.19531250,33700394629
2024-12-26,99297.69531250,99884.57031250,95137.88281250,95795.51562500,95795.51562500,47054980873
2024-12-27,95704.97656250,97294.84375000,93310.74218750,94164.85937500,94164.85937500,52419934565
2024-12-28,94160.18750000,95525.89843750,94014.28906250,95163.92968750,95163.92968750,24107436185
2024-12-29,95174.05468750,95174.87500000,92881.78906250,93530.22656250,93530.22656250,29635885267
2024-12-30,93527.19531250,94903.32031250,91317.13281250,92643.21093750,92643.21093750,56188003691
2024-12-31,92643.25000000,96090.60156250,91914.03125000,93429.20312500,93429.20312500,43625106843
2025-01-01,93425.10156250,94929.86718750,92788.12500000,94419.75781250,94419.75781250,24519888919
2025-01-02,94416.28906250,97739.82031250,94201.57031250,96886.87500000,96886.87500000,46009564411
2025-01-03,96881.72656250,98956.91406250,96034.61718750,98107.42968750,98107.42968750,35611391163
2025-01-04,98106.99218750,98734.42968750,97562.97656250,98236.22656250,98236.22656250,22342608078
2025-01-05,98233.90625000,98813.30468750,97291.76562500,98314.96093750,98314.96093750,20525254825
2025-01-06,98314.95312500,102482.87500000,97926.14843750,102078.08593750,102078.08593750,51823432705
2025-01-07,102248.85156250,102712.48437500,96132.87500000,96922.70312500,96922.70312500,58685738547
2025-01-08,96924.16406250,97258.32031250,92525.84375000,95043.52343750,95043.52343750,63875859171
2025-01-09,95043.48437500,95349.71875000,91220.84375000,92484.03906250,92484.03906250,62777261693
2025-01-10,92494.49218750,95770.60937500,92250.09375000,94701.45312500,94701.45312500,62058693684
2025-01-11,94700.83593750,94977.68750000,93840.04687500,94566.59375000,94566.59375000,18860894100
2025-01-12,94565.72656250,95367.53906250,93712.50781250,94488.43750000,94488.43750000,20885130965
2025-01-13,94488.89062500,95837.00000000,89260.10156250,94516.52343750,94516.52343750,72978998252
2025-01-14,94519.00781250,97352.66406250,94322.15625000,96534.04687500,96534.04687500,53769675818
2025-01-15,96534.04687500,100697.23437500,96501.64062500,100504.49218750,100504.49218750,57805923627
2025-01-16,100505.29687500,100781.58593750,97364.44531250,99756.90625000,99756.90625000,54103781805
2025-01-17,100025.76562500,105884.22656250,99948.90625000,104462.03906250,104462.03906250,71888972663
2025-01-18,104124.95312500,104913.20312500,102226.61718750,104408.07031250,104408.07031250,50445655726
2025-01-19,104411.28906250,106299.79687500,99570.53125000,101089.60937500,101089.60937500,76789928525
2025-01-20,101083.75000000,109114.88281250,99471.35937500,102016.66406250,102016.66406250,126279678351
2025-01-21,102052.57812500,107180.92187500,100103.95312500,106146.26562500,106146.26562500,88733878242
2025-01-22,106136.38281250,106294.34375000,103360.26562500,103653.07031250,103653.07031250,53878181052
2025-01-23,103657.67187500,106820.32812500,101257.80468750,103960.17187500,103960.17187500,104104515428
2025-01-24,103965.67187500,107098.54687500,102772.12500000,104819.48437500,104819.48437500,52388229265
2025-01-25,104824.03125000,105243.78906250,104120.37500000,104714.64843750,104714.64843750,23888996502
2025-01-26,104713.21093750,105438.64843750,102507.71093750,102682.50000000,102682.50000000,22543395879
2025-01-27,102680.30468750,103214.10937500,97795.93750000,102087.68750000,102087.68750000,89006608428
2025-01-28,102095.41406250,103730.82031250,100238.18750000,101332.47656250,101332.47656250,47180685494
2025-01-29,101317.52343750,104750.80468750,101283.82031250,103703.21093750,103703.21093750,47432049818
2025-01-30,103709.33593750,106418.76562500,103321.64843750,104735.30468750,104735.30468750,41915744521
2025-01-31,104737.56250000,106026.35156250,101543.88281250,102405.02343750,102405.02343750,45732764360
2025-02-01,102402.79687500,102755.72656250,100297.71093750,100655.90625000,100655.90625000,27757944848
2025-02-02,100661.53906250,101430.66406250,96216.07812500,97688.97656250,97688.97656250,63091816853
2025-02-03,97681.10156250,102514.17187500,91242.89062500,101405.42187500,101405.42187500,115400897748
2025-02-04,101398.71875000,101745.61718750,96208.10937500,97871.82031250,97871.82031250,73002130211
2025-02-05,97878.00781250,99113.21093750,96174.82812500,96615.44531250,96615.44531250,49125911241
2025-02-06,96610.64062500,99168.60937500,95707.35156250,96593.29687500,96593.29687500,45302471947
2025-02-07,96581.32031250,100154.14062500,95653.88281250,96529.08593750,96529.08593750,55741290456
2025-02-08,96533.25781250,96877.80468750,95702.49218750,96482.45312500,96482.45312500,22447526395
2025-02-09,96481.31250000,97325.28125000,94745.25781250,96500.09375000,96500.09375000,27732901800
2025-02-10,96499.46093750,98333.21875000,95320.84375000,97437.55468750,97437.55468750,40078962391
2025-02-11,97438.13281250,98492.89843750,94875.03906250,95747.42968750,95747.42968750,37488783272
2025-02-12,95745.69531250,98151.02343750,94101.20312500,97885.85937500,97885.85937500,49340445530
2025-02-13,97888.75000000,98111.08593750,95269.71093750,96623.86718750,96623.86718750,37147280860
2025-02-14,96623.36718750,98819.46875000,96342.80468750,97508.96875000,97508.96875000,32697987277
2025-02-15,97508.38281250,97975.03906250,97240.19531250,97580.35156250,97580.35156250,17047266288
2025-02-16,97580.49218750,97725.59375000,96060.97656250,96175.03125000,96175.03125000,16536755396
2025-02-17,96179.00781250,97032.23437500,95243.54687500,95773.38281250,95773.38281250,27336550690
2025-02-18,95773.81250000,96695.37500000,93388.83593750,95539.54687500,95539.54687500,37325720482
2025-02-19,95532.53125000,96855.59375000,95011.96875000,96635.60937500,96635.60937500,28990872862
2025-02-20,96632.67968750,98767.19531250,96442.67187500,98333.93750000,98333.93750000,31668022771
2025-02-21,98340.67187500,99497.96875000,94852.96093750,96125.54687500,96125.54687500,49608706470
2025-02-22,96134.20312500,96950.15625000,95765.34375000,96577.75781250,96577.75781250,18353824477
2025-02-23,96577.80468750,96671.87500000,95270.45312500,96273.92187500,96273.92187500,16999478976
2025-02-24,96277.96093750,96503.45312500,91371.74218750,91418.17187500,91418.17187500,44046480529
2025-02-25,91437.11718750,92511.07812500,86008.23437500,88736.17187500,88736.17187500,92139104128
2025-02-26,88638.89062500,89286.25000000,82131.89843750,84347.02343750,84347.02343750,64597492134
2025-02-27,84076.85937500,87000.78125000,83144.96093750,84704.22656250,84704.22656250,52659591954
2025-02-28,84705.62500000,85036.32031250,78248.91406250,84373.00781250,84373.00781250,83610570576
2025-03-01,84373.86718750,86522.30468750,83794.23437500,86031.91406250,86031.91406250,29190628396
2025-03-02,86036.25781250,95043.43750000,85040.21093750,94248.35156250,94248.35156250,58398341092
2025-03-03,94248.42187500,94429.75000000,85081.30468750,86065.67187500,86065.67187500,70072228536
2025-03-04,86064.07031250,88911.27343750,81529.24218750,87222.19531250,87222.19531250,68095241474
2025-03-05,87222.95312500,90998.24218750,86379.77343750,90623.56250000,90623.56250000,50498988027
2025-03-06,90622.35937500,92804.93750000,87852.14062500,89961.72656250,89961.72656250,47749810486
2025-03-07,89963.28125000,91191.04687500,84717.67968750,86742.67187500,86742.67187500,65945677657
2025-03-08,86742.65625000,86847.26562500,85247.48437500,86154.59375000,86154.59375000,18206118081
2025-03-09,86154.30468750,86471.13281250,80052.48437500,80601.03906250,80601.03906250,30899345977
2025-03-10,80597.14843750,83955.92968750,77420.59375000,78532.00000000,78532.00000000,54061099422
2025-03-11,78523.87500000,83577.75781250,76624.25000000,82862.21093750,82862.21093750,54702837196
2025-03-12,82857.37500000,84358.57812500,80635.25000000,83722.35937500,83722.35937500,40353484454
2025-03-13,83724.92187500,84301.69531250,79931.85156250,81066.70312500,81066.70312500,31412940153
2025-03-14,81066.99218750,85263.28906250,80797.56250000,83969.10156250,83969.10156250,29588112414
2025-03-15,83968.40625000,84672.67187500,83639.59375000,84343.10937500,84343.10937500,13650491277
2025-03-16,84333.32031250,85051.60156250,82017.90625000,82579.68750000,82579.68750000,21330270174
2025-03-17,82576.33593750,84725.32812500,82492.15625000,84075.68750000,84075.68750000,25092785558
2025-03-18,84075.71875000,84075.71875000,81179.99218750,82718.50000000,82718.50000000,24095774594
2025-03-19,82718.80468750,87021.18750000,82569.72656250,86854.22656250,86854.22656250,34931960257
2025-03-20,86872.95312500,87443.26562500,83647.19531250,84167.19531250,84167.19531250,29028988961
2025-03-21,84164.53906250,84782.27343750,83171.07031250,84043.24218750,84043.24218750,19030452299
2025-03-22,84046.25781250,84513.87500000,83674.78125000,83832.48437500,83832.48437500,9863214091
2025-03-23,83831.89843750,86094.78125000,83794.91406250,86054.37500000,86054.37500000,12594615537
2025-03-24,86070.92968750,88758.72656250,85541.19531250,87498.91406250,87498.91406250,34582604933
2025-03-25,87512.82031250,88542.39843750,86346.07812500,87471.70312500,87471.70312500,30005840049
2025-03-26,87460.23437500,88292.15625000,85861.45312500,86900.88281250,86900.88281250,26704046038
2025-03-27,86896.25781250,87786.72656250,85837.93750000,87177.10156250,87177.10156250,24413471941
2025-03-28,87185.23437500,87489.85937500,83557.64062500,84353.14843750,84353.14843750,34198619509
2025-03-29,84352.07031250,84567.33593750,81634.14062500,82597.58593750,82597.58593750,16969396135
2025-03-30,82596.98437500,83505.00000000,81573.25000000,82334.52343750,82334.52343750,14763760943
2025-03-31,82336.06250000,83870.12500000,81293.89062500,82548.91406250,82548.91406250,29004228247
2025-04-01,82551.92187500,85487.36718750,82429.35937500,85169.17187500,85169.17187500,28175650319
2025-04-02,85180.60937500,88466.95312500,82343.53906250,82485.71093750,82485.71093750,47584398470
2025-04-03,82487.47656250,83909.29687500,81282.10156250,83102.82812500,83102.82812500,36852112080
2025-04-04,83100.25000000,84696.14843750,81670.75000000,83843.80468750,83843.80468750,45157640207
2025-04-05,83844.70312500,84207.01562500,82377.73437500,83504.79687500,83504.79687500,14380803631
2025-04-06,83504.50781250,83704.71875000,77097.74218750,78214.48437500,78214.48437500,36294853736
2025-04-07,78221.33593750,81119.06250000,74436.67968750,79235.33593750,79235.33593750,91262424987
2025-04-08,79218.47656250,80823.89062500,76198.02343750,76271.95312500,76271.95312500,48314590749
2025-04-09,76273.56250000,83541.00000000,74589.67187500,82573.95312500,82573.95312500,84213627038
2025-04-10,82565.97656250,82700.92968750,78456.13281250,79626.14062500,79626.14062500,44718000633
2025-04-11,79625.04687500,84247.47656250,78936.32031250,83404.83593750,83404.83593750,41656778779
2025-04-12,83404.51562500,85856.18750000,82769.37500000,85287.10937500,85287.10937500,24258059104
2025-04-13,85279.46875000,86015.18750000,83027.00781250,83684.97656250,83684.97656250,28796984817
2025-04-14,83694.52343750,85785.00000000,83690.64062500,84542.39062500,84542.39062500,34090769777
2025-04-15,84539.69531250,86429.35156250,83598.82031250,83668.99218750,83668.99218750,28040322885
2025-04-16,83674.50781250,85428.28125000,83100.61718750,84033.86718750,84033.86718750,29617804112
2025-04-17,84030.67187500,85449.07031250,83749.75000000,84895.75000000,84895.75000000,21276866029
2025-04-18,84900.18750000,85095.04687500,84298.88281250,84450.80468750,84450.80468750,12728372364
2025-04-19,84450.86718750,85597.70312500,84353.46093750,85063.41406250,85063.41406250,15259300427
2025-04-20,85066.07031250,85306.38281250,83976.84375000,85174.30468750,85174.30468750,14664050812
2025-04-21,85171.53906250,88460.09375000,85143.83593750,87518.90625000,87518.90625000,41396190190
2025-04-22,87521.87500000,93817.38281250,87084.53125000,93441.89062500,93441.89062500,55899038456
2025-04-23,93427.58593750,94535.73437500,91962.96093750,93699.10937500,93699.10937500,41719568821
2025-04-24,93692.39843750,94016.19531250,91696.71093750,93943.79687500,93943.79687500,31483175315
2025-04-25,93954.25000000,95768.39062500,92898.59375000,94720.50000000,94720.50000000,40915232364
2025-04-26,94714.64843750,95251.35937500,93927.25000000,94646.92968750,94646.92968750,17612825123
2025-04-27,94660.90625000,95301.20312500,93665.39843750,93754.84375000,93754.84375000,18090367764
2025-04-28,93755.30468750,95598.49218750,92860.80468750,94978.75000000,94978.75000000,32363449569
2025-04-29,94981.85937500,95485.41406250,93796.63281250,94284.78906250,94284.78906250,25806129921
2025-04-30,94286.46875000,95249.32031250,92979.64062500,94207.31250000,94207.31250000,28344679831
2025-05-01,94212.85937500,97437.96093750,94153.63281250,96492.33593750,96492.33593750,32875889623
2025-05-02,96494.96875000,97905.89843750,96375.94531250,96910.07031250,96910.07031250,26421924677
2025-05-03,96904.63281250,96943.88281250,95821.28906250,95891.79687500,95891.79687500,15775154889
2025-05-04,95877.18750000,96318.92187500,94173.42968750,94315.97656250,94315.97656250,18198688416
2025-05-05,94319.56250000,95193.18750000,93566.26562500,94748.05468750,94748.05468750,25816260327
2025-05-06,94748.38281250,96889.17968750,93399.85937500,96802.47656250,96802.47656250,26551275827
2025-05-07,96800.19531250,97625.80468750,95829.33593750,97032.32031250,97032.32031250,76983822462
2025-05-08,97034.25000000,103969.53906250,96913.87500000,103241.46093750,103241.46093750,69895404397
2025-05-09,103239.12500000,104297.49218750,102343.09375000,102970.85156250,102970.85156250,58198593958
2025-05-10,102973.71093750,104961.76562500,102830.48437500,104696.32812500,104696.32812500,42276713994
2025-05-11,104701.07031250,104937.99218750,103364.74218750,104106.35937500,104106.35937500,46285517406
2025-05-12,104106.96093750,105747.45312500,100814.40625000,102812.95312500,102812.95312500,63250475404
2025-05-13,102812.49218750,104997.42187500,101515.09375000,104169.81250000,104169.81250000,52608876410
2025-05-14,104167.32812500,104303.56250000,102618.29687500,103539.41406250,103539.41406250,45956071155
2025-05-15,103538.82812500,104153.61718750,101440.81250000,103744.64062500,103744.64062500,50408241840
2025-05-16,103735.65625000,104533.48437500,103137.47656250,103489.28906250,103489.28906250,44386499364
2025-05-17,103489.28906250,103716.94531250,102659.17968750,103191.08593750,103191.08593750,37898552742
2025-05-18,103186.95312500,106597.17187500,103142.60156250,106446.00781250,106446.00781250,49887082058
2025-05-19,106430.53125000,107068.71875000,102112.68750000,105606.17968750,105606.17968750,61761126647
2025-05-20,105605.40625000,107307.11718750,104206.51562500,106791.08593750,106791.08593750,36515726122
2025-05-21,106791.31250000,110724.46093750,106127.23437500,109678.07812500,109678.07812500,78086364051
2025-05-22,109673.49218750,111970.17187500,109285.07031250,111673.28125000,111673.28125000,70157575642
2025-05-23,111679.35937500,111798.90625000,106841.30468750,107287.79687500,107287.79687500,67548133399
2025-05-24,107278.50781250,109454.52343750,106895.28906250,107791.15625000,107791.15625000,45903627163
2025-05-25,107802.27343750,109313.30468750,106683.37500000,109035.39062500,109035.39062500,47518041841
2025-05-26,109023.78125000,110376.88281250,108735.64062500,109440.36718750,109440.36718750,45950461571
2025-05-27,109440.40625000,110744.21093750,107609.55468750,108994.64062500,108994.64062500,57450176272
2025-05-28,108992.17187500,109298.28906250,106812.92968750,107802.32812500,107802.32812500,49155377493
2025-05-29,107795.57031250,108910.04687500,105374.39843750,105641.75781250,105641.75781250,56022752042
2025-05-30,105646.21093750,106308.94531250,103685.78906250,103998.57031250,103998.57031250,57655287183
2025-05-31,103994.71875000,104927.10156250,103136.11718750,104638.09375000,104638.09375000,38997843858
2025-06-01,104637.29687500,105884.54687500,103826.95312500,105652.10156250,105652.10156250,37397056873
2025-06-02,105649.81250000,105958.31250000,103727.54687500,105881.53125000,105881.53125000,45819706290
2025-06-03,105888.47656250,106813.57812500,104920.84375000,105432.46875000,105432.46875000,46196508367
2025-06-04,105434.36718750,105997.69531250,104232.70312500,104731.98437500,104731.98437500,44544857105
2025-06-05,104750.78125000,105936.68750000,100436.88281250,101575.95312500,101575.95312500,57479298400
2025-06-06,101574.36718750,105376.77343750,101169.57031250,104390.34375000,104390.34375000,48856653697
2025-06-07,104390.64843750,105972.75781250,103987.31250000,105615.62500000,105615.62500000,38365033776
2025-06-08,105617.50781250,106497.06250000,105075.32812500,105793.64843750,105793.64843750,36626232328
2025-06-09,105793.02343750,110561.42187500,105400.23437500,110294.10156250,110294.10156250,55903193732
2025-06-10,110295.68750000,110380.12500000,108367.71093750,110257.23437500,110257.23437500,54700101509
2025-06-11,110261.79687500,110384.21875000,108086.32812500,108686.62500000,108686.62500000,50842662052
2025-06-12,108685.91406250,108780.69531250,105785.68750000,105929.05468750,105929.05468750,54843867968
2025-06-13,105924.59375000,106182.54687500,102822.02343750,106090.96875000,106090.96875000,69550440846
2025-06-14,106108.08593750,106203.75781250,104379.36718750,105472.40625000,105472.40625000,38007870453
2025-06-15,105464.84375000,106157.10156250,104519.88281250,105552.02343750,105552.02343750,36744307742
2025-06-16,105555.59375000,108915.37500000,104997.62500000,106796.75781250,106796.75781250,50366626945
2025-06-17,106794.11718750,107750.19531250,103396.53125000,104601.11718750,104601.11718750,55964092176
2025-06-18,104602.07031250,105581.85156250,103602.26562500,104883.32812500,104883.32812500,47318089133
2025-06-19,104886.77343750,105250.89062500,103940.77343750,104684.28906250,104684.28906250,37333806920
2025-06-20,104681.03125000,106539.38281250,102372.21093750,103309.60156250,103309.60156250,50951862476
2025-06-21,103315.07812500,104015.78125000,100973.06250000,102257.40625000,102257.40625000,38360555118
2025-06-22,102212.03125000,103351.63281250,98286.20312500,100987.14062500,100987.14062500,65536997201
2025-06-23,100987.47656250,106116.85937500,99705.75000000,105577.77343750,105577.77343750,65237759656
2025-06-24,105571.51562500,106316.82812500,104740.24218750,106045.63281250,106045.63281250,48822986421
2025-06-25,106047.40625000,108168.39843750,105881.39062500,107361.25781250,107361.25781250,51624120283
2025-06-26,107375.07031250,108305.54687500,106666.35156250,106960.00000000,106960.00000000,43891990613
2025-06-27,106954.92187500,107772.46875000,106449.99218750,107088.42968750,107088.42968750,45353692675
2025-06-28,107090.54687500,107567.88281250,106883.97656250,107327.70312500,107327.70312500,30037708335
2025-06-29,107327.82031250,108526.30468750,107230.10937500,108385.57031250,108385.57031250,35534874438
2025-06-30,108383.43750000,108798.78906250,106759.64843750,107135.33593750,107135.33593750,42064804590
2025-07-01,107144.38281250,107550.67968750,105270.22656250,105698.28125000,105698.28125000,44110692247
2025-07-02,105703.10156250,109763.65625000,105157.39843750,108859.32031250,108859.32031250,56248657737
2025-07-03,108845.01562500,110541.46093750,108605.79687500,109647.97656250,109647.97656250,50494742270
2025-07-04,109635.65625000,109751.98437500,107296.38281250,108034.33593750,108034.33593750,42616442656
2025-07-05,108015.83593750,108381.34375000,107842.27343750,108231.17968750,108231.17968750,30615537520
2025-07-06,108231.18750000,109731.62500000,107847.01562500,109232.07031250,109232.07031250,36746020463
2025-07-07,109235.32812500,109710.25000000,107527.05468750,108299.85156250,108299.85156250,45415696597
2025-07-08,108298.22656250,109198.96875000,107499.55468750,108950.27343750,108950.27343750,44282204127
2025-07-09,108950.27343750,111925.37500000,108357.67968750,111326.55468750,111326.55468750,57927418065
2025-07-10,111329.19531250,116608.78125000,110660.75000000,115987.20312500,115987.20312500,95911605728
2025-07-11,115986.23437500,118856.47656250,115245.68750000,117516.99218750,117516.99218750,86928361085
2025-07-12,117530.71093750,118219.89843750,116977.02343750,117435.22656250,117435.22656250,45524560304
2025-07-13,117432.20312500,119449.57031250,117265.43750000,119116.11718750,119116.11718750,49021091807
2025-07-14,119115.78906250,123091.60937500,118959.19531250,119849.70312500,119849.70312500,181746419401
2025-07-15,119853.85156250,119935.56250000,115765.68750000,117777.18750000,117777.18750000,98321661181
2025-07-16,117777.18750000,120065.51562500,117064.82031250,118738.50781250,118738.50781250,72162029070
2025-07-17,118738.50781250,120999.60937500,117508.21875000,119289.84375000,119289.84375000,72363841798
2025-07-18,119284.10937500,120851.91406250,116925.98437500,118003.22656250,118003.22656250,77945799785
2025-07-19,117998.12500000,118541.39843750,117388.41406250,117939.97656250,117939.97656250,47564562765
2025-07-20,117944.10937500,118865.03125000,116550.13281250,117300.78906250,117300.78906250,57515447231
2025-07-21,117306.46875000,119671.56250000,116584.39843750,117439.53906250,117439.53906250,69820091744
2025-07-22,117426.50000000,120269.96875000,116233.22656250,119995.41406250,119995.41406250,79217583118
2025-07-23,119997.44531250,120113.35156250,117391.39062500,118754.96093750,118754.96093750,66608604537
2025-07-24,118770.98437500,119535.45312500,117247.96875000,118368.00000000,118368.00000000,72627318560
2025-07-25,118368.00000000,118486.97656250,114759.82031250,117635.88281250,117635.88281250,104857024569
2025-07-26,117644.84375000,118335.68750000,117181.22656250,117947.36718750,117947.36718750,48508954046
2025-07-27,117944.72656250,119815.59375000,117859.68750000,119448.49218750,119448.49218750,54683390892
2025-07-28,119457.52343750,119819.78906250,117441.43750000,117924.47656250,117924.47656250,64822943193
2025-07-29,117938.58593750,119273.86718750,116987.36718750,117922.14843750,117922.14843750,68463107433
2025-07-30,117921.99218750,118780.72656250,115800.82812500,117831.18750000,117831.18750000,68896148592
2025-07-31,117833.63281250,118919.98437500,115505.21875000,115758.20312500,115758.20312500,69370346018
2025-08-01,115738.95312500,116060.77343750,112724.44531250,113320.08593750,113320.08593750,91294530181
2025-08-02,113320.39062500,114021.60156250,112005.76562500,112526.91406250,112526.91406250,56870866000
2025-08-03,112525.80468750,114747.42187500,111943.80468750,114217.67187500,114217.67187500,48099615826
2025-08-04,114223.92187500,115729.46875000,114130.40625000,115071.88281250,115071.88281250,35783028986
2025-08-05,115072.18750000,115117.43750000,112701.10937500,114141.44531250,114141.44531250,61039182286
2025-08-06,114140.91406250,115737.83593750,113372.25000000,115028.00000000,115028.00000000,56379133510
2025-08-07,115030.05468750,117676.90625000,114279.71093750,117496.89843750,117496.89843750,64051649681
2025-08-08,117505.50000000,117689.20312500,115917.46093750,116688.72656250,116688.72656250,59713005166
2025-08-09,116678.27343750,117906.60937500,116363.83593750,116500.35937500,116500.35937500,54004312429
2025-08-10,116497.71875000,119320.71093750,116485.16406250,119306.75781250,119306.75781250,64755458694
2025-08-11,119306.81250000,122321.09375000,118159.03125000,118731.44531250,118731.44531250,90528784177
2025-08-12,118717.66406250,120302.46875000,118228.71875000,120172.90625000,120172.90625000,72803657984
2025-08-13,120168.97656250,123682.45312500,118939.63281250,123344.06250000,123344.06250000,90904808795
2025-08-14,123339.39843750,124457.11718750,117254.88281250,118359.57812500,118359.57812500,104055627395
2025-08-15,118365.78125000,119332.31250000,116864.57031250,117398.35156250,117398.35156250,68665353159
2025-08-16,117398.42187500,117996.06250000,117271.95312500,117491.35156250,117491.35156250,48036922378
2025-08-17,117492.78906250,118595.77343750,117279.52343750,117453.06250000,117453.06250000,45852169525
2025-08-18,117453.90625000,117614.17187500,114723.67968750,116252.31250000,116252.31250000,72787808090
2025-08-19,116241.85937500,116764.50000000,112730.39843750,112831.17968750,112831.17968750,71657600353
2025-08-20,112828.02343750,114625.79687500,112387.96093750,114274.74218750,114274.74218750,67993811526
2025-08-21,114275.68750000,114802.64843750,111986.23437500,112419.03125000,112419.03125000,57817883700
2025-08-22,112433.73437500,117377.39843750,111678.94531250,116874.08593750,116874.08593750,82528088240
2025-08-23,116866.36718750,116996.25000000,114536.10937500,115374.32812500,115374.32812500,55377142586
2025-08-24,115387.39062500,115615.08593750,111060.54687500,113458.42968750,113458.42968750,73961489632
2025-08-25,113456.89843750,113637.84375000,109324.28125000,110124.35156250,110124.35156250,85706860190
2025-08-26,110124.10156250,112397.01562500,108762.03906250,111802.65625000,111802.65625000,69396320317
2025-08-27,111795.71093750,112619.41406250,110398.26562500,111222.06250000,111222.06250000,62137056409
2025-08-28,111219.05468750,113450.07812500,110900.92187500,112544.80468750,112544.80468750,58860155962
2025-08-29,112550.52343750,112619.05468750,107559.62500000,108410.83593750,108410.83593750,77843379644
2025-08-30,108409.40625000,108929.35156250,107444.44531250,108808.07031250,108808.07031250,51486264208
2025-08-31,108818.46093750,109491.00000000,108104.65625000,108236.71093750,108236.71093750,47986191770
2025-09-01,108228.75000000,109890.58593750,107271.17968750,109250.59375000,109250.59375000,66870372995
2025-09-02,109243.07031250,111748.01562500,108454.03125000,111200.58593750,111200.58593750,74776999491
2025-09-03,111190.69531250,112600.22656250,110582.96093750,111723.21093750,111723.21093750,61119643565
2025-09-04,111718.14843750,112208.32812500,109347.22656250,110723.60156250,110723.60156250,60131132901
2025-09-05,110723.01562500,113357.49218750,110233.39843750,110650.98437500,110650.98437500,60241647677
2025-09-06,110650.57031250,111275.01562500,110024.08593750,110224.69531250,110224.69531250,21500719036
2025-09-07,110221.32812500,111591.07812500,110211.62500000,111167.61718750,111167.61718750,24618007520
2025-09-08,111163.01562500,112869.23437500,110630.60937500,112071.42968750,112071.42968750,40212813407
2025-09-09,112077.57812500,113225.43750000,110776.70312500,111530.54687500,111530.54687500,45984480722
2025-09-10,111531.25000000,114275.25000000,110940.07812500,113955.35937500,113955.35937500,56377473784
2025-09-11,113961.42968750,115522.54687500,113453.83593750,115507.53906250,115507.53906250,45685065332
2025-09-12,115507.78906250,116769.38281250,114794.48437500,116101.57812500,116101.57812500,54785725894
2025-09-13,116093.56250000,116334.63281250,115248.27343750,115950.50781250,115950.50781250,34549454947
2025-09-14,115950.28906250,116181.50000000,115222.39843750,115407.65625000,115407.65625000,32798036057
2025-09-15,115399.63281250,116747.88281250,114461.06250000,115444.87500000,115444.87500000,52937859416
2025-09-16,115423.75781250,117005.27343750,114813.09375000,116843.18750000,116843.18750000,45781744593
2025-09-17,116840.50781250,117328.60937500,114794.97656250,116468.50781250,116468.50781250,60528025996
2025-09-18,116461.26562500,117911.78906250,116188.79687500,117137.20312500,117137.20312500,49457272032
2025-09-19,117137.67187500,117479.75781250,115141.82031250,115688.85937500,115688.85937500,38828473971
2025-09-20,115691.12500000,116191.14843750,115473.52343750,115721.96093750,115721.96093750,22864449614
2025-09-21,115730.22656250,115901.08593750,115252.57812500,115306.09375000,115306.09375000,22495852193
2025-09-22,115309.21875000,115431.31250000,112037.64843750,112748.50781250,112748.50781250,70684158591
2025-09-23,112757.47656250,113351.91406250,111535.57031250,112014.50000000,112014.50000000,47211853279
2025-09-24,112007.66406250,113986.27343750,111229.64062500,113328.63281250,113328.63281250,48044595085
2025-09-25,113330.16406250,113541.08593750,108713.39843750,109049.28906250,109049.28906250,75528654284
2025-09-26,109041.29687500,110359.19531250,108728.97656250,109712.82812500,109712.82812500,57738288949
2025-09-27,109707.14062500,109778.50000000,109144.29687500,109681.94531250,109681.94531250,26308042910
2025-09-28,109681.94531250,112375.48437500,109236.94531250,112122.64062500,112122.64062500,33371048505
2025-09-29,112117.87500000,114473.57031250,111589.95312500,114400.38281250,114400.38281250,60000147466
2025-09-30,114396.52343750,114836.61718750,112740.56250000,114056.08593750,114056.08593750,58986330258
2025-10-01,114057.59375000,118648.92968750,113981.39843750,118648.92968750,118648.92968750,71328680132
2025-10-02,118652.38281250,121086.40625000,118383.15625000,120681.25781250,120681.25781250,71415163912
2025-10-03,120656.98437500,123944.70312500,119344.31250000,122266.53125000,122266.53125000,83941392228
2025-10-04,122267.46875000,122857.64062500,121577.57031250,122425.42968750,122425.42968750,36769171735
2025-10-05,122419.67187500,125559.21093750,122191.96093750,123513.47656250,123513.47656250,73689317763
2025-10-06,123510.45312500,126198.07031250,123196.04687500,124752.53125000,124752.53125000,72568881188
2025-10-07,124752.14062500,125184.02343750,120681.96875000,121451.38281250,121451.38281250,76149412513
2025-10-08,121448.35156250,124167.09375000,121119.17968750,123354.86718750,123354.86718750,65354305286
2025-10-09,123337.07031250,123739.34375000,119812.03125000,121705.58593750,121705.58593750,74653009425
2025-10-10,121704.74218750,122509.66406250,104582.41406250,113214.36718750,113214.36718750,153125018868
2025-10-11,113236.42968750,113429.72656250,109760.56250000,110807.88281250,110807.88281250,110236934340
2025-10-12,110811.51562500,115805.06250000,109715.53906250,115169.76562500,115169.76562500,93710414091
2025-10-13,115161.67968750,116020.48437500,113821.18750000,115271.07812500,115271.07812500,71582026739
2025-10-14,115264.88281250,115502.88281250,110029.48437500,113118.66406250,113118.66406250,92212917403
2025-10-15,113113.96875000,113622.38281250,110235.83593750,110783.16406250,110783.16406250,72574132855
2025-10-16,110782.17187500,111990.81250000,107537.03125000,108186.03906250,108186.03906250,87306423067
2025-10-17,108179.13281250,109235.80468750,103598.42968750,106467.78906250,106467.78906250,99703051669
2025-10-18,106483.73437500,107490.98437500,106387.45312500,107198.26562500,107198.26562500,37779905278
2025-10-19,107204.31250000,109488.99218750,106157.78906250,108666.71093750,108666.71093750,47657008953
2025-10-20,108667.44531250,111711.03125000,107485.01562500,110588.92968750,110588.92968750,63507793085
2025-10-21,110587.63281250,113996.34375000,107534.75000000,108476.89062500,108476.89062500,101194375480
2025-10-22,108491.53125000,109115.13281250,106778.00000000,107688.58593750,107688.58593750,80807013218
2025-10-23,107679.43750000,111288.59375000,107548.42968750,110069.72656250,110069.72656250,54944076060
2025-10-24,110069.35156250,111842.53125000,109770.14843750,111033.92187500,111033.92187500,48160816980
2025-10-25,111032.61718750,111947.70312500,110704.40625000,111641.72656250,111641.72656250,24707667305
2025-10-26,111639.05468750,115260.90625000,111268.48437500,114472.44531250,114472.44531250,41708524143
2025-10-27,114479.85156250,116273.31250000,113882.28906250,114119.32812500,114119.32812500,61761358733
2025-10-28,114129.08593750,116078.98437500,112291.67968750,112956.16406250,112956.16406250,64528066504
2025-10-29,112921.32812500,113642.72656250,109368.71875000,110055.30468750,110055.30468750,62192043469
2025-10-30,110059.19531250,111612.35156250,106376.68750000,108305.54687500,108305.54687500,69673964814
2025-10-31,108304.41406250,111031.82031250,108288.27343750,109556.16406250,109556.16406250,60090359560
2025-11-01,109558.62500000,110574.89843750,109372.95312500,110064.01562500,110064.01562500,25871668762
2025-11-02,110064.42968750,111167.31250000,109523.45312500,110639.62500000,110639.62500000,34284209459
2025-11-03,110646.90625000,110764.91406250,105336.35937500,106547.52343750,106547.52343750,72852006359
2025-11-04,106541.42187500,107264.88281250,98962.06250000,101590.52343750,101590.52343750,110967184773
2025-11-05,101579.23437500,104534.70312500,98989.91406250,103891.83593750,103891.83593750,77584934804
2025-11-06,103893.66406250,104147.30468750,100336.86718750,101301.28906250,101301.28906250,63932752861
2025-11-07,101286.24218750,104052.91406250,99257.05468750,103372.40625000,103372.40625000,92168030081
2025-11-08,103371.70312500,103373.56250000,101458.03906250,102282.11718750,102282.11718750,51446691095
2025-11-09,102278.98437500,105418.36718750,101468.87500000,104719.64062500,104719.64062500,59679243013
2025-11-10,104723.77343750,106564.69531250,104350.64843750,105996.59375000,105996.59375000,69585887229
2025-11-11,105996.85937500,107428.25781250,102457.32812500,102997.46875000,102997.46875000,71130078574
2025-11-12,103011.43750000,105297.23437500,100836.61718750,101663.18750000,101663.18750000,64347179408
2025-11-13,101674.14843750,104005.49218750,97988.71875000,99697.49218750,99697.49218750,101546815416
2025-11-14,99694.70312500,99804.42968750,94000.73437500,94397.78906250,94397.78906250,114346441890
2025-11-15,94420.46875000,96728.46875000,94420.46875000,95549.14843750,95549.14843750,38500716654
2025-11-16,95556.86718750,96564.18750000,92971.16406250,94177.07812500,94177.07812500,71086235862
2025-11-17,94180.87500000,95928.36718750,91214.75781250,92093.87500000,92093.87500000,94186165724
2025-11-18,92094.53125000,93745.07812500,89300.46093750,92948.87500000,92948.87500000,101333569062
2025-11-19,92946.16406250,92946.16406250,88526.82812500,91465.99218750,91465.99218750,80350354656
2025-11-20,91459.35156250,93025.07031250,86040.79687500,86631.89843750,86631.89843750,97970645638
2025-11-21,86528.77343750,87380.80468750,80659.81250000,85090.68750000,85090.68750000,129157506112
2025-11-22,85098.56250000,85503.00781250,83490.89843750,84648.35937500,84648.35937500,40793099246
2025-11-23,84648.60937500,88038.46875000,84641.77343750,86805.00781250,86805.00781250,58083435576
2025-11-24,86798.77343750,89206.33593750,85272.19531250,88270.56250000,88270.56250000,74433896110
2025-11-25,88269.96093750,88457.33593750,86131.42968750,87341.89062500,87341.89062500,64837343545
2025-11-26,87345.58593750,90581.15625000,86316.89843750,90518.36718750,90518.36718750,66496301869
2025-11-27,90517.76562500,91897.57812500,90089.51562500,91285.37500000,91285.37500000,57040622845
2025-11-28,91285.38281250,92969.08593750,90257.11718750,90919.26562500,90919.26562500,60895830289
2025-11-29,90918.74218750,91187.61718750,90260.18750000,90851.75781250,90851.75781250,37921773455
2025-11-30,90838.21093750,91965.04687500,90394.31250000,90394.31250000,90394.31250000,38497902869
2025-12-01,90389.10937500,90398.15625000,83862.25000000,86321.57031250,86321.57031250,87962894424
2025-12-02,86322.53906250,92316.63281250,86202.19531250,91350.20312500,91350.20312500,78546798211
2025-12-03,91345.09375000,94060.77343750,91056.39062500,93527.80468750,93527.80468750,77650204986
2025-12-04,93454.25781250,94038.24218750,90976.10156250,92141.62500000,92141.62500000,64538402681
2025-12-05,92133.64843750,92702.64062500,88152.14062500,89387.75781250,89387.75781250,63256398633
2025-12-06,89389.35937500,90267.46093750,88951.66406250,89272.37500000,89272.37500000,37994042405
2025-12-07,89277.81250000,91740.84375000,87799.56250000,90405.64062500,90405.64062500,47394898960
2025-12-08,90424.58593750,92267.11718750,89644.89062500,90640.20312500,90640.20312500,57394099056
2025-12-09,90639.70312500,94601.57031250,89586.97656250,92691.71093750,92691.71093750,66861721440
2025-12-10,92695.23437500,94477.15625000,91640.13281250,92020.94531250,92020.94531250,65420694513
2025-12-11,92011.30468750,93554.26562500,89335.29687500,92511.33593750,92511.33593750,64532834621
2025-12-12,92513.66406250,92747.92968750,89532.60156250,90270.41406250,90270.41406250,80275884583
2025-12-13,90257.79687500,90647.57031250,89800.99218750,90298.71093750,90298.71093750,64237748110
2025-12-14,90296.43750000,90498.10937500,87634.93750000,88175.17968750,88175.17968750,50465972205
2025-12-15,88171.07812500,89983.92187500,85304.07812500,86419.78125000,86419.78125000,45559514323
2025-12-16,86424.40625000,88170.09375000,85381.68750000,87843.98437500,87843.98437500,41262178223
2025-12-17,87847.61718750,90264.57031250,85316.26562500,86143.75781250,86143.75781250,44243392914
2025-12-18,86144.36718750,89412.66406250,84436.31250000,85462.50781250,85462.50781250,52667115348
2025-12-19,85476.13281250,89339.11718750,85107.66406250,88103.38281250,88103.38281250,46733310561
2025-12-20,88101.67187500,88497.20312500,87924.87500000,88344.00000000,88344.00000000,14688196659
2025-12-21,88344.70312500,89027.95312500,87613.20312500,88621.75000000,88621.75000000,19845522660
2025-12-22,88621.39843750,90501.92968750,87908.07031250,88490.01562500,88490.01562500,38047472118
2025-12-23,88490.03125000,88898.38281250,86606.97656250,87414.00000000,87414.00000000,43683011533
2025-12-24,87404.32031250,87956.88281250,86411.79687500,87611.96093750,87611.96093750,25550297986
2025-12-25,87608.32031250,88501.78906250,86949.25781250,87234.74218750,87234.74218750,19953216347
2025-12-26,87235.50781250,89459.42968750,86628.14062500,87301.42968750,87301.42968750,42455674908
2025-12-27,87301.42968750,87874.78125000,87182.97656250,87802.15625000,87802.15625000,13741199310
2025-12-28,87799.34375000,87986.89062500,87394.95312500,87835.83593750,87835.83593750,15156557929
2025-12-29,87835.78906250,90299.15625000,86717.91406250,87138.14062500,87138.14062500,48411625849
2025-12-30,87134.35156250,89297.93750000,86735.54687500,88430.13281250,88430.13281250,35586356225
2025-12-31,88429.58593750,89080.28906250,87130.56250000,87508.82812500,87508.82812500,33830210616
2026-01-01,87508.04687500,88803.22656250,87399.40625000,88731.98437500,88731.98437500,18849043990
2026-01-02,88733.06250000,90884.46093750,88298.61718750,89944.69531250,89944.69531250,46398906171
2026-01-03,89945.05468750,90679.57031250,89328.07031250,90603.18750000,90603.18750000,20774828592
2026-01-04,90603.00000000,91712.58593750,90595.10156250,91413.49218750,91413.49218750,26770491368
2026-01-05,91414.62500000,94762.07031250,91414.62500000,93882.55468750,93882.55468750,53376407252
2026-01-06,93876.94531250,94395.29687500,91286.54687500,93729.03125000,93729.03125000,52430605257
2026-01-07,93727.46875000,93738.78906250,90601.80468750,91308.05468750,91308.05468750,43461295053
2026-01-08,91309.64062500,91485.85156250,89233.87500000,91027.12500000,91027.12500000,42386697030
2026-01-09,91026.27343750,91910.67187500,89625.38281250,90513.10156250,90513.10156250,38305906684
2026-01-10,90510.10156250,90713.03125000,90283.39843750,90386.64843750,90386.64843750,12385895282
2026-01-11,90385.35937500,91155.22656250,90212.02343750,90827.46093750,90827.46093750,17165568977
2026-01-12,90825.85937500,92395.52343750,90055.02343750,91192.99218750,91192.99218750,41346275358
2026-01-13,91185.33593750,96011.62500000,90941.92968750,95321.78125000,95321.78125000,54980674354
2026-01-14,95322.90625000,97860.60156250,94583.04687500,96929.32812500,96929.32812500,60592490863
2026-01-15,96931.28906250,97150.17187500,95103.24218750,95551.18750000,95551.18750000,53086363027
2026-01-16,95554.10156250,95801.89062500,94259.27343750,95525.11718750,95525.11718750,33248170537
2026-01-17,95525.15625000,95598.47656250,95005.61718750,95099.92187500,95099.92187500,16021715122
2026-01-18,95101.17968750,95491.50781250,93588.86718750,93634.42968750,93634.42968750,20809781232
2026-01-19,93655.67187500,93660.82812500,92089.25000000,92553.59375000,92553.59375000,39195241508
2026-01-20,92553.60156250,92798.42968750,87814.92968750,88310.90625000,88310.90625000,53072968031
2026-01-21,88326.50781250,90430.40625000,87231.57031250,89376.96093750,89376.96093750,56330422434
2026-01-22,89378.52343750,90258.96093750,88438.44531250,89462.45312500,89462.45312500,35549685694
2026-01-23,89462.04687500,91100.25000000,88486.35937500,89503.87500000,89503.87500000,38997586037
2026-01-24,89506.14843750,89811.60937500,89044.28906250,89110.73437500,89110.73437500,14558687712
2026-01-25,89104.76562500,89193.14843750,86003.71093750,86572.21875000,86572.21875000,36124986722
2026-01-26,86566.52343750,88743.07031250,86429.28906250,88267.14062500,88267.14062500,45329286974
2026-01-27,88257.47656250,89427.12500000,87228.92187500,89102.57031250,89102.57031250,38744942267
2026-01-28,89104.04687500,90439.28906250,88721.46093750,89184.57031250,89184.57031250,39807419296
2026-01-29,89169.85156250,89200.78125000,83250.60156250,84561.58593750,84561.58593750,64653083162
2026-01-30,84562.72656250,84602.16406250,81071.47656250,84128.65625000,84128.65625000,72083816087
2026-01-31,84126.50000000,84136.92187500,75815.88281250,78621.11718750,78621.11718750,70479259159
2026-02-01,78626.12500000,79322.60937500,75698.89843750,76974.44531250,76974.44531250,53372509744
2026-02-02,76968.87500000,79258.60937500,74551.33593750,78688.76562500,78688.76562500,75140589684
2026-02-03,78693.50781250,79118.85156250,72897.14062500,75633.54687500,75633.54687500,68249110822
2026-02-04,75640.09375000,76864.65625000,71779.92968750,73019.70312500,73019.70312500,67215363944
2026-02-05,73016.37500000,73161.55468750,62353.53515625,62702.09765625,62702.09765625,125509410908
2026-02-06,62704.45312500,71681.30468750,60074.20312500,70555.39062500,70555.39062500,114674259489
2026-02-07,70553.79687500,71611.14843750,67364.44531250,69281.96875000,69281.96875000,62347107663
2026-02-08,69283.72656250,72206.90625000,68852.89843750,70264.72656250,70264.72656250,39721722619
2026-02-09,70243.32812500,71369.96875000,68291.03125000,70120.78125000,70120.78125000,52081598792
2026-02-10,70137.39062500,70464.26562500,67913.09375000,68793.96093750,68793.96093750,40593063077
2026-02-11,68791.85937500,69242.67968750,65757.30468750,66991.96875000,66991.96875000,49671946030
2026-02-12,66992.19531250,68339.49218750,65092.10937500,66221.84375000,66221.84375000,44651071271
2026-02-13,66213.37500000,69382.83593750,65835.78125000,68857.84375000,68857.84375000,40820775886
2026-02-14,68856.98437500,70481.16406250,68706.61718750,69767.62500000,69767.62500000,36012397645
2026-02-15,69764.95312500,70939.28906250,68052.54687500,68788.18750000,68788.18750000,40191152750
2026-02-16,68782.39843750,70067.23437500,67301.58593750,68843.15625000,68843.15625000,33618145426
2026-02-17,68843.09375000,69201.86718750,66615.28125000,67494.21875000,67494.21875000,34866936040
2026-02-18,67488.02343750,68434.42968750,65845.89843750,66425.32031250,66425.32031250,33094301643
2026-02-19,66425.62500000,67277.12500000,65637.42968750,66957.52343750,66957.52343750,31492987019
2026-02-20,66958.57812500,68269.03125000,66452.48437500,68005.42187500,68005.42187500,47507867304
2026-02-21,68000.25000000,68657.70312500,67533.07031250,68003.76562500,68003.76562500,18357635642
2026-02-22,67998.82812500,68235.22656250,67185.60156250,67659.39062500,67659.39062500,17893536012
2026-02-23,67668.42968750,67668.42968750,63924.43750000,64616.73828125,64616.73828125,50953457309
2026-02-24,64616.01562500,64992.15625000,62553.18750000,64080.04296875,64080.04296875,40849331086
2026-02-25,64077.76953125,69953.53125000,63942.48437500,67960.12500000,67960.12500000,53629234355
2026-02-26,67954.86718750,68843.35156250,66523.73437500,67453.77343750,67453.77343750,42988597523
2026-02-27,67476.70312500,68125.39843750,65186.44921875,65609.67187500,65609.67187500,40074981376
