Date,Open,High,Low,Close,Adj Close,Volume
2018-01-01,755.75701904,782.53002930,742.00402832,772.64099121,772.64099121,2595760128
2018-01-02,772.34600830,914.83001709,772.34600830,884.44396973,884.44396973,5783349760
2018-01-03,886.00000000,974.47100830,868.45098877,962.71997070,962.71997070,5093159936
2018-01-04,961.71301270,1045.07995605,946.08599854,980.92199707,980.92199707,6502859776
2018-01-05,975.75000000,1075.39001465,956.32501221,997.71997070,997.71997070,6683149824
2018-01-06,995.15399170,1060.70996094,994.62200928,1041.68005371,1041.68005371,4662219776
2018-01-07,1043.01000977,1153.17004395,1043.01000977,1153.17004395,1153.17004395,5569880064
2018-01-08,1158.26000977,1266.93005371,1016.04998779,1148.53002930,1148.53002930,8450970112
2018-01-09,1146.00000000,1320.97998047,1145.48999023,1299.73999023,1299.73999023,7965459968
2018-01-10,1300.33996582,1417.38000488,1226.59997559,1255.81994629,1255.81994629,9214950400
2018-01-11,1268.08996582,1337.30004883,1135.17004395,1154.93005371,1154.93005371,7235899904
2018-01-12,1158.29003906,1296.04003906,1120.08996582,1273.19995117,1273.19995117,5222300160
2018-01-13,1270.46997070,1432.88000488,1270.46997070,1396.42004395,1396.42004395,5746760192
2018-01-14,1397.47998047,1400.56005859,1286.20996094,1366.77001953,1366.77001953,4841630208
2018-01-15,1365.20996094,1390.58996582,1290.59997559,1291.92004395,1291.92004395,4781100032
2018-01-16,1292.63000488,1292.63000488,875.54498291,1053.68994141,1053.68994141,8405139968
2018-01-17,1061.33996582,1090.22998047,780.92199707,1014.25000000,1014.25000000,8545160192
2018-01-18,1016.44000244,1100.31005859,967.75897217,1036.28002930,1036.28002930,5938319872
2018-01-19,1028.81994629,1093.21997070,1003.71002197,1039.09997559,1039.09997559,4084450048
2018-01-20,1044.94995117,1167.10998535,1044.94995117,1155.15002441,1155.15002441,3975190016
2018-01-21,1155.68005371,1155.68005371,1021.50000000,1049.57995605,1049.57995605,3378089984
2018-01-22,1055.34997559,1089.09997559,930.74102783,1003.26000977,1003.26000977,3810099968
2018-01-23,1004.16998291,1023.22998047,920.53997803,986.22900391,986.22900391,3556699904
2018-01-24,987.47698975,1062.43994141,965.80798340,1058.78002930,1058.78002930,3944039936
2018-01-25,1063.21997070,1104.66003418,1034.73999023,1056.03002930,1056.03002930,4050190080
2018-01-26,1052.69995117,1080.59997559,996.78399658,1055.17004395,1055.17004395,3617690112
2018-01-27,1055.75000000,1121.97998047,1042.11999512,1107.06994629,1107.06994629,3002870016
2018-01-28,1111.78002930,1257.77001953,1111.78002930,1246.01000977,1246.01000977,5372329984
2018-01-29,1246.69995117,1256.69995117,1169.07995605,1182.35998535,1182.35998535,3715079936
2018-01-30,1184.13000488,1184.63000488,1058.96997070,1071.13000488,1071.13000488,4107859968
2018-01-31,1071.08996582,1128.66003418,1034.50000000,1118.31005859,1118.31005859,3757560064
2018-02-01,1119.36999512,1161.34997559,984.81896973,1036.79003906,1036.79003906,5261680128
2018-02-02,1035.77001953,1035.77001953,757.97998047,915.78497314,915.78497314,6713290240
2018-02-03,919.21099854,991.94299316,847.69000244,964.01898193,964.01898193,3243480064
2018-02-04,964.66699219,969.03198242,805.06402588,834.68200684,834.68200684,2997090048
2018-02-05,834.95800781,856.64599609,644.59899902,697.95098877,697.95098877,4269530112
2018-02-06,707.73699951,796.43902588,574.41900635,793.12200928,793.12200928,6518269952
2018-02-07,790.42797852,851.20001221,723.43298340,757.06799316,757.06799316,3896179968
2018-02-08,755.84301758,845.08599854,755.84301758,817.80700684,817.80700684,3708189952
2018-02-09,818.47998047,884.00402832,788.83398438,883.86499023,883.86499023,2495820032
2018-02-10,882.46697998,917.40002441,825.57702637,860.41497803,860.41497803,2930530048
2018-02-11,859.28802490,859.28802490,788.22198486,814.65997314,814.65997314,2486650112
2018-02-12,817.50799561,875.93701172,817.50799561,868.70697021,868.70697021,2243450112
2018-02-13,869.29302979,870.70898438,828.83697510,845.25799561,845.25799561,2081170048
2018-02-14,844.27899170,926.42901611,844.27899170,923.56097412,923.56097412,2818370048
2018-02-15,923.72802734,951.94799805,911.11102295,936.97601318,936.97601318,2900100096
2018-02-16,934.78601074,950.00500488,917.84802246,944.21002197,944.21002197,2369449984
2018-02-17,944.74798584,976.59497070,940.75402832,974.11499023,974.11499023,2525720064
2018-02-18,973.34899902,982.93298340,915.44500732,923.92102051,923.92102051,2567290112
2018-02-19,921.66802979,957.77697754,921.55401611,943.86499023,943.86499023,2169019904
2018-02-20,943.56701660,965.26501465,892.95397949,895.37097168,895.37097168,2545260032
2018-02-21,894.13500977,912.37500000,830.56298828,849.97100830,849.97100830,2531729920
2018-02-22,849.26202393,875.92602539,802.66802979,812.84497070,812.84497070,2150370048
2018-02-23,811.58502197,886.31799316,794.79101562,864.18902588,864.18902588,2334820096
2018-02-24,861.59301758,879.53100586,818.54998779,840.51501465,840.51501465,1926579968
2018-02-25,839.45898438,853.14599609,822.38098145,844.80999756,844.80999756,1646960000
2018-02-26,845.27801514,880.39202881,842.31896973,869.31500244,869.31500244,2044480000
2018-02-27,870.36499023,896.25897217,867.09698486,878.26501465,878.26501465,2053980032
2018-02-28,877.93402100,890.10797119,855.12402344,855.19897461,855.19897461,1963980032
2018-03-01,856.01202393,880.30200195,851.91998291,872.20001221,872.20001221,1868519936
2018-03-02,871.76397705,876.37799072,852.42199707,856.85302734,856.85302734,1894419968
2018-03-03,856.71099854,868.45397949,855.20697021,857.22497559,857.22497559,1699369984
2018-03-04,856.18597412,867.95001221,840.28002930,866.67797852,866.67797852,1697939968
2018-03-05,866.84600830,869.91998291,853.52001953,853.68402100,853.68402100,1898489984
2018-03-06,853.81701660,853.81701660,809.93103027,816.95098877,816.95098877,1943069952
2018-03-07,816.27099609,825.60699463,726.54699707,752.83099365,752.83099365,2175419904
2018-03-08,752.57000732,773.76702881,696.16900635,704.59600830,704.59600830,1891640064
2018-03-09,702.19702148,729.15600586,648.10699463,728.91601562,728.91601562,2233019904
2018-03-10,730.15997314,748.03100586,682.69500732,686.89001465,686.89001465,1532960000
2018-03-11,685.31201172,735.83099365,668.12298584,723.33898926,723.33898926,1562680064
2018-03-12,724.40600586,742.51397705,683.26800537,699.83099365,699.83099365,1764999936
2018-03-13,698.15301514,713.73498535,682.34997559,690.82702637,690.82702637,1425959936
2018-03-14,691.21899414,702.78399658,594.09997559,614.29101562,614.29101562,1810560000
2018-03-15,614.83898926,620.61602783,579.50500488,611.30401611,611.30401611,1770460032
2018-03-16,611.77801514,623.16802979,587.86199951,601.66601562,601.66601562,1417350016
2018-03-17,601.67797852,609.15100098,549.09600830,552.77899170,552.77899170,1267810048
2018-03-18,551.64001465,551.64001465,460.08801270,538.64398193,538.64398193,2685499904
2018-03-19,546.62597656,558.09997559,519.12298584,556.72601318,556.72601318,2046790016
2018-03-20,556.72198486,567.09002686,521.20397949,557.17498779,557.17498779,1833680000
2018-03-21,559.09997559,589.60699463,550.57202148,561.73199463,561.73199463,1781270016
2018-03-22,562.10302734,577.56597900,523.08898926,539.70202637,539.70202637,1523459968
2018-03-23,539.86401367,540.48699951,512.12701416,539.61901855,539.61901855,1596349952
2018-03-24,542.57202148,545.38201904,526.08001709,526.43902588,526.43902588,1300009984
2018-03-25,522.70300293,535.82098389,515.65899658,524.28698730,524.28698730,1151170048
2018-03-26,524.28698730,526.37902832,470.44000244,489.95098877,489.95098877,1638880000
2018-03-27,489.58999634,491.45901489,449.97100830,450.11599731,450.11599731,1617939968
2018-03-28,450.29098511,466.21099854,444.86099243,446.27899170,446.27899170,1514179968
2018-03-29,448.07501221,450.81298828,385.81298828,385.96798706,385.96798706,1970230016
2018-03-30,385.90499878,409.92898560,368.63299561,394.64498901,394.64498901,1878130048
2018-03-31,395.00399780,418.46798706,392.95300293,396.45700073,396.45700073,1323920000
2018-04-01,397.25399780,400.52801514,363.80499268,379.60699463,379.60699463,1256930048
2018-04-02,379.69900513,395.17098999,377.59298706,386.42498779,386.42498779,1102259968
2018-04-03,387.31201172,418.96798706,383.53201294,416.89300537,416.89300537,1363399936
2018-04-04,416.48498535,417.47198486,375.30999756,380.54299927,380.54299927,1287730048
2018-04-05,379.94699097,387.71600342,369.81600952,383.23199463,383.23199463,1210680064
2018-04-06,382.73098755,385.19500732,366.91101074,370.28500366,370.28500366,967105984
2018-04-07,370.38000488,393.05899048,369.93600464,385.31399536,385.31399536,951475008
2018-04-08,385.74301147,402.58999634,385.60198975,400.50799561,400.50799561,948488000
2018-04-09,400.85699463,429.25100708,390.60998535,398.52600098,398.52600098,1478390016
2018-04-10,399.41101074,415.88800049,393.87899780,414.24301147,414.24301147,1196000000
2018-04-11,415.02398682,430.54000854,412.47100830,430.54000854,430.54000854,1439040000
2018-04-12,430.16101074,493.05801392,417.41299438,492.94100952,492.94100952,2519360000
2018-04-13,493.16000366,526.46997070,482.65899658,492.73498535,492.73498535,2419249920
2018-04-14,492.57998657,512.02398682,488.27899170,501.47799683,501.47799683,1519079936
2018-04-15,502.88000488,531.70202637,502.88000488,531.70202637,531.70202637,1726089984
2018-04-16,532.07397461,534.19702148,500.25000000,511.14700317,511.14700317,1758979968
2018-04-17,511.14498901,518.03100586,502.56399536,502.89401245,502.89401245,1760359936
2018-04-18,503.30899048,525.09197998,503.04501343,524.78900146,524.78900146,1762940032
2018-04-19,524.03802490,567.88897705,523.26202393,567.88897705,567.88897705,2256869888
2018-04-20,567.98901367,618.71502686,560.28302002,615.71801758,615.71801758,2849469952
2018-04-21,616.00402832,621.88800049,578.54998779,605.39501953,605.39501953,2612460032
2018-04-22,606.11901855,640.76702881,593.86901855,621.85998535,621.85998535,2426269952
2018-04-23,621.19897461,646.70001221,621.03497314,642.54797363,642.54797363,2386830080
2018-04-24,643.39801025,708.87500000,643.39801025,708.15802002,708.15802002,3581860096
2018-04-25,707.06201172,707.06201172,600.21197510,615.41601562,615.41601562,4216140032
2018-04-26,618.07897949,663.18103027,604.00701904,662.80902100,662.80902100,2984009984
2018-04-27,662.10900879,684.86798096,647.03198242,647.03198242,647.03198242,2598129920
2018-04-28,644.64599609,691.44201660,644.64599609,683.67797852,683.67797852,2496659968
2018-04-29,683.91198730,697.75598145,670.51300049,688.88098145,688.88098145,2740559872
2018-04-30,689.76098633,694.43902588,666.11700439,669.92401123,669.92401123,2853100032
2018-05-01,670.46301270,674.40301514,637.53997803,673.61297607,673.61297607,2678960128
2018-05-02,674.07501221,688.84197998,667.41998291,687.14898682,687.14898682,2822269952
2018-05-03,686.59100342,784.34100342,686.59100342,779.54302979,779.54302979,4210939904
2018-05-04,776.77502441,803.74597168,762.63201904,785.62402344,785.62402344,3533410048
2018-05-05,784.58300781,827.45501709,784.23699951,816.11999512,816.11999512,3035040000
2018-05-06,816.08801270,835.05700684,764.88299561,792.31097412,792.31097412,3105570048
2018-05-07,793.33898926,795.75799561,710.17797852,753.72497559,753.72497559,4316120064
2018-05-08,755.00897217,774.24902344,728.12902832,752.85699463,752.85699463,2920489984
2018-05-09,752.90197754,759.52899170,718.47198486,752.27502441,752.27502441,2877870080
2018-05-10,752.57897949,766.74798584,726.66400146,727.27697754,727.27697754,2748950016
2018-05-11,727.01300049,736.97698975,669.82501221,679.58599854,679.58599854,3290080000
2018-05-12,679.87701416,691.41101074,644.06597900,686.04797363,686.04797363,2668480000
2018-05-13,687.17498779,741.31201172,675.31896973,733.49597168,733.49597168,2362500096
2018-05-14,732.73297119,742.16998291,695.79199219,730.54901123,730.54901123,3005110016
2018-05-15,731.14300537,739.05200195,700.99499512,708.87097168,708.87097168,2523069952
2018-05-16,708.08697510,710.20001221,682.54101562,707.04998779,707.04998779,2476130048
2018-05-17,708.71801758,718.83300781,668.83398438,672.65698242,672.65698242,2350619904
2018-05-18,672.10198975,695.03100586,663.80902100,694.36700439,694.36700439,2305740032
2018-05-19,695.07202148,715.57800293,686.79101562,696.53002930,696.53002930,2021549952
2018-05-20,697.92297363,723.75299072,692.66900635,715.36901855,715.36901855,2156910080
2018-05-21,717.19299316,719.27801514,692.49401855,699.22198486,699.22198486,2005170048
2018-05-22,700.17797852,700.97601318,644.02600098,647.74102783,647.74102783,2230469888
2018-05-23,646.66998291,651.63598633,572.95202637,583.58502197,583.58502197,2995429888
2018-05-24,584.53601074,610.81799316,557.20599365,601.75500488,601.75500488,2791099904
2018-05-25,602.14001465,617.18597412,575.62402344,586.73400879,586.73400879,2110919936
2018-05-26,587.42602539,606.17498779,583.51202393,587.28002930,587.28002930,1694300032
2018-05-27,588.52001953,590.32800293,562.86602783,572.66802979,572.66802979,1788790016
2018-05-28,573.04498291,576.04901123,512.55200195,516.03601074,516.03601074,2356900096
2018-05-29,516.14801025,572.26397705,516.14801025,565.38800049,565.38800049,2330820096
2018-05-30,566.83001709,583.13598633,545.43103027,559.59002686,559.59002686,2053970048
2018-05-31,558.49700928,585.53802490,557.06597900,577.64501953,577.64501953,1985040000
2018-06-01,578.67199707,589.09301758,567.66497803,580.04302979,580.04302979,1945890048
2018-06-02,580.42901611,597.07702637,577.32202148,591.80798340,591.80798340,1880390016
2018-06-03,591.25897217,624.51300049,591.25897217,618.32897949,618.32897949,1832550016
2018-06-04,619.43701172,623.42901611,583.74700928,592.98498535,592.98498535,1903430016
2018-06-05,593.40600586,611.33001709,580.98199463,609.30297852,609.30297852,1844269952
2018-06-06,610.26202393,611.64300537,596.39599609,607.12402344,607.12402344,1756530048
2018-06-07,607.68701172,616.14398193,601.69299316,605.18701172,605.18701172,1880140032
2018-06-08,605.44299316,608.81097412,595.59301758,601.07702637,601.07702637,1637779968
2018-06-09,600.90502930,608.58300781,597.56201172,597.56201172,597.56201172,1519309952
2018-06-10,594.34497070,594.34497070,511.88900757,526.47900391,526.47900391,2234880000
2018-06-11,524.85699463,536.85797119,515.26898193,533.28399658,533.28399658,1982119936
2018-06-12,532.71002197,538.95501709,491.23498535,496.84298706,496.84298706,1932760064
2018-06-13,498.01800537,501.90499878,459.00399780,477.49398804,477.49398804,2080130048
2018-06-14,478.38101196,523.54498291,467.46600342,519.74200439,519.74200439,2458650112
2018-06-15,520.47998047,521.30499268,487.46899414,491.00399780,491.00399780,1808269952
2018-06-16,490.41400146,503.22299194,488.85101318,499.64199829,499.64199829,1314109952
2018-06-17,499.45999146,507.64099121,498.64801025,500.44799805,500.44799805,1264870016
2018-06-18,499.38299561,521.79602051,494.06600952,518.89099121,518.89099121,1513869952
2018-06-19,519.02301025,542.35302734,516.31201172,537.95697021,537.95697021,1726569984
2018-06-20,538.50598145,541.01501465,519.36901855,536.26800537,536.26800537,1596290048
2018-06-21,536.44702148,543.71697998,524.25897217,527.36700439,527.36700439,1462070016
2018-06-22,527.19396973,527.19396973,456.87701416,465.81698608,465.81698608,2226030080
2018-06-23,466.27398682,479.12899780,462.39300537,474.51998901,474.51998901,1651379968
2018-06-24,474.76800537,475.35900879,426.46899414,457.67199707,457.67199707,2490579968
2018-06-25,455.93600464,470.34399414,448.89599609,460.30999756,460.30999756,4007950080
2018-06-26,460.73300171,461.21301270,432.77200317,432.77200317,432.77200317,1356560000
2018-06-27,432.24398804,444.24301147,424.83898926,442.36499023,442.36499023,1368940032
2018-06-28,442.29000854,443.61801147,419.68301392,422.36499023,422.36499023,1360790016
2018-06-29,422.58700562,441.79299927,407.94699097,436.00900269,436.00900269,1564499968
2018-06-30,436.20901489,458.79699707,436.20901489,455.17999268,455.17999268,1475939968
2018-07-01,455.24200439,457.13900757,446.38500977,453.91799927,453.91799927,1511730048
2018-07-02,453.82400513,479.13000488,447.11099243,475.34698486,475.34698486,1625789952
2018-07-03,475.38598633,483.85400391,462.58200073,464.19500732,464.19500732,1683939968
2018-07-04,464.15100098,481.43600464,455.18499756,467.31799316,467.31799316,1549769984
2018-07-05,467.28698730,483.22500610,464.62899780,474.41198730,474.41198730,1828610048
2018-07-06,474.35699463,479.65200806,457.61499023,474.01199341,474.01199341,1627609984
2018-07-07,474.05700684,491.66000366,466.83599854,491.66000366,491.66000366,1358360064
2018-07-08,492.06799316,503.19900513,488.41699219,489.11898804,489.11898804,1344560000
2018-07-09,488.87799072,490.85198975,475.17498779,476.68200684,476.68200684,1533799936
2018-07-10,476.16198730,478.31799316,433.95999146,434.42401123,434.42401123,1789069952
2018-07-11,434.51501465,447.31600952,429.50698853,446.51800537,446.51800537,1422470016
2018-07-12,446.50201416,446.50201416,422.80999756,430.07400513,430.07400513,1495440000
2018-07-13,430.74099731,442.36300659,430.74099731,434.02700806,434.02700806,1489670016
2018-07-14,434.51098633,439.43399048,431.47399902,436.08599854,436.08599854,1235820032
2018-07-15,435.88299561,454.00100708,433.92098999,449.85000610,449.85000610,1350160000
2018-07-16,450.42498779,480.65798950,446.79800415,480.65798950,480.65798950,1858680064
2018-07-17,480.07699585,508.77999878,468.91500854,501.00201416,501.00201416,2288100096
2018-07-18,500.83801270,513.43298340,474.35900879,480.51300049,480.51300049,2371559936
2018-07-19,480.62799072,483.23999023,465.14199829,469.61898804,469.61898804,2068739968
2018-07-20,469.30700684,469.30700684,443.69299316,450.69799805,450.69799805,1821350016
2018-07-21,450.67898560,468.08300781,445.77600098,462.43600464,462.43600464,1504310016
2018-07-22,462.43798828,470.89801025,458.11898804,459.65701294,459.65701294,1338589952
2018-07-23,459.43899536,469.76599121,449.72799683,450.85299683,450.85299683,1596999936
2018-07-24,451.13598633,481.14199829,450.56500244,479.37298584,479.37298584,2287520000
2018-07-25,479.90600586,482.86801147,466.47399902,472.49301147,472.49301147,1930780032
2018-07-26,472.33099365,483.69601440,461.42401123,464.03698730,464.03698730,1621560064
2018-07-27,464.00900269,473.22198486,458.29098511,469.66598511,469.66598511,1734259968
2018-07-28,469.67800903,471.59399414,462.98901367,466.89801025,466.89801025,1531890048
2018-07-29,466.91500854,470.35598755,462.71200562,466.66500854,466.66500854,1631910016
2018-07-30,466.82699585,467.95199585,448.64099121,457.08099365,457.08099365,2141590000
2018-07-31,457.24499512,457.24499512,430.44400024,433.86700439,433.86700439,1820680000
2018-08-01,433.86898804,435.45700073,410.46398926,420.74700928,420.74700928,1888060000
2018-08-02,420.80599976,425.03399658,410.30899048,412.62100220,412.62100220,1569300000
2018-08-03,412.56698608,420.54901123,399.91000366,418.26199341,418.26199341,1722340000
2018-08-04,418.23699951,420.18600464,403.77600098,407.25201416,407.25201416,1466540000
2018-08-05,407.34600830,413.71600342,402.43200684,410.51599121,410.51599121,1396820000
2018-08-06,410.56698608,414.54000854,403.31500244,406.65798950,406.65798950,1384880000
2018-08-07,406.80099487,411.40499878,376.07699585,380.21499634,380.21499634,1828350000
2018-08-08,379.89199829,380.67098999,353.73400879,356.61300659,356.61300659,2016080000
2018-08-09,356.97100830,370.94601440,353.61401367,365.58801270,365.58801270,1616610000
2018-08-10,365.77600098,367.04501343,329.58599854,334.17599487,334.17599487,1699400000
2018-08-11,334.26400757,334.26400757,308.48800659,322.11199951,322.11199951,1790370000
2018-08-12,320.82299805,328.58999634,318.60198975,319.57000732,319.57000732,1625420000
2018-08-13,320.20999146,323.55099487,284.93399048,286.49499512,286.49499512,1751190000
2018-08-14,286.36499023,286.36499023,254.64999390,278.93200684,278.93200684,2137850000
2018-08-15,280.38699341,303.58999634,280.11898804,282.36401367,282.36401367,1878150000
2018-08-16,282.74099731,298.47601318,280.92800903,288.04598999,288.04598999,1552970000
2018-08-17,287.68301392,316.17001343,287.34600830,315.72900391,315.72900391,1995460000
2018-08-18,316.79098511,320.44601440,286.55099487,295.81201172,295.81201172,1764020000
2018-08-19,295.67001343,307.09799194,291.33200073,300.83401489,300.83401489,1447910000
2018-08-20,301.38101196,304.37200928,273.51098633,274.31500244,274.31500244,1413790000
2018-08-21,273.33099365,285.97000122,273.33099365,281.94400024,281.94400024,1164120000
2018-08-22,281.96798706,297.48599243,264.99798584,271.34100342,271.34100342,1507660000
2018-08-23,271.74798584,279.54598999,271.08999634,277.10400391,277.10400391,1271160000
2018-08-24,278.11099243,283.30200195,273.85998535,282.96701050,282.96701050,1450170000
2018-08-25,283.28100586,283.51501465,278.47100830,279.64599609,279.64599609,1208360000
2018-08-26,279.52499390,279.52499390,272.44400024,275.19699097,275.19699097,1206650000
2018-08-27,275.35000610,285.60299683,273.64999390,285.60299683,285.60299683,1406790000
2018-08-28,286.64898682,297.39999390,283.57199097,296.49899292,296.49899292,1513350000
2018-08-29,296.16299438,297.07101440,287.28698730,289.31201172,289.31201172,1474460000
2018-08-30,289.75299072,291.24301147,275.21099854,284.10501099,284.10501099,1513100000
2018-08-31,284.11999512,284.55099487,278.51300049,283.00399780,283.00399780,1411910000
2018-09-01,283.49600220,301.14401245,283.49600220,295.34100342,295.34100342,1546630000
2018-09-02,295.45300293,298.68600464,290.92599487,294.37100220,294.37100220,1321050000
2018-09-03,295.18099976,295.59100342,287.43200684,289.25900269,289.25900269,1394490000
2018-09-04,289.29699707,291.57998657,284.25500488,285.72299194,285.72299194,1554870000
2018-09-05,286.04501343,288.16299438,232.33099365,232.33099365,232.33099365,2390390000
2018-09-06,231.64799500,231.75500488,218.12300110,230.21499634,230.21499634,2097310000
2018-09-07,229.53500366,233.89599609,217.07499695,217.20300293,217.20300293,1678260000
2018-09-08,217.91200256,220.36700439,193.25900269,197.95100403,197.95100403,1517200000
2018-09-09,198.38499451,207.66600037,188.30599976,196.92399597,196.92399597,1585980000
2018-09-10,197.85099792,201.88299561,189.58399963,197.07899475,197.07899475,1502960000
2018-09-11,198.17700195,198.50599670,180.59599304,185.06599426,185.06599426,1568900000
2018-09-12,185.42300415,185.58700562,170.25700378,183.33099365,183.33099365,1874850000
2018-09-13,183.67900085,214.00199890,183.67900085,211.35400391,211.35400391,2330720000
2018-09-14,212.66900635,222.79400635,204.87100220,211.74899292,211.74899292,2232190000
2018-09-15,209.81399536,226.60400391,209.60600281,223.07400513,223.07400513,1670490000
2018-09-16,222.80299377,222.80299377,211.11799622,220.58900452,220.58900452,1502260000
2018-09-17,221.58200073,224.26100159,195.30799866,197.87500000,197.87500000,2019910000
2018-09-18,197.09500122,213.35699463,195.93400574,209.97500610,209.97500610,1800640000
2018-09-19,209.47200012,213.87100220,201.65600586,209.96899414,209.96899414,1733330000
2018-09-20,210.28799438,224.81799316,207.78900146,224.59100342,224.59100342,1782070000
2018-09-21,225.25100708,248.38800049,221.56700134,246.58399963,246.58399963,2836200000
2018-09-22,247.33700562,251.19599915,233.80999756,240.47999573,240.47999573,1921820000
2018-09-23,240.99200439,247.46400452,237.85699463,244.33000183,244.33000183,1693470000
2018-09-24,244.84399414,245.10800171,227.49000549,228.72999573,228.72999573,1748740000
2018-09-25,228.32699585,228.32699585,206.49000549,218.50500488,218.50500488,2120360000
2018-09-26,218.64700317,221.43699646,209.11300659,215.84700012,215.84700012,1756100000
2018-09-27,215.44000244,230.60699463,212.65400696,228.49400330,228.49400330,2030320000
2018-09-28,229.04100037,231.74800110,218.66900635,222.40199280,222.40199280,2018120000
2018-09-29,221.70500183,234.01400757,216.07800293,231.63499451,231.63499451,2208720000
2018-09-30,231.32899475,236.98599243,228.44500732,232.84800720,232.84800720,1765560000
2018-10-01,233.22000122,234.14500427,226.94500732,230.76800537,230.76800537,1597500000
2018-10-02,231.10000610,231.16700745,225.83799744,227.18099976,227.18099976,1542080000
2018-10-03,226.40699768,226.45799255,213.97099304,220.48899841,220.48899841,1683930000
2018-10-04,220.44599915,226.14799500,220.08999634,222.21800232,222.21800232,1479500000
2018-10-05,222.26699829,228.31900024,220.95700073,227.60099792,227.60099792,1547330000
2018-10-06,227.55200195,227.92599487,224.24600220,225.11999512,225.11999512,1505070000
2018-10-07,225.43499756,226.36999512,222.99600220,226.11900330,226.11900330,1470480000
2018-10-08,226.50900269,230.76499939,224.55700684,229.25500488,229.25500488,1470740000
2018-10-09,229.71000671,230.16099548,226.40100098,227.98199463,227.98199463,1405130000
2018-10-10,227.61500549,227.70700073,224.49499512,225.76899719,225.76899719,1384040000
2018-10-11,225.61000061,225.61000061,189.28300476,189.49899292,189.49899292,2167620000
2018-10-12,188.70700073,199.40100098,188.70700073,196.72700500,196.72700500,1487900000
2018-10-13,196.36399841,201.27900696,196.36399841,199.84100342,199.84100342,1167610000
2018-10-14,199.69099426,201.82699585,195.24299622,195.71499634,195.71499634,1169260000
2018-10-15,195.27000427,222.11799622,194.15899658,209.70399475,209.70399475,2865830000
2018-10-16,209.62800598,212.17300415,207.98399353,210.11999512,210.11999512,1532280000
2018-10-17,210.21699524,211.12500000,205.92799377,207.08299255,207.08299255,1444130000
2018-10-18,207.40400696,208.47000122,201.74299622,203.35200500,203.35200500,1365860000
2018-10-19,203.25700378,204.66299438,201.84399414,203.72700500,203.72700500,1264480000
2018-10-20,203.51499939,206.22200012,203.08500671,205.42999268,205.42999268,1238780000
2018-10-21,205.38999939,208.15499878,204.62100220,205.14199829,205.14199829,1190300000
2018-10-22,205.17399597,206.93200684,203.37699890,204.04400635,204.04400635,1328980000
2018-10-23,204.01600647,205.15100098,201.91099548,204.33599854,204.33599854,1237490000
2018-10-24,204.12699890,205.58099365,203.35400391,203.85200500,203.85200500,1102220000
2018-10-25,203.86799622,204.13200378,201.82299805,202.71899414,202.71899414,1102900000
2018-10-26,202.33599854,204.77999878,201.55099487,203.32899475,203.32899475,1161310000
2018-10-27,203.35600281,206.08200073,203.12600708,204.21000671,204.21000671,1084810000
2018-10-28,204.50999451,205.91900635,203.52299500,205.36599731,205.36599731,1139140000
2018-10-29,205.17399597,205.59700012,195.73399353,197.24699402,197.24699402,1517230000
2018-10-30,197.20300293,198.12199402,196.35099792,197.55599976,197.55599976,1363500000
2018-10-31,197.64900208,198.33799744,196.53100586,197.38099670,197.38099670,1442380000
2018-11-01,197.53700256,203.75399780,197.32800293,198.87199402,198.87199402,1336700000
2018-11-02,198.98199463,201.26899719,198.75500488,200.63499451,200.63499451,1451870000
2018-11-03,200.74000549,200.74000549,199.52499390,200.18600464,200.18600464,1307150000
2018-11-04,200.15800476,211.27200317,198.98599243,207.48599243,207.48599243,1749300000
2018-11-05,207.10000610,210.81900024,206.57299805,209.09100342,209.09100342,1613510000
2018-11-06,209.47399902,218.45199585,207.89399719,218.45199585,218.45199585,1856940000
2018-11-07,218.89900208,221.65199280,216.79600525,217.18299866,217.18299866,1927830000
2018-11-08,217.32699585,218.33799744,212.19900513,212.23100281,212.23100281,1769080000
2018-11-09,211.98699951,213.31599426,209.51499939,210.07400513,210.07400513,1554750000
2018-11-10,209.97500610,213.85699463,209.80499268,212.53300476,212.53300476,1377760000
2018-11-11,212.47900391,212.99899292,208.86799622,211.33999634,211.33999634,1501600000
2018-11-12,211.51300049,212.62300110,208.92399597,210.41799927,210.41799927,1452380000
2018-11-13,210.14900208,210.51499939,206.13499451,206.82600403,206.82600403,1610260000
2018-11-14,206.53399658,207.04499817,174.08399963,181.39700317,181.39700317,2595330000
2018-11-15,181.89900208,184.25100708,170.18899536,180.80599976,180.80599976,2638410000
2018-11-16,180.86500549,181.35000610,173.12600708,175.17700195,175.17700195,2015330000
2018-11-17,175.36000061,175.85099792,172.86900330,174.00100708,174.00100708,1832800000
2018-11-18,174.17500305,179.15199280,174.17500305,177.06700134,177.06700134,1810920000
2018-11-19,177.17900085,177.17900085,147.85099792,149.17500305,149.17500305,2745160000
2018-11-20,148.81100464,151.25300598,126.36000061,130.33900452,130.33900452,3134410000
2018-11-21,131.14199829,138.88999939,125.75800323,136.70100403,136.70100403,2685930000
2018-11-22,136.81100464,137.74000549,126.70600128,126.70600128,126.70600128,1792150000
2018-11-23,126.41899872,127.02799988,119.55899811,123.29599762,123.29599762,1998010000
2018-11-24,123.30400085,126.78800201,110.82499695,113.49400330,113.49400330,1800960000
2018-11-25,113.12599945,118.88099670,101.76999664,116.44999695,116.44999695,2466750000
2018-11-26,116.34300232,118.20099640,104.89299774,108.33499908,108.33499908,2139490000
2018-11-27,107.91300201,111.84200287,102.45200348,110.01000214,110.01000214,2320010000
2018-11-28,110.19799805,126.04799652,110.19799805,122.43800354,122.43800354,2673470000
2018-11-29,122.72154999,123.22972107,115.29769135,117.54264832,117.54264832,2196099151
2018-11-30,117.72809601,119.42376709,111.74496460,113.17141724,113.17141724,2020748396
2018-12-01,113.39775848,120.84145355,111.61912537,118.63555908,118.63555908,2131475768
2018-12-02,118.26815033,120.56204987,116.09204102,116.38890076,116.38890076,1856199149
2018-12-03,116.37876129,116.61906433,107.41565704,108.92501831,108.92501831,1772756193
2018-12-04,108.80316162,113.14291382,107.40271759,110.21418762,110.21418762,1748116495
2018-12-05,110.33551788,110.59860992,102.47555542,102.47555542,102.47555542,1990157607
2018-12-06,102.45059204,104.10349274,91.76105499,91.76105499,91.76105499,2310716932
2018-12-07,91.64983368,96.08984375,83.46971893,93.29456329,93.29456329,2554304530
2018-12-08,93.41007996,97.05988312,86.82566833,92.15963745,92.15963745,1855759401
2018-12-09,92.03543091,98.90003204,91.03128052,95.14205933,95.14205933,1875567180
2018-12-10,94.99217224,96.25730133,90.65425110,91.68565369,91.68565369,1756437577
2018-12-11,91.57893372,92.78232574,87.68840790,88.94530487,88.94530487,1707497898
2018-12-12,88.61070251,92.24055481,88.26355743,90.59329987,90.59329987,1533050103
2018-12-13,90.65522766,91.11160278,85.51831055,86.53931427,86.53931427,1754475622
2018-12-14,86.63035583,87.14494324,83.22647858,84.30829620,84.30829620,1651491877
2018-12-15,84.27969360,85.34274292,82.82988739,84.44081116,84.44081116,1496176898
2018-12-16,84.46940613,87.56812286,84.46940613,85.26210022,85.26210022,1565817037
2018-12-17,85.38211060,96.80505371,85.38211060,95.13382721,95.13382721,2101453024
2018-12-18,95.10803986,101.32023621,92.96852112,101.11245728,101.11245728,2277514076
2018-12-19,101.68384552,108.54905701,100.69145966,101.26857758,101.26857758,2456482115
2018-12-20,101.09043884,117.17012787,100.63996124,116.21687317,116.21687317,3063842618
2018-12-21,115.83540344,119.09416199,107.58479309,109.49623108,109.49623108,2632539990
2018-12-22,109.45594025,116.75949860,107.50316620,116.75949860,116.75949860,2338772939
2018-12-23,117.27389526,133.07530212,117.27389526,130.76525879,130.76525879,3579715061
2018-12-24,130.64166260,157.66870117,130.64166260,140.23800659,140.23800659,4370343387
2018-12-25,140.99758911,140.99758911,125.11328888,129.84434509,129.84434509,3298280609
2018-12-26,129.88882446,136.67724609,126.29290771,131.86563110,131.86563110,2720469126
2018-12-27,131.92358398,132.67706299,115.65010071,116.57591248,116.57591248,2612804378
2018-12-28,116.89820099,137.64701843,115.69313049,137.64701843,137.64701843,3130201009
2018-12-29,138.46878052,147.03433228,134.57017517,138.01834106,138.01834106,3169029972
2018-12-30,137.62745667,140.68908691,133.98233032,139.85945129,139.85945129,2660086834
2018-12-31,140.03106689,140.18115234,132.51939392,133.36825562,133.36825562,2358360234
2019-01-01,133.41815186,141.39750671,132.65071106,140.81941223,140.81941223,2258709868
2019-01-02,141.51951599,156.92913818,140.65095520,155.04768372,155.04768372,3328240369
2019-01-03,155.19604492,155.86305237,147.19836426,149.13500977,149.13500977,2676164880
2019-01-04,148.91288757,156.87898254,147.90710449,154.58193970,154.58193970,3126192535
2019-01-05,154.33741760,160.82489014,154.33741760,155.63859558,155.63859558,3338211928
2019-01-06,155.80422974,159.37144470,152.08592224,157.74620056,157.74620056,3231294371
2019-01-07,157.80949402,158.45042419,151.15072632,151.69921875,151.69921875,2712108388
2019-01-08,151.96754456,153.62577820,148.66954041,150.35963440,150.35963440,2459808140
2019-01-09,150.55468750,153.62225342,150.28837585,150.80311584,150.80311584,2369241197
2019-01-10,150.84350586,152.14826965,126.52937317,128.62518311,128.62518311,3397734456
2019-01-11,127.81396484,130.16593933,125.24494171,127.54832458,127.54832458,2667585234
2019-01-12,127.52808380,128.66612244,125.44675446,125.96652985,125.96652985,2212109224
2019-01-13,125.90722656,126.26787567,116.08596802,116.89780426,116.89780426,2268263944
2019-01-14,116.97909546,130.85673523,116.96755981,129.06872559,129.06872559,2798085735
2019-01-15,129.17268372,130.74356079,120.31152344,122.03271484,122.03271484,2735449164
2019-01-16,121.80924225,127.11824799,121.44141388,123.54706573,123.54706573,2746469340
2019-01-17,123.57353973,124.27072144,120.81703186,123.74192047,123.74192047,2594091285
2019-01-18,123.65465546,123.84169006,120.24189758,121.01026154,121.01026154,2305389800
2019-01-19,121.61442566,125.90422821,121.16103363,124.51902008,124.51902008,3048261797
2019-01-20,124.63240051,125.07038879,118.70232391,119.47483063,119.47483063,2964108269
2019-01-21,119.63645935,119.71543884,116.15744019,117.15785217,117.15785217,2421720343
2019-01-22,117.11075592,119.66434479,114.67668152,118.74755096,118.74755096,2552507405
2019-01-23,118.71381378,119.42279816,116.37664795,117.45260620,117.45260620,2556952198
2019-01-24,117.46278381,118.03210449,116.00679779,117.36288452,117.36288452,2520843420
2019-01-25,117.59495544,117.80299377,115.83015442,116.37834167,116.37834167,2606881898
2019-01-26,116.37352753,118.08411407,115.98057556,116.48873901,116.48873901,2412181169
2019-01-27,116.51031494,116.68540955,113.40528870,113.40528870,113.40528870,2775888287
2019-01-28,113.28523254,113.68823242,103.33646393,106.58997345,106.58997345,3366895505
2019-01-29,106.72195435,107.16578674,103.99922943,105.59821320,105.59821320,2900418606
2019-01-30,105.40720367,109.45298004,104.84379578,108.90753937,108.90753937,2874370355
2019-01-31,108.90077209,110.45835876,106.52535248,107.06101227,107.06101227,2828796031
2019-02-01,107.14768219,108.63871002,105.04650116,107.60978699,107.60978699,2541271519
2019-02-02,107.46641541,110.65387726,106.76401520,110.43025970,110.43025970,2385157838
2019-02-03,110.49031830,110.82735443,106.56398773,107.49266815,107.49266815,2519334757
2019-02-04,107.62582397,108.70103455,107.06742096,107.82160187,107.82160187,2491888675
2019-02-05,107.62816620,108.13478851,106.90989685,107.44351959,107.44351959,2515863999
2019-02-06,107.56930542,107.56930542,102.93456268,104.91928864,104.91928864,2593048199
2019-02-07,104.83577728,106.05887604,104.40913391,104.53530121,104.53530121,2326764622
2019-02-08,104.64505005,119.80581665,104.19443512,119.26774597,119.26774597,3656841347
2019-02-09,119.21411133,120.68973541,118.00040436,119.43088531,119.43088531,2884650400
2019-02-10,119.40896606,124.85362244,117.10577393,124.80648804,124.80648804,3148766590
2019-02-11,124.87153625,124.87153625,120.31175232,121.29839325,121.29839325,3222473887
2019-02-12,121.17857361,123.46829987,119.60002136,122.57228851,122.57228851,3149576429
2019-02-13,122.54428864,125.55069733,121.61249542,122.55360413,122.55360413,3386585799
2019-02-14,122.41698456,124.45198822,121.33489227,121.39020538,121.39020538,3331701628
2019-02-15,121.45369720,123.66012573,121.37191772,122.10038757,122.10038757,3021741615
2019-02-16,122.39645386,124.13481140,122.29530334,123.26021576,123.26021576,2905833287
2019-02-17,123.18208313,134.46009827,123.09161377,133.59887695,133.59887695,4236081130
2019-02-18,133.03254700,147.68658447,133.00193787,146.09837341,146.09837341,5387525773
2019-02-19,146.39881897,149.92997742,145.12846375,145.34619141,145.34619141,5310842625
2019-02-20,145.17272949,149.55433655,142.50212097,149.55433655,149.55433655,4500094965
2019-02-21,149.35232544,149.35232544,144.56381226,146.13084412,146.13084412,3995766856
2019-02-22,146.07325745,149.26861572,145.20654297,149.09245300,149.09245300,3731099284
2019-02-23,148.67662048,159.12586975,147.33105469,158.79542542,158.79542542,4519468458
2019-02-24,158.90240479,165.54962158,135.85266113,135.85266113,135.85266113,5957715043
2019-02-25,135.49972534,142.52557373,135.48384094,139.82286072,139.82286072,4914392068
2019-02-26,139.64608765,139.97644043,136.57960510,138.08967590,138.08967590,3791292839
2019-02-27,138.02957153,141.33622742,131.60292053,136.12596130,136.12596130,4469776860
2019-02-28,136.28308105,138.84713745,135.65759277,136.74624634,136.74624634,4535438953
2019-03-01,136.83624268,138.99526978,136.43478394,136.44361877,136.44361877,3756124824
2019-03-02,136.35008240,137.18479919,132.43638611,134.20695496,134.20695496,3747176425
2019-03-03,134.78611755,135.84928894,131.32885742,132.24942017,132.24942017,3454374053
2019-03-04,132.15788269,132.72914124,125.40270233,127.77412415,127.77412415,4008171341
2019-03-05,127.79295349,138.22998047,126.73529816,137.82238770,137.82238770,4764849990
2019-03-06,137.95874023,139.96882629,136.14591980,138.78935242,138.78935242,4589054219
2019-03-07,138.94238281,140.85787964,137.27313232,138.03450012,138.03450012,4339206292
2019-03-08,138.31135559,139.49909973,133.55769348,135.12707520,135.12707520,4678816794
2019-03-09,134.88755798,139.11941528,134.67712402,137.96533203,137.96533203,5011918715
2019-03-10,138.18049622,138.27030945,135.68568420,136.75868225,136.75868225,4578438499
2019-03-11,136.84953308,137.35340881,133.10279846,133.83403015,133.83403015,4689807419
2019-03-12,134.01284790,135.27346802,130.94415283,134.44288635,134.44288635,4709988000
2019-03-13,134.61177063,134.61177063,132.71972656,133.26307678,133.26307678,4265162099
2019-03-14,133.20390320,135.18084717,132.75007629,133.71159363,133.71159363,4476532147
2019-03-15,133.56715393,138.39514160,133.56715393,137.69178772,137.69178772,4506861856
2019-03-16,137.91195679,144.55844116,137.91195679,142.39817810,142.39817810,4839003569
2019-03-17,142.23829651,142.37191772,139.32351685,140.00054932,140.00054932,3827157729
2019-03-18,140.10485840,142.26721191,138.84155273,139.37460327,139.37460327,4551739879
2019-03-19,139.25401306,140.98905945,139.14302063,140.51919556,140.51919556,4251488129
2019-03-20,140.48471069,140.94557190,138.30703735,140.68635559,140.68635559,4664134462
2019-03-21,140.47848511,141.00323486,135.85542297,136.63606262,136.63606262,5087247796
2019-03-22,136.56225586,138.79429626,136.22860718,137.18144226,137.18144226,4490899266
2019-03-23,137.03987122,139.38539124,136.91201782,138.23986816,138.23986816,4436568613
2019-03-24,138.31535339,138.37561035,136.31375122,136.98692322,136.98692322,4266845458
2019-03-25,137.08135986,137.69534302,133.49015808,135.03102112,135.03102112,4480516753
2019-03-26,135.05432129,135.46035767,133.75733948,135.46035767,135.46035767,4499271679
2019-03-27,135.45436096,141.07546997,135.34165955,140.98815918,140.98815918,5228240093
2019-03-28,141.00584412,141.00793457,138.42517090,139.41647339,139.41647339,4163212475
2019-03-29,139.34320068,142.54924011,138.04510498,142.49742126,142.49742126,5125602702
2019-03-30,142.35914612,149.61323547,141.03173828,142.09268188,142.09268188,5144662127
2019-03-31,142.13922119,142.18920898,140.69737244,141.51409912,141.51409912,4249050197
2019-04-01,141.46548462,142.73399353,140.73756409,141.83032227,141.83032227,4611999536
2019-04-02,141.83952332,165.22682190,141.63645935,163.96174622,163.96174622,9826645698
2019-04-03,164.00863647,178.32205200,157.32214355,161.45880127,161.45880127,10622456246
2019-04-04,161.43176270,164.92921448,155.24110413,158.05253601,158.05253601,7953123529
2019-04-05,158.02000427,167.22038269,157.44395447,165.51484680,165.51484680,7531316908
2019-04-06,165.51124573,172.51577759,161.79946899,165.94720459,165.94720459,7167016221
2019-04-07,165.97724915,175.21316528,164.93209839,174.53164673,174.53164673,7596176020
2019-04-08,174.44967651,184.37785339,174.16099548,180.25881958,180.25881958,9304964610
2019-04-09,180.22212219,180.25422668,175.09175110,176.11457825,176.11457825,7632529578
2019-04-10,176.06784058,183.13427734,175.23037720,177.33747864,177.33747864,7856924879
2019-04-11,177.34275818,177.48748779,162.32061768,165.49702454,165.49702454,7859383417
2019-04-12,165.33520508,166.12751770,161.02973938,164.73632812,164.73632812,6237185309
2019-04-13,164.62284851,166.36242676,163.01185608,164.51335144,164.51335144,4959301561
2019-04-14,164.47608948,168.59103394,162.78147888,167.83851624,167.83851624,4846298303
2019-04-15,167.89747620,168.81845093,159.55574036,161.57417297,161.57417297,5672311824
2019-04-16,161.52655029,167.66632080,160.88874817,167.62344360,167.62344360,5180105341
2019-04-17,167.55369568,168.93858337,165.50189209,166.95075989,166.95075989,5596102715
2019-04-18,166.91320801,175.36532593,166.67211914,173.81402588,173.81402588,6971581464
2019-04-19,173.78788757,173.97889709,170.62020874,173.70843506,173.70843506,6541053061
2019-04-20,173.71881104,176.70581055,171.78883362,173.75126648,173.75126648,6142567812
2019-04-21,173.71540833,174.42077637,167.42858887,170.04652405,170.04652405,6005571688
2019-04-22,170.01748657,173.06912231,168.72955322,171.87466431,171.87466431,6094878077
2019-04-23,172.00721741,176.85078430,170.89675903,171.44779968,171.44779968,7097827092
2019-04-24,171.34953308,171.57321167,161.97668457,165.82609558,165.82609558,7351304156
2019-04-25,165.91473389,166.51341248,153.84700012,154.45939636,154.45939636,6820332362
2019-04-26,154.57943726,158.02900696,152.08567810,156.34709167,156.34709167,7505283355
2019-04-27,156.27085876,160.58941650,155.62188721,158.43493652,158.43493652,5863109118
2019-04-28,158.49977112,159.56538391,157.12551880,157.29507446,157.29507446,5379894433
2019-04-29,157.29106140,158.33392334,153.18652344,155.20199585,155.20199585,6053776253
2019-04-30,155.17277527,162.43225098,155.17277527,162.16603088,162.16603088,6275803460
2019-05-01,162.18655396,164.06068420,159.66021729,160.81834412,160.81834412,5789172433
2019-05-02,160.85357666,162.93701172,160.06069946,162.12278748,162.12278748,6044171062
2019-05-03,162.07516479,170.06874084,161.08062744,167.95240784,167.95240784,7299410672
2019-05-04,167.88722229,170.64593506,161.79142761,164.02658081,164.02658081,6658100049
2019-05-05,164.01525879,165.39997864,159.70065308,163.45069885,163.45069885,5938415562
2019-05-06,163.33798218,175.76010132,159.98818970,172.65321350,172.65321350,7540096853
2019-05-07,172.42727661,180.39440918,169.69471741,169.79866028,169.79866028,8411140170
2019-05-08,169.90420532,172.18354797,166.40924072,170.94816589,170.94816589,6416569598
2019-05-09,170.95187378,172.88040161,167.24787903,170.28930664,170.28930664,6546914198
2019-05-10,170.31297302,175.88526917,168.99142456,173.14274597,173.14274597,8036919053
2019-05-11,173.13931274,203.46664429,173.13931274,194.30433655,194.30433655,12578331654
2019-05-12,194.16302490,201.88148499,183.65393066,187.32531738,187.32531738,10326050090
2019-05-13,187.41792297,205.09826660,185.30590820,196.84628296,196.84628296,10367149039
2019-05-14,196.73828125,217.87464905,196.05480957,217.14857483,217.14857483,12751049755
2019-05-15,217.01011658,247.44659424,216.82211304,247.15306091,247.15306091,13460006534
2019-05-16,246.94195557,275.39443970,245.79528809,264.01000977,264.01000977,18661465873
2019-05-17,263.84835815,266.97961426,227.76742554,243.76458740,243.76458740,16037551694
2019-05-18,243.91130066,246.36276245,233.09985352,234.59523010,234.59523010,10933142646
2019-05-19,234.44946289,263.74099731,233.75866699,261.29220581,261.29220581,12049250894
2019-05-20,261.26748657,261.55126953,241.80364990,251.86441040,251.86441040,10834541285
2019-05-21,251.64784241,262.10754395,248.19630432,255.21588135,255.21588135,11545049593
2019-05-22,254.99531555,258.80184937,242.73048401,244.69891357,244.69891357,9818257463
2019-05-23,244.66511536,247.61663818,233.79309082,245.96566772,245.96566772,10671663487
2019-05-24,245.98709106,255.25933838,243.24009705,249.48498535,249.48498535,9929433206
2019-05-25,249.69404602,257.35684204,249.08879089,251.75987244,251.75987244,8924985385
2019-05-26,251.72479248,269.16653442,247.24539185,267.06964111,267.06964111,9664267731
2019-05-27,267.14187622,278.50726318,265.44470215,272.86264038,272.86264038,12074664736
2019-05-28,272.59048462,274.32083130,267.51437378,271.76870728,271.76870728,10362846898
2019-05-29,271.77905273,273.75628662,263.09140015,269.45568848,269.45568848,9819132174
2019-05-30,269.55187988,287.20162964,247.34860229,255.85894775,255.85894775,13604268584
2019-05-31,256.01525879,268.65994263,249.11184692,268.11355591,268.11355591,11255023515
2019-06-01,268.43334961,273.55798340,263.52459717,265.39126587,265.39126587,9942869852
2019-06-02,265.51272583,272.80722046,265.04187012,270.22552490,270.22552490,8744111713
2019-06-03,270.08856201,270.33410645,251.26219177,252.60792542,252.60792542,9375712917
2019-06-04,252.51164246,252.51164246,236.12721252,241.33879089,241.33879089,10132549747
2019-06-05,241.49703979,248.13813782,239.98345947,247.05101013,247.05101013,8548917062
2019-06-06,246.92524719,249.94450378,238.50111389,249.47433472,249.47433472,8265146806
2019-06-07,249.33528137,254.35229492,246.59790039,250.93035889,250.93035889,8379534528
2019-06-08,251.24931335,252.37739563,243.22911072,245.73809814,245.73809814,7225996863
2019-06-09,245.54048157,245.97282410,229.25743103,233.08670044,233.08670044,7566421456
2019-06-10,232.83013916,247.66217041,229.34176636,247.52012634,247.52012634,8141159848
2019-06-11,247.86212158,248.66258240,239.82534790,245.78182983,245.78182983,7382269700
2019-06-12,245.92549133,261.01757812,244.49131775,260.90328979,260.90328979,8645598618
2019-06-13,260.91351318,262.16311646,255.59628296,256.16879272,256.16879272,8442077836
2019-06-14,256.17965698,265.37139893,254.14743042,264.08746338,264.08746338,8676891267
2019-06-15,263.93414307,271.50558472,262.12121582,269.01931763,269.01931763,8126853944
2019-06-16,268.90115356,278.14318848,265.53533936,269.22320557,269.22320557,9676746453
2019-06-17,269.09057617,275.44256592,268.35379028,274.35110474,274.35110474,6009795781
2019-06-18,274.32025146,274.32025146,263.14443970,265.05184937,265.05184937,6205242504
2019-06-19,265.05685425,270.33337402,264.75479126,269.43179321,269.43179321,5516510947
2019-06-20,269.40786743,274.07351685,265.50045776,271.69500732,271.69500732,6408981097
2019-06-21,271.74310303,295.30331421,271.74310303,294.91027832,294.91027832,9331694140
2019-06-22,295.11508179,315.18972778,294.72824097,309.38031006,309.38031006,10613731255
2019-06-23,309.41668701,318.56567383,305.76458740,307.82778931,307.82778931,8161062380
2019-06-24,307.72213745,312.32934570,299.55953979,310.42468262,310.42468262,8205712062
2019-06-25,310.67861938,318.12631226,307.64315796,318.12631226,318.12631226,9641764965
2019-06-26,317.99258423,361.39868164,315.95486450,336.75317383,336.75317383,16437084081
2019-06-27,336.95989990,343.43344116,278.57324219,294.26763916,294.26763916,14038092503
2019-06-28,294.14303589,313.03155518,292.93981934,311.22610474,311.22610474,11514656820
2019-06-29,311.28442383,322.04354858,294.75384521,320.05889893,320.05889893,10929374565
2019-06-30,319.58404541,322.78958130,290.69598389,290.69598389,290.69598389,10303111000
2019-07-01,290.26849365,301.02615356,280.02282715,293.64111328,293.64111328,10292223948
2019-07-02,293.53726196,295.65585327,272.60256958,291.59643555,291.59643555,10618413952
2019-07-03,291.76461792,303.34204102,291.40164185,303.09997559,303.09997559,9926711979
2019-07-04,303.02508545,303.96115112,282.76574707,284.52322388,284.52322388,8403513106
2019-07-05,284.38092041,293.92114258,282.69470215,287.99752808,287.99752808,8723493015
2019-07-06,287.89382935,295.99142456,286.66586304,287.54711914,287.54711914,7674615025
2019-07-07,287.60360718,310.13931274,286.10919189,305.70056152,305.70056152,8119724981
2019-07-08,305.73477173,314.26788330,303.50045776,313.25140381,313.25140381,9078905628
2019-07-09,313.32516479,318.22311401,305.28582764,308.88101196,308.88101196,10055159803
2019-07-10,308.85128784,313.06945801,285.56579590,290.00231934,290.00231934,11679985167
2019-07-11,289.94598389,290.02105713,266.09466553,268.70404053,268.70404053,10216287022
2019-07-12,268.69226074,278.85559082,268.00003052,276.27670288,276.27670288,8148936015
2019-07-13,276.28912354,276.68524170,263.06826782,269.45880127,269.45880127,6716829429
2019-07-14,269.28161621,269.64123535,227.26921082,227.57806396,227.57806396,8578339386
2019-07-15,227.96505737,235.02565002,210.39126587,229.77600098,229.77600098,9723674244
2019-07-16,229.74865723,234.51383972,197.37789917,199.18867493,199.18867493,9036620494
2019-07-17,199.06678772,217.97563171,193.99041748,211.48497009,211.48497009,9387747640
2019-07-18,211.44461060,229.23939514,208.03773499,226.56616211,226.56616211,9327816059
2019-07-19,226.65769958,226.94047546,215.83824158,221.33341980,221.33341980,7606433131
2019-07-20,221.41265869,234.19845581,221.18948364,229.11921692,229.11921692,7976245988
2019-07-21,229.16769409,229.86166382,219.02775574,225.63076782,225.63076782,6685082868
2019-07-22,225.69865417,226.86257935,213.44837952,217.56001282,217.56001282,6338843919
2019-07-23,217.56846619,218.51805115,209.63812256,212.72851562,212.72851562,6976091534
2019-07-24,212.55381775,217.53543091,203.89340210,217.04637146,217.04637146,7168982843
2019-07-25,216.96911621,224.25419617,216.13514709,219.61799622,219.61799622,6731281160
2019-07-26,219.62812805,220.23638916,214.12568665,219.62960815,219.62960815,5729852178
2019-07-27,219.61763000,223.51725769,204.90393066,207.40830994,207.40830994,6257703908
2019-07-28,207.41377258,212.04183960,202.25289917,211.18655396,211.18655396,5504887934
2019-07-29,211.12365723,213.93205261,208.76431274,211.26805115,211.26805115,5485190664
2019-07-30,211.33920288,213.61407471,206.86761475,210.52259827,210.52259827,5489918859
2019-07-31,210.49241638,218.65414429,210.43791199,218.65414429,218.65414429,6003828340
2019-08-01,218.55459595,218.81265259,212.91450500,217.80844116,217.80844116,5965442642
2019-08-02,217.88446045,222.18257141,215.97583008,217.87156677,217.87156677,6159440229
2019-08-03,217.89555359,224.62322998,217.33174133,222.49034119,222.49034119,5697798687
2019-08-04,222.58081055,224.22729492,218.49217224,222.66972351,222.66972351,5238542572
2019-08-05,222.65087891,235.63528442,222.60388184,234.21502686,234.21502686,7765060287
2019-08-06,234.24559021,239.11590576,223.55117798,226.02064514,226.02064514,7647742672
2019-08-07,225.92529297,229.65657043,222.77545166,226.39100647,226.39100647,7020342210
2019-08-08,226.51847839,226.77471924,216.51625061,220.94186401,220.94186401,6713525644
2019-08-09,220.90864563,221.36433411,208.24597168,210.48890686,210.48890686,6964818795
2019-08-10,210.53016663,213.73483276,203.79310608,206.73353577,206.73353577,6584748527
2019-08-11,206.73223877,216.59864807,206.51080322,216.09286499,216.09286499,6440605605
2019-08-12,216.05590820,216.14256287,210.94648743,211.28807068,211.28807068,5674315559
2019-08-13,211.34269714,211.38441467,205.42250061,208.70904541,208.70904541,5946313205
2019-08-14,208.60398865,209.06643677,186.33192444,186.60774231,186.60774231,7444456154
2019-08-15,186.68350220,189.46215820,178.14256287,188.50205994,188.50205994,8197244441
2019-08-16,188.64425659,188.90559387,180.38484192,185.44007874,185.44007874,7133915837
2019-08-17,185.53166199,186.70314026,182.59388733,185.68768311,185.68768311,5512696513
2019-08-18,185.84109497,197.52249146,183.69224548,194.49353027,194.49353027,5969012024
2019-08-19,194.55603027,203.56015015,193.10824585,203.09193420,203.09193420,6145148692
2019-08-20,202.81314087,203.01599121,195.61953735,196.56541443,196.56541443,6408417610
2019-08-21,196.62168884,197.02743530,182.68917847,186.89163208,186.89163208,7775772700
2019-08-22,186.94123840,194.41551208,183.38452148,191.33291626,191.33291626,7569043874
2019-08-23,191.10687256,195.90649414,189.56231689,194.70620728,194.70620728,6658162377
2019-08-24,194.67163086,194.78498840,187.62725830,191.28956604,191.28956604,6249737982
2019-08-25,191.23478699,192.16333008,184.96475220,186.84239197,186.84239197,5826017143
2019-08-26,186.73554993,193.44218445,186.73554993,188.92938232,188.92938232,7207986636
2019-08-27,188.95005798,188.96318054,185.47293091,187.51666260,187.51666260,6042327402
2019-08-28,187.49549866,187.93087769,172.18560791,173.88996887,173.88996887,6696604087
2019-08-29,173.95869446,173.99639893,167.17089844,169.51673889,169.51673889,7129569083
2019-08-30,169.48928833,170.77351379,167.07141113,168.83486938,168.83486938,5776520220
2019-08-31,168.88789368,174.32397461,167.80258179,172.46978760,172.46978760,5830212249
2019-09-01,172.45840454,173.69685364,169.53128052,171.62942505,171.62942505,5554799576
2019-09-02,171.69760132,180.14521790,170.45169067,178.34735107,178.34735107,6503447137
2019-09-03,178.35775757,182.34799194,175.97016907,179.49932861,179.49932861,6962728938
2019-09-04,179.49198914,180.13659668,175.32536316,175.99288940,175.99288940,5938120494
2019-09-05,175.96627808,176.16390991,171.74682617,174.21713257,174.21713257,5589476516
2019-09-06,174.17222595,177.71870422,168.34133911,169.95617676,169.95617676,6797611878
2019-09-07,169.95527649,180.85160828,169.44412231,178.26261902,178.26261902,6791531342
2019-09-08,178.28259277,182.97708130,178.14250183,181.35552979,181.35552979,6472677266
2019-09-09,181.36248779,184.14945984,177.41935730,181.14945984,181.14945984,7232938985
2019-09-10,181.21284485,184.06343079,178.12242126,179.78717041,179.78717041,6291476772
2019-09-11,179.83949280,181.75746155,176.50091553,178.72549438,178.72549438,7157139035
2019-09-12,178.80377197,181.99856567,177.84732056,181.01609802,181.01609802,5838605477
2019-09-13,180.97558594,181.49829102,178.58204651,181.10972595,181.10972595,5955041237
2019-09-14,181.32157898,188.44692993,180.37220764,188.10551453,188.10551453,6500686511
2019-09-15,188.06843567,190.39933777,186.44732666,189.78912354,189.78912354,6222874780
2019-09-16,189.68933105,198.20497131,189.68933105,197.11317444,197.11317444,8242029488
2019-09-17,197.11476135,213.73194885,196.71548462,208.60874939,208.60874939,10232590812
2019-09-18,208.05059814,216.71150208,208.05059814,211.39303589,211.39303589,9194634557
2019-09-19,211.24723816,222.87168884,204.68577576,221.28085327,221.28085327,10620070913
2019-09-20,221.06962585,221.59855652,215.15963745,218.05004883,218.05004883,8027974273
2019-09-21,217.89738464,220.95829773,215.00016785,215.51620483,215.51620483,7743309778
2019-09-22,215.48655701,216.08624268,207.64492798,211.54537964,211.54537964,7812854576
2019-09-23,211.71321106,211.84051514,201.88723755,201.92131042,201.92131042,7494673136
2019-09-24,201.84208679,203.50054932,162.72778320,168.11073303,168.11073303,11757739233
2019-09-25,168.13357544,174.71977234,164.91348267,170.89270020,170.89270020,9766632018
2019-09-26,170.75691223,171.69264221,157.13032532,166.72712708,166.72712708,7848286154
2019-09-27,166.65170288,175.61077881,163.20950317,174.71099854,174.71099854,7909313625
2019-09-28,174.68083191,175.77873230,170.77395630,174.57289124,174.57289124,6895423445
2019-09-29,174.61274719,175.21022034,166.99769592,170.50347900,170.50347900,6497088199
2019-09-30,170.46134949,179.87220764,167.03660583,179.87220764,179.87220764,7552915148
2019-10-01,180.20912170,185.04553223,175.81265259,177.34042358,177.34042358,7676276225
2019-10-02,177.22406006,180.82612610,175.33427429,180.71051025,180.71051025,6335595250
2019-10-03,180.70370483,180.79920959,172.59986877,175.19934082,175.19934082,6381403725
2019-10-04,175.23843384,178.55207825,173.56408691,176.98500061,176.98500061,6248928449
2019-10-05,176.94631958,177.71324158,173.06956482,176.35151672,176.35151672,5837211771
2019-10-06,176.36437988,177.36454773,171.29977417,173.05914307,173.05914307,5852890674
2019-10-07,172.94033813,182.35635376,171.52781677,181.18634033,181.18634033,7844316834
2019-10-08,181.11335754,184.35997009,179.13339233,182.02156067,182.02156067,7466282780
2019-10-09,182.03630066,194.30049133,180.66844177,193.29325867,193.29325867,9088122101
2019-10-10,193.19107056,193.89692688,188.30647278,191.65966797,191.65966797,8375913276
2019-10-11,191.80107117,195.31880188,181.66183472,182.56968689,182.56968689,9128522970
2019-10-12,182.53402710,186.30488586,179.98483276,180.82664490,180.82664490,7494328840
2019-10-13,180.86131287,185.07591248,180.31715393,182.07514954,182.07514954,6733182273
2019-10-14,182.02847290,187.30361938,181.66227722,186.96090698,186.96090698,7276520699
2019-10-15,186.97705078,187.75987244,179.46278381,181.40606689,181.40606689,7731456579
2019-10-16,181.34373474,181.66860962,174.06416321,176.01350403,176.01350403,7691244590
2019-10-17,175.90689087,178.89955139,174.56582642,178.02835083,178.02835083,6737237423
2019-10-18,177.98855591,178.17979431,171.00505066,173.62133789,173.62133789,7566257807
2019-10-19,173.64944458,175.60823059,172.21545410,172.91302490,172.91302490,6551453871
2019-10-20,172.97476196,176.71868896,171.21072388,175.53437805,175.53437805,6801091120
2019-10-21,175.52474976,177.74172974,173.28775024,174.92098999,174.92098999,6815820627
2019-10-22,174.90505981,175.65002441,172.26623535,172.30085754,172.30085754,6990951966
2019-10-23,172.26280212,172.42057800,157.46342468,162.40278625,162.40278625,9624925919
2019-10-24,162.51411438,164.14756775,160.88795471,162.16854858,162.16854858,7300917537
2019-10-25,162.18971252,183.00012207,161.96601868,181.52320862,181.52320862,10358594018
2019-10-26,181.66706848,195.94250488,176.13380432,179.83547974,179.83547974,13831784986
2019-10-27,179.93263245,188.15533447,177.68235779,184.24221802,184.24221802,10815941952
2019-10-28,184.39750671,187.88316345,180.24955750,182.66281128,182.66281128,10406734124
2019-10-29,182.67037964,191.84675598,182.36436462,190.34257507,190.34257507,10622761958
2019-10-30,190.33639526,191.11193848,181.54637146,184.69216919,184.69216919,10484902804
2019-10-31,184.79762268,188.75126648,180.06835938,183.96691895,183.96691895,9607939606
2019-11-01,183.80369568,185.05970764,181.09449768,183.96989441,183.96989441,9145611130
2019-11-02,184.01815796,185.70895386,182.79766846,183.92572021,183.92572021,8087991830
2019-11-03,183.99482727,185.02421570,179.81814575,182.42501831,182.42501831,8760247744
2019-11-04,182.31903076,188.02293396,181.82160950,186.35519409,186.35519409,10551917945
2019-11-05,186.30931091,191.25782776,184.33198547,189.30416870,189.30416870,10024177342
2019-11-06,189.11349487,193.54725647,188.66767883,191.59384155,191.59384155,10156458684
2019-11-07,191.50430298,191.86109924,186.56700134,187.97654724,187.97654724,9081247799
2019-11-08,187.92427063,188.81597900,182.54136658,184.21147156,184.21147156,9176780911
2019-11-09,184.31172180,185.83853149,183.90223694,185.02871704,185.02871704,7277418704
2019-11-10,184.94335938,190.92060852,184.68678284,189.47727966,189.47727966,8752784211
2019-11-11,189.50292969,190.33842468,185.08631897,185.48963928,185.48963928,7877424106
2019-11-12,185.56483459,187.94802856,184.19105530,186.84341431,186.84341431,7792186666
2019-11-13,186.94244385,189.33187866,185.93794250,188.25874329,188.25874329,7343173596
2019-11-14,188.27250671,188.63459778,184.99229431,185.99963379,185.99963379,7872664470
2019-11-15,186.05816650,186.25183105,179.37956238,180.52117920,180.52117920,8815678477
2019-11-16,180.49909973,184.15527344,179.98567200,183.34835815,183.34835815,6789888120
2019-11-17,183.35083008,188.19134521,182.33680725,185.11923218,185.11923218,7364325471
2019-11-18,185.04145813,186.92715454,179.17550659,180.55960083,180.55960083,7787662111
2019-11-19,180.50245667,182.52799988,175.19711304,177.45555115,177.45555115,7536699743
2019-11-20,177.41528320,178.99314880,175.29043579,175.69834900,175.69834900,7205785149
2019-11-21,175.67359924,176.20921326,159.36512756,161.46272278,161.46272278,8546371325
2019-11-22,161.50588989,163.02809143,142.34410095,150.26817322,150.26817322,12020749863
2019-11-23,150.21221924,154.10156250,147.60124207,153.41778564,153.41778564,8289198330
2019-11-24,153.43052673,153.96591187,142.83470154,142.83470154,142.83470154,7782769098
2019-11-25,142.69700623,150.20796204,133.80233765,146.47653198,146.47653198,10962753356
2019-11-26,146.40431213,150.00476074,145.21687317,148.96507263,148.96507263,7648516297
2019-11-27,148.39682007,154.88720703,143.52560425,153.01055908,153.01055908,8778095308
2019-11-28,153.06924438,156.61358643,151.09112549,151.71757507,151.71757507,7346531960
2019-11-29,151.76860046,156.84840393,151.46043396,155.30415344,155.30415344,7503898278
2019-11-30,155.28640747,156.69129944,151.22534180,152.53968811,152.53968811,6565950868
2019-12-01,152.49192810,152.49192810,147.06793213,151.18572998,151.18572998,7102780298
2019-12-02,151.17547607,152.11695862,147.60679626,149.05915833,149.05915833,6670561362
2019-12-03,149.05824280,150.31042480,146.00167847,147.95642090,147.95642090,6204379850
2019-12-04,147.91838074,150.68081665,145.00088501,146.74774170,146.74774170,7865937094
2019-12-05,146.68649292,153.15539551,145.45907593,149.24899292,149.24899292,6745910228
2019-12-06,149.39648438,149.67051697,147.60652161,149.19444275,149.19444275,6458766441
2019-12-07,149.19760132,149.79971313,148.37477112,148.76815796,148.76815796,5911233284
2019-12-08,148.74368286,152.39292908,148.31333923,151.26472473,151.26472473,6441727252
2019-12-09,151.22439575,151.91394043,147.62136841,148.22517395,148.22517395,6744206747
2019-12-10,148.17985535,148.56446838,144.90795898,146.26704407,146.26704407,6859512025
2019-12-11,146.32064819,147.13920593,143.04536438,143.60800171,143.60800171,7037180049
2019-12-12,143.61566162,145.75164795,141.43698120,145.60400391,145.60400391,7890383413
2019-12-13,145.65568542,145.85710144,143.74652100,144.94474792,144.94474792,7264810247
2019-12-14,144.95341492,145.52908325,142.43455505,142.86923218,142.86923218,7048066973
2019-12-15,142.86499023,143.92535400,139.42695618,143.11499023,143.11499023,7235153411
2019-12-16,143.13952637,143.22485352,132.45666504,133.61402893,133.61402893,8992282119
2019-12-17,133.64718628,134.01153564,121.39508057,122.60388947,122.60388947,9057166141
2019-12-18,122.65683746,133.39416504,119.78005981,133.09219360,133.09219360,11864518321
2019-12-19,133.05278015,134.19064331,125.97166443,129.32113647,129.32113647,9564699140
2019-12-20,129.38436890,129.75630188,126.98535156,129.06605530,129.06605530,8173594150
2019-12-21,129.09596252,129.14765930,127.61209106,128.13095093,128.13095093,7449064703
2019-12-22,128.09812927,133.16003418,127.92848969,132.37251282,132.37251282,9121058481
2019-12-23,132.30699158,134.73175049,127.41671753,128.61408997,128.61408997,9622497693
2019-12-24,128.62925720,131.67228699,127.30876923,129.06388855,129.06388855,7961819689
2019-12-25,129.06849670,129.06849670,124.88549042,126.45463562,126.45463562,8418019054
2019-12-26,126.48632812,130.89834595,125.40644073,126.36122131,126.36122131,8600871980
2019-12-27,126.36879730,128.09756470,124.82080841,127.21460724,127.21460724,8299390176
2019-12-28,127.21301270,130.25816345,126.89969635,128.32270813,128.32270813,8069298610
2019-12-29,128.26687622,136.81120300,127.99765778,134.75798035,134.75798035,9708776786
2019-12-30,134.79652405,136.75735474,131.54556274,132.63348389,132.63348389,9796951716
2019-12-31,132.61227417,133.73268127,128.79815674,129.61085510,129.61085510,8936866397
2020-01-01,129.63066101,132.83535767,129.19828796,130.80200195,130.80200195,7935230330
2020-01-02,130.82003784,130.82003784,126.95491028,127.41017914,127.41017914,8032709256
2020-01-03,127.41126251,134.55401611,126.49002075,134.17170715,134.17170715,10476845358
2020-01-04,134.16851807,136.05271912,133.04055786,135.06936646,135.06936646,7430904515
2020-01-05,135.07209778,139.41020203,135.04562378,136.27677917,136.27677917,7526675353
2020-01-06,136.30554199,144.32818604,136.07963562,144.30415344,144.30415344,9093747121
2020-01-07,144.31199646,145.00177002,140.48887634,143.54399109,143.54399109,9257954672
2020-01-08,143.48782349,146.82800293,138.26820374,141.25813293,141.25813293,9387194957
2020-01-09,141.15577698,141.39398193,136.23640442,138.97920227,138.97920227,7697325348
2020-01-10,138.96704102,144.16732788,135.52040100,143.96377563,143.96377563,9084816203
2020-01-11,143.40910339,146.48091125,142.20796204,142.92710876,142.92710876,9332208590
2020-01-12,143.03254700,146.14585876,142.70764160,145.87393188,145.87393188,8528167453
2020-01-13,146.22013855,146.79122925,142.90713501,144.22659302,144.22659302,8378529470
2020-01-14,144.25105286,167.68154907,144.06492615,165.95535278,165.95535278,16712318373
2020-01-15,165.73461914,170.42567444,161.10961914,166.23068237,166.23068237,15173694057
2020-01-16,166.33282471,167.05815125,159.70964050,164.39100647,164.39100647,13735193018
2020-01-17,164.48937988,173.06921387,162.77560425,170.77995300,170.77995300,14997091826
2020-01-18,170.74772644,178.52877808,166.78901672,175.36567688,175.36567688,14929342256
2020-01-19,175.46759033,177.24763489,163.67686462,166.96984863,166.96984863,13713374132
2020-01-20,166.90412903,169.11488342,162.33160400,167.12051392,167.12051392,11144529787
2020-01-21,167.06047058,169.91011047,165.81971741,169.69715881,169.69715881,9789369362
2020-01-22,169.60853577,171.00869751,166.77423096,168.29415894,168.29415894,9209827928
2020-01-23,168.29570007,168.31224060,160.29531860,162.92855835,162.92855835,10396868698
2020-01-24,162.89936829,164.30944824,156.74974060,163.05117798,163.05117798,10657671162
2020-01-25,163.06729126,163.22723389,158.63247681,161.28393555,161.28393555,8256956802
2020-01-26,161.17681885,168.22032166,160.28112793,168.07710266,168.07710266,9261861590
2020-01-27,168.00885010,172.92291260,166.90109253,170.93089294,170.93089294,11004476145
2020-01-28,170.88485718,176.37031555,170.73806763,176.37031555,176.37031555,11772875064
2020-01-29,176.34788513,178.84297180,175.05033875,175.05033875,175.05033875,10725267311
2020-01-30,174.91770935,186.26048279,172.37463379,184.69047546,184.69047546,12604789338
2020-01-31,184.73690796,185.40583801,176.29681396,180.16017151,180.16017151,11728616394
2020-02-01,180.11376953,183.84555054,179.74517822,183.67395020,183.67395020,11569697182
2020-02-02,183.53250122,193.08039856,180.17395020,188.61753845,188.61753845,14054425389
2020-02-03,188.60740662,193.43688965,188.01269531,189.86506653,189.86506653,12392875241
2020-02-04,189.86172485,191.11149597,185.40362549,189.25059509,189.25059509,11714191695
2020-02-05,189.29910278,206.80400085,188.75268555,204.23023987,204.23023987,14865434435
2020-02-06,204.12969971,214.59771729,201.90406799,212.33908081,212.33908081,16425589683
2020-02-07,212.31588745,223.14093018,212.30419922,222.72605896,222.72605896,16673443564
2020-02-08,222.51097107,226.58808899,215.38629150,223.14651489,223.14651489,16741203125
2020-02-09,222.98223877,229.86424255,222.98223877,228.57856750,228.57856750,15031356241
2020-02-10,228.54913330,229.18461609,218.08004761,223.52270508,223.52270508,16210008511
2020-02-11,223.38493347,236.54713440,218.61761475,235.85119629,235.85119629,16964695963
2020-02-12,235.89822388,272.39883423,235.89627075,265.40612793,265.40612793,24545049386
2020-02-13,265.05270386,273.74105835,258.92251587,268.09924316,268.09924316,25801317504
2020-02-14,268.02328491,285.05642700,262.76251221,284.21749878,284.21749878,23558253463
2020-02-15,284.56130981,287.12368774,264.27966309,264.72857666,264.72857666,23682452994
2020-02-16,264.90405273,272.88244629,242.48440552,259.89471436,259.89471436,25152366643
2020-02-17,259.89056396,266.87124634,244.33532715,266.36343384,266.36343384,26024080089
2020-02-18,266.50881958,283.19613647,261.46389771,281.94458008,281.94458008,26511477187
2020-02-19,282.03628540,283.53793335,259.76397705,259.76397705,259.76397705,22679414413
2020-02-20,259.81985474,263.69540405,250.95126343,257.94946289,257.94946289,23229828870
2020-02-21,257.89111328,267.00485229,255.68908691,265.60061646,265.60061646,20867593292
2020-02-22,265.55157471,266.38720703,258.91314697,262.33172607,262.33172607,16906032862
2020-02-23,262.27841187,273.75415039,261.96051025,273.75415039,273.75415039,19585998814
2020-02-24,273.70507812,275.53952026,259.62515259,265.21643066,265.21643066,22400845640
2020-02-25,265.28338623,265.43148804,246.85899353,247.81759644,247.81759644,21878882134
2020-02-26,247.74020386,249.64970398,221.26655579,225.68026733,225.68026733,26235617201
2020-02-27,225.68704224,237.22892761,212.66452026,226.75338745,226.75338745,25645522790
2020-02-28,226.98760986,234.20893860,216.34620667,226.76049805,226.76049805,22563530559
2020-02-29,226.83345032,232.25662231,219.84851074,219.84851074,219.84851074,18181296376
2020-03-01,219.75268555,226.67788696,214.13043213,218.97059631,218.97059631,18179807469
2020-03-02,218.71162415,232.81158447,217.28428650,230.56977844,230.56977844,20305587789
2020-03-03,230.52397156,232.32580566,221.73266602,224.47962952,224.47962952,19853178572
2020-03-04,224.56533813,228.04042053,222.08888245,224.51797485,224.51797485,16567075208
2020-03-05,224.64189148,234.36445618,224.64189148,229.26818848,229.26818848,18201291785
2020-03-06,229.16842651,243.55497742,228.74357605,243.52529907,243.52529907,19374772256
2020-03-07,243.75019836,249.97848511,237.55128479,237.85308838,237.85308838,19431652027
2020-03-08,237.78068542,237.78068542,200.60298157,200.68905640,200.68905640,21381823651
2020-03-09,201.31849670,207.45140076,192.26989746,201.98632812,201.98632812,23645428606
2020-03-10,202.86395264,205.71424866,198.06449890,200.76724243,200.76724243,18344930072
2020-03-11,200.76803589,202.95429993,184.36215210,194.86853027,194.86853027,16984790291
2020-03-12,194.73892212,195.14793396,111.21070862,112.34712219,112.34712219,22134741655
2020-03-13,112.68999481,137.42953491,95.18430328,133.20181274,133.20181274,27864623061
2020-03-14,133.58247375,134.48437500,122.41447449,123.30602264,123.30602264,12740784545
2020-03-15,123.24606323,132.24214172,121.85365295,125.21430206,125.21430206,12719251813
2020-03-16,124.99611664,124.99611664,105.17144012,110.60587311,110.60587311,15984904590
2020-03-17,110.40678406,118.98828125,110.40678406,113.94274902,113.94274902,12087490572
2020-03-18,113.85764313,116.02162170,111.74311066,114.84226990,114.84226990,11617854009
2020-03-19,114.83982849,140.52772522,114.73286438,136.59385681,136.59385681,16396753275
2020-03-20,136.64927673,150.85380554,122.60565948,132.73716736,132.73716736,18960388062
2020-03-21,133.10176086,135.97241211,127.16375732,132.81871033,132.81871033,13684083308
2020-03-22,132.85113525,136.15164185,122.90933228,123.32115173,123.32115173,12497707224
2020-03-23,123.36598206,134.91160583,121.86788177,134.91160583,134.91160583,14149877968
2020-03-24,135.19413757,141.94853210,133.16877747,138.76144409,138.76144409,14609068673
2020-03-25,138.91496277,141.40379333,134.30422974,136.19589233,136.19589233,13433092920
2020-03-26,136.19067383,138.83056641,134.88603210,138.36155701,138.36155701,11367261176
2020-03-27,138.36993408,139.90269470,133.93794250,133.93794250,133.93794250,11396286629
2020-03-28,134.03274536,134.03274536,126.96218872,130.98649597,130.98649597,12162403960
2020-03-29,131.01533508,131.17408752,125.45005035,125.58373260,125.58373260,9938133669
2020-03-30,125.57789612,133.91146851,125.28968048,132.90454102,132.90454102,11841123306
2020-03-31,132.82092285,134.27413940,131.65289307,133.59356689,133.59356689,11065246317
2020-04-01,133.61231995,135.63455200,129.73094177,135.63455200,135.63455200,12456564435
2020-04-02,135.73217773,146.78709412,135.73217773,142.02914429,142.02914429,15322861686
2020-04-03,142.11045837,146.89987183,139.61938477,142.09130859,142.09130859,13184603402
2020-04-04,142.21517944,145.37730408,140.12182617,145.21939087,145.21939087,11946658257
2020-04-05,145.26101685,146.12852478,142.10208130,143.54664612,143.54664612,11280993591
2020-04-06,143.60821533,169.27264404,143.54460144,169.13587952,169.13587952,21636382525
2020-04-07,169.14744568,175.20413208,164.20332336,165.10194397,165.10194397,21659346091
2020-04-08,165.24032593,173.21026611,164.49319458,172.64173889,172.64173889,17063110836
2020-04-09,172.76126099,172.89778137,167.98712158,170.80714417,170.80714417,14901696210
2020-04-10,170.82926941,170.94976807,154.91447449,158.41244507,158.41244507,17980944616
2020-04-11,158.53898621,161.16757202,155.29833984,158.21601868,158.21601868,13555089447
2020-04-12,158.23239136,164.51695251,156.32051086,161.14242554,161.14242554,15123721386
2020-04-13,160.72067261,160.74969482,151.61448669,156.27955627,156.27955627,16465282133
2020-04-14,156.35595703,160.94427490,155.86593628,157.59638977,157.59638977,14723156630
2020-04-15,157.56564331,160.71112061,152.80284119,153.28689575,153.28689575,14171753737
2020-04-16,153.20042419,173.15727234,150.35942078,172.15737915,172.15737915,22910469236
2020-04-17,172.27941895,174.27590942,169.75157166,171.63858032,171.63858032,16714684266
2020-04-18,171.61807251,187.94047546,171.61807251,186.91400146,186.91400146,20160323443
2020-04-19,186.86198425,188.09892273,180.12081909,181.61495972,181.61495972,19146038381
2020-04-20,181.48022461,186.08354187,170.32127380,172.29716492,172.29716492,21266681335
2020-04-21,172.01771545,175.17846680,170.55284119,172.73770142,172.73770142,16458767984
2020-04-22,172.67039490,183.75100708,171.82659912,182.59957886,182.59957886,17994666395
2020-04-23,182.62017822,189.08886719,180.34065247,185.02867126,185.02867126,21275740032
2020-04-24,185.22210693,190.21038818,185.22210693,189.23693848,189.23693848,16788555028
2020-04-25,189.20739746,196.79237366,188.45953369,195.51530457,195.51530457,18260969748
2020-04-26,195.41358948,199.34497070,194.76806641,197.31753540,197.31753540,18335367012
2020-04-27,197.47572327,199.55279541,193.45416260,197.22471619,197.22471619,18670194595
2020-04-28,197.27351379,198.78654480,194.84942627,198.41539001,198.41539001,18217507467
2020-04-29,198.46519470,218.45463562,198.12451172,216.96823120,216.96823120,26397548759
2020-04-30,216.90913391,227.52969360,206.43692017,207.60205078,207.60205078,28089191904
2020-05-01,207.90173340,217.62802124,207.78088379,214.21910095,214.21910095,20816320834
2020-05-02,214.23008728,215.84753418,212.87867737,215.32537842,215.32537842,18260876092
2020-05-03,215.35206604,219.27087402,208.69236755,210.93315125,210.93315125,20469034664
2020-05-04,210.89085388,211.82838440,199.04772949,208.17401123,208.17401123,22602446422
2020-05-05,208.01300049,211.77862549,204.03112793,206.77439880,206.77439880,19004689099
2020-05-06,206.48135376,211.53462219,204.04087830,204.05578613,204.05578613,20343543799
2020-05-07,203.91285706,214.39247131,202.07484436,212.28941345,212.28941345,23594744655
2020-05-08,212.19824219,216.32768250,208.83073425,212.99157715,212.99157715,20445139356
2020-05-09,213.14216614,214.73912048,209.07151794,211.60012817,211.60012817,18950547549
2020-05-10,211.55220032,211.55220032,182.71116638,188.59956360,188.59956360,25211575193
2020-05-11,188.63218689,191.36233521,180.71833801,185.91284180,185.91284180,20054601647
2020-05-12,185.87733459,191.60134888,185.70179749,189.31250000,189.31250000,15899726284
2020-05-13,189.37409973,200.19732666,189.12770081,199.19328308,199.19328308,17054662289
2020-05-14,198.89151001,204.11759949,196.86882019,202.94909668,202.94909668,20150524861
2020-05-15,202.95539856,203.56639099,193.75567627,195.62266541,195.62266541,16602342092
2020-05-16,195.61338806,202.77119446,194.50158691,200.67712402,200.67712402,15379081645
2020-05-17,200.60887146,209.16093445,200.10279846,207.15869141,207.15869141,15470397303
2020-05-18,207.17977905,215.90846252,207.10906982,214.52505493,214.52505493,17411566928
2020-05-19,214.60493469,214.60493469,210.14305115,213.45111084,213.45111084,14346192779
2020-05-20,213.44624329,214.71682739,207.97581482,210.09674072,210.09674072,12730175511
2020-05-21,210.12915039,211.62518311,193.34643555,199.88360596,199.88360596,13308321229
2020-05-22,199.83711243,208.59153748,198.04086304,207.16918945,207.16918945,12041592114
2020-05-23,207.19448853,210.38645935,205.29421997,208.69439697,208.69439697,10665476768
2020-05-24,208.71606445,210.59507751,202.37034607,202.37034607,202.37034607,11833299572
2020-05-25,201.98265076,206.36145020,200.66755676,205.31974792,205.31974792,10415044124
2020-05-26,205.25956726,205.75254822,200.26428223,201.90231323,201.90231323,10159741290
2020-05-27,201.89300537,208.86343384,201.78506470,208.86343384,208.86343384,10631034756
2020-05-28,208.88543701,220.27650452,206.24266052,219.84042358,219.84042358,12212469604
2020-05-29,219.92504883,224.21687317,218.23805237,220.67512512,220.67512512,12265816557
2020-05-30,220.71720886,243.94314575,218.74446106,242.34559631,242.34559631,15027397867
2020-05-31,242.35137939,244.04525757,230.05282593,230.97570801,230.97570801,12234904813
2020-06-01,230.86026001,248.23628235,230.48805237,246.99176025,246.99176025,13951727936
2020-06-02,246.82818604,252.22200012,233.22529602,237.21905518,237.21905518,13782107567
2020-06-03,237.39521790,244.17932129,235.46444702,244.17932129,244.17932129,9861760817
2020-06-04,244.10528564,245.92897034,236.76530457,244.42639160,244.42639160,10170414304
2020-06-05,244.34959412,247.32949829,240.68205261,241.22198486,241.22198486,9293963914
2020-06-06,241.20135498,245.98104858,239.72453308,241.93132019,241.93132019,8114873845
2020-06-07,241.90808105,245.43525696,236.32525635,245.16725159,245.16725159,9544883157
2020-06-08,245.17857361,246.64419556,241.54219055,246.30990601,246.30990601,8076783299
2020-06-09,246.17501831,248.34243774,242.33854675,244.91145325,244.91145325,8446545788
2020-06-10,244.82206726,248.65115356,242.81974792,247.44494629,247.44494629,8792990206
2020-06-11,247.54853821,249.88830566,229.94297791,231.70266724,231.70266724,12356528860
2020-06-12,231.62545776,239.35469055,229.64506531,237.49320984,237.49320984,8868955009
2020-06-13,237.54461670,239.19309998,235.88967896,238.90884399,238.90884399,7141624980
2020-06-14,238.96818542,239.10145569,232.95819092,234.11470032,234.11470032,7439385176
2020-06-15,234.05830383,234.23783875,221.24176025,229.92890930,229.92890930,10536099884
2020-06-16,229.76229858,236.39430237,228.42614746,234.41616821,234.41616821,7965648016
2020-06-17,234.49237061,235.95405579,229.34164429,233.02827454,233.02827454,7701391592
2020-06-18,232.89869690,234.57064819,228.95143127,232.10116577,232.10116577,6713800872
2020-06-19,231.95497131,232.15411377,226.79518127,227.13829041,227.13829041,6946372590
2020-06-20,226.97636414,231.44902039,226.64062500,229.27426147,229.27426147,6252830566
2020-06-21,229.21614075,232.35894775,228.49299622,228.98982239,228.98982239,5600408178
2020-06-22,229.00337219,243.77601624,228.93473816,242.53318787,242.53318787,9079586552
2020-06-23,242.53701782,244.86441040,239.75973511,244.14215088,244.14215088,6624530348
2020-06-24,244.18592834,248.50802612,232.80773926,235.77246094,235.77246094,8815030025
2020-06-25,235.70285034,236.05340576,230.29660034,232.94448853,232.94448853,7010426122
2020-06-26,232.87748718,233.90193176,229.25946045,229.66804504,229.66804504,7187490226
2020-06-27,229.63148499,232.49342346,220.56457520,222.95979309,222.95979309,6918380955
2020-06-28,222.91448975,228.59828186,219.47267151,225.34716797,225.34716797,6205925718
2020-06-29,225.36143494,229.90321350,222.25498962,228.19487000,228.19487000,6726164653
2020-06-30,227.96842957,229.47680664,224.81518555,226.31500244,226.31500244,6094093001
2020-07-01,226.13458252,232.75611877,224.83573914,231.11341858,231.11341858,6463737443
2020-07-02,231.28890991,232.39688110,225.46195984,229.39219666,229.39219666,6212210566
2020-07-03,229.31895447,229.62931824,224.91397095,225.38706970,225.38706970,5109032700
2020-07-04,225.28848267,230.05413818,225.13331604,229.07411194,229.07411194,5228310135
2020-07-05,228.97619629,229.85671997,224.54449463,227.66459656,227.66459656,5292172429
2020-07-06,227.68501282,242.13270569,227.02952576,241.51022339,241.51022339,8782917553
2020-07-07,240.97259521,242.68185425,234.21865845,239.07553101,239.07553101,6441497597
2020-07-08,239.15997314,248.30886841,238.39837646,246.67001343,246.67001343,9892586411
2020-07-09,246.74829102,247.29167175,239.89865112,243.01596069,243.01596069,8429099199
2020-07-10,242.86801147,242.88378906,236.73052979,240.98498535,240.98498535,7281370522
2020-07-11,241.04478455,241.52748108,238.33123779,239.45817566,239.45817566,5643067316
2020-07-12,239.45964050,243.31114197,237.77021790,242.13169861,242.13169861,6596394718
2020-07-13,242.18186951,244.31051636,238.23237610,239.60458374,239.60458374,7787751468
2020-07-14,239.97561646,242.00378418,237.79618835,240.21148682,240.21148682,7357458555
2020-07-15,240.14364624,241.40269470,237.09617615,238.42352295,238.42352295,6189328448
2020-07-16,238.45091248,239.00625610,231.62117004,233.64088440,233.64088440,5832057567
2020-07-17,233.69139099,234.41506958,232.10997009,232.77308655,232.77308655,5859850529
2020-07-18,232.85568237,236.54397583,232.32489014,235.48381042,235.48381042,5397402117
2020-07-19,235.45829773,239.16069031,233.27973938,238.48751831,238.48751831,6251377305
2020-07-20,238.49487305,239.57624817,234.85264587,236.15316772,236.15316772,5600686192
2020-07-21,236.30250549,246.18626404,235.68096924,245.01672363,245.01672363,6806696015
2020-07-22,245.03726196,262.98504639,242.48434448,262.19064331,262.19064331,7702077383
2020-07-23,262.38864136,277.58346558,261.04708862,274.68905640,274.68905640,10281309262
2020-07-24,274.72268677,286.19284058,269.23977661,279.21542358,279.21542358,9466060358
2020-07-25,279.02636719,306.74099731,279.02636719,304.05676270,304.05676270,10785021813
2020-07-26,303.69238281,316.38632202,300.26782227,309.64361572,309.64361572,12003973026
2020-07-27,309.65792847,330.70120239,309.65792847,321.51409912,321.51409912,15644257058
2020-07-28,321.82974243,325.90597534,307.72134399,316.65725708,316.65725708,12357108065
2020-07-29,316.55535889,324.38079834,313.10958862,318.19088745,318.19088745,10878845706
2020-07-30,318.14498901,338.63119507,315.75109863,334.58663940,334.58663940,11827689045
2020-07-31,334.63372803,348.61135864,329.34094238,345.55465698,345.55465698,12030600492
2020-08-01,345.79861450,388.84796143,343.58743286,385.19970703,385.19970703,14045259477
2020-08-02,385.54986572,411.22830200,357.14364624,370.67172241,370.67172241,18909744275
2020-08-03,371.13385010,396.50698853,369.33633423,386.29516602,386.29516602,12834648062
2020-08-04,386.15646362,400.70062256,382.98510742,389.87548828,389.87548828,14086704221
2020-08-05,389.71081543,406.30395508,386.21847534,401.59057617,401.59057617,12875466638
2020-08-06,401.58386230,403.48867798,392.60018921,394.96194458,394.96194458,11304626458
2020-08-07,395.22686768,398.24902344,367.93551636,379.51284790,379.51284790,12751687084
2020-08-08,379.55157471,393.98736572,377.34973145,393.98736572,393.98736572,9342060531
2020-08-09,395.30523682,399.73709106,385.83071899,391.12045288,391.12045288,9451065592
2020-08-10,391.04150391,399.37594604,391.04150391,395.88757324,395.88757324,11685827893
2020-08-11,395.89471436,398.47891235,370.86062622,380.38406372,380.38406372,12792218737
2020-08-12,380.06381226,391.31231689,367.92361450,391.02416992,391.02416992,12408772745
2020-08-13,390.83810425,432.90460205,379.71087646,428.74179077,428.74179077,18480303526
2020-08-14,428.67727661,444.57775879,423.34585571,437.39782715,437.39782715,15064589987
2020-08-15,437.56298828,441.75460815,429.87460327,433.35491943,433.35491943,12416067894
2020-08-16,433.35058594,436.26583862,415.08624268,433.78662109,433.78662109,12168816874
2020-08-17,433.97375488,442.73498535,422.64727783,429.53125000,429.53125000,13227089410
2020-08-18,429.66961670,432.58029175,419.67410278,423.66931152,423.66931152,11978984079
2020-08-19,423.73858643,427.02465820,396.67834473,406.46377563,406.46377563,13137391167
2020-08-20,406.75891113,418.73443604,404.02609253,416.43978882,416.43978882,10043032427
2020-08-21,416.14877319,418.63796997,387.44113159,389.12634277,389.12634277,11781796374
2020-08-22,389.03109741,396.46658325,382.81463623,395.83514404,395.83514404,10131847985
2020-08-23,395.56283569,396.49041748,385.03979492,391.38449097,391.38449097,8137303970
2020-08-24,391.67898560,409.38858032,389.31460571,408.14419556,408.14419556,10328860398
2020-08-25,408.07168579,408.52792358,374.35537720,384.00103760,384.00103760,12428442042
2020-08-26,383.97744751,391.87326050,378.70584106,386.46612549,386.46612549,9967343483
2020-08-27,386.60986328,395.34918213,374.86648560,382.63262939,382.63262939,10457777652
2020-08-28,382.62957764,397.75762939,381.27383423,395.87466431,395.87466431,9120674421
2020-08-29,395.68759155,405.61636353,393.03741455,399.92147827,399.92147827,8777703481
2020-08-30,399.61669922,428.66397095,399.60836792,428.39572144,428.39572144,11211948040
2020-08-31,428.50900269,438.56033325,419.77017212,435.07974243,435.07974243,12774741797
2020-09-01,434.87445068,487.21188354,432.07919312,477.05191040,477.05191040,18862763756
2020-09-02,477.00787354,480.33099365,424.46002197,440.04049683,440.04049683,19691854014
2020-09-03,440.23999023,449.53247070,381.12969971,385.67193604,385.67193604,19622845896
2020-09-04,384.67163086,402.41174316,371.63668823,388.24114990,388.24114990,16747106257
2020-09-05,388.03839111,394.17227173,316.77435303,335.26007080,335.26007080,29880047640
2020-09-06,335.33456421,359.76403809,319.04190063,353.36227417,353.36227417,27643678917
2020-09-07,353.45025635,358.21188354,326.25436401,352.67349243,352.67349243,21763614732
2020-09-08,353.20227051,355.56286621,328.81677246,337.60211182,337.60211182,17991403432
2020-09-09,337.82492065,359.16448975,332.16500854,351.11001587,351.11001587,14547933520
2020-09-10,351.42932129,377.39358521,351.11175537,368.10189819,368.10189819,31421134556
2020-09-11,368.11849976,376.63040161,355.58258057,374.69558716,374.69558716,27296269329
2020-09-12,374.59539795,387.53845215,367.84219360,387.18310547,387.18310547,13295405814
2020-09-13,387.51928711,388.95980835,354.34017944,365.57000732,365.57000732,15005899191
2020-09-14,365.69958496,384.48519897,357.56976318,377.26885986,377.26885986,17536695361
2020-09-15,377.15402222,381.50830078,363.60681152,364.83920288,364.83920288,16140584321
2020-09-16,364.74398804,372.76742554,356.68273926,365.81228638,365.81228638,16107612177
2020-09-17,365.86578369,393.90161133,364.79513550,389.01922607,389.01922607,19899531080
2020-09-18,389.33749390,391.90414429,376.96499634,384.36453247,384.36453247,14108357740
2020-09-19,384.04165649,387.07635498,378.72406006,385.54437256,385.54437256,11049507684
2020-09-20,385.59799194,385.59799194,367.09436035,371.05282593,371.05282593,12292195784
2020-09-21,371.40014648,375.73703003,336.06896973,341.78607178,341.78607178,17398267133
2020-09-22,341.72381592,346.60083008,336.85504150,344.50317383,344.50317383,12732578043
2020-09-23,344.58990479,344.67138672,318.96920776,321.11630249,321.11630249,12899346599
2020-09-24,320.98501587,351.46148682,318.54510498,349.35559082,349.35559082,15714304470
2020-09-25,349.41143799,357.77273560,339.01593018,352.18325806,352.18325806,14381086966
2020-09-26,352.35089111,355.85476685,348.10711670,355.48809814,355.48809814,13049148579
2020-09-27,354.95989990,361.98440552,349.83407593,357.43850708,357.43850708,13598126926
2020-09-28,357.92593384,366.43215942,354.54763794,355.15942383,355.15942383,14258455166
2020-09-29,354.36300659,360.35336304,352.14685059,359.75738525,359.75738525,11600013236
2020-09-30,360.03851318,361.17877197,353.32794189,359.93786621,359.93786621,11818610610
2020-10-01,360.30914307,369.26440430,346.47705078,353.20590210,353.20590210,14679481911
2020-10-02,352.94967651,354.11541748,336.46716309,346.23892212,346.23892212,14215390463
2020-10-03,346.21862793,351.30770874,344.66656494,346.52209473,346.52209473,10060167889
2020-10-04,346.60223389,354.04574585,345.13101196,352.57901001,352.57901001,10696959020
2020-10-05,352.73681641,355.21408081,349.67990112,353.95678711,353.95678711,11809507622
2020-10-06,353.95648193,354.98901367,338.00329590,340.81585693,340.81585693,12830796112
2020-10-07,340.94308472,342.45083618,334.54556274,341.80865479,341.80865479,11929918060
2020-10-08,342.04464722,352.21148682,335.64749146,350.76614380,350.76614380,13461017711
2020-10-09,351.11288452,368.31033325,348.20584106,365.59048462,365.59048462,13043501763
2020-10-10,365.40246582,378.26715088,365.35403442,370.96759033,370.96759033,13618484324
2020-10-11,370.92843628,377.24679565,369.82803345,375.14205933,375.14205933,12584512533
2020-10-12,374.79873657,395.12216187,366.64233398,387.73126221,387.73126221,15867455424
2020-10-13,387.14294434,387.37567139,375.58245850,381.19076538,381.19076538,14226744838
2020-10-14,381.97146606,387.29617310,374.17501831,379.48403931,379.48403931,13918846567
2020-10-15,379.19223022,381.20877075,371.35412598,377.44183350,377.44183350,14964182545
2020-10-16,377.86849976,380.02151489,362.59741211,366.22900391,366.22900391,14670784817
2020-10-17,366.01571655,369.76812744,364.48901367,368.85592651,368.85592651,10951115359
2020-10-18,368.72753906,378.59765625,368.12915039,378.21368408,378.21368408,11047103109
2020-10-19,378.46963501,383.31765747,373.70227051,379.93560791,379.93560791,12811242092
2020-10-20,379.71969604,380.76101685,367.60107422,369.13690186,369.13690186,13741586582
2020-10-21,369.05941772,400.62725830,368.72796631,392.18997192,392.18997192,20241324322
2020-10-22,391.48861694,420.14166260,391.27630615,413.77297974,413.77297974,15772846485
2020-10-23,414.05133057,418.95993042,403.08203125,409.76669312,409.76669312,14256222052
2020-10-24,409.76724243,416.59967041,407.85171509,412.45761108,412.45761108,12201739194
2020-10-25,412.45764160,417.15921021,405.35064697,406.21777344,406.21777344,10890207469
2020-10-26,406.21798706,411.27987671,383.78289795,393.88830566,393.88830566,15155684229
2020-10-27,393.88818359,409.77285767,390.60845947,403.99703979,403.99703979,13940434102
2020-10-28,403.99710083,408.96475220,381.14633179,388.65075684,388.65075684,15276441134
2020-10-29,388.65106201,393.22769165,381.28875732,386.73010254,386.73010254,12920477749
2020-10-30,386.73025513,391.46472168,375.09240723,382.81997681,382.81997681,13688056970
2020-10-31,382.82003784,393.01013184,381.29525757,386.59033203,386.59033203,11276963426
2020-11-01,386.59033203,397.11611938,385.16552734,396.35818481,396.35818481,10475146018
2020-11-02,396.35598755,403.24075317,381.01763916,383.15673828,383.15673828,13997574252
2020-11-03,383.15603638,389.51538086,371.31274414,387.60217285,387.60217285,12588494762
2020-11-04,387.60321045,407.66564941,377.82760620,402.14199829,402.14199829,15126077675
2020-11-05,402.14294434,417.52593994,397.24581909,414.06735229,414.06735229,15440711038
2020-11-06,414.06671143,456.20062256,412.98229980,454.71929932,454.71929932,16738305610
2020-11-07,454.72256470,465.67547607,428.45635986,435.71313477,435.71313477,18873289788
2020-11-08,435.71881104,457.78045654,433.15377808,453.55477905,453.55477905,11292383601
2020-11-09,453.57415771,457.34960938,435.16387939,444.16305542,444.16305542,13704320630
2020-11-10,444.16638184,453.75836182,439.60012817,449.67962646,449.67962646,12090381666
2020-11-11,449.67965698,473.57885742,449.52493286,462.96054077,462.96054077,14075403511
2020-11-12,462.95953369,467.67782593,452.07241821,461.00527954,461.00527954,12877327234
2020-11-13,461.00549316,475.21725464,457.29824829,474.62643433,474.62643433,13191505725
2020-11-14,474.62643433,475.16143799,452.98608398,460.14984131,460.14984131,10312037942
2020-11-15,460.14990234,460.99407959,440.25433350,447.55908203,447.55908203,10308617165
2020-11-16,447.55899048,463.83102417,445.50161743,459.94030762,459.94030762,11441239444
2020-11-17,464.40664673,482.23220825,460.77661133,480.36007690,480.36007690,14593057877
2020-11-18,480.34683228,491.99990845,465.83096313,479.48406982,479.48406982,17880199224
2020-11-19,479.48101807,480.12173462,465.70425415,471.63043213,471.63043213,12473929218
2020-11-20,471.63146973,513.61035156,471.63146973,509.74456787,509.74456787,18629943296
2020-11-21,509.74459839,550.22741699,504.23776245,549.48663330,549.48663330,20757099184
2020-11-22,549.48663330,579.37249756,514.51721191,558.06811523,558.06811523,21967049601
2020-11-23,558.05950928,609.98760986,551.26525879,608.45404053,608.45404053,27272302872
2020-11-24,608.52276611,621.17340088,593.83514404,603.89776611,603.89776611,23281758100
2020-11-25,603.90203857,605.09417725,559.67138672,570.68664551,570.68664551,20088492893
2020-11-26,570.51489258,575.64147949,485.49731445,518.80114746,518.80114746,31104004592
2020-11-27,519.10809326,530.77716064,497.24261475,517.49371338,517.49371338,16831105703
2020-11-28,517.59735107,548.04486084,508.12536621,538.22979736,538.22979736,14770243833
2020-11-29,538.26458740,576.60241699,531.98754883,575.75805664,575.75805664,15017517758
2020-11-30,575.75708008,615.24053955,571.53778076,614.84252930,614.84252930,20276867833
2020-12-01,615.07031250,635.16058350,571.75396729,587.32415771,587.32415771,27178964465
2020-12-02,587.26159668,604.02246094,578.74102783,598.35235596,598.35235596,16883292129
2020-12-03,598.45922852,622.45269775,588.34637451,616.70874023,616.70874023,16146190946
2020-12-04,616.72277832,618.98315430,569.28350830,569.35418701,569.35418701,16337589997
2020-12-05,569.34765625,596.59545898,563.10662842,596.59545898,596.59545898,13498010566
2020-12-06,596.56866455,606.79193115,584.41174316,601.90899658,601.90899658,11290893016
2020-12-07,601.79711914,602.91790771,585.42864990,591.84338379,591.84338379,10720480962
2020-12-08,591.90081787,594.75158691,552.46923828,554.82775879,554.82775879,14398919320
2020-12-09,554.79290771,577.28839111,532.99841309,573.47912598,573.47912598,15855915840
2020-12-10,573.50402832,574.60015869,549.78405762,559.67852783,559.67852783,11672582040
2020-12-11,559.67919922,560.37670898,537.81164551,545.79736328,545.79736328,11098819124
2020-12-12,545.57855225,573.33941650,545.24560547,568.56732178,568.56732178,8534557897
2020-12-13,568.60986328,593.78125000,564.56597900,589.66320801,589.66320801,9070377862
2020-12-14,589.78247070,590.49298096,577.11840820,586.01116943,586.01116943,8125837102
2020-12-15,586.02178955,596.24774170,580.62878418,589.35559082,589.35559082,9326645840
2020-12-16,589.37866211,636.64031982,582.03912354,636.18182373,636.18182373,15817248373
2020-12-17,636.15417480,673.83422852,628.74938965,642.86895752,642.86895752,25479532147
2020-12-18,642.91699219,662.69909668,632.35607910,654.81195068,654.81195068,15756303983
2020-12-19,654.62420654,668.76959229,646.61621094,659.29791260,659.29791260,12830893778
2020-12-20,659.18505859,659.92370605,625.01446533,638.29083252,638.29083252,13375855442
2020-12-21,638.31518555,646.84655762,600.83605957,609.81787109,609.81787109,14419493621
2020-12-22,609.42053223,635.07659912,589.55200195,634.85418701,634.85418701,14745890080
2020-12-23,634.82458496,637.12280273,560.36425781,583.71459961,583.71459961,15261413038
2020-12-24,584.13562012,613.81518555,568.59637451,611.60717773,611.60717773,14317413703
2020-12-25,611.55456543,633.06140137,605.42443848,626.41070557,626.41070557,13520927700
2020-12-26,626.49804688,650.72143555,617.40209961,635.83581543,635.83581543,14761125202
2020-12-27,635.88714600,711.39355469,628.33496094,682.64233398,682.64233398,26093552821
2020-12-28,683.20581055,745.87774658,683.20581055,730.39733887,730.39733887,24222565862
2020-12-29,730.35870361,737.95288086,692.14941406,731.52014160,731.52014160,18710683199
2020-12-30,731.47283936,754.30322266,720.98889160,751.61895752,751.61895752,17294574210
2020-12-31,751.62664795,754.29943848,726.51190186,737.80340576,737.80340576,13926846861
2021-01-01,737.70837402,749.20184326,719.79223633,730.36755371,730.36755371,13652004358
2021-01-02,730.40264893,786.79846191,718.10949707,774.53497314,774.53497314,19740771179
2021-01-03,774.51184082,1006.56500244,771.56164551,975.50769043,975.50769043,45200463368
2021-01-04,977.05883789,1153.18920898,912.30535889,1040.23303223,1040.23303223,56945985763
2021-01-05,1041.49877930,1129.37145996,986.81127930,1100.00610352,1100.00610352,41535932781
2021-01-06,1101.00500488,1209.42858887,1064.23339844,1207.11218262,1207.11218262,44699914188
2021-01-07,1208.07836914,1282.57958984,1167.44311523,1225.67810059,1225.67810059,40468027280
2021-01-08,1225.96789551,1273.82751465,1076.08154297,1224.19714355,1224.19714355,44334826666
2021-01-09,1223.74047852,1303.87182617,1182.27038574,1281.07727051,1281.07727051,33233105361
2021-01-10,1280.87109375,1347.92614746,1194.71557617,1262.24670410,1262.24670410,40616938053
2021-01-11,1261.62292480,1261.62292480,924.92260742,1090.14538574,1090.14538574,60733630300
2021-01-12,1088.52673340,1149.24023438,1012.76416016,1043.43457031,1043.43457031,37494601692
2021-01-13,1043.74096680,1134.33850098,994.54907227,1130.73937988,1130.73937988,30109792795
2021-01-14,1130.23120117,1244.16308594,1093.06079102,1218.45300293,1218.45300293,33410915929
2021-01-15,1221.87719727,1250.50585938,1090.72106934,1171.83459473,1171.83459473,35972039310
2021-01-16,1171.44311523,1290.05358887,1157.62377930,1233.53759766,1233.53759766,32319240157
2021-01-17,1233.45336914,1265.64465332,1174.38854980,1230.17224121,1230.17224121,29258032819
2021-01-18,1230.31323242,1259.45007324,1187.31103516,1257.27954102,1257.27954102,25817455560
2021-01-19,1257.43457031,1432.30004883,1254.52294922,1377.29589844,1377.29589844,47195935190
2021-01-20,1375.24841309,1405.74414062,1243.29992676,1382.27404785,1382.27404785,46784030909
2021-01-21,1382.68444824,1382.68444824,1098.47619629,1121.57092285,1121.57092285,45932464754
2021-01-22,1118.88903809,1271.68762207,1046.59655762,1236.51220703,1236.51220703,43918338506
2021-01-23,1235.26794434,1272.15112305,1200.89331055,1230.99060059,1230.99060059,27253895441
2021-01-24,1231.21057129,1395.11132812,1225.27404785,1391.60937500,1391.60937500,36418163554
2021-01-25,1390.63989258,1467.78491211,1304.97399902,1324.41479492,1324.41479492,43565777745
2021-01-26,1323.74169922,1376.08508301,1253.34033203,1357.05810547,1357.05810547,41572917750
2021-01-27,1358.33337402,1368.07409668,1215.31127930,1253.18713379,1253.18713379,39394416990
2021-01-28,1251.27978516,1356.28869629,1226.17395020,1332.49218750,1332.49218750,34637234789
2021-01-29,1369.08679199,1428.98120117,1292.24011230,1382.52282715,1382.52282715,53611955259
2021-01-30,1382.23193359,1402.39978027,1328.52905273,1376.11547852,1376.11547852,30616574234
2021-01-31,1376.82360840,1378.91601562,1288.50158691,1314.98620605,1314.98620605,25198853581
2021-02-01,1314.85522461,1373.84582520,1274.35778809,1369.04052734,1369.04052734,29210670920
2021-02-02,1369.50512695,1542.99096680,1362.77124023,1515.19372559,1515.19372559,45437142801
2021-02-03,1514.76965332,1660.90954590,1510.01025391,1660.90954590,1660.90954590,41874566399
2021-02-04,1661.17016602,1689.18664551,1561.85351562,1594.76269531,1594.76269531,44396871836
2021-02-05,1594.79333496,1756.51098633,1594.79333496,1718.65087891,1718.65087891,40108628454
2021-02-06,1717.79748535,1738.31445312,1649.06872559,1677.84680176,1677.84680176,39873420648
2021-02-07,1677.60571289,1690.03662109,1501.75024414,1614.22778320,1614.22778320,39889440151
2021-02-08,1613.64221191,1770.59082031,1571.57995605,1746.61682129,1746.61682129,48012285956
2021-02-09,1746.92614746,1815.96362305,1711.62060547,1768.03503418,1768.03503418,44180727529
2021-02-10,1768.03979492,1826.69677734,1686.54235840,1744.24340820,1744.24340820,41916084617
2021-02-11,1743.71423340,1806.53906250,1708.67919922,1783.79797363,1783.79797363,36021495262
2021-02-12,1783.48913574,1861.35693359,1744.16894531,1843.53259277,1843.53259277,37905036865
2021-02-13,1843.98681641,1871.60351562,1770.61206055,1814.10986328,1814.10986328,35359490535
2021-02-14,1814.37231445,1848.15405273,1789.91418457,1805.08410645,1805.08410645,31439114900
2021-02-15,1804.67675781,1833.83056641,1683.90661621,1779.79101562,1779.79101562,38955610883
2021-02-16,1778.94555664,1824.51867676,1729.64196777,1781.06750488,1781.06750488,34269369268
2021-02-17,1781.35009766,1853.66760254,1736.70581055,1848.45825195,1848.45825195,35955412703
2021-02-18,1848.20629883,1949.90344238,1848.20629883,1937.44921875,1937.44921875,28255902969
2021-02-19,1938.85986328,1969.54699707,1896.68444824,1960.16479492,1960.16479492,26268814253
2021-02-20,1959.90295410,2036.28649902,1830.53149414,1919.53405762,1919.53405762,34696091102
2021-02-21,1918.67309570,1974.25964355,1890.36816406,1935.60107422,1935.60107422,23626547717
2021-02-22,1935.55786133,1936.45373535,1580.62658691,1781.99291992,1781.99291992,42409646036
2021-02-23,1781.40905762,1781.40905762,1378.84094238,1570.20397949,1570.20397949,52029864713
2021-02-24,1571.47644043,1710.98376465,1511.01892090,1626.57568359,1626.57568359,31329000537
2021-02-25,1625.39392090,1670.22412109,1465.05895996,1475.70373535,1475.70373535,24481681873
2021-02-26,1478.65332031,1559.02893066,1407.97924805,1446.03369141,1446.03369141,31435997881
2021-02-27,1446.92944336,1524.93237305,1433.78698730,1459.97314453,1459.97314453,20742103233
2021-02-28,1459.86047363,1468.39147949,1300.47216797,1416.04895020,1416.04895020,27637026080
2021-03-01,1417.15112305,1567.69458008,1416.41613770,1564.70764160,1564.70764160,24032838645
2021-03-02,1564.06347656,1597.61010742,1461.32543945,1492.60876465,1492.60876465,22523669722
2021-03-03,1491.45117188,1650.36059570,1481.90576172,1575.85314941,1575.85314941,22674780680
2021-03-04,1574.62377930,1622.95385742,1511.10339355,1541.91430664,1541.91430664,22906118718
2021-03-05,1541.54174805,1547.87817383,1450.89135742,1533.27502441,1533.27502441,21067146937
2021-03-06,1532.37280273,1669.10656738,1519.14111328,1654.74157715,1654.74157715,22746262366
2021-03-07,1655.39245605,1730.92419434,1636.56445312,1723.15380859,1723.15380859,23809935410
2021-03-08,1724.22924805,1835.19213867,1670.94201660,1834.72790527,1834.72790527,27630991158
2021-03-09,1835.14807129,1868.04882812,1804.26635742,1868.04882812,1868.04882812,23461244507
2021-03-10,1868.48901367,1873.80322266,1766.49047852,1799.16625977,1799.16625977,25154173185
2021-03-11,1798.03393555,1843.81884766,1734.61706543,1826.19494629,1826.19494629,24013132909
2021-03-12,1826.54675293,1839.49731445,1728.98095703,1772.10241699,1772.10241699,22435821312
2021-03-13,1772.16638184,1937.64550781,1733.63989258,1924.68542480,1924.68542480,25014689475
2021-03-14,1923.86376953,1930.77978516,1845.11999512,1854.56433105,1854.56433105,19344589211
2021-03-15,1854.08666992,1889.19665527,1749.60632324,1791.70227051,1791.70227051,26244738810
2021-03-16,1792.41381836,1817.06018066,1720.05322266,1806.97180176,1806.97180176,23828509590
2021-03-17,1807.05615234,1839.81896973,1749.17993164,1823.44934082,1823.44934082,24512917348
2021-03-18,1823.15844727,1848.64611816,1705.71606445,1782.85510254,1782.85510254,23263845504
2021-03-19,1782.56872559,1841.19604492,1746.47338867,1817.62414551,1817.62414551,21249297710
2021-03-20,1817.52270508,1874.70898438,1811.72863770,1812.63464355,1812.63464355,22677674970
2021-03-21,1812.60656738,1823.35302734,1764.13928223,1788.21704102,1788.21704102,22977404620
2021-03-22,1788.36218262,1811.96826172,1674.29980469,1691.33398438,1691.33398438,23599296129
2021-03-23,1690.87182617,1725.10876465,1662.53991699,1678.65014648,1678.65014648,21998237965
2021-03-24,1678.00256348,1740.42822266,1570.78796387,1593.41345215,1593.41345215,31228051473
2021-03-25,1593.12329102,1625.91149902,1560.37048340,1595.35925293,1595.35925293,29650328701
2021-03-26,1595.21008301,1702.92285156,1594.73669434,1702.84204102,1702.84204102,22548516548
2021-03-27,1703.03613281,1732.82434082,1674.31933594,1716.49462891,1716.49462891,18102277710
2021-03-28,1716.40563965,1728.58410645,1672.66040039,1691.35595703,1691.35595703,16599472938
2021-03-29,1691.26318359,1837.18798828,1683.71655273,1819.68493652,1819.68493652,22796570548
2021-03-30,1819.46630859,1860.97473145,1793.92236328,1846.03369141,1846.03369141,22512781703
2021-03-31,1846.09826660,1947.83776855,1793.00219727,1918.36206055,1918.36206055,30226902621
2021-04-01,1919.15722656,1989.05505371,1912.17846680,1977.27685547,1977.27685547,30914259795
2021-04-02,1976.93273926,2152.45190430,1960.67871094,2143.22558594,2143.22558594,34862511022
2021-04-03,2142.89599609,2144.96240234,2028.42248535,2028.42248535,2028.42248535,32011518871
2021-04-04,2027.67126465,2110.35351562,2007.11181641,2093.12280273,2093.12280273,26006501902
2021-04-05,2093.26074219,2140.98535156,2032.38769531,2107.88720703,2107.88720703,28889391170
2021-04-06,2109.49316406,2151.22338867,2057.60913086,2118.37890625,2118.37890625,29222865881
2021-04-07,2117.72851562,2133.18750000,1945.44213867,1971.07727051,1971.07727051,36116271935
2021-04-08,1969.13317871,2091.51635742,1959.07946777,2088.57373047,2088.57373047,25312956529
2021-04-09,2088.77221680,2102.87377930,2055.16333008,2072.10888672,2072.10888672,19812472092
2021-04-10,2071.11157227,2196.99633789,2062.78759766,2135.94213867,2135.94213867,24986243611
2021-04-11,2136.15698242,2165.19140625,2119.86572266,2157.65698242,2157.65698242,19692836132
2021-04-12,2157.36181641,2199.71875000,2110.36889648,2139.35327148,2139.35327148,21727936609
2021-04-13,2139.36425781,2318.42333984,2138.55957031,2299.18774414,2299.18774414,29456642939
2021-04-14,2299.34790039,2449.68750000,2284.56372070,2435.10498047,2435.10498047,35592822986
2021-04-15,2436.03466797,2544.26733398,2409.92407227,2519.11621094,2519.11621094,32325606817
2021-04-16,2516.60180664,2547.55566406,2318.67504883,2431.94653320,2431.94653320,36196928256
2021-04-17,2429.98095703,2497.38525391,2333.68286133,2344.89501953,2344.89501953,32349808978
2021-04-18,2346.45239258,2365.46044922,2011.76684570,2237.13696289,2237.13696289,50696368718
2021-04-19,2238.03271484,2276.77685547,2086.68872070,2166.18872070,2166.18872070,34060654971
2021-04-20,2161.93945312,2345.83496094,2060.14379883,2330.21093750,2330.21093750,39433483315
2021-04-21,2331.16015625,2467.20068359,2238.36694336,2364.75170898,2364.75170898,38899067643
2021-04-22,2357.87109375,2641.09497070,2315.96020508,2403.53515625,2403.53515625,53575904724
2021-04-23,2401.25634766,2439.53710938,2117.03955078,2363.58618164,2363.58618164,55413933925
2021-04-24,2367.19921875,2367.74096680,2163.69311523,2211.62573242,2211.62573242,31854226936
2021-04-25,2214.41381836,2354.08666992,2172.51513672,2316.05957031,2316.05957031,31814355546
2021-04-26,2319.47802734,2536.33740234,2308.31518555,2534.48168945,2534.48168945,35208325408
2021-04-27,2534.03125000,2676.39282227,2485.37500000,2662.86523438,2662.86523438,32275969215
2021-04-28,2664.68554688,2757.47729492,2564.08154297,2746.38012695,2746.38012695,34269031076
2021-04-29,2748.64965820,2797.97241211,2672.10668945,2756.87695312,2756.87695312,32578127990
2021-04-30,2757.73413086,2796.05493164,2728.16992188,2773.20703125,2773.20703125,29777179889
2021-05-01,2772.83837891,2951.44091797,2755.90844727,2945.89282227,2945.89282227,28726205272
2021-05-02,2945.56005859,2984.89184570,2860.52612305,2952.05615234,2952.05615234,28032013047
2021-05-03,2951.17578125,3450.03784180,2951.17578125,3431.08618164,3431.08618164,49174290212
2021-05-04,3431.13159180,3523.58593750,3180.74267578,3253.62939453,3253.62939453,62402045158
2021-05-05,3240.55468750,3541.46264648,3213.10156250,3522.78320312,3522.78320312,48334198383
2021-05-06,3524.93090820,3598.89599609,3386.23999023,3490.88037109,3490.88037109,44300394788
2021-05-07,3490.10522461,3573.29003906,3370.26196289,3484.72900391,3484.72900391,39607240515
2021-05-08,3481.98803711,3950.16503906,3453.76855469,3902.64770508,3902.64770508,50208491286
2021-05-09,3911.46313477,3981.25903320,3743.98901367,3928.84472656,3928.84472656,50568290278
2021-05-10,3924.41333008,4197.47314453,3684.45166016,3952.29394531,3952.29394531,62691789007
2021-05-11,3948.27197266,4178.20898438,3783.88940430,4168.70117188,4168.70117188,52679737865
2021-05-12,4174.63574219,4362.35058594,3785.84863281,3785.84863281,3785.84863281,69023382175
2021-05-13,3828.91845703,4032.56347656,3549.40722656,3715.14843750,3715.14843750,78398214539
2021-05-14,3720.12231445,4171.01708984,3703.39990234,4079.05737305,4079.05737305,48174271215
2021-05-15,4075.95166016,4129.18554688,3638.12207031,3638.12207031,3638.12207031,42422321751
2021-05-16,3641.83081055,3878.89599609,3350.95166016,3587.50610352,3587.50610352,47359478734
2021-05-17,3581.34301758,3587.76562500,3129.00878906,3282.39770508,3282.39770508,54061732774
2021-05-18,3276.87231445,3562.46508789,3246.40405273,3380.07006836,3380.07006836,40416525218
2021-05-19,3382.65722656,3437.93579102,1952.46020508,2460.67919922,2460.67919922,84482912776
2021-05-20,2439.63867188,2993.14526367,2170.22900391,2784.29418945,2784.29418945,67610826680
2021-05-21,2772.34130859,2938.20507812,2113.34716797,2430.62133789,2430.62133789,53774070802
2021-05-22,2436.01464844,2483.98315430,2168.12426758,2295.70556641,2295.70556641,42089937660
2021-05-23,2298.36718750,2384.41162109,1737.46875000,2109.57983398,2109.57983398,56005721977
2021-05-24,2099.93603516,2672.59570312,2090.63964844,2643.59106445,2643.59106445,53697121740
2021-05-25,2649.03320312,2750.53491211,2394.35546875,2706.62890625,2706.62890625,49558333256
2021-05-26,2707.05273438,2911.73559570,2652.09448242,2888.69873047,2888.69873047,42499766020
2021-05-27,2888.75244141,2888.75244141,2642.60791016,2736.48852539,2736.48852539,33373635283
2021-05-28,2742.46899414,2761.36328125,2336.36132812,2419.90625000,2419.90625000,39999114805
2021-05-29,2414.06713867,2566.93847656,2208.49096680,2279.51416016,2279.51416016,33773720220
2021-05-30,2278.28881836,2472.18774414,2188.83447266,2390.30541992,2390.30541992,25876619428
2021-05-31,2387.19848633,2715.85498047,2279.50512695,2714.94531250,2714.94531250,31007383150
2021-06-01,2707.56054688,2739.73754883,2531.16064453,2633.51831055,2633.51831055,27363223090
2021-06-02,2634.45605469,2801.39233398,2555.40136719,2706.12500000,2706.12500000,27723267359
2021-06-03,2708.37622070,2891.25488281,2667.68432617,2855.12646484,2855.12646484,30038207402
2021-06-04,2857.16552734,2857.16552734,2562.63745117,2688.19506836,2688.19506836,34173841611
2021-06-05,2691.61938477,2817.48486328,2558.23364258,2630.57690430,2630.57690430,30496672724
2021-06-06,2629.74877930,2743.44116211,2616.16235352,2715.09277344,2715.09277344,25311639414
2021-06-07,2713.04736328,2845.18505859,2583.99511719,2590.26318359,2590.26318359,30600111277
2021-06-08,2594.60229492,2620.84619141,2315.54663086,2517.43872070,2517.43872070,41909736778
2021-06-09,2510.19921875,2625.07055664,2412.19775391,2608.26708984,2608.26708984,36075832186
2021-06-10,2611.14257812,2619.95776367,2435.40161133,2471.51855469,2471.51855469,28753626390
2021-06-11,2472.85888672,2495.41479492,2326.86962891,2353.76879883,2353.76879883,24832564195
2021-06-12,2354.75219727,2447.22778320,2265.75805664,2372.48437500,2372.48437500,25724364410
2021-06-13,2372.69018555,2547.36791992,2312.64013672,2508.39160156,2508.39160156,27092945370
2021-06-14,2508.77050781,2606.43286133,2469.38818359,2537.89111328,2537.89111328,26964576331
2021-06-15,2587.76269531,2639.22924805,2515.15307617,2610.93676758,2610.93676758,29005279219
2021-06-16,2544.86474609,2554.62890625,2354.35058594,2367.66357422,2367.66357422,24101926180
2021-06-17,2367.30639648,2457.17553711,2312.30151367,2372.00195312,2372.00195312,21871633186
2021-06-18,2374.58691406,2377.19506836,2147.30834961,2231.73315430,2231.73315430,22752818388
2021-06-19,2235.15917969,2278.41503906,2168.88500977,2178.49902344,2178.49902344,18765854896
2021-06-20,2171.33789062,2275.38281250,2049.96264648,2246.36450195,2246.36450195,22535930423
2021-06-21,2245.31787109,2259.46411133,1867.18542480,1888.44750977,1888.44750977,33745173825
2021-06-22,1886.66760254,1993.15979004,1707.60058594,1874.95007324,1874.95007324,35547251725
2021-06-23,1878.62500000,2043.53039551,1827.57153320,1989.73632812,1989.73632812,28408659206
2021-06-24,1968.95739746,2032.33935547,1887.43200684,1988.45629883,1988.45629883,20272845769
2021-06-25,1989.21582031,2017.75952148,1794.40039062,1813.21728516,1813.21728516,22774334998
2021-06-26,1810.88427734,1850.17980957,1719.55944824,1829.23925781,1829.23925781,20637542361
2021-06-27,1830.99694824,1979.95812988,1811.24584961,1978.89465332,1978.89465332,19885474742
2021-06-28,1981.38647461,2139.80541992,1963.61547852,2079.65747070,2079.65747070,25514602841
2021-06-29,2083.44873047,2242.23876953,2076.24023438,2160.76831055,2160.76831055,24815124419
2021-06-30,2164.21630859,2282.98901367,2090.76074219,2274.54760742,2274.54760742,25828056268
2021-07-01,2274.39746094,2274.39746094,2081.08105469,2113.60546875,2113.60546875,29061701793
2021-07-02,2109.89257812,2155.59643555,2021.82482910,2150.04028320,2150.04028320,31796212554
2021-07-03,2150.83496094,2237.56713867,2117.59008789,2226.11425781,2226.11425781,17433361641
2021-07-04,2226.55029297,2384.28686523,2190.83764648,2321.72412109,2321.72412109,18787107473
2021-07-05,2321.92285156,2321.92285156,2163.04150391,2198.58251953,2198.58251953,20103794829
2021-07-06,2197.91943359,2346.29492188,2197.91943359,2324.67944336,2324.67944336,20891861314
2021-07-07,2323.20849609,2403.77343750,2298.02685547,2315.16186523,2315.16186523,22398345285
2021-07-08,2317.94921875,2324.00683594,2089.41430664,2120.02636719,2120.02636719,23188123689
2021-07-09,2115.57397461,2185.37622070,2051.06665039,2146.69238281,2146.69238281,23029574602
2021-07-10,2146.99975586,2190.12402344,2081.92358398,2111.40356445,2111.40356445,17581542471
2021-07-11,2110.87573242,2172.65332031,2083.80371094,2139.66479492,2139.66479492,14705386138
2021-07-12,2140.50683594,2167.71020508,2011.01892090,2036.72106934,2036.72106934,17768129077
2021-07-13,2034.09838867,2040.69360352,1922.57788086,1940.08398438,1940.08398438,16621628658
2021-07-14,1941.16784668,2015.10742188,1869.22314453,1994.33129883,1994.33129883,17342819679
2021-07-15,1994.71203613,2037.74255371,1883.27221680,1911.17565918,1911.17565918,15688092552
2021-07-16,1916.59838867,1959.69628906,1853.59033203,1880.38293457,1880.38293457,14884569147
2021-07-17,1876.88134766,1917.59790039,1855.59082031,1898.82519531,1898.82519531,13364282076
2021-07-18,1900.19433594,1988.33642578,1883.01257324,1895.55212402,1895.55212402,13791868728
2021-07-19,1893.05358887,1916.11804199,1807.90991211,1817.29663086,1817.29663086,14157735481
2021-07-20,1819.08203125,1836.99804688,1722.05078125,1787.51074219,1787.51074219,17368597636
2021-07-21,1786.27624512,2025.68041992,1759.02331543,1990.97082520,1990.97082520,21253359756
2021-07-22,1994.82287598,2044.11645508,1954.29785156,2025.20275879,2025.20275879,17495480331
2021-07-23,2025.10571289,2129.44116211,2000.43627930,2124.77661133,2124.77661133,16200392492
2021-07-24,2123.96118164,2197.64941406,2107.32348633,2189.21875000,2189.21875000,16057446601
2021-07-25,2187.14550781,2194.43823242,2108.82983398,2191.37377930,2191.37377930,14566483636
2021-07-26,2191.30981445,2428.81713867,2177.32958984,2233.36669922,2233.36669922,29614324233
2021-07-27,2230.19702148,2316.95019531,2154.73120117,2298.33349609,2298.33349609,23067480378
2021-07-28,2302.08129883,2341.77783203,2250.91406250,2296.54541016,2296.54541016,18991302378
2021-07-29,2299.01196289,2396.45190430,2273.40478516,2380.95678711,2380.95678711,16313373113
2021-07-30,2382.54516602,2469.70483398,2322.33715820,2466.96142578,2466.96142578,20212848934
2021-07-31,2461.57568359,2551.16113281,2423.81616211,2536.20996094,2536.20996094,18001710283
2021-08-01,2530.46289062,2695.42944336,2520.93188477,2561.85205078,2561.85205078,22697987055
2021-08-02,2557.77465820,2665.73095703,2511.37524414,2610.15332031,2610.15332031,22162754104
2021-08-03,2609.41308594,2630.31420898,2449.35351562,2502.34960938,2502.34960938,22696753413
2021-08-04,2508.54492188,2764.44360352,2463.46948242,2724.61987305,2724.61987305,25038698173
2021-08-05,2725.66967773,2840.43066406,2540.68408203,2827.32885742,2827.32885742,31057928075
2021-08-06,2827.50341797,2944.90332031,2727.79272461,2890.94165039,2890.94165039,26528577879
2021-08-07,2891.70751953,3170.22973633,2868.53564453,3157.23876953,3157.23876953,33081467129
2021-08-08,3161.23266602,3184.60400391,2951.74731445,3013.73266602,3013.73266602,28433638008
2021-08-09,3012.88574219,3185.70117188,2900.92602539,3167.85620117,3167.85620117,31983260936
2021-08-10,3163.05004883,3228.94067383,3059.22900391,3141.69116211,3141.69116211,27605221710
2021-08-11,3142.83032227,3269.20947266,3122.91650391,3164.24511719,3164.24511719,26729035052
2021-08-12,3164.17578125,3236.31469727,2984.16699219,3043.41430664,3043.41430664,25403699845
2021-08-13,3049.00122070,3324.67163086,3037.67602539,3322.21166992,3322.21166992,23868866254
2021-08-14,3322.76269531,3329.28100586,3214.51977539,3265.44335938,3265.44335938,19860862133
2021-08-15,3266.27612305,3320.08422852,3117.79174805,3310.50415039,3310.50415039,22166205051
2021-08-16,3309.42211914,3333.99487305,3139.77856445,3156.50952148,3156.50952148,23080039949
2021-08-17,3149.38037109,3288.81274414,2996.46826172,3014.84594727,3014.84594727,25509056745
2021-08-18,3011.96362305,3124.97607422,2959.02832031,3020.08984375,3020.08984375,21539248425
2021-08-19,3019.12695312,3184.43554688,2963.15014648,3182.70214844,3182.70214844,19546290360
2021-08-20,3182.16259766,3298.24658203,3178.10375977,3286.93530273,3286.93530273,20885619828
2021-08-21,3286.93164062,3307.35156250,3209.86621094,3226.08398438,3226.08398438,18113977628
2021-08-22,3226.22729492,3272.73315430,3142.00708008,3242.11547852,3242.11547852,15983278460
2021-08-23,3241.35742188,3373.38427734,3235.85131836,3319.25732422,3319.25732422,20511110509
2021-08-24,3324.85546875,3358.68823242,3154.12133789,3172.45629883,3172.45629883,20131028906
2021-08-25,3174.26977539,3248.72729492,3086.11499023,3224.91528320,3224.91528320,18902728235
2021-08-26,3228.74731445,3249.65527344,3060.22875977,3100.32543945,3100.32543945,17405668117
2021-08-27,3096.40600586,3281.84057617,3064.48510742,3270.60083008,3270.60083008,18489602004
2021-08-28,3275.10449219,3284.84594727,3217.40356445,3244.40332031,3244.40332031,13709633698
2021-08-29,3246.77099609,3283.23559570,3158.84033203,3227.00268555,3227.00268555,13296586731
2021-08-30,3227.19262695,3346.58105469,3151.44458008,3224.37426758,3224.37426758,19306924485
2021-08-31,3227.75805664,3466.99218750,3195.21655273,3433.73266602,3433.73266602,27280502987
2021-09-01,3430.76245117,3836.86743164,3387.40844727,3834.82812500,3834.82812500,30070890104
2021-09-02,3825.02783203,3830.71142578,3726.75048828,3790.98999023,3790.98999023,24387397330
2021-09-03,3787.48657227,4022.46923828,3712.67822266,3940.61474609,3940.61474609,26207765094
2021-09-04,3937.91015625,3969.44873047,3837.93115234,3887.82836914,3887.82836914,20806963328
2021-09-05,3886.33105469,3979.18652344,3838.48730469,3952.13354492,3952.13354492,18371468576
2021-09-06,3951.52075195,3968.42651367,3868.99438477,3928.37939453,3928.37939453,18674691198
2021-09-07,3926.52758789,3945.31420898,3062.22241211,3426.39428711,3426.39428711,39131346397
2021-09-08,3428.37817383,3559.12133789,3224.76489258,3497.31518555,3497.31518555,31738430771
2021-09-09,3452.54833984,3562.99267578,3400.51708984,3427.34008789,3427.34008789,24118055831
2021-09-10,3425.56494141,3512.57128906,3157.05908203,3211.50585938,3211.50585938,22355974097
2021-09-11,3209.03051758,3346.52636719,3208.96191406,3270.27807617,3270.27807617,18627122934
2021-09-12,3270.29174805,3462.46826172,3235.10937500,3410.13452148,3410.13452148,16810411424
2021-09-13,3407.47192383,3426.50219727,3121.51416016,3285.51171875,3285.51171875,22721552948
2021-09-14,3286.31640625,3429.16967773,3273.63085938,3429.16967773,3429.16967773,19125420848
2021-09-15,3431.21728516,3615.28271484,3365.91308594,3615.28271484,3615.28271484,17548551804
2021-09-16,3613.07373047,3673.31079102,3489.80566406,3571.29492188,3571.29492188,20093903064
2021-09-17,3569.56811523,3589.30517578,3356.44995117,3398.53881836,3398.53881836,17722363229
2021-09-18,3397.42285156,3540.80761719,3371.89233398,3432.01831055,3432.01831055,15995220233
2021-09-19,3433.28784180,3448.32202148,3286.17236328,3329.44799805,3329.44799805,14257609743
2021-09-20,3329.67065430,3343.32543945,2940.83911133,2958.99340820,2958.99340820,27371684581
2021-09-21,2977.31054688,3101.69750977,2676.40747070,2764.43115234,2764.43115234,30405062665
2021-09-22,2763.20922852,3089.08300781,2741.44067383,3077.86791992,3077.86791992,23742102645
2021-09-23,3077.97436523,3173.54467773,3038.09790039,3155.52368164,3155.52368164,18516291047
2021-09-24,3154.56201172,3159.64404297,2747.33764648,2931.66918945,2931.66918945,25595422789
2021-09-25,2930.88476562,2968.99462891,2818.97045898,2925.56567383,2925.56567383,18932786754
2021-09-26,2926.34301758,3114.85742188,2744.58300781,3062.26538086,3062.26538086,21172766310
2021-09-27,3065.83789062,3163.66503906,2932.69287109,2934.13891602,2934.13891602,19164053681
2021-09-28,2928.96337891,2970.77050781,2793.36059570,2807.29663086,2807.29663086,16895079070
2021-09-29,2809.29760742,2946.88134766,2786.98828125,2853.14331055,2853.14331055,15763456158
2021-09-30,2852.55883789,3046.51953125,2840.28955078,3001.67895508,3001.67895508,17661065099
2021-10-01,3001.12939453,3329.85351562,2978.65429688,3307.51611328,3307.51611328,22307625573
2021-10-02,3308.87036133,3464.83740234,3260.02758789,3391.69433594,3391.69433594,19202671704
2021-10-03,3390.76757812,3484.60571289,3348.12011719,3418.35864258,3418.35864258,15516566862
2021-10-04,3418.77636719,3434.77539062,3283.44873047,3380.08911133,3380.08911133,17747154101
2021-10-05,3381.78442383,3541.45166016,3365.81762695,3518.51855469,3518.51855469,16632591670
2021-10-06,3516.57031250,3622.55126953,3354.46972656,3580.56201172,3580.56201172,21855226591
2021-10-07,3576.81445312,3650.01318359,3479.90917969,3587.97485352,3587.97485352,19090322927
2021-10-08,3587.83276367,3667.95751953,3547.82812500,3563.75927734,3563.75927734,16222029488
2021-10-09,3559.99780273,3628.23730469,3544.64038086,3575.71679688,3575.71679688,12707036942
2021-10-10,3575.02050781,3603.24487305,3414.97094727,3425.85278320,3425.85278320,16171746693
2021-10-11,3419.72680664,3622.28955078,3385.76171875,3545.35400391,3545.35400391,18579189588
2021-10-12,3546.47778320,3546.47778320,3407.33813477,3492.57324219,3492.57324219,18109578443
2021-10-13,3492.75366211,3607.74169922,3417.60205078,3606.20166016,3606.20166016,16211275589
2021-10-14,3604.95898438,3819.25854492,3590.27514648,3786.01416016,3786.01416016,19443499909
2021-10-15,3790.15429688,3895.46630859,3735.36352539,3862.63476562,3862.63476562,20966841512
2021-10-16,3865.66650391,3962.45312500,3805.88598633,3830.38208008,3830.38208008,16578095629
2021-10-17,3829.85888672,3914.89794922,3660.72338867,3847.10449219,3847.10449219,15908090346
2021-10-18,3847.72998047,3888.20922852,3686.75048828,3748.76025391,3748.76025391,17386204158
2021-10-19,3747.16284180,3883.92871094,3736.78027344,3877.65087891,3877.65087891,15998757133
2021-10-20,3877.73095703,4167.47216797,3833.28808594,4155.99218750,4155.99218750,20338319988
2021-10-21,4161.71337891,4366.08837891,4032.48388672,4054.32275391,4054.32275391,28220661820
2021-10-22,4055.68652344,4162.97558594,3908.34033203,3970.18188477,3970.18188477,19432937968
2021-10-23,3971.35644531,4171.66357422,3944.63183594,4171.66357422,4171.66357422,14781537792
2021-10-24,4171.85595703,4185.72949219,3967.12036133,4087.90307617,4087.90307617,14978083638
2021-10-25,4084.42578125,4236.66699219,4072.03466797,4217.87695312,4217.87695312,15995727040
2021-10-26,4217.33789062,4289.13134766,4106.82373047,4131.10205078,4131.10205078,17157714562
2021-10-27,4132.17333984,4299.15283203,3930.25732422,3930.25732422,3930.25732422,26219530404
2021-10-28,3924.81542969,4293.15087891,3905.70605469,4287.31884766,4287.31884766,25958154575
2021-10-29,4288.68652344,4455.73535156,4271.70751953,4414.74658203,4414.74658203,22967641914
2021-10-30,4414.24365234,4426.84863281,4252.49414062,4325.65039062,4325.65039062,14615490626
2021-10-31,4322.74414062,4394.44970703,4179.01611328,4288.07421875,4288.07421875,17498160238
2021-11-01,4288.21728516,4377.32226562,4160.96679688,4324.62695312,4324.62695312,17985288261
2021-11-02,4322.50097656,4599.94824219,4288.68652344,4584.79882812,4584.79882812,20794448222
2021-11-03,4589.68457031,4664.91015625,4462.97607422,4607.19384766,4607.19384766,21220463155
2021-11-04,4604.67871094,4606.51611328,4426.62255859,4537.32421875,4537.32421875,18415244464
2021-11-05,4537.42333984,4570.89599609,4447.48730469,4486.24316406,4486.24316406,15086003586
2021-11-06,4482.64794922,4530.99707031,4334.97363281,4521.58105469,4521.58105469,14429076700
2021-11-07,4523.98193359,4640.92187500,4510.98437500,4620.55468750,4620.55468750,13541376033
2021-11-08,4619.64941406,4822.36328125,4619.64941406,4812.08740234,4812.08740234,19290896267
2021-11-09,4810.07128906,4837.58935547,4718.03906250,4735.06884766,4735.06884766,20834172627
2021-11-10,4733.36279297,4859.50292969,4485.09326172,4636.17431641,4636.17431641,22748160545
2021-11-11,4635.45361328,4778.05908203,4580.99023438,4730.38427734,4730.38427734,17933201129
2021-11-12,4724.30664062,4808.73876953,4510.92041016,4667.11523438,4667.11523438,18316060208
2021-11-13,4666.71923828,4702.11523438,4582.18066406,4651.46044922,4651.46044922,14457436261
2021-11-14,4648.63281250,4689.84277344,4516.93554688,4626.35888672,4626.35888672,12172962219
2021-11-15,4627.09082031,4764.63623047,4546.59912109,4557.50390625,4557.50390625,16275851299
2021-11-16,4570.47802734,4891.70458984,4144.33496094,4216.36523438,4216.36523438,27417502801
2021-11-17,4213.91064453,4300.30664062,4107.12597656,4287.59375000,4287.59375000,22183461850
2021-11-18,4287.80224609,4343.55712891,3959.22778320,4000.65087891,4000.65087891,21383250893
2021-11-19,3995.72949219,4311.71386719,3982.91748047,4298.30664062,4298.30664062,20626269711
2021-11-20,4298.35058594,4434.38818359,4209.24267578,4409.93115234,4409.93115234,15448261277
2021-11-21,4412.19531250,4422.49169922,4255.45507812,4269.73291016,4269.73291016,14094831413
2021-11-22,4266.50927734,4302.02294922,4033.57226562,4088.45776367,4088.45776367,19752218877
2021-11-23,4089.68041992,4385.48339844,4069.76660156,4340.76367188,4340.76367188,22133497059
2021-11-24,4340.03613281,4376.87597656,4176.18359375,4239.98144531,4239.98144531,21838037128
2021-11-25,4271.39453125,4550.51806641,4249.77441406,4274.74316406,4274.74316406,18705358318
2021-11-26,4522.20898438,4550.84228516,3933.50659180,4030.90893555,4030.90893555,26281795488
2021-11-27,4042.99902344,4187.68408203,4033.51391602,4096.91210938,4096.91210938,16515693874
2021-11-28,4101.64892578,4297.91650391,3989.96997070,4294.45361328,4294.45361328,15953126340
2021-11-29,4296.94677734,4460.84863281,4284.50488281,4445.10498047,4445.10498047,19086475837
2021-11-30,4447.76806641,4753.26611328,4358.07421875,4631.47900391,4631.47900391,28626354111
2021-12-01,4623.67968750,4780.73242188,4530.27246094,4586.99023438,4586.99023438,27634826695
2021-12-02,4586.33300781,4628.91992188,4441.50781250,4511.30224609,4511.30224609,21502671027
2021-12-03,4514.35595703,4647.28906250,4100.14550781,4220.70605469,4220.70605469,25879591528
2021-12-04,4227.76220703,4242.72558594,3525.49414062,4119.58740234,4119.58740234,38478999182
2021-12-05,4119.62890625,4246.92333984,4040.21752930,4198.32275391,4198.32275391,25533062707
2021-12-06,4199.00000000,4375.52050781,3930.80664062,4358.73730469,4358.73730469,28229518513
2021-12-07,4358.58691406,4428.58935547,4264.32373047,4315.06152344,4315.06152344,22366213354
2021-12-08,4311.67431641,4453.11230469,4234.53759766,4439.35791016,4439.35791016,18704315119
2021-12-09,4433.02490234,4482.31396484,4078.84423828,4119.81591797,4119.81591797,22296131874
2021-12-10,4113.58837891,4227.11181641,3897.76757812,3908.49609375,3908.49609375,28014595631
2021-12-11,3909.66772461,4095.64843750,3846.05444336,4084.45239258,4084.45239258,19131502454
2021-12-12,4084.81127930,4173.60888672,3993.05590820,4134.45312500,4134.45312500,14057603914
2021-12-13,4136.35986328,4145.95507812,3680.60913086,3784.22680664,3784.22680664,23999841386
2021-12-14,3782.82275391,3866.63378906,3700.10473633,3745.44042969,3745.44042969,23836759957
2021-12-15,3862.25146484,4086.37280273,3664.71997070,4018.38867188,4018.38867188,26411188833
2021-12-16,4020.41503906,4110.36865234,3956.05712891,3962.46972656,3962.46972656,19825531254
2021-12-17,3959.01245117,3992.79248047,3711.42456055,3879.48657227,3879.48657227,23143541098
2021-12-18,3880.29150391,3993.82983398,3774.61499023,3960.86010742,3960.86010742,19530895889
2021-12-19,3960.87231445,4018.65844727,3894.39868164,3922.59252930,3922.59252930,16167785597
2021-12-20,3923.69580078,3980.09863281,3759.40332031,3933.84448242,3933.84448242,21589690675
2021-12-21,3938.46386719,4058.82128906,3918.83789062,4020.26000977,4020.26000977,16388555198
2021-12-22,4018.69580078,4073.79150391,3947.69018555,3982.09960938,3982.09960938,13921756199
2021-12-23,3981.96166992,4149.02685547,3897.23437500,4108.01562500,4108.01562500,18007273742
2021-12-24,4111.34521484,4134.10644531,4029.06445312,4047.98291016,4047.98291016,12769090623
2021-12-25,4049.78198242,4138.56494141,4027.92700195,4093.28100586,4093.28100586,10894785525
2021-12-26,4094.15161133,4105.02392578,4013.02636719,4067.32812500,4067.32812500,11197244172
2021-12-27,4064.74633789,4126.00146484,4033.49243164,4037.54760742,4037.54760742,11424360002
2021-12-28,4037.53808594,4037.53808594,3769.28002930,3800.89306641,3800.89306641,17299472803
2021-12-29,3797.43627930,3827.98193359,3612.79589844,3628.53173828,3628.53173828,15722555672
2021-12-30,3632.21972656,3767.55981445,3595.20483398,3713.85205078,3713.85205078,12925377999
2021-12-31,3713.43017578,3807.28881836,3636.86987305,3682.63281250,3682.63281250,14157285268
2022-01-01,3683.04711914,3769.91796875,3682.28662109,3769.69702148,3769.69702148,9776191466
2022-01-02,3769.29833984,3836.16186523,3727.35742188,3829.56494141,3829.56494141,9881471548
2022-01-03,3829.53564453,3836.19873047,3698.04760742,3761.38037109,3761.38037109,12080777893
2022-01-04,3761.36157227,3876.78515625,3723.34985352,3794.05664062,3794.05664062,14030925983
2022-01-05,3794.26904297,3842.05981445,3456.74536133,3550.38696289,3550.38696289,18061338502
2022-01-06,3549.70898438,3549.70898438,3335.37670898,3418.40820312,3418.40820312,24293791313
2022-01-07,3417.83789062,3420.46191406,3117.38134766,3193.21044922,3193.21044922,24494179209
2022-01-08,3193.50244141,3240.30444336,3020.88085938,3091.97265625,3091.97265625,16037732700
2022-01-09,3091.69628906,3206.79077148,3075.91137695,3157.75146484,3157.75146484,12334683863
2022-01-10,3157.57055664,3177.21337891,2947.68359375,3083.09790039,3083.09790039,19535744145
2022-01-11,3082.99096680,3247.51196289,3061.14062500,3238.11157227,3238.11157227,15211447193
2022-01-12,3238.44995117,3401.21997070,3216.71801758,3372.25830078,3372.25830078,16662871689
2022-01-13,3372.10498047,3396.96972656,3247.91748047,3248.28857422,3248.28857422,15294466275
2022-01-14,3248.64868164,3330.76611328,3203.82373047,3310.00146484,3310.00146484,13562957230
2022-01-15,3309.84423828,3364.53784180,3278.67089844,3330.53076172,3330.53076172,9619999078
2022-01-16,3330.38720703,3376.40112305,3291.56372070,3350.92187500,3350.92187500,9505934874
2022-01-17,3350.94726562,3355.81933594,3157.22412109,3212.30493164,3212.30493164,12344309617
2022-01-18,3212.28759766,3236.01611328,3096.12353516,3164.02514648,3164.02514648,13024154091
2022-01-19,3163.85034180,3171.15844727,3055.21240234,3095.82592773,3095.82592773,13187424144
2022-01-20,3095.27172852,3265.33691406,3000.90820312,3001.12011719,3001.12011719,10645922764
2022-01-21,3002.95678711,3029.08105469,2496.81298828,2557.93164062,2557.93164062,26796291874
2022-01-22,2561.14526367,2615.24731445,2330.24731445,2405.18115234,2405.18115234,27369692036
2022-01-23,2406.92431641,2542.14477539,2381.51513672,2535.03906250,2535.03906250,16481489511
2022-01-24,2535.89111328,2537.20849609,2172.30126953,2440.35229492,2440.35229492,28220804648
2022-01-25,2440.39355469,2498.50708008,2359.38476562,2455.93505859,2455.93505859,16179776932
2022-01-26,2455.57910156,2705.78417969,2417.68310547,2468.03027344,2468.03027344,21229909340
2022-01-27,2467.18847656,2510.45166016,2328.45214844,2423.00122070,2423.00122070,16126522783
2022-01-28,2421.64697266,2548.77856445,2367.83374023,2547.09204102,2547.09204102,14666227351
2022-01-29,2546.59057617,2627.60937500,2526.98974609,2597.08471680,2597.08471680,11172062661
2022-01-30,2598.56494141,2631.40844727,2550.46093750,2603.46655273,2603.46655273,9501221177
2022-01-31,2603.26342773,2697.73535156,2489.07226562,2688.27880859,2688.27880859,13778234614
2022-02-01,2687.89892578,2802.31542969,2682.62182617,2792.11718750,2792.11718750,13194846235
2022-02-02,2791.95898438,2802.21215820,2630.12036133,2682.85400391,2682.85400391,13876301217
2022-02-03,2682.22607422,2712.48266602,2587.78344727,2679.16259766,2679.16259766,12755505065
2022-02-04,2681.05761719,2983.58691406,2675.44384766,2983.58691406,2983.58691406,18987223729
2022-02-05,2984.44604492,3054.13012695,2966.78100586,3014.64819336,3014.64819336,13102093957
2022-02-06,3014.95971680,3061.26123047,2965.42993164,3057.47607422,3057.47607422,9466018022
2022-02-07,3057.42211914,3182.52832031,3002.92700195,3142.47070312,3142.47070312,15197063785
2022-02-08,3143.00854492,3219.47265625,3038.37792969,3122.60864258,3122.60864258,17136080906
2022-02-09,3121.18261719,3263.15576172,3063.16015625,3239.45703125,3239.45703125,13951308490
2022-02-10,3240.11303711,3271.31616211,3070.37817383,3077.48217773,3077.48217773,18629485080
2022-02-11,3077.41308594,3127.45068359,2888.70776367,2927.38354492,2927.38354492,16043881065
2022-02-12,2927.38647461,2980.07934570,2870.17700195,2917.36279297,2917.36279297,11254355757
2022-02-13,2916.78955078,2947.77661133,2845.39770508,2883.46337891,2883.46337891,9054963563
2022-02-14,2880.18774414,2957.96362305,2840.25756836,2933.47900391,2933.47900391,12164552172
2022-02-15,2933.72900391,3185.52075195,2917.85717773,3179.87719727,3179.87719727,13921257873
2022-02-16,3180.44677734,3181.61694336,3055.16821289,3127.83007812,3127.83007812,12352406833
2022-02-17,3126.85839844,3154.61523438,2861.85205078,2881.48193359,2881.48193359,15860206214
2022-02-18,2884.34057617,2937.30859375,2761.64331055,2785.72753906,2785.72753906,15748173433
2022-02-19,2784.87280273,2826.34790039,2707.37841797,2763.70117188,2763.70117188,9774183169
2022-02-20,2763.75659180,2763.75659180,2585.94628906,2628.64843750,2628.64843750,11641437834
2022-02-21,2627.66552734,2752.45849609,2568.25439453,2573.81616211,2573.81616211,18646392740
2022-02-22,2572.89868164,2648.91674805,2510.67871094,2639.29931641,2639.29931641,16360200507
2022-02-23,2639.44702148,2741.36840820,2587.41284180,2590.35961914,2590.35961914,13382637240
2022-02-24,2588.16625977,2689.04760742,2308.91479492,2598.06713867,2598.06713867,29312342666
2022-02-25,2598.43627930,2821.97241211,2579.20800781,2764.53564453,2764.53564453,17208902048
2022-02-26,2764.98950195,2849.42407227,2745.00903320,2781.11181641,2781.11181641,11724648351
2022-02-27,2780.50439453,2831.12548828,2581.61572266,2621.80175781,2621.80175781,16150857254
2022-02-28,2621.17211914,2929.18041992,2586.38818359,2919.20117188,2919.20117188,19266124733
2022-03-01,2919.77587891,3029.65161133,2868.93896484,2972.48510742,2972.48510742,18757425786
2022-03-02,2972.47192383,3026.86816406,2919.94311523,2950.11840820,2950.11840820,16636517503
2022-03-03,2950.15673828,2964.67333984,2797.31933594,2834.46899414,2834.46899414,13091199728
2022-03-04,2834.98730469,2835.17626953,2587.74829102,2617.15600586,2617.15600586,14496939024
2022-03-05,2618.47363281,2679.10253906,2596.98999023,2664.83105469,2664.83105469,8072368396
2022-03-06,2664.94360352,2673.63720703,2555.03735352,2555.03735352,2555.03735352,8872976607
2022-03-07,2555.29760742,2639.94311523,2455.59375000,2497.77124023,2497.77124023,14594098731
2022-03-08,2497.72143555,2618.16601562,2489.75512695,2576.74755859,2576.74755859,13922922903
2022-03-09,2577.16528320,2761.79638672,2573.65527344,2729.78344727,2729.78344727,14173665398
2022-03-10,2729.11645508,2729.11645508,2566.19311523,2608.04858398,2608.04858398,13292477213
2022-03-11,2608.27124023,2664.55859375,2534.68823242,2559.56298828,2559.56298828,12382419582
2022-03-12,2559.66064453,2606.43872070,2559.12695312,2574.75415039,2574.75415039,6532996574
2022-03-13,2573.48803711,2594.54980469,2503.88525391,2518.94458008,2518.94458008,8632000379
2022-03-14,2518.48632812,2604.03442383,2505.29931641,2590.69604492,2590.69604492,11244398839
2022-03-15,2590.66894531,2662.32958984,2515.76586914,2620.14965820,2620.14965820,12861105614
2022-03-16,2620.02856445,2781.30712891,2610.76440430,2772.05566406,2772.05566406,17915109769
2022-03-17,2771.96411133,2826.16064453,2751.56079102,2814.85449219,2814.85449219,12685265194
2022-03-18,2814.43457031,2973.61621094,2774.85571289,2945.34301758,2945.34301758,15830879093
2022-03-19,2944.72167969,2979.98706055,2910.80224609,2946.25708008,2946.25708008,11576463120
2022-03-20,2946.54760742,2956.96557617,2826.10742188,2860.45922852,2860.45922852,12684727326
2022-03-21,2860.10327148,2954.55664062,2838.25048828,2897.97656250,2897.97656250,15206116098
2022-03-22,2897.77416992,3040.38281250,2892.54443359,2973.13110352,2973.13110352,16830539230
2022-03-23,2973.14501953,3036.75219727,2933.30664062,3031.06713867,3031.06713867,16008767658
2022-03-24,3031.06079102,3118.38769531,3012.32666016,3108.06201172,3108.06201172,18070503166
2022-03-25,3108.44897461,3183.95800781,3087.49072266,3106.67138672,3106.67138672,17030503831
2022-03-26,3106.40527344,3146.82543945,3091.82543945,3143.17895508,3143.17895508,8876420740
2022-03-27,3143.79565430,3291.57763672,3129.99780273,3291.57763672,3291.57763672,13431866834
2022-03-28,3292.32250977,3424.01928711,3279.02709961,3336.63452148,3336.63452148,20620450770
2022-03-29,3335.02124023,3470.18627930,3335.02124023,3401.98779297,3401.98779297,19533323636
2022-03-30,3401.52612305,3435.28613281,3349.23706055,3385.15795898,3385.15795898,15302506131
2022-03-31,3385.28930664,3435.12841797,3272.93457031,3281.64282227,3281.64282227,17685495686
2022-04-01,3282.57617188,3467.55590820,3223.89135742,3449.55224609,3449.55224609,20982988937
2022-04-02,3449.78857422,3521.28466797,3442.00024414,3445.05932617,3445.05932617,23571556215
2022-04-03,3444.81054688,3573.96020508,3421.25976562,3522.83349609,3522.83349609,15333808649
2022-04-04,3522.36499023,3535.14819336,3422.00097656,3521.24121094,3521.24121094,18209969743
2022-04-05,3521.23974609,3546.70678711,3410.54760742,3411.79248047,3411.79248047,16681503199
2022-04-06,3411.67211914,3411.67211914,3171.20507812,3171.69189453,3171.69189453,25632563639
2022-04-07,3172.19726562,3263.47460938,3155.58105469,3233.27465820,3233.27465820,16745496605
2022-04-08,3233.27246094,3301.60742188,3179.14233398,3192.07397461,3192.07397461,17557050669
2022-04-09,3191.97607422,3261.96313477,3187.46923828,3261.91625977,3261.91625977,9908112156
2022-04-10,3261.29150391,3303.00317383,3211.86694336,3211.86694336,3211.86694336,10427054790
2022-04-11,3209.57690430,3214.46191406,2962.75659180,2981.05224609,2981.05224609,21891804831
2022-04-12,2981.42065430,3077.45263672,2957.87231445,3030.37646484,3030.37646484,20235707410
2022-04-13,3029.87792969,3123.57543945,3006.48168945,3118.34423828,3118.34423828,16088473629
2022-04-14,3117.82177734,3139.92871094,2988.43530273,3019.90942383,3019.90942383,15821419931
2022-04-15,3020.13452148,3044.28735352,3001.12329102,3040.91650391,3040.91650391,11256651536
2022-04-16,3041.12329102,3074.88696289,3016.42114258,3062.31030273,3062.31030273,8766710365
2022-04-17,3061.88183594,3075.77587891,2989.04394531,2993.40332031,2993.40332031,10463091281
2022-04-18,2993.48388672,3062.52099609,2893.91284180,3057.60668945,3057.60668945,18629381299
2022-04-19,3057.57031250,3125.08422852,3035.53515625,3104.10644531,3104.10644531,14156035096
2022-04-20,3103.93505859,3157.88574219,3045.28833008,3077.74584961,3077.74584961,15547362265
2022-04-21,3077.82934570,3173.45141602,2962.41040039,2987.48071289,2987.48071289,20783591093
2022-04-22,2986.93872070,3024.85449219,2942.35864258,2964.83569336,2964.83569336,16782795477
2022-04-23,2964.80224609,2975.32275391,2926.74023438,2938.11401367,2938.11401367,9116955609
2022-04-24,2937.34716797,2961.88208008,2922.12866211,2922.73266602,2922.73266602,9696829579
2022-04-25,2922.99023438,3018.41552734,2804.50708008,3009.39355469,3009.39355469,22332690614
2022-04-26,3008.94628906,3026.41503906,2786.25317383,2808.29833984,2808.29833984,19052045399
2022-04-27,2808.64599609,2911.87744141,2802.27343750,2888.92968750,2888.92968750,17419284041
2022-04-28,2888.84985352,2973.13500977,2861.82153320,2936.94091797,2936.94091797,18443524633
2022-04-29,2936.77661133,2943.44580078,2782.43530273,2815.60180664,2815.60180664,18771041399
2022-04-30,2815.53344727,2836.82763672,2727.40625000,2730.18676758,2730.18676758,13520941867
2022-05-01,2729.99414062,2838.70434570,2728.07885742,2827.75610352,2827.75610352,15332730152
2022-05-02,2827.61401367,2874.14599609,2785.52294922,2857.41040039,2857.41040039,18609741545
2022-05-03,2857.15234375,2859.19335938,2762.11865234,2783.47631836,2783.47631836,13026093219
2022-05-04,2783.13110352,2956.68676758,2779.27368164,2940.64477539,2940.64477539,18186749944
2022-05-05,2940.22656250,2948.96069336,2704.91625977,2749.21313477,2749.21313477,22642925048
2022-05-06,2748.93164062,2754.83764648,2645.33520508,2694.97973633,2694.97973633,21027599270
2022-05-07,2694.99194336,2696.65283203,2599.52343750,2636.09301758,2636.09301758,13369276367
2022-05-08,2636.12182617,2638.83056641,2498.43017578,2517.45996094,2517.45996094,20802269935
2022-05-09,2518.50830078,2528.25805664,2238.06274414,2245.43041992,2245.43041992,36333567678
2022-05-10,2242.65039062,2450.76025391,2206.75683594,2343.51098633,2343.51098633,38202099639
2022-05-11,2342.75415039,2441.07934570,2018.85559082,2072.10864258,2072.10864258,45743399154
2022-05-12,2072.50463867,2170.45800781,1748.30310059,1961.70153809,1961.70153809,42463486402
2022-05-13,1960.12255859,2139.71337891,1941.97595215,2014.41821289,2014.41821289,24816096567
2022-05-14,2014.28063965,2063.42993164,1956.57299805,2056.27392578,2056.27392578,15457044616
2022-05-15,2056.18310547,2147.19433594,2008.16271973,2145.70678711,2145.70678711,14846088335
2022-05-16,2145.83691406,2145.83691406,1988.81176758,2022.72595215,2022.72595215,21459552191
2022-05-17,2022.88232422,2113.05981445,2015.97155762,2090.40917969,2090.40917969,18509929297
2022-05-18,2090.45996094,2102.32666016,1916.65612793,1916.65612793,1916.65612793,17740965589
2022-05-19,1916.14953613,2028.38818359,1907.02050781,2018.33618164,2018.33618164,18734247914
2022-05-20,2018.00012207,2054.79589844,1926.67675781,1961.31567383,1961.31567383,15892482289
2022-05-21,1961.01794434,1985.39599609,1944.26513672,1974.51831055,1974.51831055,8546822406
2022-05-22,1974.67065430,2047.19140625,1966.03881836,2043.17016602,2043.17016602,10941123403
2022-05-23,2042.34472656,2080.33349609,1964.38659668,1972.18188477,1972.18188477,16434529708
2022-05-24,1972.39086914,1991.53552246,1920.68811035,1978.98278809,1978.98278809,13057109007
2022-05-25,1978.67700195,2014.36950684,1943.93859863,1944.82788086,1944.82788086,13364545730
2022-05-26,1945.03332520,1962.17114258,1759.19958496,1803.91333008,1803.91333008,23458681818
2022-05-27,1802.54382324,1814.65649414,1721.26477051,1724.92285156,1724.92285156,25470760032
2022-05-28,1724.63598633,1757.94177246,1724.63598633,1757.94177246,1757.94177246,23214777872
2022-05-29,1792.18444824,1818.77661133,1765.93737793,1812.03100586,1812.03100586,10642556101
2022-05-30,1811.88598633,2005.21081543,1804.45605469,1996.44128418,1996.44128418,19580808705
2022-05-31,1996.40808105,2005.49096680,1932.35205078,1942.32800293,1942.32800293,18363115560
2022-06-01,1942.05065918,1965.16662598,1776.05322266,1823.56933594,1823.56933594,21037797760
2022-06-02,1822.41210938,1845.31396484,1789.66418457,1834.15051270,1834.15051270,17065041354
2022-06-03,1834.13500977,1840.05883789,1746.50976562,1775.07861328,1775.07861328,14878001811
2022-06-04,1775.22082520,1810.29968262,1751.53332520,1801.60949707,1801.60949707,8677951273
2022-06-05,1801.81896973,1825.85961914,1777.13330078,1805.20495605,1805.20495605,8850385937
2022-06-06,1805.63598633,1915.03051758,1804.99023438,1859.28967285,1859.28967285,16518471852
2022-06-07,1859.33374023,1862.91491699,1729.41357422,1814.04833984,1814.04833984,24020076750
2022-06-08,1814.10070801,1830.67602539,1770.23120117,1793.57226562,1793.57226562,18041476023
2022-06-09,1793.51281738,1827.29309082,1779.86755371,1789.82604980,1789.82604980,12013083393
2022-06-10,1789.68994141,1797.60778809,1663.43395996,1665.04223633,1665.04223633,18504740451
2022-06-11,1665.21789551,1679.31420898,1507.03894043,1529.66345215,1529.66345215,21127089064
2022-06-12,1530.18969727,1539.70507812,1436.18395996,1445.21655273,1445.21655273,23465074882
2022-06-13,1443.83544922,1448.73803711,1181.94824219,1204.58276367,1204.58276367,45162788786
2022-06-14,1204.55529785,1252.47180176,1094.70190430,1211.66284180,1211.66284180,33327826525
2022-06-15,1211.36596680,1236.62756348,1025.68420410,1233.20642090,1233.20642090,37539999450
2022-06-16,1233.60351562,1246.14062500,1058.78454590,1067.73071289,1067.73071289,18907671369
2022-06-17,1067.98767090,1112.47155762,1060.86767578,1086.51928711,1086.51928711,14591486540
2022-06-18,1086.37792969,1095.16687012,896.10900879,993.63677979,993.63677979,21655406608
2022-06-19,993.40063477,1142.34082031,943.11633301,1127.65649414,1127.65649414,21795481981
2022-06-20,1127.65625000,1159.98535156,1066.11315918,1127.64245605,1127.64245605,19739691429
2022-06-21,1127.51184082,1185.43249512,1112.57263184,1124.82458496,1124.82458496,15632089439
2022-06-22,1125.37292480,1126.26171875,1049.76330566,1051.42187500,1051.42187500,15010593493
2022-06-23,1051.32934570,1146.49426270,1050.21960449,1143.38671875,1143.38671875,14657862919
2022-06-24,1143.20471191,1238.61694336,1134.51403809,1226.84472656,1226.84472656,16981552654
2022-06-25,1226.72473145,1246.39428711,1184.56201172,1243.44689941,1243.44689941,12481946184
2022-06-26,1242.98754883,1272.13122559,1199.40637207,1199.83166504,1199.83166504,12096607824
2022-06-27,1199.71313477,1234.18078613,1179.79248047,1193.68066406,1193.68066406,12492225250
2022-06-28,1193.25402832,1229.73901367,1141.15966797,1144.57922363,1144.57922363,14023205651
2022-06-29,1144.52441406,1152.68481445,1092.09912109,1098.94384766,1098.94384766,15386286815
2022-06-30,1099.35314941,1103.69042969,1009.09484863,1067.29882812,1067.29882812,16350755497
2022-07-01,1068.31677246,1100.22387695,1040.15075684,1059.76733398,1059.76733398,17499453625
2022-07-02,1060.12121582,1073.05261230,1033.96215820,1066.51281738,1066.51281738,9935603640
2022-07-03,1066.46740723,1083.41894531,1044.00561523,1073.76696777,1073.76696777,8557248150
2022-07-04,1073.79431152,1152.94384766,1048.39636230,1151.05908203,1151.05908203,13670889311
2022-07-05,1150.50976562,1165.68273926,1086.82995605,1134.54101562,1134.54101562,16195518291
2022-07-06,1134.82226562,1193.63671875,1116.24755859,1186.97399902,1186.97399902,15373536703
2022-07-07,1186.96093750,1246.89489746,1165.62316895,1237.59338379,1237.59338379,14230795894
2022-07-08,1237.58032227,1262.88574219,1200.63220215,1222.50622559,1222.50622559,16315929082
2022-07-09,1222.30688477,1228.76794434,1209.37756348,1216.97827148,1216.97827148,8821353104
2022-07-10,1216.90441895,1216.90441895,1157.17553711,1168.40161133,1168.40161133,10984558039
2022-07-11,1168.13903809,1169.19384766,1095.00280762,1097.23657227,1097.23657227,12064180410
2022-07-12,1097.25915527,1097.25915527,1038.13562012,1038.19165039,1038.19165039,12583282453
2022-07-13,1038.18664551,1113.58715820,1019.22033691,1113.58715820,1113.58715820,18302588147
2022-07-14,1113.51574707,1202.95336914,1077.40576172,1191.52624512,1191.52624512,16688640823
2022-07-15,1191.67480469,1275.77819824,1182.90319824,1233.12915039,1233.12915039,17411448225
2022-07-16,1232.79162598,1377.94458008,1195.60595703,1352.62646484,1352.62646484,18364013796
2022-07-17,1353.20507812,1378.41748047,1329.76330566,1338.63574219,1338.63574219,16079711737
2022-07-18,1338.80603027,1578.71789551,1338.80603027,1578.71789551,1578.71789551,27440420623
2022-07-19,1578.38391113,1607.03308105,1501.79748535,1542.97521973,1542.97521973,27753529276
2022-07-20,1542.95434570,1612.64575195,1500.80322266,1520.20068359,1520.20068359,22942708340
2022-07-21,1520.37451172,1595.76196289,1472.18542480,1576.74951172,1576.74951172,20009556587
2022-07-22,1576.74536133,1641.20922852,1523.64172363,1537.40515137,1537.40515137,18926100582
2022-07-23,1536.45739746,1591.63256836,1495.67810059,1549.29748535,1549.29748535,14998811383
2022-07-24,1549.22253418,1654.42871094,1548.67114258,1599.47668457,1599.47668457,17217849557
2022-07-25,1599.15722656,1605.33691406,1445.38342285,1445.38342285,1445.38342285,20585056021
2022-07-26,1445.15112305,1445.15112305,1362.95166016,1441.80676270,1441.80676270,18238563509
2022-07-27,1443.72680664,1636.79943848,1423.61889648,1636.23266602,1636.23266602,23007524016
2022-07-28,1636.23193359,1774.57641602,1604.89099121,1725.46813965,1725.46813965,27231399966
2022-07-29,1725.62390137,1759.88403320,1662.79113770,1727.40698242,1727.40698242,23249531113
2022-07-30,1727.06188965,1738.01684570,1678.10803223,1695.96948242,1695.96948242,15576977870
2022-07-31,1695.88476562,1745.88317871,1672.61279297,1681.51733398,1681.51733398,14200735370
2022-08-01,1681.44555664,1700.17089844,1613.41601562,1635.19580078,1635.19580078,16191371176
2022-08-02,1634.64587402,1672.62976074,1567.85107422,1632.94543457,1632.94543457,20426082309
2022-08-03,1633.05126953,1678.09826660,1595.63452148,1618.87451172,1618.87451172,16786218830
2022-08-04,1618.88671875,1658.51159668,1585.32653809,1608.20581055,1608.20581055,14467440626
2022-08-05,1607.52392578,1732.25463867,1606.49707031,1732.25463867,1732.25463867,18546491876
2022-08-06,1732.66113281,1744.32641602,1691.65808105,1691.65808105,1691.65808105,11757911705
2022-08-07,1691.77795410,1724.78918457,1672.90844727,1699.35083008,1699.35083008,10252090340
2022-08-08,1699.69348145,1806.88647461,1697.40795898,1775.51611328,1775.51611328,16841424404
2022-08-09,1776.07128906,1786.12255859,1675.84985352,1703.02502441,1703.02502441,16368619692
2022-08-10,1702.90649414,1869.40063477,1665.09045410,1851.74267578,1851.74267578,23512477984
2022-08-11,1851.82836914,1927.93920898,1851.82836914,1881.22412109,1881.22412109,23826986482
2022-08-12,1880.89916992,1957.55297852,1860.08349609,1957.24645996,1957.24645996,17168141904
2022-08-13,1957.33398438,2013.75573730,1948.59521484,1981.33654785,1981.33654785,16038975216
2022-08-14,1981.78247070,2022.79150391,1919.01013184,1936.80200195,1936.80200195,14062754456
2022-08-15,1936.76049805,2007.21032715,1881.85681152,1904.22814941,1904.22814941,20349931313
2022-08-16,1902.83312988,1910.74536133,1862.27343750,1878.13940430,1878.13940430,15637578930
2022-08-17,1877.93432617,1951.67565918,1823.53222656,1832.99963379,1832.99963379,20308508124
2022-08-18,1833.71557617,1876.37695312,1826.95776367,1847.00781250,1847.00781250,14999352229
2022-08-19,1847.09533691,1847.09533691,1611.33886719,1612.98730469,1612.98730469,25906358731
2022-08-20,1612.65063477,1652.21875000,1534.29882812,1577.00378418,1577.00378418,18334580263
2022-08-21,1576.54357910,1640.93652344,1569.04650879,1619.31896973,1619.31896973,15849221752
2022-08-22,1619.16687012,1622.77880859,1535.01477051,1622.50585938,1622.50585938,18557078599
2022-08-23,1622.93933105,1666.67651367,1569.42858887,1662.76989746,1662.76989746,18322041914
2022-08-24,1662.69543457,1686.55773926,1610.09924316,1657.05920410,1657.05920410,16780932907
2022-08-25,1657.33654785,1718.18322754,1656.85607910,1696.45703125,1696.45703125,14818795695
2022-08-26,1696.32458496,1698.56103516,1498.77124023,1507.78283691,1507.78283691,26713710143
2022-08-27,1508.15698242,1517.15002441,1454.28295898,1491.39501953,1491.39501953,18120831899
2022-08-28,1491.20678711,1505.79199219,1430.54736328,1430.54736328,1430.54736328,12823572918
2022-08-29,1430.43945312,1556.30957031,1427.72839355,1553.03735352,1553.03735352,17965837488
2022-08-30,1553.18896484,1600.46118164,1480.83178711,1523.83886719,1523.83886719,21835784470
2022-08-31,1524.28649902,1612.35888672,1524.28649902,1553.68493652,1553.68493652,20591680941
2022-09-01,1553.75634766,1593.08276367,1520.18835449,1586.17675781,1586.17675781,16434276817
2022-09-02,1586.01794434,1643.18322754,1551.87792969,1577.22045898,1577.22045898,17708478709
2022-09-03,1577.21374512,1579.45434570,1541.67211914,1556.87268066,1556.87268066,9516825994
2022-09-04,1556.89587402,1578.00927734,1543.69885254,1577.64160156,1577.64160156,8884144998
2022-09-05,1577.88403320,1621.66137695,1559.78186035,1617.18322754,1617.18322754,13060541168
2022-09-06,1617.24023438,1680.59533691,1561.74853516,1561.74853516,1561.74853516,22946059125
2022-09-07,1560.90673828,1651.05114746,1500.01367188,1629.90637207,1629.90637207,19560363854
2022-09-08,1629.80517578,1655.06408691,1603.06384277,1635.34765625,1635.34765625,17621046717
2022-09-09,1635.18774414,1735.80981445,1632.83654785,1719.08544922,1719.08544922,20242323690
2022-09-10,1718.96130371,1784.49780273,1710.29699707,1776.20373535,1776.20373535,13130928217
2022-09-11,1775.97607422,1782.72985840,1730.16479492,1761.80004883,1761.80004883,12464301922
2022-09-12,1762.08483887,1778.16345215,1698.29345703,1713.76525879,1713.76525879,17688391310
2022-09-13,1713.96252441,1745.77905273,1564.03186035,1580.78796387,1580.78796387,23066821734
2022-09-14,1574.85815430,1642.15722656,1564.03186035,1634.75500488,1634.75500488,17897150206
2022-09-15,1635.08300781,1648.94567871,1466.13940430,1471.69348145,1471.69348145,26946275878
2022-09-16,1471.92834473,1480.56420898,1415.58129883,1432.44775391,1432.44775391,16764804299
2022-09-17,1432.87646484,1473.06042480,1415.04235840,1469.74169922,1469.74169922,10798098671
2022-09-18,1469.70544434,1469.70544434,1331.49475098,1335.32910156,1335.32910156,15762284723
2022-09-19,1335.27075195,1388.27221680,1287.42089844,1377.54138184,1377.54138184,18712714223
2022-09-20,1377.61901855,1381.96569824,1319.20141602,1324.38818359,1324.38818359,14722317220
2022-09-21,1324.21557617,1384.47692871,1229.42675781,1252.60778809,1252.60778809,20643507800
2022-09-22,1251.56738281,1336.15783691,1240.96826172,1327.68017578,1327.68017578,18461527259
2022-09-23,1327.48120117,1353.28833008,1270.19836426,1328.25952148,1328.25952148,18771106339
2022-09-24,1328.24462891,1346.25524902,1312.64025879,1317.99328613,1317.99328613,12098209717
2022-09-25,1317.93847656,1333.37133789,1275.62768555,1294.21679688,1294.21679688,11802651633
2022-09-26,1294.38610840,1335.52636719,1282.04931641,1335.32019043,1335.32019043,16034549271
2022-09-27,1335.33703613,1396.89147949,1308.99145508,1330.12768555,1330.12768555,17870598937
2022-09-28,1329.54138184,1351.96447754,1267.86926270,1337.41088867,1337.41088867,18994979566
2022-09-29,1337.55444336,1348.10766602,1293.19335938,1335.65234375,1335.65234375,13796915736
2022-09-30,1335.64648438,1368.74340820,1320.38317871,1327.97863770,1327.97863770,14250100093
2022-10-01,1328.19372559,1332.51647949,1306.10253906,1311.64440918,1311.64440918,6227961237
2022-10-02,1311.75341797,1316.33007812,1275.33605957,1276.09350586,1276.09350586,7578351650
2022-10-03,1276.16345215,1326.55444336,1271.15087891,1323.43920898,1323.43920898,10153070907
2022-10-04,1323.27832031,1364.97094727,1320.07666016,1362.12658691,1362.12658691,10139774963
2022-10-05,1361.97290039,1362.45178223,1320.85510254,1352.83715820,1352.83715820,9774451820
2022-10-06,1352.80664062,1380.40490723,1349.44995117,1351.70947266,1351.70947266,12033514861
2022-10-07,1351.83642578,1359.32812500,1321.74609375,1332.51696777,1332.51696777,10061619355
2022-10-08,1332.37133789,1335.95483398,1307.07299805,1315.50048828,1315.50048828,5804676208
2022-10-09,1315.46020508,1327.66882324,1309.34460449,1322.60424805,1322.60424805,5486230123
2022-10-10,1322.61865234,1335.66271973,1291.33764648,1291.33764648,1291.33764648,8794491050
2022-10-11,1291.10961914,1296.27392578,1272.73767090,1279.57568359,1279.57568359,9274845260
2022-10-12,1279.73229980,1303.07519531,1277.52746582,1294.90637207,1294.90637207,8355638578
2022-10-13,1294.91735840,1297.56420898,1209.27819824,1288.12390137,1288.12390137,17499038202
2022-10-14,1288.04870605,1339.74475098,1285.37829590,1297.42211914,1297.42211914,13113767755
2022-10-15,1297.30590820,1300.74597168,1268.46850586,1274.87170410,1274.87170410,6798512624
2022-10-16,1275.00549316,1312.63452148,1275.00549316,1306.29663086,1306.29663086,7491625206
2022-10-17,1306.30957031,1335.64782715,1297.44726562,1331.71362305,1331.71362305,9401189650
2022-10-18,1331.66992188,1339.08593750,1291.66064453,1310.44702148,1310.44702148,10416747806
2022-10-19,1310.56311035,1312.44238281,1283.96533203,1285.74426270,1285.74426270,8350692785
2022-10-20,1285.66027832,1307.85510254,1275.32397461,1283.20092773,1283.20092773,9009111996
2022-10-21,1283.18811035,1305.08129883,1260.66674805,1299.94641113,1299.94641113,10412565245
2022-10-22,1299.90234375,1317.10107422,1295.94689941,1314.29919434,1314.29919434,7175324564
2022-10-23,1314.24951172,1367.76074219,1302.90881348,1363.44702148,1363.44702148,9909510925
2022-10-24,1363.49182129,1368.42553711,1327.85400391,1344.99853516,1344.99853516,13092820173
2022-10-25,1344.71130371,1509.98547363,1336.97888184,1461.66540527,1461.66540527,25367291294
2022-10-26,1461.13317871,1584.63671875,1460.42871094,1566.56665039,1566.56665039,32705548427
2022-10-27,1566.84143066,1574.40344238,1510.81677246,1514.37487793,1514.37487793,22813499245
2022-10-28,1514.32312012,1568.63391113,1493.87109375,1555.47790527,1555.47790527,19974623205
2022-10-29,1555.27465820,1652.38220215,1549.98364258,1619.69848633,1619.69848633,21618154775
2022-10-30,1619.69787598,1637.03784180,1579.48522949,1590.78332520,1590.78332520,13930073427
2022-10-31,1590.48132324,1630.45288086,1555.91894531,1572.71447754,1572.71447754,19306919714
2022-11-01,1572.64538574,1606.60571289,1568.09851074,1579.70458984,1579.70458984,14507311208
2022-11-02,1579.49792480,1613.41064453,1507.24475098,1519.71179199,1519.71179199,23254218281
2022-11-03,1519.72485352,1556.75964355,1517.10168457,1531.54174805,1531.54174805,14248351007
2022-11-04,1531.39758301,1661.33471680,1529.26843262,1645.09338379,1645.09338379,20806964347
2022-11-05,1645.15649414,1660.48645020,1625.96423340,1627.96801758,1627.96801758,11006973190
2022-11-06,1627.90112305,1634.13244629,1572.23474121,1572.23474121,1572.23474121,11632744705
2022-11-07,1572.01696777,1604.47534180,1550.41552734,1568.59130859,1568.59130859,15279963349
2022-11-08,1568.32958984,1574.79980469,1259.44311523,1332.83557129,1332.83557129,42048003440
2022-11-09,1333.12243652,1335.74353027,1083.28564453,1100.16979980,1100.16979980,38864492427
2022-11-10,1100.10717773,1341.79113770,1093.12255859,1299.46459961,1299.46459961,28581002122
2022-11-11,1298.88244629,1302.29528809,1211.32958984,1287.22106934,1287.22106934,20920539099
2022-11-12,1287.43835449,1288.15087891,1242.15222168,1255.26831055,1255.26831055,10964962767
2022-11-13,1255.44128418,1271.71252441,1208.52099609,1221.81921387,1221.81921387,10717455214
2022-11-14,1221.89550781,1284.21765137,1178.42907715,1241.60424805,1241.60424805,15028035663
2022-11-15,1241.67773438,1283.19873047,1238.68823242,1251.73620605,1251.73620605,11798011594
2022-11-16,1251.80883789,1264.48632812,1192.98779297,1215.60253906,1215.60253906,11939561598
2022-11-17,1215.84863281,1224.96569824,1189.15270996,1200.80859375,1200.80859375,9723646871
2022-11-18,1200.80212402,1226.73742676,1200.80212402,1212.30029297,1212.30029297,7979913378
2022-11-19,1212.21545410,1227.83728027,1200.47558594,1218.42675781,1218.42675781,5978745776
2022-11-20,1218.43627930,1224.07775879,1137.93322754,1142.46667480,1142.46667480,9651002684
2022-11-21,1142.39575195,1142.39575195,1084.85729980,1108.35302734,1108.35302734,14080099208
2022-11-22,1107.89599609,1136.44262695,1081.13818359,1135.17346191,1135.17346191,12040670755
2022-11-23,1135.42150879,1184.99731445,1130.02282715,1183.19958496,1183.19958496,11242676044
2022-11-24,1183.34509277,1211.62744141,1180.37976074,1203.98315430,1203.98315430,9706372376
2022-11-25,1203.79943848,1203.79943848,1174.82336426,1198.92590332,1198.92590332,5483308196
2022-11-26,1198.79052734,1227.03808594,1198.09790039,1205.89794922,1205.89794922,5074160558
2022-11-27,1205.90527344,1220.34948730,1195.03906250,1195.12695312,1195.12695312,4486976868
2022-11-28,1194.96032715,1198.73767090,1156.06250000,1170.08618164,1170.08618164,7275411870
2022-11-29,1169.87438965,1222.16418457,1163.47753906,1216.90124512,1216.90124512,7639405818
2022-11-30,1216.92871094,1302.03869629,1215.49792480,1295.68859863,1295.68859863,9836925304
2022-12-01,1295.76953125,1295.99987793,1267.70849609,1276.27392578,1276.27392578,6857935276
2022-12-02,1276.32861328,1294.30334473,1269.24316406,1294.30334473,1294.30334473,6213645709
2022-12-03,1294.45654297,1299.84033203,1241.43188477,1243.33483887,1243.33483887,5672609405
2022-12-04,1243.21923828,1281.49230957,1242.91174316,1280.25659180,1280.25659180,5174128454
2022-12-05,1279.99890137,1302.23754883,1252.47241211,1259.67675781,1259.67675781,6120359523
2022-12-06,1259.85424805,1271.92321777,1247.62988281,1271.65380859,1271.65380859,5089212680
2022-12-07,1271.55310059,1272.69409180,1224.44799805,1232.43750000,1232.43750000,5752205180
2022-12-08,1232.45178223,1286.22973633,1226.35852051,1281.11633301,1281.11633301,6227269815
2022-12-09,1281.07727051,1290.05541992,1260.81872559,1264.28479004,1264.28479004,5706183865
2022-12-10,1264.37548828,1279.52795410,1262.11987305,1266.38415527,1266.38415527,3282499999
2022-12-11,1266.41784668,1281.78320312,1260.66369629,1263.86853027,1263.86853027,3362005848
2022-12-12,1263.57348633,1275.61035156,1243.47778320,1274.61901855,1274.61901855,5151109364
2022-12-13,1274.66247559,1341.43933105,1258.47241211,1320.54919434,1320.54919434,8812883119
2022-12-14,1320.68859863,1346.17443848,1305.83337402,1309.32873535,1309.32873535,7830915428
2022-12-15,1309.19079590,1311.06713867,1262.68933105,1266.35388184,1266.35388184,6032859783
2022-12-16,1266.46057129,1278.15698242,1162.17565918,1168.25939941,1168.25939941,9297811507
2022-12-17,1168.06677246,1189.04504395,1165.40783691,1188.14953613,1188.14953613,5077258586
2022-12-18,1188.12854004,1194.21447754,1176.18579102,1184.71520996,1184.71520996,3350092519
2022-12-19,1184.75830078,1192.92382812,1160.37719727,1167.60986328,1167.60986328,4943628091
2022-12-20,1167.88269043,1224.09265137,1165.59948730,1217.70361328,1217.70361328,6684951715
2022-12-21,1217.58642578,1218.19226074,1206.44006348,1213.59997559,1213.59997559,4217182733
2022-12-22,1213.67260742,1221.98681641,1187.12780762,1218.18212891,1218.18212891,5297471739
2022-12-23,1218.07934570,1226.99877930,1215.99487305,1220.15942383,1220.15942383,4835831923
2022-12-24,1220.11791992,1224.91162109,1216.33874512,1221.14855957,1221.14855957,2626153345
2022-12-25,1221.17150879,1223.51782227,1203.71960449,1218.96203613,1218.96203613,3942720070
2022-12-26,1218.92016602,1226.97436523,1214.33593750,1226.97436523,1226.97436523,3282098400
2022-12-27,1226.98706055,1230.41809082,1205.89562988,1212.79162598,1212.79162598,4091530737
2022-12-28,1212.73657227,1213.12890625,1185.70214844,1189.98608398,1189.98608398,4991669631
2022-12-29,1190.01013184,1204.14160156,1188.36022949,1201.59533691,1201.59533691,4132233940
2022-12-30,1201.56958008,1202.03466797,1187.46252441,1199.23278809,1199.23278809,4055668253
2022-12-31,1199.36010742,1205.08862305,1194.20373535,1196.77124023,1196.77124023,3018513333
2023-01-01,1196.71362305,1203.47534180,1192.88537598,1200.96484375,1200.96484375,2399674550
2023-01-02,1201.10327148,1219.86059570,1195.21496582,1214.65661621,1214.65661621,3765758498
2023-01-03,1214.74401855,1219.09533691,1207.49157715,1214.77880859,1214.77880859,3392972131
2023-01-04,1214.71862793,1264.80749512,1213.16882324,1256.52661133,1256.52661133,6404416893
2023-01-05,1256.48461914,1258.57153320,1245.17309570,1250.43859863,1250.43859863,4001786456
2023-01-06,1250.45898438,1273.22033691,1240.94750977,1269.37902832,1269.37902832,4977252792
2023-01-07,1269.41979980,1270.59826660,1262.27111816,1264.27038574,1264.27038574,2565213548
2023-01-08,1264.18188477,1287.35949707,1260.22680664,1287.35949707,1287.35949707,3495088905
2023-01-09,1287.45080566,1342.14416504,1286.68078613,1321.53894043,1321.53894043,7990438824
2023-01-10,1321.39550781,1342.75720215,1318.52722168,1336.58605957,1336.58605957,5830173253
2023-01-11,1336.48681641,1387.93273926,1323.58312988,1387.93273926,1387.93273926,6314904311
2023-01-12,1405.35144043,1432.28125000,1378.42211914,1417.93847656,1417.93847656,12230193038
2023-01-13,1417.94616699,1461.67272949,1404.02392578,1451.61486816,1451.61486816,7684148212
2023-01-14,1451.42846680,1563.73913574,1450.98840332,1550.70690918,1550.70690918,15444626014
2023-01-15,1550.73156738,1556.95080566,1520.89379883,1552.47949219,1552.47949219,6774614499
2023-01-16,1552.51928711,1594.03979492,1529.57360840,1576.83349609,1576.83349609,8454485431
2023-01-17,1577.10742188,1594.00097656,1553.33593750,1567.84606934,1567.84606934,7599462786
2023-01-18,1567.69897461,1602.10668945,1509.42285156,1515.50695801,1515.50695801,10354880595
2023-01-19,1515.24963379,1557.97033691,1514.38000488,1552.55651855,1552.55651855,6432638856
2023-01-20,1552.37365723,1659.88574219,1544.91784668,1659.75415039,1659.75415039,8528894754
2023-01-21,1659.70605469,1674.17932129,1626.81298828,1627.11816406,1627.11816406,8859250310
2023-01-22,1627.36596680,1658.02343750,1612.08569336,1628.38208008,1628.38208008,7517988734
2023-01-23,1628.55078125,1641.21813965,1607.90307617,1628.25109863,1628.25109863,8264507375
2023-01-24,1627.84826660,1639.72387695,1551.38977051,1556.60424805,1556.60424805,8180274691
2023-01-25,1556.80749512,1632.24169922,1530.79785156,1611.71105957,1611.71105957,10598973448
2023-01-26,1611.08093262,1626.19824219,1586.59814453,1603.10595703,1603.10595703,8395315241
2023-01-27,1603.08007812,1617.00085449,1565.24499512,1598.15649414,1598.15649414,8124465373
2023-01-28,1598.12536621,1604.70410156,1565.39013672,1572.43505859,1572.43505859,5803653357
2023-01-29,1572.62951660,1653.72497559,1568.98486328,1646.15563965,1646.15563965,8801292300
2023-01-30,1646.14770508,1646.65161133,1546.66076660,1567.32653809,1567.32653809,9180418120
2023-01-31,1567.41992188,1598.51757812,1563.80432129,1586.53540039,1586.53540039,6585191019
2023-02-01,1586.48815918,1644.72753906,1566.85729980,1641.79272461,1641.79272461,8116969489
2023-02-02,1641.36596680,1704.45812988,1641.32263184,1643.24157715,1643.24157715,10558081069
2023-02-03,1642.90466309,1670.69689941,1634.22338867,1664.74560547,1664.74560547,8169519805
2023-02-04,1664.47229004,1690.09960938,1648.18920898,1667.05920410,1667.05920410,5843302512
2023-02-05,1667.16650391,1671.77026367,1616.39184570,1631.64587402,1631.64587402,6926696531
2023-02-06,1631.64526367,1653.71545410,1611.31909180,1616.24707031,1616.24707031,6919871886
2023-02-07,1616.00964355,1673.79785156,1614.86303711,1672.00354004,1672.00354004,8030277434
2023-02-08,1671.90527344,1688.52722168,1635.26501465,1650.71679688,1650.71679688,7806089579
2023-02-09,1651.08227539,1655.23486328,1537.18225098,1546.43823242,1546.43823242,10524969124
2023-02-10,1546.59655762,1553.32568359,1504.83447266,1514.86914062,1514.86914062,8397387897
2023-02-11,1514.94189453,1541.33471680,1510.14697266,1539.92675781,1539.92675781,5064007416
2023-02-12,1539.77600098,1545.55419922,1501.46203613,1515.03369141,1515.03369141,5319698775
2023-02-13,1514.91699219,1524.73144531,1470.02392578,1507.16589355,1507.16589355,9363855114
2023-02-14,1506.99206543,1562.03430176,1497.19445801,1556.87512207,1556.87512207,9249575045
2023-02-15,1556.76513672,1674.28979492,1545.68969727,1673.74597168,1673.74597168,10015035156
2023-02-16,1673.86743164,1732.80114746,1638.14550781,1640.06762695,1640.06762695,12704861676
2023-02-17,1640.28015137,1716.78186035,1636.17382812,1694.78332520,1694.78332520,9802443159
2023-02-18,1694.74182129,1705.30908203,1683.67016602,1691.81945801,1691.81945801,5491437195
2023-02-19,1691.68017578,1718.94763184,1673.90661621,1681.43615723,1681.43615723,6959144003
2023-02-20,1682.33703613,1716.48937988,1659.29504395,1702.67517090,1702.67517090,7703604237
2023-02-21,1702.79785156,1714.28564453,1642.39672852,1658.03637695,1658.03637695,8721608198
2023-02-22,1658.14099121,1663.99682617,1604.80334473,1643.23168945,1643.23168945,9189387004
2023-02-23,1643.29858398,1674.60156250,1632.56616211,1651.07385254,1651.07385254,9013236167
2023-02-24,1650.89514160,1661.09130859,1583.14782715,1608.37316895,1608.37316895,8909129423
2023-02-25,1608.65832520,1608.86511230,1567.63171387,1594.91491699,1594.91491699,5657686235
2023-02-26,1594.76110840,1645.27343750,1590.39306641,1640.81713867,1640.81713867,5727967432
2023-02-27,1640.76367188,1662.57568359,1615.38793945,1634.32641602,1634.32641602,7239824677
2023-02-28,1634.50244141,1644.43579102,1602.42810059,1605.89514160,1605.89514160,6323676957
2023-03-01,1606.04040527,1663.43371582,1601.54858398,1663.43371582,1663.43371582,7701847224
2023-03-02,1663.54907227,1672.05114746,1622.59997559,1647.31933594,1647.31933594,7080950926
2023-03-03,1647.55773926,1648.47534180,1552.45153809,1569.16760254,1569.16760254,9922240199
2023-03-04,1569.27807617,1575.63720703,1551.73681641,1566.92395020,1566.92395020,4389045367
2023-03-05,1567.17932129,1584.20886230,1559.95410156,1564.46875000,1564.46875000,5020886238
2023-03-06,1564.38317871,1579.45629883,1557.36352539,1567.39868164,1567.39868164,5245153345
2023-03-07,1567.42468262,1579.16223145,1543.12756348,1561.93310547,1561.93310547,6854058349
2023-03-08,1561.97790527,1568.17529297,1534.08825684,1534.08825684,1534.08825684,7130327525
2023-03-09,1534.03161621,1544.10839844,1423.26477051,1438.66076660,1438.66076660,9457897583
2023-03-10,1438.76013184,1438.76013184,1378.52539062,1429.15808105,1429.15808105,12665194936
2023-03-11,1429.10083008,1484.13696289,1428.72314453,1482.61669922,1482.61669922,14917080154
2023-03-12,1482.43188477,1607.15258789,1461.61096191,1590.29296875,1590.29296875,11480965122
2023-03-13,1590.83117676,1699.91174316,1572.07470703,1680.30895996,1680.30895996,15711468959
2023-03-14,1680.29528809,1779.91784668,1665.90234375,1703.50708008,1703.50708008,16159781303
2023-03-15,1705.18994141,1721.07922363,1616.63037109,1656.18054199,1656.18054199,12715339905
2023-03-16,1656.33203125,1693.13928223,1639.26171875,1677.21545410,1677.21545410,9364980166
2023-03-17,1677.29675293,1799.34399414,1667.13183594,1792.48510742,1792.48510742,12467445117
2023-03-18,1793.59240723,1840.35754395,1751.26281738,1761.65966797,1761.65966797,10317822213
2023-03-19,1762.96325684,1843.84411621,1762.96325684,1785.57653809,1785.57653809,9170565472
2023-03-20,1785.41625977,1807.72521973,1728.10375977,1735.32128906,1735.32128906,10978325507
2023-03-21,1735.61791992,1836.28857422,1725.00732422,1806.76074219,1806.76074219,10758627746
2023-03-22,1804.95703125,1821.45825195,1717.76513672,1737.71704102,1737.71704102,12484103560
2023-03-23,1737.14086914,1853.88806152,1732.52465820,1816.40515137,1816.40515137,11012966854
2023-03-24,1815.81982422,1819.93530273,1730.34948730,1752.04479980,1752.04479980,10913669383
2023-03-25,1751.46948242,1762.67456055,1716.65197754,1743.76477051,1743.76477051,6614309912
2023-03-26,1743.84216309,1797.88024902,1741.18286133,1775.67675781,1775.67675781,6990313307
2023-03-27,1775.48132324,1781.37927246,1690.51660156,1715.46081543,1715.46081543,8585750760
2023-03-28,1715.32739258,1791.11096191,1702.56469727,1772.78564453,1772.78564453,8346890042
2023-03-29,1772.89990234,1825.60095215,1772.89990234,1793.00183105,1793.00183105,9136176952
2023-03-30,1793.34594727,1827.28027344,1766.24890137,1792.73718262,1792.73718262,9724496987
2023-03-31,1793.62011719,1844.67736816,1783.14221191,1822.02209473,1822.02209473,9149379763
2023-04-01,1821.70434570,1840.17309570,1811.11853027,1813.86059570,1813.86059570,5556443606
2023-04-02,1821.19213867,1824.32885742,1774.87243652,1795.70812988,1795.70812988,6199721188
2023-04-03,1794.92248535,1839.15783691,1765.51892090,1810.29711914,1810.29711914,9643826401
2023-04-04,1810.14208984,1886.59460449,1802.95544434,1871.00512695,1871.00512695,10398322335
2023-04-05,1870.96508789,1937.49755859,1865.94189453,1909.11401367,1909.11401367,10319231689
2023-04-06,1909.14355469,1909.27172852,1857.08508301,1872.92260742,1872.92260742,8263191830
2023-04-07,1872.73413086,1882.29919434,1845.99389648,1865.63610840,1865.63610840,8356130492
2023-04-08,1864.67907715,1879.10778809,1848.87548828,1849.49816895,1849.49816895,5016362733
2023-04-09,1849.67224121,1873.05737305,1828.70007324,1859.38781738,1859.38781738,6361497715
2023-04-10,1859.74121094,1917.30017090,1848.16418457,1911.20751953,1911.20751953,8380134275
2023-04-11,1911.37585449,1936.72827148,1886.53417969,1892.18969727,1892.18969727,8877222956
2023-04-12,1891.94970703,1929.88122559,1860.03686523,1920.68212891,1920.68212891,11010714187
2023-04-13,1917.69836426,2022.15014648,1901.86035156,2012.63464355,2012.63464355,12546950499
2023-04-14,2013.93066406,2126.31665039,2011.50329590,2101.63549805,2101.63549805,16298099411
2023-04-15,2101.61645508,2111.07543945,2076.51074219,2092.46679688,2092.46679688,8036468153
2023-04-16,2092.28100586,2137.44506836,2076.83203125,2120.00585938,2120.00585938,7898126856
2023-04-17,2120.00122070,2120.11352539,2063.03857422,2076.24291992,2076.24291992,9648882546
2023-04-18,2075.85522461,2121.53149414,2057.65380859,2104.53735352,2104.53735352,9134015143
2023-04-19,2103.94628906,2104.85717773,1928.58288574,1936.40344238,1936.40344238,13779745451
2023-04-20,1936.41796875,1979.57336426,1918.13281250,1943.09765625,1943.09765625,11324135406
2023-04-21,1943.40991211,1955.64916992,1827.78894043,1849.99987793,1849.99987793,12044274581
2023-04-22,1849.28649902,1886.78161621,1845.84924316,1874.22863770,1874.22863770,6970642726
2023-04-23,1874.17150879,1882.22973633,1838.99243164,1862.06201172,1862.06201172,6607451862
2023-04-24,1862.08532715,1888.19372559,1811.79211426,1842.75744629,1842.75744629,8438191338
2023-04-25,1842.20434570,1877.48498535,1805.32287598,1866.75366211,1866.75366211,8677255481
2023-04-26,1866.14892578,1962.56762695,1792.46386719,1866.56420898,1866.56420898,14356524696
2023-04-27,1866.69323730,1936.94519043,1863.14794922,1908.78637695,1908.78637695,14008145806
2023-04-28,1909.27307129,1923.19921875,1876.29187012,1892.51281738,1892.51281738,7691759733
2023-04-29,1892.56506348,1916.97375488,1887.99047852,1908.91699219,1908.91699219,4796651246
2023-04-30,1908.74133301,1938.41796875,1876.92431641,1876.92431641,1876.92431641,6539641957
2023-05-01,1868.89111328,1886.20642090,1809.19323730,1831.95483398,1831.95483398,8625783201
2023-05-02,1831.72656250,1879.75952148,1824.32702637,1870.78930664,1870.78930664,7536785767
2023-05-03,1870.68713379,1915.50415039,1845.87182617,1904.65185547,1904.65185547,8306390869
2023-05-04,1905.16894531,1915.87170410,1868.62976074,1877.70410156,1877.70410156,6578438233
2023-05-05,1877.83312988,1998.41357422,1876.94665527,1995.06091309,1995.06091309,9498261360
2023-05-06,1995.47912598,2017.55944824,1870.60559082,1900.22180176,1900.22180176,9623243037
2023-05-07,1899.91760254,1933.99841309,1873.07641602,1873.07641602,1873.07641602,6883942236
2023-05-08,1872.47509766,1886.16210938,1818.45056152,1849.04272461,1849.04272461,9895102899
2023-05-09,1849.06103516,1860.66748047,1832.90698242,1848.60314941,1848.60314941,6129516088
2023-05-10,1848.21350098,1886.80029297,1795.66882324,1842.40148926,1842.40148926,9945549603
2023-05-11,1842.49206543,1842.49206543,1774.13256836,1796.49060059,1796.49060059,8353828312
2023-05-12,1795.17663574,1812.42492676,1742.40380859,1808.01977539,1808.01977539,9047198660
2023-05-13,1808.37500000,1816.05847168,1788.47558594,1796.11486816,1796.11486816,4647630864
2023-05-14,1796.10791016,1823.49072266,1793.22875977,1800.50097656,1800.50097656,4711210241
2023-05-15,1800.37121582,1845.69543457,1787.53637695,1817.54992676,1817.54992676,6748889346
2023-05-16,1816.82421875,1830.35156250,1797.84375000,1824.12145996,1824.12145996,5595959668
2023-05-17,1824.06835938,1835.55456543,1786.67199707,1821.85961914,1821.85961914,6352161579
2023-05-18,1822.06823730,1831.45031738,1774.19506836,1801.72851562,1801.72851562,5673124255
2023-05-19,1800.99438477,1826.19421387,1797.43444824,1812.58947754,1812.58947754,4796110259
2023-05-20,1812.76611328,1829.00964355,1808.04675293,1820.47802734,1820.47802734,2951655969
2023-05-21,1820.13806152,1827.92199707,1799.94689941,1804.53137207,1804.53137207,3386768865
2023-05-22,1804.84191895,1826.69653320,1793.22399902,1817.53479004,1817.53479004,4534841049
2023-05-23,1817.78112793,1869.34399414,1816.28796387,1854.38061523,1854.38061523,6820047160
2023-05-24,1854.29968262,1854.29968262,1780.92553711,1800.09997559,1800.09997559,7101647419
2023-05-25,1799.84521484,1815.99475098,1763.36511230,1805.95373535,1805.95373535,6321689859
2023-05-26,1805.72546387,1837.86584473,1798.40600586,1828.68969727,1828.68969727,5451414258
2023-05-27,1828.57568359,1836.18457031,1817.49206543,1831.11828613,1831.11828613,3216737652
2023-05-28,1831.09863281,1915.72326660,1825.46728516,1910.91418457,1910.91418457,6359610561
2023-05-29,1909.29748535,1926.42175293,1879.07751465,1893.07812500,1893.07812500,5884674572
2023-05-30,1893.09313965,1916.57495117,1883.93469238,1901.02661133,1901.02661133,5363439784
2023-05-31,1901.09826660,1907.03540039,1852.09472656,1874.13049316,1874.13049316,5984512548
2023-06-01,1873.91467285,1887.70532227,1846.22741699,1862.20141602,1862.20141602,5640027197
2023-06-02,1862.42370605,1910.27844238,1851.96472168,1907.25659180,1907.25659180,6097746022
2023-06-03,1907.42077637,1908.82226562,1885.48547363,1892.41247559,1892.41247559,3472274607
2023-06-04,1892.39819336,1912.20568848,1885.65185547,1890.51354980,1890.51354980,3747042696
2023-06-05,1890.41760254,1890.64050293,1780.21154785,1811.82836914,1811.82836914,9246593033
2023-06-06,1810.58142090,1896.22265625,1801.40527344,1884.49487305,1884.49487305,8704411776
2023-06-07,1884.37292480,1893.80908203,1822.30310059,1832.39599609,1832.39599609,7919894455
2023-06-08,1832.51354980,1861.13610840,1830.16503906,1846.30187988,1846.30187988,4536041931
2023-06-09,1846.07788086,1854.82495117,1828.54455566,1840.22521973,1840.22521973,4610831509
2023-06-10,1840.39196777,1844.78564453,1721.44311523,1752.38476562,1752.38476562,10788500406
2023-06-11,1752.52758789,1776.84716797,1741.11047363,1753.41528320,1753.41528320,4559112981
2023-06-12,1753.07543945,1757.65979004,1722.90637207,1742.52868652,1742.52868652,6031384958
2023-06-13,1742.39013672,1761.95544434,1727.74987793,1739.03759766,1739.03759766,6214125203
2023-06-14,1739.25012207,1749.16320801,1637.18774414,1650.51928711,1650.51928711,7462905534
2023-06-15,1650.49816895,1676.40661621,1624.13830566,1665.51977539,1665.51977539,7328564880
2023-06-16,1665.41064453,1727.28955078,1653.17089844,1716.66882324,1716.66882324,6281023479
2023-06-17,1716.67175293,1766.76318359,1714.15087891,1727.20410156,1727.20410156,4875187477
2023-06-18,1727.19372559,1746.50915527,1718.11145020,1720.57751465,1720.57751465,3820038842
2023-06-19,1720.50537109,1745.13464355,1705.81347656,1737.65942383,1737.65942383,5210480121
2023-06-20,1736.87976074,1793.31396484,1715.34252930,1792.11999512,1792.11999512,7171072578
2023-06-21,1791.99499512,1898.66894531,1788.48925781,1891.00720215,1891.00720215,11731457711
2023-06-22,1889.79443359,1932.06555176,1867.87658691,1872.94299316,1872.94299316,8477657143
2023-06-23,1872.54077148,1932.53161621,1865.19201660,1892.86206055,1892.86206055,8290615074
2023-06-24,1893.77197266,1905.22741699,1867.81152344,1876.05969238,1876.05969238,5026191704
2023-06-25,1875.84912109,1929.07910156,1870.85009766,1900.50610352,1900.50610352,6937581709
2023-06-26,1900.05029297,1905.36047363,1840.21508789,1859.43286133,1859.43286133,8619702292
2023-06-27,1859.34619141,1911.31115723,1856.83837891,1889.70336914,1889.70336914,7686042202
2023-06-28,1889.90649414,1890.20898438,1822.10278320,1827.97119141,1827.97119141,7135265016
2023-06-29,1828.05932617,1876.53027344,1828.05932617,1852.22729492,1852.22729492,5677228612
2023-06-30,1852.00842285,1945.27429199,1831.28100586,1933.18896484,1933.18896484,12895131248
2023-07-01,1933.32385254,1942.70153809,1910.84863281,1924.56591797,1924.56591797,5136809625
2023-07-02,1924.44812012,1958.16076660,1895.90698242,1937.43835449,1937.43835449,6343966490
2023-07-03,1937.88378906,1974.77502441,1934.68884277,1955.38916016,1955.38916016,7858509087
2023-07-04,1955.52416992,1966.36535645,1932.61132812,1936.63354492,1936.63354492,5683423776
2023-07-05,1936.79675293,1942.43249512,1897.12475586,1910.58801270,1910.58801270,6034088075
2023-07-06,1910.41711426,1956.01232910,1847.85070801,1848.63647461,1848.63647461,8905008384
2023-07-07,1847.51257324,1876.96325684,1832.02539062,1870.60253906,1870.60253906,6468885150
2023-07-08,1871.00207520,1872.50158691,1844.64172363,1865.53955078,1865.53955078,4299007854
2023-07-09,1865.59497070,1878.66894531,1857.74829102,1863.00976562,1863.00976562,4392863807
2023-07-10,1863.24023438,1905.46081543,1848.77722168,1880.55639648,1880.55639648,6336468234
2023-07-11,1880.65490723,1889.38171387,1863.21862793,1878.33605957,1878.33605957,4905225892
2023-07-12,1878.32202148,1901.14843750,1865.71008301,1872.11376953,1872.11376953,6379007000
2023-07-13,1872.04028320,2011.88525391,1864.49609375,2006.51147461,2006.51147461,11114853969
2023-07-14,2005.68615723,2026.20495605,1901.36120605,1939.34704590,1939.34704590,10627449471
2023-07-15,1939.12963867,1946.01916504,1928.18737793,1931.46655273,1931.46655273,4380084234
2023-07-16,1931.64501953,1942.03088379,1917.29406738,1923.68188477,1923.68188477,4329306566
2023-07-17,1923.69433594,1936.17761230,1875.12036133,1911.64611816,1911.64611816,6678090758
2023-07-18,1911.69702148,1916.46838379,1878.71850586,1897.59924316,1897.59924316,5814708445
2023-07-19,1897.79724121,1919.26440430,1883.06713867,1889.00793457,1889.00793457,6018487800
2023-07-20,1889.07373047,1919.26440430,1879.73437500,1890.96911621,1890.96911621,7366830684
2023-07-21,1891.58129883,1905.38623047,1885.29626465,1892.08007812,1892.08007812,4668158260
2023-07-22,1891.95507812,1897.08801270,1855.09277344,1864.91235352,1864.91235352,4101305643
2023-07-23,1866.09423828,1904.48327637,1859.56884766,1889.19165039,1889.19165039,4480604100
2023-07-24,1888.80957031,1889.76196289,1836.85241699,1850.00207520,1850.00207520,6344373569
2023-07-25,1850.02795410,1867.32324219,1845.98156738,1857.74194336,1857.74194336,4163381707
2023-07-26,1857.69653320,1886.97412109,1849.43688965,1872.15991211,1872.15991211,5781548155
2023-07-27,1872.08630371,1885.59155273,1855.32153320,1860.35717773,1860.35717773,4291339248
2023-07-28,1860.70251465,1881.45727539,1857.04895020,1874.74487305,1874.74487305,3800973336
2023-07-29,1874.56042480,1885.52929688,1870.33386230,1881.06884766,1881.06884766,2497302218
2023-07-30,1880.87158203,1884.14416504,1851.72802734,1861.64379883,1861.64379883,4003005547
2023-07-31,1861.75524902,1875.62939453,1851.91540527,1856.16235352,1856.16235352,4391613314
2023-08-01,1856.19018555,1873.02990723,1817.92077637,1871.79211426,1871.79211426,7634860636
2023-08-02,1873.46813965,1877.51147461,1822.34826660,1839.08972168,1839.08972168,6448512422
2023-08-03,1838.89794922,1856.40759277,1825.34777832,1835.13647461,1835.13647461,4710581074
2023-08-04,1834.89050293,1847.91223145,1817.41381836,1827.71289062,1827.71289062,4861242484
2023-08-05,1827.79858398,1836.46484375,1824.80798340,1834.98791504,1834.98791504,2866049749
2023-08-06,1834.84521484,1836.24890137,1824.98669434,1827.46203613,1827.46203613,2963395076
2023-08-07,1827.23950195,1842.52258301,1804.71667480,1826.93884277,1826.93884277,5837881974
2023-08-08,1826.93103027,1873.84716797,1824.43005371,1855.80737305,1855.80737305,5812855406
2023-08-09,1855.77941895,1869.73657227,1845.48974609,1854.29760742,1854.29760742,5870081833
2023-08-10,1854.34826660,1863.31091309,1845.44226074,1850.75341797,1850.75341797,3760304518
2023-08-11,1850.74169922,1855.06604004,1839.56921387,1847.12438965,1847.12438965,3353025102
2023-08-12,1847.17199707,1852.28100586,1845.71923828,1848.88989258,1848.88989258,2291124840
2023-08-13,1849.05383301,1859.91638184,1834.80432129,1839.28015137,1839.28015137,3054625661
2023-08-14,1839.32348633,1853.83630371,1834.80041504,1844.18579102,1844.18579102,4083364724
2023-08-15,1844.16418457,1845.54760742,1816.32507324,1826.93273926,1826.93273926,4483923893
2023-08-16,1827.03637695,1829.36120605,1798.96667480,1805.65905762,1805.65905762,4976573383
2023-08-17,1805.56738281,1807.71484375,1551.71325684,1684.93347168,1684.93347168,14208462072
2023-08-18,1682.03845215,1698.12426758,1644.93090820,1660.94506836,1660.94506836,9645084584
2023-08-19,1660.84436035,1693.22814941,1654.07580566,1669.47192383,1669.47192383,4871231360
2023-08-20,1669.58776855,1692.32873535,1662.90148926,1684.85205078,1684.85205078,4105056995
2023-08-21,1685.02233887,1685.08264160,1651.95983887,1667.26904297,1667.26904297,5077248383
2023-08-22,1667.27929688,1668.63867188,1596.38403320,1633.89257812,1633.89257812,7244623133
2023-08-23,1634.40173340,1696.59399414,1629.58105469,1679.27441406,1679.27441406,7191868448
2023-08-24,1679.24829102,1682.48974609,1641.62707520,1659.94458008,1659.94458008,5104531920
2023-08-25,1660.26989746,1671.97070312,1635.96740723,1652.93505859,1652.93505859,5396997823
2023-08-26,1652.92724609,1654.77770996,1643.71264648,1646.30676270,1646.30676270,2423247747
2023-08-27,1646.27197266,1659.26708984,1645.90283203,1657.51306152,1657.51306152,2624065031
2023-08-28,1657.43981934,1659.32873535,1627.44677734,1652.45739746,1652.45739746,4855588534
2023-08-29,1652.27416992,1742.63732910,1639.57617188,1729.72570801,1729.72570801,11304916729
2023-08-30,1729.67663574,1730.56469727,1697.14721680,1705.11218262,1705.11218262,5023904190
2023-08-31,1705.36450195,1720.01196289,1634.85095215,1645.63916016,1645.63916016,6593153505
2023-09-01,1645.58129883,1653.53173828,1603.03417969,1628.49121094,1628.49121094,6104510092
2023-09-02,1628.55969238,1644.03063965,1627.97607422,1637.02539062,1637.02539062,2943590996
2023-09-03,1637.04357910,1645.64514160,1626.08923340,1636.11767578,1636.11767578,3151878318
2023-09-04,1635.72473145,1642.65319824,1618.52368164,1629.65527344,1629.65527344,3887968912
2023-09-05,1629.91101074,1645.94836426,1610.14123535,1633.62939453,1633.62939453,4417491902
2023-09-06,1633.91210938,1656.93273926,1611.14770508,1632.25231934,1632.25231934,4987397046
2023-09-07,1632.26281738,1657.30371094,1623.22045898,1647.59826660,1647.59826660,4907290296
2023-09-08,1647.80761719,1657.13635254,1617.79650879,1636.13781738,1636.13781738,4598495496
2023-09-09,1636.05041504,1636.87072754,1629.66088867,1635.16235352,1635.16235352,2081625742
2023-09-10,1635.21166992,1635.43310547,1604.04052734,1616.82885742,1616.82885742,4339499949
2023-09-11,1616.76977539,1618.30578613,1533.42675781,1551.63769531,1551.63769531,7693700923
2023-09-12,1551.49780273,1619.11401367,1549.49377441,1592.42944336,1592.42944336,6813819740
2023-09-13,1592.89233398,1615.05029297,1582.21752930,1607.98852539,1607.98852539,4979469106
2023-09-14,1608.03161621,1640.52270508,1607.73535156,1626.97436523,1626.97436523,5538958553
2023-09-15,1626.87011719,1652.11315918,1613.24865723,1641.64038086,1641.64038086,4348584771
2023-09-16,1641.44641113,1649.98864746,1632.57788086,1635.22167969,1635.22167969,2819575929
2023-09-17,1635.20104980,1635.51293945,1616.77929688,1622.89672852,1622.89672852,3032716258
2023-09-18,1623.08190918,1669.01538086,1609.95739746,1637.34704590,1637.34704590,5916674789
2023-09-19,1637.31201172,1659.53173828,1628.41320801,1643.54467773,1643.54467773,4405868861
2023-09-20,1643.49536133,1649.61914062,1610.42077637,1622.89062500,1622.89062500,5156431986
2023-09-21,1622.59179688,1625.20458984,1573.30578613,1584.30700684,1584.30700684,5191732312
2023-09-22,1584.00256348,1601.53771973,1579.10131836,1593.26831055,1593.26831055,3460791634
2023-09-23,1593.21313477,1598.00170898,1588.32897949,1593.85778809,1593.85778809,2101436678
2023-09-24,1593.82568359,1600.20727539,1576.78332520,1580.85339355,1580.85339355,3086456944
2023-09-25,1580.74743652,1595.84411621,1565.02551270,1588.32287598,1588.32287598,4394930984
2023-09-26,1588.02319336,1598.09777832,1580.16552734,1593.41723633,1593.41723633,3544861160
2023-09-27,1593.10827637,1631.91076660,1585.36889648,1597.49121094,1597.49121094,5533036096
2023-09-28,1597.67199707,1666.02416992,1597.29467773,1652.88269043,1652.88269043,6658092168
2023-09-29,1652.99987793,1687.28125000,1648.65649414,1667.94384766,1667.94384766,5529687537
2023-09-30,1667.83447266,1692.53112793,1666.56384277,1671.16186523,1671.16186523,3155292192
2023-10-01,1671.16149902,1750.59570312,1670.08215332,1733.81042480,1733.81042480,5054880180
2023-10-02,1732.98400879,1743.56359863,1646.07763672,1663.62756348,1663.62756348,8420552922
2023-10-03,1662.88720703,1670.35632324,1644.49645996,1656.68566895,1656.68566895,4742827302
2023-10-04,1656.73596191,1657.25354004,1629.42663574,1647.83813477,1647.83813477,5127524863
2023-10-05,1647.78820801,1654.37902832,1609.84997559,1611.47644043,1611.47644043,5403759057
2023-10-06,1611.36572266,1659.60986328,1611.36572266,1645.83154297,1645.83154297,4941208729
2023-10-07,1645.81091309,1648.18371582,1631.15820312,1634.51123047,1634.51123047,2578994988
2023-10-08,1634.65734863,1641.18237305,1618.18920898,1633.54858398,1633.54858398,3315554175
2023-10-09,1633.45483398,1635.44787598,1553.00695801,1579.80664062,1579.80664062,7020801716
2023-10-10,1580.11206055,1593.74133301,1553.03173828,1567.71301270,1567.71301270,5254966125
2023-10-11,1567.68078613,1578.22351074,1548.98046875,1566.25476074,1566.25476074,5416504273
2023-10-12,1566.35595703,1566.87817383,1523.23754883,1539.61242676,1539.61242676,5003930677
2023-10-13,1539.43286133,1571.75061035,1537.92114258,1552.08947754,1552.08947754,4575141511
2023-10-14,1552.26379395,1560.32507324,1545.73876953,1555.25683594,1555.25683594,2429214718
2023-10-15,1555.07604980,1565.76086426,1550.55456543,1558.06982422,1558.06982422,2923337883
2023-10-16,1558.31347656,1628.15625000,1555.98962402,1600.53430176,1600.53430176,8846928526
2023-10-17,1600.63562012,1601.29467773,1554.40295410,1565.43957520,1565.43957520,5032686973
2023-10-18,1565.38281250,1584.72692871,1556.73632812,1563.74987793,1563.74987793,4354138855
2023-10-19,1563.95812988,1573.73767090,1543.58508301,1567.45703125,1567.45703125,5035110867
2023-10-20,1567.57092285,1628.60900879,1562.30285645,1604.66687012,1604.66687012,6747486127
2023-10-21,1604.82226562,1641.24182129,1593.44799805,1629.30444336,1629.30444336,4212179634
2023-10-22,1629.29772949,1667.66662598,1623.98474121,1663.42993164,1663.42993164,5248406817
2023-10-23,1674.84924316,1794.07043457,1663.44799805,1765.38269043,1765.38269043,14362295879
2023-10-24,1766.01464844,1852.68444824,1758.69006348,1784.43750000,1784.43750000,15888690475
2023-10-25,1784.90502930,1814.48474121,1762.14709473,1787.39758301,1787.39758301,9439066475
2023-10-26,1787.48193359,1865.09521484,1764.01306152,1804.03930664,1804.03930664,11196672635
2023-10-27,1803.79492188,1804.13586426,1751.44006348,1780.04528809,1780.04528809,7493399771
2023-10-28,1780.08422852,1800.60534668,1773.43664551,1776.61816406,1776.61816406,4226112731
2023-10-29,1776.56396484,1810.48864746,1766.05297852,1795.54602051,1795.54602051,4358528382
2023-10-30,1795.58911133,1829.24951172,1779.36450195,1810.08862305,1810.08862305,7534051038
2023-10-31,1810.13159180,1819.97265625,1784.56762695,1816.45898438,1816.45898438,6477922747
2023-11-01,1815.87207031,1858.31286621,1786.40954590,1847.08972168,1847.08972168,10628825648
2023-11-02,1847.25988770,1873.88500977,1790.11474609,1800.62097168,1800.62097168,9004197724
2023-11-03,1800.91650391,1835.07250977,1779.63549805,1832.79516602,1832.79516602,7622864055
2023-11-04,1833.36889648,1867.26135254,1825.73657227,1857.69860840,1857.69860840,4845080427
2023-11-05,1857.39562988,1911.60864258,1848.62011719,1894.15771484,1894.15771484,8867152645
2023-11-06,1894.02709961,1914.58264160,1871.97302246,1899.83740234,1899.83740234,8104122602
2023-11-07,1900.59973145,1907.56140137,1852.79089355,1888.12426758,1888.12426758,9203228152
2023-11-08,1887.11901855,1904.54626465,1874.54565430,1889.32238770,1889.32238770,6751627017
2023-11-09,1888.94030762,2130.88525391,1884.20434570,2120.56103516,2120.56103516,24709695029
2023-11-10,2121.06738281,2134.69140625,2068.13427734,2078.28979492,2078.28979492,14740624457
2023-11-11,2078.05834961,2089.53051758,2035.08215332,2052.71386719,2052.71386719,10228351203
2023-11-12,2053.11865234,2066.00341797,2019.02807617,2045.18701172,2045.18701172,7951011698
2023-11-13,2045.35449219,2116.01074219,2031.95422363,2055.26538086,2055.26538086,14322027970
2023-11-14,2054.76538086,2065.06689453,1939.28039551,1979.05261230,1979.05261230,13087862495
2023-11-15,1979.47265625,2061.99169922,1968.77465820,2060.40844727,2060.40844727,12626326991
2023-11-16,2059.96582031,2088.66235352,1940.57421875,1960.88159180,1960.88159180,14651619483
2023-11-17,1961.86755371,1990.05053711,1910.44543457,1961.28076172,1961.28076172,11881648738
2023-11-18,1961.67126465,1971.46228027,1921.06237793,1963.28503418,1963.28503418,8064677046
2023-11-19,1963.18005371,2015.63391113,1944.90087891,2013.20446777,2013.20446777,7716048818
2023-11-20,2011.85339355,2066.40991211,1996.04431152,2022.23913574,2022.23913574,12866464824
2023-11-21,2022.21728516,2035.03588867,1937.06677246,1937.06677246,1937.06677246,13653500841
2023-11-22,1933.58312988,2089.51416016,1933.16296387,2064.42529297,2064.42529297,13372200584
2023-11-23,2063.90551758,2088.03198242,2041.46423340,2062.21069336,2062.21069336,7828437946
2023-11-24,2062.41186523,2132.48120117,2060.99902344,2081.15209961,2081.15209961,12141148820
2023-11-25,2081.29614258,2091.34277344,2067.91723633,2084.41308594,2084.41308594,5362623390
2023-11-26,2084.17749023,2094.09594727,2038.60046387,2063.28613281,2063.28613281,8054814154
2023-11-27,2062.39086914,2070.60620117,1988.12036133,2027.41735840,2027.41735840,10574810069
2023-11-28,2027.51721191,2074.95410156,1996.81469727,2049.33813477,2049.33813477,9910633038
2023-11-29,2049.18676758,2071.99438477,2020.75659180,2029.92919922,2029.92919922,8945151861
2023-11-30,2029.35839844,2054.44433594,2022.46179199,2052.55615234,2052.55615234,8107789163
2023-12-01,2052.09667969,2109.31909180,2046.55700684,2087.13989258,2087.13989258,10866891430
2023-12-02,2087.66357422,2182.81787109,2087.40795898,2165.70410156,2165.70410156,9130124831
2023-12-03,2165.89575195,2213.17578125,2151.72094727,2193.69165039,2193.69165039,8278465782
2023-12-04,2193.66333008,2273.06982422,2193.00732422,2243.21582031,2243.21582031,16149367134
2023-12-05,2243.09252930,2306.57031250,2191.17626953,2293.84179688,2293.84179688,15383072559
2023-12-06,2293.62817383,2310.71313477,2225.08105469,2231.66137695,2231.66137695,12790612571
2023-12-07,2233.21777344,2380.72973633,2225.05053711,2357.57958984,2357.57958984,14766891042
2023-12-08,2357.16918945,2387.51440430,2340.92041016,2358.73193359,2358.73193359,12543458699
2023-12-09,2358.68603516,2401.76049805,2331.66601562,2341.17529297,2341.17529297,10613312823
2023-12-10,2341.44018555,2376.74975586,2323.40576172,2352.46264648,2352.46264648,7369608905
2023-12-11,2352.49658203,2354.91406250,2160.35815430,2224.57885742,2224.57885742,17989249470
2023-12-12,2224.39111328,2242.55126953,2166.77001953,2202.03808594,2202.03808594,11391132228
2023-12-13,2202.60034180,2283.09912109,2150.75439453,2260.64868164,2260.64868164,12576395493
2023-12-14,2260.73608398,2331.60156250,2239.36621094,2316.57910156,2316.57910156,12608711052
2023-12-15,2316.11035156,2316.89282227,2214.26318359,2219.33740234,2219.33740234,10259157898
2023-12-16,2220.41552734,2260.80981445,2213.55078125,2226.92651367,2226.92651367,6866555430
2023-12-17,2226.89257812,2244.36645508,2195.76171875,2196.48120117,2196.48120117,7410453853
2023-12-18,2195.34179688,2222.01928711,2120.12744141,2217.27343750,2217.27343750,10366536490
2023-12-19,2218.24096680,2253.34887695,2139.72338867,2177.87255859,2177.87255859,10619179629
2023-12-20,2177.23950195,2263.32910156,2161.21875000,2201.91137695,2201.91137695,12652290807
2023-12-21,2201.79003906,2278.12158203,2184.85668945,2239.54248047,2239.54248047,12616530536
2023-12-22,2239.59814453,2341.94750977,2233.53271484,2326.52490234,2326.52490234,16137246310
2023-12-23,2326.71582031,2332.07202148,2270.42895508,2309.04638672,2309.04638672,7995772945
2023-12-24,2309.62670898,2325.70507812,2249.98437500,2265.69213867,2265.69213867,9450799236
2023-12-25,2265.34057617,2303.55102539,2254.57446289,2272.56176758,2272.56176758,8036302656
2023-12-26,2272.21875000,2274.55737305,2180.22534180,2231.46533203,2231.46533203,10668581464
2023-12-27,2231.39306641,2392.60864258,2215.14038086,2378.73999023,2378.73999023,14161342927
2023-12-28,2380.20068359,2445.01757812,2338.70385742,2347.56616211,2347.56616211,15660799060
2023-12-29,2346.84375000,2386.00463867,2262.97583008,2300.69067383,2300.69067383,12536968996
2023-12-30,2300.39965820,2322.02148438,2270.01196289,2292.06542969,2292.06542969,6888195427
2023-12-31,2291.94531250,2318.51293945,2261.39428711,2281.47119141,2281.47119141,6871481744
2024-01-01,2282.87036133,2352.32788086,2267.01806641,2352.32788086,2352.32788086,6906765990
2024-01-02,2352.59350586,2431.21240234,2348.89233398,2355.83642578,2355.83642578,12910543630
2024-01-03,2355.98144531,2385.11767578,2113.92529297,2210.76196289,2210.76196289,19332933581
2024-01-04,2210.52905273,2294.60815430,2204.86572266,2269.03808594,2269.03808594,11044564896
2024-01-05,2269.40942383,2276.76464844,2209.53710938,2268.64721680,2268.64721680,10860953290
2024-01-06,2269.54003906,2271.35937500,2219.78198242,2241.62475586,2241.62475586,5970741680
2024-01-07,2242.01269531,2257.12792969,2211.56250000,2222.86596680,2222.86596680,6490053615
2024-01-08,2222.85766602,2358.81567383,2171.99365234,2333.03271484,2333.03271484,13830287095
2024-01-09,2332.86816406,2369.64160156,2243.21923828,2344.82714844,2344.82714844,14891130716
2024-01-10,2344.92358398,2626.97680664,2341.94311523,2582.10351562,2582.10351562,29042100476
2024-01-11,2584.17163086,2687.77905273,2567.99365234,2619.61914062,2619.61914062,22575246883
2024-01-12,2619.17700195,2710.42187500,2460.92553711,2524.46020508,2524.46020508,23623839263
2024-01-13,2522.93383789,2589.07983398,2498.59448242,2576.59790039,2576.59790039,12250316867
2024-01-14,2578.00366211,2578.33227539,2470.42431641,2472.24121094,2472.24121094,9405587417
2024-01-15,2471.66699219,2550.76904297,2470.82080078,2511.36376953,2511.36376953,9700630000
2024-01-16,2510.62719727,2613.56689453,2500.00390625,2587.69116211,2587.69116211,11063317095
2024-01-17,2587.04467773,2592.73706055,2508.43286133,2528.36938477,2528.36938477,10441017520
2024-01-18,2528.59326172,2546.26391602,2426.13549805,2467.01879883,2467.01879883,11900028080
2024-01-19,2468.68896484,2501.30517578,2414.71093750,2489.49853516,2489.49853516,11405278376
2024-01-20,2489.84765625,2489.84765625,2456.09570312,2469.58911133,2469.58911133,5297826161
2024-01-21,2469.79858398,2479.76049805,2452.37768555,2453.91308594,2453.91308594,4578471955
2024-01-22,2454.98730469,2463.44726562,2303.50268555,2310.82641602,2310.82641602,13923771728
2024-01-23,2310.95166016,2348.03125000,2167.28247070,2240.68603516,2240.68603516,16182147521
2024-01-24,2241.74975586,2261.38452148,2197.65673828,2233.56176758,2233.56176758,10134722960
2024-01-25,2233.96997070,2240.38085938,2173.68652344,2217.71020508,2217.71020508,9302247037
2024-01-26,2217.44189453,2280.38378906,2196.14013672,2267.19970703,2267.19970703,9975117607
2024-01-27,2267.31933594,2282.54443359,2252.38525391,2267.88598633,2267.88598633,5144367230
2024-01-28,2268.19287109,2306.89868164,2242.68383789,2257.20874023,2257.20874023,7296214994
2024-01-29,2256.99536133,2320.02734375,2237.71166992,2317.06420898,2317.06420898,8948195551
2024-01-30,2317.43579102,2388.87060547,2298.28198242,2344.49365234,2344.49365234,10173440062
2024-01-31,2343.55883789,2349.61132812,2264.44360352,2282.54443359,2282.54443359,10807883277
2024-02-01,2282.17529297,2309.84252930,2243.57177734,2303.82470703,2303.82470703,8895583113
2024-02-02,2303.70605469,2323.05346680,2282.23022461,2308.03808594,2308.03808594,7186143091
2024-02-03,2307.98022461,2327.34692383,2293.53808594,2296.03833008,2296.03833008,4647754021
2024-02-04,2296.11694336,2309.01123047,2272.30493164,2289.54614258,2289.54614258,5438100035
2024-02-05,2289.20556641,2334.67675781,2270.06787109,2298.88891602,2298.88891602,7277068110
2024-02-06,2298.95507812,2389.82617188,2296.78857422,2372.20190430,2372.20190430,9520885493
2024-02-07,2372.26269531,2442.63623047,2353.70605469,2423.74511719,2423.74511719,9660628536
2024-02-08,2424.08007812,2459.55664062,2414.74951172,2419.90649414,2419.90649414,9941841732
2024-02-09,2419.77368164,2522.72460938,2419.36279297,2487.51562500,2487.51562500,13634203177
2024-02-10,2487.65039062,2516.71972656,2475.85766602,2501.22827148,2501.22827148,6474444159
2024-02-11,2501.12988281,2537.67919922,2495.21435547,2507.57055664,2507.57055664,7347245813
2024-02-12,2507.57885742,2663.84277344,2473.81201172,2658.11596680,2658.11596680,13022696866
2024-02-13,2659.58618164,2686.45507812,2599.16943359,2642.18530273,2642.18530273,18271237044
2024-02-14,2641.68530273,2786.89355469,2621.02539062,2777.90234375,2777.90234375,21448973822
2024-02-15,2777.60131836,2865.84545898,2764.01049805,2824.37890625,2824.37890625,23734481937
2024-02-16,2825.48071289,2858.45043945,2760.33105469,2803.69140625,2803.69140625,17057114638
2024-02-17,2803.73583984,2805.12866211,2724.38696289,2786.67260742,2786.67260742,17932379943
2024-02-18,2786.70971680,2892.84350586,2767.91308594,2878.99804688,2878.99804688,23355830478
2024-02-19,2881.29687500,2983.37060547,2860.26367188,2943.57470703,2943.57470703,15163110589
2024-02-20,2944.10644531,3031.52441406,2879.90332031,3013.50366211,3013.50366211,20341598470
2024-02-21,3015.65332031,3017.19042969,2875.41845703,2970.35546875,2970.35546875,18897136867
2024-02-22,2969.59985352,3030.66601562,2907.10937500,2971.00732422,2971.00732422,18058908246
2024-02-23,2970.13964844,2991.32958984,2906.58374023,2921.65820312,2921.65820312,12822717059
2024-02-24,2921.96289062,3003.19506836,2907.70068359,2992.38598633,2992.38598633,10701688842
2024-02-25,2992.36669922,3117.42895508,2984.39306641,3112.69726562,3112.69726562,14620450464
2024-02-26,3112.52905273,3197.37500000,3037.95458984,3178.99365234,3178.99365234,17504464351
2024-02-27,3178.40502930,3287.95800781,3167.83056641,3244.51928711,3244.51928711,21090315368
2024-02-28,3243.89331055,3485.45092773,3201.57592773,3385.70385742,3385.70385742,32885894265
2024-02-29,3386.80273438,3518.96923828,3303.90527344,3341.91967773,3341.91967773,28469171094
2024-03-01,3341.96582031,3452.62622070,3341.85107422,3435.05395508,3435.05395508,16880101987
2024-03-02,3436.15917969,3459.74731445,3398.89892578,3422.04980469,3422.04980469,12024340617
2024-03-03,3422.87524414,3491.16845703,3372.21411133,3490.99365234,3490.99365234,13643324467
2024-03-04,3489.34008789,3641.45922852,3446.01757812,3630.43383789,3630.43383789,26772963830
2024-03-05,3631.92895508,3828.15966797,3224.11938477,3554.96459961,3554.96459961,47706899137
2024-03-06,3554.06787109,3901.43432617,3502.80249023,3819.22631836,3819.22631836,34938642613
2024-03-07,3818.31103516,3939.59399414,3738.68530273,3874.34765625,3874.34765625,22457177587
2024-03-08,3874.83081055,3998.82641602,3828.36328125,3892.06103516,3892.06103516,26135487051
2024-03-09,3892.11914062,3950.39648438,3880.65893555,3915.41894531,3915.41894531,11926623780
2024-03-10,3915.59057617,3968.72363281,3800.56445312,3881.19311523,3881.19311523,15783924355
2024-03-11,3881.23779297,4087.05004883,3745.12524414,4066.44506836,4066.44506836,28806262507
2024-03-12,4066.69042969,4092.28417969,3831.88989258,3980.27319336,3980.27319336,26917010932
2024-03-13,3980.26513672,4083.00732422,3936.62719727,4006.45703125,4006.45703125,22028114691
2024-03-14,4005.74511719,4011.10278320,3721.78857422,3883.14038086,3883.14038086,25434810823
2024-03-15,3882.85693359,3928.77563477,3571.77465820,3735.22021484,3735.22021484,33505075433
2024-03-16,3736.10498047,3780.89453125,3468.07934570,3522.86010742,3522.86010742,20199855932
2024-03-17,3523.02978516,3676.26342773,3414.17236328,3642.41308594,3642.41308594,19938757095
2024-03-18,3642.29882812,3642.49707031,3456.09130859,3517.98510742,3517.98510742,21162220224
2024-03-19,3518.34765625,3546.58227539,3149.28686523,3157.61816406,3157.61816406,34166976701
2024-03-20,3158.39672852,3534.82641602,3059.65478516,3513.39306641,3513.39306641,36605316331
2024-03-21,3514.01757812,3586.90502930,3412.22265625,3492.99121094,3492.99121094,22213647922
2024-03-22,3492.89794922,3541.89819336,3254.96923828,3333.68798828,3333.68798828,20574952329
2024-03-23,3335.59252930,3433.75805664,3273.11547852,3336.59399414,3336.59399414,13242137554
2024-03-24,3336.66601562,3470.34448242,3301.27734375,3454.63647461,3454.63647461,12156660941
2024-03-25,3454.88574219,3657.11889648,3421.79052734,3590.88378906,3590.88378906,18603921705
2024-03-26,3591.08520508,3678.78979492,3545.42871094,3587.50488281,3587.50488281,18505553577
2024-03-27,3587.31372070,3664.38305664,3460.39355469,3500.11523438,3500.11523438,18753082145
2024-03-28,3500.21606445,3609.70532227,3465.33227539,3561.29394531,3561.29394531,16419674157
2024-03-29,3561.01171875,3583.70141602,3475.72558594,3511.80615234,3511.80615234,12712701619
2024-03-30,3511.82763672,3566.08447266,3489.90209961,3507.94433594,3507.94433594,9389066783
2024-03-31,3507.95166016,3655.21899414,3507.24267578,3647.85644531,3647.85644531,10499881424
2024-04-01,3647.81958008,3648.12915039,3418.69531250,3505.03002930,3505.03002930,16002098681
2024-04-02,3504.81835938,3506.96289062,3215.98510742,3277.23461914,3277.23461914,22076539151
2024-04-03,3277.32421875,3368.11157227,3205.64916992,3311.44189453,3311.44189453,16010734587
2024-04-04,3311.49536133,3443.20751953,3253.31933594,3330.04052734,3330.04052734,14476330517
2024-04-05,3330.00585938,3345.66650391,3214.24414062,3318.88525391,3318.88525391,15214447092
2024-04-06,3318.86474609,3397.59252930,3308.98339844,3354.18383789,3354.18383789,8956926798
2024-04-07,3354.21386719,3458.50830078,3346.11474609,3453.49462891,3453.49462891,9931108526
2024-04-08,3453.49877930,3727.61645508,3409.51171875,3695.29272461,3695.29272461,19055143129
2024-04-09,3695.34179688,3724.92236328,3455.10766602,3505.16333008,3505.16333008,18279773833
2024-04-10,3505.15600586,3561.51635742,3415.18041992,3543.73706055,3543.73706055,16872482726
2024-04-11,3543.45214844,3616.19433594,3477.17114258,3505.24780273,3505.24780273,14076734489
2024-04-12,3505.32983398,3552.58911133,3103.43017578,3243.03491211,3243.03491211,22104869556
2024-04-13,3242.94091797,3299.66381836,2862.39355469,3004.90039062,3004.90039062,29930408174
2024-04-14,3005.54760742,3174.66650391,2914.42285156,3156.94189453,3156.94189453,25486284994
2024-04-15,3156.83007812,3277.56152344,3026.53881836,3101.60034180,3101.60034180,21925843181
2024-04-16,3101.14062500,3127.16088867,2997.75463867,3084.92016602,3084.92016602,19441391169
2024-04-17,3084.92358398,3123.66967773,2918.55371094,2984.72753906,2984.72753906,17711869375
2024-04-18,2984.70532227,3094.84204102,2956.12744141,3066.02758789,3066.02758789,15183777035
2024-04-19,3065.95312500,3127.11499023,2868.79589844,3059.27856445,3059.27856445,20399982867
2024-04-20,3059.47802734,3170.67285156,3021.78491211,3157.62719727,3157.62719727,9918642130
2024-04-21,3157.57104492,3197.50634766,3119.55200195,3147.28857422,3147.28857422,9394387894
2024-04-22,3147.66357422,3236.65917969,3131.36743164,3201.65209961,3201.65209961,12063858733
2024-04-23,3201.58862305,3264.41943359,3154.58984375,3219.91162109,3219.91162109,11054442653
2024-04-24,3219.95703125,3292.92163086,3105.98217773,3139.80517578,3139.80517578,14000234760
2024-04-25,3139.62426758,3190.97631836,3074.80468750,3156.50952148,3156.50952148,13989030260
2024-04-26,3156.38403320,3166.18872070,3103.10400391,3130.16479492,3130.16479492,10622333862
2024-04-27,3129.72705078,3279.45117188,3071.34008789,3252.16821289,3252.16821289,11820785577
2024-04-28,3252.24560547,3351.17651367,3249.14916992,3262.77465820,3262.77465820,11379192678
2024-04-29,3262.34082031,3285.46875000,3116.19995117,3215.42895508,3215.42895508,15032246816
2024-04-30,3215.38110352,3249.37841797,2918.22875977,3012.28686523,3012.28686523,18266894653
2024-05-01,3011.01562500,3020.17333984,2815.92333984,2969.78466797,2969.78466797,20005057445
2024-05-02,2969.79443359,3015.05029297,2894.32983398,2988.16845703,2988.16845703,13163903903
2024-05-03,2988.13452148,3127.15527344,2960.18212891,3103.54199219,3103.54199219,12862183229
2024-05-04,3103.61962891,3167.54125977,3096.26757812,3117.57641602,3117.57641602,8283229638
2024-05-05,3117.63696289,3170.05517578,3075.58618164,3137.24902344,3137.24902344,8783447639
2024-05-06,3137.51025391,3220.15234375,3048.23852539,3062.72875977,3062.72875977,13008587255
2024-05-07,3062.75097656,3129.08129883,3003.01367188,3006.57714844,3006.57714844,11743187337
2024-05-08,3006.31567383,3037.19604492,2938.47265625,2973.65722656,2973.65722656,11791662158
2024-05-09,2973.97167969,3057.95825195,2951.22387695,3036.02050781,3036.02050781,10861947179
2024-05-10,3036.23120117,3052.72949219,2881.00073242,2909.79125977,2909.79125977,12278653601
2024-05-11,2909.84545898,2942.17871094,2888.08325195,2911.60205078,2911.60205078,6795916454
2024-05-12,2911.65820312,2953.04736328,2902.20190430,2928.70190430,2928.70190430,5908941395
2024-05-13,2928.81396484,2994.86914062,2865.13452148,2949.35961914,2949.35961914,13352264795
2024-05-14,2949.21313477,2959.54663086,2863.54589844,2881.15795898,2881.15795898,12444516140
2024-05-15,2881.22460938,3041.60229492,2864.73535156,3037.05664062,3037.05664062,14666902956
2024-05-16,3036.01416016,3041.80712891,2925.08740234,2945.13110352,2945.13110352,13035465176
2024-05-17,2945.13696289,3120.30175781,2934.11254883,3094.11865234,3094.11865234,14449438097
2024-05-18,3094.55346680,3146.79052734,3087.70434570,3122.94897461,3122.94897461,9407051320
2024-05-19,3122.82470703,3137.14843750,3056.75439453,3071.84301758,3071.84301758,8747800800
2024-05-20,3071.85888672,3690.80590820,3050.29785156,3663.85546875,3663.85546875,31228143948
2024-05-21,3663.01123047,3837.37280273,3628.09643555,3789.31274414,3789.31274414,37643853967
2024-05-22,3789.37280273,3810.94848633,3655.07519531,3737.21777344,3737.21777344,25155809461
2024-05-23,3737.17846680,3943.55395508,3552.64257812,3776.92724609,3776.92724609,45623656317
2024-05-24,3776.99243164,3825.12255859,3631.99023438,3726.93457031,3726.93457031,22257061429
2024-05-25,3726.97558594,3776.00659180,3710.52832031,3749.23657227,3749.23657227,10000027764
2024-05-26,3749.17993164,3879.47070312,3732.02294922,3825.89746094,3825.89746094,14650794791
2024-05-27,3826.12719727,3973.55639648,3821.93041992,3892.00683594,3892.00683594,18949181813
2024-05-28,3892.09692383,3924.89575195,3771.21386719,3840.25634766,3840.25634766,19846044324
2024-05-29,3840.23510742,3880.64843750,3742.04125977,3763.19653320,3763.19653320,17411416736
2024-05-30,3763.35766602,3823.64331055,3702.26367188,3746.84960938,3746.84960938,15065849797
2024-05-31,3746.86157227,3843.85766602,3723.83520508,3760.02661133,3760.02661133,15290700646
2024-06-01,3759.88427734,3829.29467773,3749.84008789,3813.19897461,3813.19897461,8661024535
2024-06-02,3813.27563477,3834.91186523,3752.41455078,3780.89599609,3780.89599609,11126903059
2024-06-03,3780.85424805,3848.60302734,3758.91992188,3766.38916016,3766.38916016,14082454300
2024-06-04,3766.47631836,3831.36499023,3738.13427734,3812.51586914,3812.51586914,13331489271
2024-06-05,3812.56079102,3887.48583984,3778.65576172,3864.26098633,3864.26098633,15480034434
2024-06-06,3864.26342773,3878.05224609,3761.77539062,3811.60595703,3811.60595703,13606583873
2024-06-07,3811.66601562,3838.45214844,3615.28027344,3678.62915039,3678.62915039,18220286186
2024-06-08,3677.40039062,3707.49731445,3669.63793945,3680.94995117,3680.94995117,9096091805
2024-06-09,3680.93603516,3719.36767578,3668.12353516,3705.90380859,3705.90380859,7910768788
2024-06-10,3705.87719727,3711.42871094,3648.16455078,3666.71752930,3666.71752930,10377300126
2024-06-11,3666.35888672,3669.89086914,3434.74902344,3498.33056641,3498.33056641,19184721538
2024-06-12,3497.89697266,3652.49218750,3463.78491211,3559.61767578,3559.61767578,17142905351
2024-06-13,3559.72534180,3559.72534180,3431.33349609,3469.28125000,3469.28125000,14472382154
2024-06-14,3467.96997070,3528.60229492,3366.22387695,3480.27197266,3480.27197266,15793876596
2024-06-15,3479.78564453,3589.88745117,3473.45263672,3565.54956055,3565.54956055,12733651076
2024-06-16,3566.76196289,3648.09301758,3541.53442383,3620.56347656,3620.56347656,9878388158
2024-06-17,3622.38354492,3634.28540039,3468.14892578,3511.37890625,3511.37890625,17838856988
2024-06-18,3510.56518555,3514.17724609,3371.59033203,3483.68139648,3483.68139648,21022514455
2024-06-19,3482.35083008,3583.32006836,3466.48095703,3559.34741211,3559.34741211,15275373778
2024-06-20,3559.34741211,3623.88647461,3485.45996094,3511.08691406,3511.08691406,16115123753
2024-06-21,3511.26831055,3542.95727539,3447.93554688,3516.07568359,3516.07568359,15933353456
2024-06-22,3516.55126953,3519.49755859,3477.16992188,3494.81347656,3494.81347656,7423703673
2024-06-23,3494.95385742,3519.32495117,3408.58300781,3418.61181641,3418.61181641,9418141333
2024-06-24,3418.78320312,3430.69897461,3244.24145508,3350.25634766,3350.25634766,23137744903
2024-06-25,3350.55566406,3422.21337891,3335.55688477,3395.02905273,3395.02905273,13235546063
2024-06-26,3394.37329102,3421.50952148,3328.39062500,3369.47729492,3369.47729492,11694054195
2024-06-27,3368.88623047,3470.92309570,3362.26464844,3444.80053711,3444.80053711,11771834016
2024-06-28,3445.49877930,3482.95751953,3363.43750000,3373.63598633,3373.63598633,12861158844
2024-06-29,3373.68994141,3401.73022461,3369.55273438,3372.96777344,3372.96777344,6584792001
2024-06-30,3373.07568359,3453.21142578,3352.28442383,3432.88916016,3432.88916016,8396416013
2024-07-01,3432.60742188,3513.31079102,3425.32324219,3440.34155273,3440.34155273,12281551839
2024-07-02,3439.38134766,3459.76147461,3399.02612305,3416.35473633,3416.35473633,9421757718
2024-07-03,3416.25488281,3426.33227539,3254.52124023,3292.91674805,3292.91674805,16121324440
2024-07-04,3291.81787109,3309.20361328,3054.52197266,3054.52197266,3054.52197266,20252514386
2024-07-05,3057.83325195,3106.15258789,2826.01440430,2981.59863281,2981.59863281,31131942647
2024-07-06,2981.98803711,3080.10742188,2957.39575195,3069.37792969,3069.37792969,11586293705
2024-07-07,3067.40502930,3072.81445312,2923.95922852,2929.38720703,2929.38720703,10857947538
2024-07-08,2929.86157227,3090.66455078,2826.48168945,3018.73193359,3018.73193359,22627377457
2024-07-09,3018.80322266,3105.80053711,3005.52221680,3064.03295898,3064.03295898,15269945822
2024-07-10,3066.13720703,3148.40747070,3026.60839844,3102.21875000,3102.21875000,14578679176
2024-07-11,3101.33520508,3208.93847656,3057.21923828,3100.33081055,3100.33081055,15230095766
2024-07-12,3099.98999023,3154.60156250,3048.50805664,3134.15869141,3134.15869141,12751638331
2024-07-13,3134.55053711,3199.98950195,3115.08032227,3177.19873047,3177.19873047,8565105946
2024-07-14,3176.74145508,3266.48754883,3166.43115234,3244.07910156,3244.07910156,10517709666
2024-07-15,3246.13159180,3494.09838867,3235.77612305,3489.55273438,3489.55273438,18305490390
2024-07-16,3486.14404297,3498.21899414,3351.77978516,3443.51342773,3443.51342773,20446664416
2024-07-17,3446.73681641,3516.10424805,3379.09960938,3388.75244141,3388.75244141,16739123962
2024-07-18,3388.03002930,3488.71557617,3374.99047852,3426.25854492,3426.25854492,15035622003
2024-07-19,3425.90869141,3540.58837891,3377.87768555,3505.73486328,3505.73486328,17705629736
2024-07-20,3505.72143555,3539.90429688,3482.48901367,3519.29541016,3519.29541016,10360198325
2024-07-21,3519.42651367,3546.61914062,3415.44384766,3536.60546875,3536.60546875,13845913681
2024-07-22,3536.62719727,3560.07543945,3425.79565430,3440.41992188,3440.41992188,18723199034
2024-07-23,3440.76831055,3539.53173828,3395.42089844,3481.99584961,3481.99584961,24468405650
2024-07-24,3482.15185547,3487.65307617,3304.03930664,3336.33935547,3336.33935547,16040945448
2024-07-25,3336.36230469,3341.43847656,3088.76440430,3174.42724609,3174.42724609,25293745810
2024-07-26,3174.05102539,3285.76098633,3172.77709961,3275.95141602,3275.95141602,15993893521
2024-07-27,3275.89160156,3327.42651367,3195.35668945,3247.60791016,3247.60791016,15198233287
2024-07-28,3247.50732422,3283.15209961,3201.76318359,3271.46459961,3271.46459961,8959236446
2024-07-29,3271.45336914,3396.62573242,3257.71557617,3320.53930664,3320.53930664,18334852719
2024-07-30,3320.63525391,3365.32250977,3235.76000977,3278.66772461,3278.66772461,14045773047
2024-07-31,3278.68652344,3347.63647461,3216.07177734,3231.29565430,3231.29565430,16135380637
2024-08-01,3231.24877930,3241.77734375,3078.54394531,3201.56445312,3201.56445312,20217639556
2024-08-02,3201.59936523,3214.52709961,2965.73388672,2986.01318359,2986.01318359,21400241741
2024-08-03,2985.95092773,3015.29614258,2861.17749023,2903.38574219,2903.38574219,17844091431
2024-08-04,2903.08862305,2931.47167969,2639.56665039,2686.39892578,2686.39892578,21139601426
2024-08-05,2686.02758789,2695.88671875,2122.54614258,2417.20629883,2417.20629883,67668132244
2024-08-06,2417.26977539,2553.58105469,2416.52709961,2458.72387695,2458.72387695,26041995921
2024-08-07,2458.98901367,2551.56079102,2312.16870117,2336.58935547,2336.58935547,24264218606
2024-08-08,2336.91503906,2721.95458984,2322.52954102,2683.35278320,2683.35278320,23468291180
2024-08-09,2683.71997070,2706.45117188,2555.22949219,2599.59863281,2599.59863281,17907141655
2024-08-10,2599.58227539,2642.92578125,2580.66186523,2610.02294922,2610.02294922,9361014219
2024-08-11,2609.96972656,2718.79760742,2544.17480469,2553.25219727,2553.25219727,13595441987
2024-08-12,2553.49658203,2749.13500977,2513.39404297,2724.43188477,2724.43188477,21653090666
2024-08-13,2724.30346680,2737.99047852,2613.80126953,2703.67187500,2703.67187500,16383053029
2024-08-14,2703.58691406,2775.28100586,2636.70532227,2662.91479492,2662.91479492,15825365408
2024-08-15,2662.88549805,2675.31445312,2518.67065430,2570.08764648,2570.08764648,16345801912
2024-08-16,2570.08520508,2629.38354492,2553.07153320,2593.18652344,2593.18652344,13275561555
2024-08-17,2593.16699219,2626.67285156,2588.78515625,2614.54687500,2614.54687500,6676568717
2024-08-18,2614.10961914,2684.03100586,2596.73510742,2613.35717773,2613.35717773,9207267415
2024-08-19,2612.71850586,2648.28442383,2566.40112305,2637.30639648,2637.30639648,11968963282
2024-08-20,2637.30639648,2695.91381836,2556.74755859,2573.10693359,2573.10693359,13249483464
2024-08-21,2573.10888672,2662.95336914,2538.65771484,2631.39550781,2631.39550781,12766015263
2024-08-22,2630.86425781,2644.82373047,2587.11059570,2622.95141602,2622.95141602,10723280428
2024-08-23,2622.91601562,2799.32983398,2622.58105469,2764.44702148,2764.44702148,16857181970
2024-08-24,2765.48144531,2820.02050781,2737.77661133,2769.38964844,2769.38964844,11765811307
2024-08-25,2769.09814453,2793.01293945,2736.08886719,2749.15771484,2749.15771484,9375535539
2024-08-26,2749.24755859,2763.00415039,2668.88671875,2681.34057617,2681.34057617,12282035835
2024-08-27,2681.62280273,2700.15283203,2401.17504883,2458.72656250,2458.72656250,18028996056
2024-08-28,2458.90478516,2553.82006836,2422.29370117,2528.41552734,2528.41552734,20359545410
2024-08-29,2528.36230469,2595.97705078,2507.50244141,2528.79272461,2528.79272461,13946434277
2024-08-30,2528.73217773,2539.91528320,2432.83447266,2525.82202148,2525.82202148,15526218255
2024-08-31,2525.85913086,2532.38989258,2493.70556641,2513.39379883,2513.39379883,6646876013
2024-09-01,2513.42431641,2515.46728516,2401.88916016,2427.90234375,2427.90234375,11800443265
2024-09-02,2427.97338867,2563.08593750,2426.09594727,2538.18725586,2538.18725586,12520444224
2024-09-03,2538.16064453,2552.80273438,2419.87524414,2420.60375977,2420.60375977,11406800197
2024-09-04,2420.19238281,2488.91650391,2313.26513672,2448.97705078,2448.97705078,16709600747
2024-09-05,2448.98681641,2465.38525391,2348.86328125,2367.73754883,2367.73754883,13632325040
2024-09-06,2367.70092773,2406.51196289,2150.86328125,2223.87646484,2223.87646484,25825618367
2024-09-07,2223.92919922,2310.19482422,2222.10083008,2274.10717773,2274.10717773,11124608320
2024-09-08,2274.43774414,2332.35937500,2243.91137695,2297.29296875,2297.29296875,10718443487
2024-09-09,2297.89624023,2379.78662109,2274.11547852,2358.48217773,2358.48217773,15887712451
2024-09-10,2358.49780273,2398.50390625,2323.07177734,2389.58105469,2389.58105469,12795818970
2024-09-11,2389.60375977,2389.71826172,2279.05371094,2339.84155273,2339.84155273,15355180967
2024-09-12,2339.84082031,2390.18676758,2316.15771484,2361.78173828,2361.78173828,12162634681
2024-09-13,2361.74096680,2462.80297852,2338.14404297,2441.60717773,2441.60717773,13759640866
2024-09-14,2441.58081055,2442.63208008,2386.97973633,2418.59570312,2418.59570312,8170291680
2024-09-15,2418.26611328,2430.38330078,2286.62817383,2320.89721680,2320.89721680,10155470375
2024-09-16,2320.89453125,2334.78979492,2253.71508789,2295.28369141,2295.28369141,16819033263
2024-09-17,2295.28442383,2392.14916992,2263.79296875,2341.70776367,2341.70776367,15356783863
2024-09-18,2341.73291016,2369.72900391,2278.66455078,2369.72900391,2369.72900391,18159056422
2024-09-19,2369.37475586,2492.20458984,2369.37475586,2464.75219727,2464.75219727,18437147349
2024-09-20,2464.78222656,2571.99267578,2439.37792969,2561.07202148,2561.07202148,19112788620
2024-09-21,2560.87963867,2621.62255859,2530.83789062,2615.85717773,2615.85717773,10797825021
2024-09-22,2615.84814453,2632.03930664,2528.52221680,2582.86254883,2582.86254883,13180663011
2024-09-23,2582.77490234,2701.67773438,2541.91040039,2648.54638672,2648.54638672,19912841456
2024-09-24,2648.48217773,2671.27587891,2593.15209961,2654.35498047,2654.35498047,16658812503
2024-09-25,2654.36157227,2672.46191406,2557.72436523,2579.38867188,2579.38867188,14119729962
2024-09-26,2579.21752930,2665.99267578,2559.95434570,2632.19995117,2632.19995117,17336033595
2024-09-27,2632.24194336,2728.06762695,2616.95092773,2695.90063477,2695.90063477,17023020294
2024-09-28,2695.81591797,2704.92871094,2652.25048828,2677.53906250,2677.53906250,10252590559
2024-09-29,2677.62866211,2683.44580078,2635.58496094,2659.34692383,2659.34692383,11126215671
2024-09-30,2659.29272461,2662.48901367,2576.97607422,2603.06274414,2603.06274414,17826446789
2024-10-01,2603.26416016,2657.61547852,2415.07861328,2448.92114258,2448.92114258,25482371785
2024-10-02,2448.87719727,2498.12133789,2354.53930664,2365.23168945,2365.23168945,20148256472
2024-10-03,2365.21362305,2402.86254883,2311.02783203,2349.79125977,2349.79125977,18051447791
2024-10-04,2349.73291016,2440.24243164,2339.87084961,2414.79394531,2414.79394531,14879264082
2024-10-05,2414.84716797,2427.51757812,2390.84448242,2415.63183594,2415.63183594,8152969183
2024-10-06,2415.53173828,2456.63061523,2407.09936523,2439.95776367,2439.95776367,8458690205
2024-10-07,2439.94482422,2520.40625000,2405.13427734,2421.79663086,2421.79663086,17414044416
2024-10-08,2421.98095703,2464.12744141,2400.51074219,2439.84082031,2439.84082031,14067361080
2024-10-09,2439.84008789,2470.91308594,2350.94653320,2368.28344727,2368.28344727,14954047093
2024-10-10,2368.27319336,2417.28808594,2329.78466797,2383.85791016,2383.85791016,15327769940
2024-10-11,2383.94018555,2470.39575195,2380.50463867,2436.51342773,2436.51342773,13489061564
2024-10-12,2436.51562500,2488.23779297,2434.20288086,2476.52319336,2476.52319336,9372169184
2024-10-13,2476.52026367,2484.12939453,2436.96972656,2467.67700195,2467.67700195,9189490605
2024-10-14,2467.64746094,2652.88183594,2443.55297852,2628.89990234,2628.89990234,21434687898
2024-10-15,2629.01757812,2685.16674805,2537.94091797,2606.02197266,2606.02197266,22003780898
2024-10-16,2606.01953125,2644.85424805,2589.60693359,2611.10205078,2611.10205078,17012396419
2024-10-17,2611.19213867,2646.87402344,2577.30590820,2604.27343750,2604.27343750,15150712321
2024-10-18,2604.81445312,2674.37182617,2595.95898438,2641.55224609,2641.55224609,17043738652
2024-10-19,2641.48828125,2661.87280273,2631.65698242,2648.65698242,2648.65698242,8557834553
2024-10-20,2648.66577148,2756.43676758,2635.94580078,2746.36401367,2746.36401367,14559296242
2024-10-21,2746.30566406,2765.54956055,2655.29443359,2665.71215820,2665.71215820,17328615363
2024-10-22,2665.65673828,2669.79003906,2605.61865234,2620.19750977,2620.19750977,15541911074
2024-10-23,2620.08862305,2624.45043945,2457.16992188,2509.09887695,2509.09887695,17876984551
2024-10-24,2523.60693359,2559.15136719,2506.72290039,2534.49853516,2534.49853516,16128627601
2024-10-25,2534.45483398,2563.73413086,2381.45068359,2435.93408203,2435.93408203,22560233078
2024-10-26,2436.05004883,2503.23046875,2427.46142578,2479.60327148,2479.60327148,13597102184
2024-10-27,2479.93701172,2523.17138672,2462.27197266,2505.94067383,2505.94067383,9801434566
2024-10-28,2505.59057617,2587.43017578,2470.26831055,2565.34814453,2565.34814453,18971841402
2024-10-29,2565.41796875,2680.05444336,2560.15380859,2637.95751953,2637.95751953,22185845095
2024-10-30,2637.64013672,2720.27148438,2600.60961914,2657.37255859,2657.37255859,22382690746
2024-10-31,2657.21313477,2667.55957031,2501.57226562,2515.79931641,2515.79931641,19760409505
2024-11-01,2515.87036133,2583.77709961,2467.81933594,2511.88549805,2511.88549805,20215438328
2024-11-02,2512.20825195,2522.36059570,2471.95556641,2491.06860352,2491.06860352,9639457439
2024-11-03,2491.09448242,2495.43652344,2411.39843750,2456.42529297,2456.42529297,15667779706
2024-11-04,2456.09521484,2488.35034180,2359.57812500,2397.02636719,2397.02636719,17110200696
2024-11-05,2397.03637695,2478.61889648,2380.60131836,2422.65063477,2422.65063477,17894057485
2024-11-06,2422.53930664,2743.96411133,2421.81298828,2724.16918945,2724.16918945,41887574364
2024-11-07,2724.00585938,2918.74438477,2701.59082031,2895.58544922,2895.58544922,35352318438
2024-11-08,2895.59790039,2983.74487305,2889.48437500,2962.29663086,2962.29663086,32303261101
2024-11-09,2962.79101562,3156.36621094,2957.18237305,3131.14453125,3131.14453125,29210133088
2024-11-10,3130.72924805,3249.91406250,3073.24877930,3191.33129883,3191.33129883,47418730187
2024-11-11,3191.65698242,3389.52929688,3109.76953125,3374.81298828,3374.81298828,55417771668
2024-11-12,3375.15478516,3444.15405273,3211.19848633,3246.25732422,3246.25732422,56686078066
2024-11-13,3244.54321289,3337.87719727,3121.66601562,3192.59594727,3192.59594727,52010205682
2024-11-14,3192.52050781,3240.27075195,3032.97192383,3058.94873047,3058.94873047,35743352141
2024-11-15,3059.52612305,3130.70385742,3016.14404297,3103.04052734,3103.04052734,32701369872
2024-11-16,3089.73999023,3218.08959961,3073.28637695,3133.27392578,3133.27392578,26650658846
2024-11-17,3133.30664062,3160.15258789,3039.24682617,3075.66162109,3075.66162109,28348163224
2024-11-18,3075.72290039,3225.13061523,3052.49121094,3207.85644531,3207.85644531,35445557613
2024-11-19,3208.25048828,3222.00439453,3070.36279297,3111.38403320,3111.38403320,29823634432
2024-11-20,3111.11694336,3159.94946289,3032.60327148,3072.18798828,3072.18798828,29785491216
2024-11-21,3072.05517578,3388.54296875,3035.84667969,3361.05395508,3361.05395508,51619069348
2024-11-22,3360.65429688,3428.46044922,3262.80883789,3331.60083008,3331.60083008,36775716442
2024-11-23,3331.64550781,3499.37084961,3317.65478516,3396.22338867,3396.22338867,38835184688
2024-11-24,3396.99951172,3451.80224609,3288.43090820,3363.65991211,3363.65991211,27901454185
2024-11-25,3364.60156250,3545.27880859,3304.09399414,3413.54394531,3413.54394531,51544793988
2024-11-26,3412.95092773,3461.29296875,3255.54296875,3326.51733398,3326.51733398,39902959158
2024-11-27,3326.02905273,3687.00903320,3303.56787109,3657.24926758,3657.24926758,43383987191
2024-11-28,3656.60961914,3664.87817383,3531.87060547,3579.81152344,3579.81152344,32362724276
2024-11-29,3579.91064453,3647.26440430,3538.44677734,3593.49438477,3593.49438477,27622629486
2024-11-30,3593.59814453,3739.93481445,3572.25415039,3705.70532227,3705.70532227,30670867436
2024-12-01,3706.61987305,3747.45532227,3663.23413086,3711.16503906,3711.16503906,28018113530
2024-12-02,3710.49536133,3761.34301758,3557.25219727,3644.19848633,3644.19848633,47284967570
2024-12-03,3643.74218750,3670.21972656,3504.22631836,3620.71166992,3620.71166992,36839829742
2024-12-04,3620.03759766,3895.17431641,3617.74462891,3841.33105469,3841.33105469,56799745752
2024-12-05,3840.84448242,3956.54150391,3683.42089844,3811.00830078,3811.00830078,60568296606
2024-12-06,3792.20849609,4093.17211914,3782.68139648,4005.81054688,4005.81054688,52853668566
2024-12-07,4006.02880859,4029.45288086,3974.17626953,4002.69262695,4002.69262695,22574636761
2024-12-08,4007.69067383,4018.00000000,3927.85400391,4005.70458984,4005.70458984,20943378971
2024-12-09,4006.10180664,4008.77783203,3525.23291016,3718.69042969,3718.69042969,57029832059
2024-12-10,3719.00048828,3780.75341797,3520.36523438,3631.83374023,3631.83374023,58416417599
2024-12-11,3631.27612305,3850.76538086,3567.56640625,3832.82202148,3832.82202148,35968053196
2024-12-12,3833.17211914,3987.00585938,3800.09082031,3883.10156250,3883.10156250,42971675764
2024-12-13,3883.03002930,3967.39526367,3855.02368164,3911.20532227,3911.20532227,34895127659
2024-12-14,3910.84790039,3943.27807617,3826.76196289,3868.40527344,3868.40527344,28756190559
2024-12-15,3868.44116211,3971.49804688,3832.09667969,3951.94116211,3951.94116211,25069616984
2024-12-16,3951.65283203,4106.95556641,3882.70532227,3987.48095703,3987.48095703,46536359669
2024-12-17,3987.33398438,4040.33789062,3849.28662109,3886.76611328,3886.76611328,35418700472
2024-12-18,3886.88696289,3902.71557617,3617.84057617,3618.79125977,3618.79125977,48946681636
2024-12-19,3619.58203125,3717.66235352,3330.87255859,3417.92797852,3417.92797852,58879190250
2024-12-20,3417.93017578,3496.32739258,3098.20361328,3472.55346680,3472.55346680,66383827229
2024-12-21,3472.58911133,3552.92163086,3293.50561523,3337.22241211,3337.22241211,31579389836
2024-12-22,3336.99877930,3398.65747070,3219.29492188,3277.53515625,3277.53515625,24780768375
2024-12-23,3277.51416016,3461.52783203,3217.36865234,3415.78540039,3415.78540039,34496081389
2024-12-24,3415.73803711,3535.85766602,3355.60913086,3492.04980469,3492.04980469,23083678195
2024-12-25,3491.95751953,3542.83374023,3440.09716797,3493.23535156,3493.23535156,17651873225
2024-12-26,3493.30419922,3512.60449219,3302.30639648,3331.22583008,3331.22583008,22247726776
2024-12-27,3331.05371094,3436.71069336,3302.57568359,3328.91699219,3328.91699219,24091627403
2024-12-28,3328.77465820,3419.92016602,3318.03393555,3397.90234375,3397.90234375,14305648523
2024-12-29,3397.86254883,3406.64843750,3321.66479492,3349.51342773,3349.51342773,13440907792
2024-12-30,3349.58593750,3428.52734375,3298.80444336,3356.39257812,3356.39257812,26981583962
2024-12-31,3356.39477539,3444.39672852,3311.41259766,3332.53173828,3332.53173828,20845452085
2025-01-01,3332.40649414,3366.53149414,3310.25585938,3353.50415039,3353.50415039,14195410493
2025-01-02,3353.41210938,3493.44824219,3348.35205078,3451.39257812,3451.39257812,22243574698
2025-01-03,3451.68090820,3627.05566406,3421.83154297,3605.00976562,3605.00976562,21877299255
2025-01-04,3605.20068359,3669.19677734,3574.32690430,3657.70678711,3657.70678711,16060610759
2025-01-05,3657.74316406,3673.81298828,3594.61694336,3634.10375977,3634.10375977,12830306908
2025-01-06,3634.11376953,3743.94165039,3611.21435547,3688.61132812,3688.61132812,23973574043
2025-01-07,3688.34130859,3701.10693359,3358.08984375,3381.57739258,3381.57739258,32235312545
2025-01-08,3381.61547852,3413.68286133,3209.21459961,3326.32934570,3326.32934570,34337730882
2025-01-09,3326.35961914,3355.86230469,3159.38403320,3219.43066406,3219.43066406,28815726276
2025-01-10,3219.49658203,3320.50048828,3196.11035156,3267.48999023,3267.48999023,26503845190
2025-01-11,3267.52246094,3317.65429688,3219.69873047,3282.21777344,3282.21777344,11772144561
2025-01-12,3282.15039062,3298.01831055,3224.51049805,3265.95117188,3265.95117188,11647743556
2025-01-13,3266.09545898,3335.19360352,2920.59277344,3135.49975586,3135.49975586,39911742769
2025-01-14,3135.67016602,3254.75146484,3126.80590820,3223.68457031,3223.68457031,22847737224
2025-01-15,3223.68457031,3473.10156250,3186.13989258,3450.53759766,3450.53759766,25991614661
2025-01-16,3450.30517578,3458.18066406,3265.67578125,3308.34521484,3308.34521484,26395516475
2025-01-17,3308.19116211,3525.54345703,3307.31103516,3474.10717773,3474.10717773,28200207229
2025-01-18,3473.56372070,3493.06005859,3228.33374023,3305.78955078,3305.78955078,32420094038
2025-01-19,3305.39794922,3444.20654297,3127.62304688,3208.96435547,3208.96435547,57242875399
2025-01-20,3208.93383789,3444.28271484,3147.52294922,3278.03540039,3278.03540039,52383187336
2025-01-21,3278.43603516,3365.77807617,3202.49267578,3327.40625000,3327.40625000,32804001146
2025-01-22,3327.23730469,3364.74609375,3223.38598633,3240.22460938,3240.22460938,22171220981
2025-01-23,3240.47534180,3346.73242188,3184.06689453,3334.71411133,3334.71411133,32419520084
2025-01-24,3334.80834961,3424.89990234,3277.32324219,3309.55493164,3309.55493164,25578325671
2025-01-25,3309.71166992,3349.29833984,3270.27319336,3317.26953125,3317.26953125,13744316078
2025-01-26,3317.29150391,3359.31250000,3233.92211914,3236.13427734,3236.13427734,14471528757
2025-01-27,3235.85522461,3250.39648438,3024.09155273,3178.92041016,3178.92041016,39412486482
2025-01-28,3179.08691406,3222.73730469,3040.09228516,3077.11254883,3077.11254883,20718206194
2025-01-29,3076.38012695,3177.98046875,3055.18164062,3112.99902344,3112.99902344,22727786058
2025-01-30,3113.28979492,3282.98632812,3093.12377930,3247.78002930,3247.78002930,19958405782
2025-01-31,3247.86718750,3437.56909180,3214.93554688,3298.26513672,3298.26513672,30128115902
2025-02-01,3298.82226562,3329.65527344,3103.91894531,3118.32861328,3118.32861328,19917507079
2025-02-02,3118.61157227,3161.89428711,2755.47460938,2868.69287109,2868.69287109,42060930305
2025-02-03,2868.07861328,2919.47729492,2159.28051758,2884.56665039,2884.56665039,92453553253
2025-02-04,2883.81835938,2888.25000000,2636.16577148,2735.05126953,2735.05126953,48795275985
2025-02-05,2735.22583008,2824.40014648,2701.10498047,2787.77905273,2787.77905273,31960764447
2025-02-06,2787.65869141,2857.14208984,2662.44580078,2688.40087891,2688.40087891,29500645692
2025-02-07,2688.89746094,2798.02880859,2564.96826172,2622.21118164,2622.21118164,29526663418
2025-02-08,2623.00195312,2665.48461914,2591.77856445,2632.30834961,2632.30834961,17059263074
2025-02-09,2632.57812500,2695.22241211,2530.43579102,2628.72119141,2628.72119141,17517088276
2025-02-10,2628.65014648,2692.80859375,2564.01855469,2661.16674805,2661.16674805,19414208113
2025-02-11,2661.31567383,2724.90234375,2565.39721680,2602.78198242,2602.78198242,21156550492
2025-02-12,2602.82812500,2794.86743164,2551.17456055,2736.90209961,2736.90209961,26919387954
2025-02-13,2737.02856445,2756.44335938,2615.66772461,2675.90258789,2675.90258789,19481004625
2025-02-14,2675.93945312,2790.02368164,2666.26806641,2726.09155273,2726.09155273,17732289901
2025-02-15,2726.07470703,2738.68115234,2668.53173828,2693.55981445,2693.55981445,10803019357
2025-02-16,2693.56250000,2724.09643555,2655.29760742,2663.31591797,2663.31591797,10593602117
2025-02-17,2663.22949219,2848.78417969,2640.18212891,2743.19970703,2743.19970703,24170425078
2025-02-18,2743.02294922,2754.67675781,2606.90039062,2669.33886719,2669.33886719,23004152928
2025-02-19,2669.21337891,2735.91772461,2656.37573242,2715.77099609,2715.77099609,15272401903
2025-02-20,2715.68261719,2770.03051758,2708.21606445,2740.38647461,2740.38647461,15917259320
2025-02-21,2740.02221680,2842.82714844,2616.91943359,2659.65551758,2659.65551758,31441524621
2025-02-22,2660.03588867,2797.05786133,2653.86743164,2764.02929688,2764.02929688,16403164397
2025-02-23,2764.03100586,2850.61035156,2746.77368164,2821.31030273,2821.31030273,20493767269
2025-02-24,2820.45629883,2839.01000977,2478.89941406,2513.82128906,2513.82128906,29127380459
2025-02-25,2514.21093750,2529.66918945,2326.63208008,2493.59252930,2493.59252930,40044790246
2025-02-26,2493.38159180,2503.42211914,2255.05493164,2331.45263672,2331.45263672,28815111323
2025-02-27,2331.51025391,2378.08740234,2230.44824219,2305.48437500,2305.48437500,24286213447
2025-02-28,2305.56005859,2310.94921875,2076.16992188,2237.90527344,2237.90527344,35737904667
2025-03-01,2237.94213867,2279.87304688,2144.09008789,2216.64331055,2216.64331055,16135258239
2025-03-02,2216.52172852,2548.81176758,2175.32153320,2519.69458008,2519.69458008,34854193845
2025-03-03,2519.53100586,2522.31665039,2097.07617188,2145.57397461,2145.57397461,31473561910
2025-03-04,2145.65283203,2220.35864258,1996.76757812,2170.01513672,2170.01513672,33935738380
2025-03-05,2169.98681641,2272.79736328,2156.09936523,2241.97729492,2241.97729492,22105432727
2025-03-06,2241.90649414,2319.39624023,2177.67700195,2202.47680664,2202.47680664,18509069102
2025-03-07,2202.49829102,2254.23242188,2103.47265625,2138.98754883,2138.98754883,22425792863
2025-03-08,2139.79785156,2232.32714844,2107.72802734,2201.51025391,2201.51025391,10533204814
2025-03-09,2201.70874023,2210.31372070,1991.19348145,2015.50915527,2015.50915527,16103964994
2025-03-10,2015.43041992,2150.70629883,1812.76684570,1861.15136719,1861.15136719,35005066442
2025-03-11,1859.77770996,1961.79772949,1760.94177246,1919.84497070,1919.84497070,30898385863
2025-03-12,1919.66479492,1954.57116699,1832.01904297,1908.98266602,1908.98266602,22898872951
2025-03-13,1909.01538086,1919.68823242,1823.52539062,1862.96960449,1862.96960449,17977225564
2025-03-14,1862.99792480,1945.09143066,1861.10595703,1909.46752930,1909.46752930,12122715282
2025-03-15,1909.52807617,1955.23840332,1904.96569824,1937.39465332,1937.39465332,6456484591
2025-03-16,1937.38476562,1940.47436523,1863.48901367,1887.43505859,1887.43505859,9292997638
2025-03-17,1887.44921875,1951.62597656,1880.48437500,1927.00292969,1927.00292969,10436892087
2025-03-18,1927.00573730,1935.18200684,1872.50891113,1932.54345703,1932.54345703,10170844746
2025-03-19,1932.54455566,2068.76440430,1928.24951172,2057.74902344,2057.74902344,20065206266
2025-03-20,2057.95117188,2067.48364258,1952.24328613,1982.09985352,1982.09985352,13217865782
2025-03-21,1981.85302734,1994.89147949,1937.21154785,1964.84753418,1964.84753418,9708125480
2025-03-22,1964.94042969,2005.04113770,1964.27099609,1980.03784180,1980.03784180,6117036512
2025-03-23,1979.98364258,2019.88940430,1977.70935059,2005.29919434,2005.29919434,7522339707
2025-03-24,2005.71838379,2101.98339844,1978.76379395,2077.47900391,2077.47900391,14044912402
2025-03-25,2078.56811523,2096.51831055,2038.64453125,2067.76416016,2067.76416016,11735658914
2025-03-26,2067.50878906,2078.36914062,1982.41235352,2009.18933105,2009.18933105,13178523590
2025-03-27,2008.94055176,2037.39611816,1987.71777344,2002.35742188,2002.35742188,11593274543
2025-03-28,2002.41052246,2015.45434570,1863.01062012,1895.50292969,1895.50292969,18160526498
2025-03-29,1895.54968262,1911.90087891,1799.20080566,1827.32031250,1827.32031250,12194771785
2025-03-30,1827.31103516,1847.57055664,1769.41271973,1806.21862793,1806.21862793,9854857162
2025-03-31,1806.31652832,1852.55139160,1778.69226074,1823.47998047,1823.47998047,15765030938
2025-04-01,1823.56237793,1926.30297852,1820.35034180,1905.49145508,1905.49145508,15001220420
2025-04-02,1905.48461914,1951.18029785,1782.76025391,1795.31323242,1795.31323242,22593742104
2025-04-03,1794.97607422,1844.07104492,1751.38085938,1815.63720703,1815.63720703,16450974373
2025-04-04,1815.60986328,1833.95678711,1760.58862305,1815.33520508,1815.33520508,18061720814
2025-04-05,1815.34497070,1826.29858398,1767.51354980,1805.97326660,1805.97326660,6374712479
2025-04-06,1805.96301270,1815.57482910,1539.43798828,1576.72802734,1576.72802734,22154445576
2025-04-07,1576.94982910,1634.04113770,1415.37353516,1555.24096680,1555.24096680,46073959047
2025-04-08,1554.93212891,1617.33984375,1447.61010742,1472.55310059,1472.55310059,21315312919
2025-04-09,1472.60144043,1687.18798828,1386.79931641,1668.04003906,1668.04003906,39252195855
2025-04-10,1668.20178223,1669.39416504,1474.91418457,1522.51879883,1522.51879883,21379604307
2025-04-11,1522.47302246,1587.53857422,1505.00195312,1567.14978027,1567.14978027,14871838813
2025-04-12,1567.15576172,1666.01757812,1546.81958008,1643.52856445,1643.52856445,12110995013
2025-04-13,1643.50109863,1648.28674316,1564.83886719,1596.68579102,1596.68579102,13909890792
2025-04-14,1596.88183594,1689.85754395,1596.08654785,1622.76989746,1622.76989746,16518325094
2025-04-15,1622.77185059,1659.83618164,1585.22912598,1588.63244629,1588.63244629,13175452875
2025-04-16,1589.03100586,1610.78210449,1540.03381348,1578.10534668,1578.10534668,15339621551
2025-04-17,1578.01416016,1615.30688477,1564.19567871,1582.54833984,1582.54833984,11312160796
2025-04-18,1582.39721680,1599.41687012,1573.90393066,1588.92468262,1588.92468262,7123507323
2025-04-19,1588.96972656,1629.05151367,1585.47302246,1612.92285156,1612.92285156,7168138700
2025-04-20,1612.96606445,1618.43676758,1566.69152832,1587.51428223,1587.51428223,7642784469
2025-04-21,1587.46093750,1656.11962891,1566.14746094,1579.73449707,1579.73449707,15403785611
2025-04-22,1579.81518555,1773.63916016,1542.00036621,1757.33166504,1757.33166504,23747917555
2025-04-23,1757.19653320,1829.70996094,1746.92407227,1796.10424805,1796.10424805,22904644756
2025-04-24,1795.97949219,1801.69140625,1724.74072266,1769.83166504,1769.83166504,15207402759
2025-04-25,1770.00366211,1826.69604492,1740.33190918,1786.63452148,1786.63452148,17459399281
2025-04-26,1786.53295898,1839.36303711,1781.47387695,1821.88110352,1821.88110352,11926379867
2025-04-27,1822.17553711,1856.44384766,1785.90209961,1792.86499023,1792.86499023,11321944113
2025-04-28,1792.44616699,1827.48229980,1747.72680664,1798.85180664,1798.85180664,17043640437
2025-04-29,1798.91223145,1842.03308105,1782.28125000,1799.17565918,1799.17565918,14734257744
2025-04-30,1799.20910645,1816.68994141,1736.14294434,1793.77539062,1793.77539062,14810431362
2025-05-01,1794.04101562,1872.93957520,1793.15112305,1839.22155762,1839.22155762,15861442721
2025-05-02,1839.17480469,1869.53002930,1814.73046875,1842.70788574,1842.70788574,13570171872
2025-05-03,1842.71813965,1848.24682617,1812.81567383,1833.83972168,1833.83972168,8344452620
2025-05-04,1833.64721680,1849.99853516,1804.49511719,1808.59423828,1808.59423828,8918979887
2025-05-05,1808.70495605,1832.05078125,1783.31481934,1819.69750977,1819.69750977,11389336489
2025-05-06,1819.73400879,1820.79663086,1753.31542969,1815.08752441,1815.08752441,13206516310
2025-05-07,1815.01892090,1849.65844727,1788.68737793,1811.60668945,1811.60668945,50540755039
2025-05-08,1811.54638672,2222.20556641,1809.45690918,2206.51464844,2206.51464844,37777245241
2025-05-09,2206.12817383,2486.00683594,2186.05444336,2345.50732422,2345.50732422,43766026875
2025-05-10,2345.76049805,2597.54345703,2320.23510742,2582.42260742,2582.42260742,30265913403
2025-05-11,2582.71044922,2603.26440430,2441.73071289,2510.23779297,2510.23779297,26496368543
2025-05-12,2510.28930664,2620.89721680,2411.59448242,2496.39770508,2496.39770508,32121858921
2025-05-13,2496.33740234,2736.89013672,2418.32568359,2680.12963867,2680.12963867,33528741590
2025-05-14,2680.26220703,2721.94995117,2549.68505859,2610.06323242,2610.06323242,26602676588
2025-05-15,2610.02783203,2645.07421875,2482.21289062,2546.85693359,2546.85693359,26637688883
2025-05-16,2547.05834961,2645.60791016,2532.02709961,2536.29760742,2536.29760742,21298907763
2025-05-17,2536.29760742,2537.78173828,2449.06933594,2475.75439453,2475.75439453,18830706230
2025-05-18,2475.76953125,2585.69702148,2344.66821289,2498.23364258,2498.23364258,25005164865
2025-05-19,2498.80004883,2545.46118164,2353.42700195,2529.16674805,2529.16674805,27351331811
2025-05-20,2529.13500977,2585.61987305,2446.44677734,2524.17309570,2524.17309570,23453322578
2025-05-21,2524.15917969,2614.06079102,2454.53784180,2552.34716797,2552.34716797,31952904125
2025-05-22,2552.76684570,2691.10229492,2546.43481445,2664.15698242,2664.15698242,26596978352
2025-05-23,2664.08203125,2731.22070312,2504.87353516,2526.44189453,2526.44189453,30536501878
2025-05-24,2526.38793945,2575.13134766,2516.01806641,2530.64624023,2530.64624023,11380899856
2025-05-25,2530.89013672,2553.86914062,2467.88012695,2551.76391602,2551.76391602,14556431364
2025-05-26,2551.38085938,2598.56665039,2530.32153320,2564.13842773,2564.13842773,14936610009
2025-05-27,2564.14086914,2712.28515625,2512.58862305,2663.06982422,2663.06982422,26264200536
2025-05-28,2663.01025391,2688.74218750,2611.16088867,2682.21289062,2682.21289062,19087366068
2025-05-29,2681.84326172,2784.75244141,2620.98266602,2632.65478516,2632.65478516,27567479811
2025-05-30,2632.83593750,2648.26074219,2510.16381836,2529.94360352,2529.94360352,24599403943
2025-05-31,2529.83398438,2550.48364258,2484.21557617,2529.08740234,2529.08740234,13992843765
2025-06-01,2529.09667969,2547.77294922,2472.54077148,2536.26635742,2536.26635742,13287852482
2025-06-02,2536.18481445,2615.51562500,2477.29272461,2607.09741211,2607.09741211,16744168824
2025-06-03,2607.19750977,2652.41870117,2582.25048828,2593.28027344,2593.28027344,18291179016
2025-06-04,2593.48266602,2677.97045898,2585.73779297,2608.64306641,2608.64306641,18621211035
2025-06-05,2608.60717773,2640.60400391,2395.75366211,2416.28564453,2416.28564453,26194462737
2025-06-06,2416.45507812,2530.39184570,2387.60864258,2477.19482422,2477.19482422,19407449565
2025-06-07,2477.18334961,2543.04882812,2459.13720703,2526.50537109,2526.50537109,11664303387
2025-06-08,2526.19335938,2547.46704102,2493.92016602,2510.78710938,2510.78710938,12097170203
2025-06-09,2510.83813477,2693.80664062,2479.86791992,2681.51708984,2681.51708984,20605172560
2025-06-10,2681.28540039,2824.80810547,2658.67724609,2813.51757812,2813.51757812,35555755055
2025-06-11,2813.73974609,2877.62939453,2746.45996094,2773.52929688,2773.52929688,30705408054
2025-06-12,2773.59790039,2784.26269531,2619.96655273,2651.79516602,2651.79516602,25924959613
2025-06-13,2651.91552734,2651.91552734,2443.96264648,2579.48608398,2579.48608398,37986747138
2025-06-14,2579.72143555,2580.15820312,2491.49072266,2533.44409180,2533.44409180,14285000473
2025-06-15,2533.18334961,2558.67773438,2493.20458984,2546.83715820,2546.83715820,13961893828
2025-06-16,2547.22680664,2680.08764648,2517.14526367,2540.60498047,2540.60498047,22792449577
2025-06-17,2540.31445312,2617.90136719,2456.64892578,2510.76147461,2510.76147461,25653232897
2025-06-18,2510.81689453,2546.62744141,2469.05029297,2524.30151367,2524.30151367,19873957905
2025-06-19,2524.40405273,2546.76953125,2486.10180664,2521.65356445,2521.65356445,12782730709
2025-06-20,2521.52636719,2569.01464844,2371.47436523,2407.30419922,2407.30419922,22592586688
2025-06-21,2407.34765625,2448.41162109,2222.81250000,2300.49560547,2300.49560547,16108791762
2025-06-22,2298.84277344,2313.85302734,2116.68139648,2228.21313477,2228.21313477,28458151601
2025-06-23,2228.48461914,2434.23974609,2191.41821289,2421.82495117,2421.82495117,26247439429
2025-06-24,2421.83056641,2481.22290039,2379.56933594,2448.00878906,2448.00878906,19539047009
2025-06-25,2448.73730469,2468.67797852,2394.60742188,2419.31030273,2419.31030273,17158118625
2025-06-26,2419.15478516,2519.61987305,2399.53393555,2416.14672852,2416.14672852,18300413888
2025-06-27,2416.02319336,2463.15478516,2386.32495117,2423.86694336,2423.86694336,15309834970
2025-06-28,2423.92529297,2448.19165039,2407.76171875,2437.10937500,2437.10937500,8273074809
2025-06-29,2437.11474609,2523.32055664,2417.62524414,2500.95996094,2500.95996094,12500580479
2025-06-30,2500.60546875,2521.72045898,2438.05493164,2486.46435547,2486.46435547,16859727663
2025-07-01,2486.42846680,2500.59179688,2389.81591797,2405.79272461,2405.79272461,15025451796
2025-07-02,2405.85742188,2616.78369141,2378.39355469,2571.33544922,2571.33544922,22792512025
2025-07-03,2570.79663086,2635.19213867,2558.58251953,2591.00732422,2591.00732422,20873559425
2025-07-04,2590.84570312,2601.11962891,2475.75488281,2508.51831055,2508.51831055,17222740209
2025-07-05,2508.09594727,2529.84228516,2489.00244141,2517.28002930,2517.28002930,9289382302
2025-07-06,2517.28002930,2603.06469727,2505.37084961,2571.23657227,2571.23657227,13190436110
2025-07-07,2571.39526367,2589.32495117,2517.90356445,2543.01318359,2543.01318359,18440266947
2025-07-08,2542.97265625,2626.66455078,2525.43774414,2615.50585938,2615.50585938,17537487206
2025-07-09,2615.50585938,2794.51855469,2591.94702148,2770.77758789,2770.77758789,27229452849
2025-07-10,2770.73730469,2995.15209961,2757.26660156,2954.84521484,2954.84521484,33929201261
2025-07-11,2954.83276367,3038.14111328,2916.95654297,2957.88623047,2957.88623047,36226558863
2025-07-12,2958.33374023,2979.78002930,2907.19360352,2942.91162109,2942.91162109,16317198254
2025-07-13,2942.85351562,3016.39355469,2938.73657227,2973.35888672,2973.35888672,17361753131
2025-07-14,2973.22509766,3079.98559570,2965.32373047,3013.35083008,3013.35083008,36349290556
2025-07-15,3013.29345703,3142.42724609,2934.37133789,3139.88964844,3139.88964844,39013656112
2025-07-16,3139.88964844,3422.60302734,3102.47778320,3371.50683594,3371.50683594,46771354461
2025-07-17,3371.50683594,3521.68530273,3315.99902344,3476.78442383,3476.78442383,47532846793
2025-07-18,3476.12402344,3674.85522461,3463.38623047,3549.01635742,3549.01635742,59198465810
2025-07-19,3548.92602539,3608.27563477,3512.97314453,3595.27368164,3595.27368164,26031719746
2025-07-20,3595.24047852,3819.39868164,3582.34960938,3759.47143555,3759.47143555,44600451066
2025-07-21,3758.92065430,3856.76708984,3705.35375977,3763.37133789,3763.37133789,42611467663
2025-07-22,3762.88208008,3798.10034180,3624.14038086,3749.14550781,3749.14550781,45248868820
2025-07-23,3749.23852539,3765.02636719,3532.85644531,3629.70361328,3629.70361328,41283228953
2025-07-24,3629.73168945,3771.38159180,3514.99926758,3708.00561523,3708.00561523,40377960354
2025-07-25,3708.00561523,3744.82006836,3579.96289062,3727.26684570,3727.26684570,42264509577
2025-07-26,3727.23730469,3789.78979492,3702.77416992,3741.39599609,3741.39599609,24635287361
2025-07-27,3741.25732422,3876.93359375,3733.68164062,3875.24658203,3875.24658203,28897450394
2025-07-28,3875.25585938,3940.65209961,3756.51586914,3787.42578125,3787.42578125,35831336149
2025-07-29,3788.31958008,3883.99780273,3716.88330078,3793.45483398,3793.45483398,35540435995
2025-07-30,3793.58251953,3832.88403320,3683.14453125,3808.20166016,3808.20166016,34392494235
2025-07-31,3808.24609375,3877.47021484,3685.00415039,3696.70776367,3696.70776367,32839839444
2025-08-01,3696.14428711,3722.58569336,3432.37988281,3488.36596680,3488.36596680,46261558200
2025-08-02,3487.95678711,3535.55883789,3370.94311523,3392.74121094,3392.74121094,30165065282
2025-08-03,3392.74438477,3520.83129883,3357.93896484,3497.37915039,3497.37915039,19363593865
2025-08-04,3497.61303711,3734.97753906,3491.55493164,3718.98608398,3718.98608398,30905749658
2025-08-05,3719.81787109,3720.65649414,3547.62109375,3611.89941406,3611.89941406,32778742296
2025-08-06,3612.03881836,3698.12475586,3567.09594727,3683.92065430,3683.92065430,26924415763
2025-08-07,3684.06201172,3926.20434570,3650.36596680,3914.32592773,3914.32592773,38627826066
2025-08-08,3914.11059570,4068.84765625,3882.44311523,4009.84887695,4009.84887695,45460293892
2025-08-09,4009.15063477,4323.76123047,4007.70922852,4263.59912109,4263.59912109,45279715746
2025-08-10,4263.55273438,4332.21044922,4163.94042969,4254.21777344,4254.21777344,36173931367
2025-08-11,4254.23144531,4362.09277344,4168.87500000,4226.96679688,4226.96679688,49989853803
2025-08-12,4227.20703125,4634.05517578,4222.36230469,4590.92480469,4590.92480469,57237189036
2025-08-13,4590.65771484,4784.66894531,4566.23876953,4756.27587891,4756.27587891,62550014642
2025-08-14,4756.04345703,4788.55175781,4461.28173828,4548.16650391,4548.16650391,75681632806
2025-08-15,4549.07568359,4667.72998047,4375.54541016,4439.98876953,4439.98876953,55445715824
2025-08-16,4439.99804688,4493.14941406,4379.16455078,4426.18017578,4426.18017578,26816931514
2025-08-17,4426.25976562,4575.87646484,4400.71337891,4473.27148438,4473.27148438,31348101438
2025-08-18,4473.33056641,4484.00976562,4229.37988281,4312.50488281,4312.50488281,53518423360
2025-08-19,4312.53027344,4355.07519531,4070.53540039,4073.46411133,4073.46411133,50440367102
2025-08-20,4073.16821289,4376.78955078,4064.96508789,4334.50048828,4334.50048828,49577862965
2025-08-21,4334.56738281,4338.82617188,4205.77685547,4223.20996094,4223.20996094,33618359942
2025-08-22,4223.73095703,4884.22802734,4209.47216797,4831.34863281,4831.34863281,75965521535
2025-08-23,4831.08837891,4831.61083984,4669.72509766,4776.09033203,4776.09033203,36503623278
2025-08-24,4776.70458984,4953.73291016,4714.47265625,4779.64746094,4779.64746094,52405003873
2025-08-25,4779.76953125,4796.35009766,4343.94726562,4372.98779297,4372.98779297,63936163545
2025-08-26,4372.88037109,4632.07324219,4316.30078125,4600.42675781,4600.42675781,53829747706
2025-08-27,4600.51025391,4659.98730469,4489.29785156,4503.39306641,4503.39306641,43509902322
2025-08-28,4503.63134766,4629.03125000,4435.10937500,4507.17773438,4507.17773438,36045274078
2025-08-29,4507.63134766,4513.85937500,4272.45947266,4360.15283203,4360.15283203,46899991962
2025-08-30,4360.08886719,4413.27490234,4264.19531250,4374.15332031,4374.15332031,25883112278
2025-08-31,4374.89355469,4497.17675781,4373.59667969,4390.01904297,4390.01904297,26683044984
2025-09-01,4389.62597656,4490.34667969,4221.24755859,4314.47021484,4314.47021484,37530746508
2025-09-02,4314.39111328,4414.93408203,4260.45947266,4325.36572266,4325.36572266,39884692334
2025-09-03,4324.69628906,4489.19873047,4286.20605469,4450.38916016,4450.38916016,35260873497
2025-09-04,4450.21582031,4483.45117188,4268.58886719,4298.74414062,4298.74414062,34919798552
2025-09-05,4298.83691406,4484.36132812,4258.04980469,4306.98876953,4306.98876953,44163736676
2025-09-06,4306.97314453,4327.43994141,4244.75488281,4274.24218750,4274.24218750,18108246446
2025-09-07,4274.16699219,4334.27441406,4271.53417969,4305.34765625,4305.34765625,17426783536
2025-09-08,4305.38134766,4381.27490234,4279.97216797,4308.07226562,4308.07226562,32277142378
2025-09-09,4308.28320312,4381.22656250,4277.85302734,4309.04150391,4309.04150391,30703320925
2025-09-10,4309.09179688,4450.41796875,4286.06250000,4349.14599609,4349.14599609,39521365146
2025-09-11,4349.20019531,4471.69873047,4339.71679688,4461.23339844,4461.23339844,35959212991
2025-09-12,4461.47949219,4734.27392578,4453.28466797,4715.24609375,4715.24609375,43839753626
2025-09-13,4714.70361328,4763.36132812,4609.12548828,4668.17968750,4668.17968750,34843845977
2025-09-14,4668.17138672,4690.64208984,4581.84716797,4609.59765625,4609.59765625,28394160275
2025-09-15,4609.72314453,4670.53027344,4469.86132812,4526.82031250,4526.82031250,40224062009
2025-09-16,4526.07812500,4537.59960938,4428.33007812,4503.56445312,4503.56445312,32761501436
2025-09-17,4503.63574219,4617.23486328,4429.64453125,4592.73339844,4592.73339844,44120899417
2025-09-18,4592.44287109,4643.97265625,4556.27001953,4589.91894531,4589.91894531,33497259158
2025-09-19,4589.50585938,4620.79296875,4443.26464844,4470.91699219,4470.91699219,30352619653
2025-09-20,4470.97851562,4509.81201172,4459.15917969,4482.26562500,4482.26562500,18056494322
2025-09-21,4482.58398438,4499.38916016,4447.11914062,4451.32910156,4451.32910156,19330306133
2025-09-22,4451.58056641,4457.08251953,4092.39672852,4202.87744141,4202.87744141,58221334533
2025-09-23,4203.02148438,4227.73144531,4120.81542969,4165.50390625,4165.50390625,32460075911
2025-09-24,4165.41259766,4206.90185547,4081.34765625,4153.46923828,4153.46923828,33538388785
2025-09-25,4153.52099609,4162.06250000,3829.01074219,3868.33398438,3868.33398438,68963092031
2025-09-26,3868.69091797,4069.16870117,3868.43359375,4035.88793945,4035.88793945,47873508328
2025-09-27,4035.91455078,4038.45166016,3975.75805664,4018.65820312,4018.65820312,20382555776
2025-09-28,4018.65966797,4143.00390625,3969.79296875,4141.47656250,4141.47656250,24631307054
2025-09-29,4141.35644531,4234.78271484,4087.92724609,4217.34179688,4217.34179688,38560429932
2025-09-30,4217.05517578,4238.67138672,4095.44360352,4145.95751953,4145.95751953,37679153330
2025-10-01,4146.03369141,4351.11230469,4125.54199219,4351.11230469,4351.11230469,46161664723
2025-10-02,4352.24072266,4517.66503906,4336.52636719,4487.92382812,4487.92382812,48074066058
2025-10-03,4486.93457031,4591.44384766,4431.47900391,4514.87060547,4514.87060547,49603450230
2025-10-04,4514.90917969,4519.52685547,4444.01269531,4489.19726562,4489.19726562,21832270764
2025-10-05,4489.05322266,4616.53320312,4472.13867188,4515.42285156,4515.42285156,44880806324
2025-10-06,4515.30078125,4736.20898438,4492.87011719,4687.77148438,4687.77148438,44992456374
2025-10-07,4687.70996094,4755.22021484,4443.57128906,4451.15185547,4451.15185547,54879425294
2025-10-08,4451.10791016,4556.22167969,4417.76806641,4527.64794922,4527.64794922,40456628235
2025-10-09,4526.96093750,4531.71679688,4273.55957031,4369.14355469,4369.14355469,47903074596
2025-10-10,4369.06542969,4395.57080078,3460.22241211,3843.00878906,3843.00878906,97736621123
2025-10-11,3840.96044922,3882.24145508,3652.79003906,3750.61157227,3750.61157227,62475475938
2025-10-12,3750.94604492,4195.39746094,3701.47827148,4164.42773438,4164.42773438,61216174681
2025-10-13,4164.04931641,4292.84570312,4061.22460938,4245.46777344,4245.46777344,50253782420
2025-10-14,4245.37255859,4265.10546875,3895.97363281,4125.41210938,4125.41210938,67094148347
2025-10-15,4125.36132812,4213.85595703,3935.16137695,3987.45947266,3987.45947266,50462889453
2025-10-16,3987.14892578,4079.64819336,3829.65405273,3894.75439453,3894.75439453,49147390731
2025-10-17,3894.37768555,3950.56689453,3678.62036133,3832.55883789,3832.55883789,57404271888
2025-10-18,3833.00952148,3927.24560547,3822.26635742,3890.34619141,3890.34619141,23815676385
2025-10-19,3890.58349609,4029.35546875,3843.77294922,3984.64965820,3984.64965820,32870655221
2025-10-20,3984.69628906,4084.15966797,3911.72631836,3980.76025391,3980.76025391,40224612563
2025-10-21,3980.74047852,4109.53320312,3843.22778320,3876.76416016,3876.76416016,49960290350
2025-10-22,3877.36303711,3890.63232422,3718.07714844,3808.12231445,3808.12231445,46173305673
2025-10-23,3808.08496094,3930.97485352,3801.24145508,3856.02636719,3856.02636719,36361652714
2025-10-24,3856.03320312,4002.56176758,3849.72485352,3934.56738281,3934.56738281,34090708715
2025-10-25,3934.48999023,3967.64550781,3914.64062500,3953.47094727,3953.47094727,15245229017
2025-10-26,3953.43725586,4177.31054688,3923.19262695,4157.98925781,4157.98925781,29120786315
2025-10-27,4158.01074219,4250.66992188,4099.56982422,4120.12207031,4120.12207031,40271333201
2025-10-28,4120.27490234,4173.50537109,3940.83422852,3982.26245117,3982.26245117,39684155177
2025-10-29,3980.75903320,4036.35302734,3849.53881836,3903.35302734,3903.35302734,35255876156
2025-10-30,3903.32250977,3948.22265625,3681.90942383,3804.37524414,3804.37524414,39981939289
2025-10-31,3805.08276367,3900.58032227,3797.66918945,3847.08032227,3847.08032227,37800100395
2025-11-01,3847.17138672,3906.78027344,3832.63476562,3874.18798828,3874.18798828,17490279524
2025-11-02,3873.89428711,3914.87548828,3839.99731445,3911.06323242,3911.06323242,20479611654
2025-11-03,3911.74780273,3912.63330078,3560.26367188,3602.30810547,3602.30810547,53091469560
2025-11-04,3602.04077148,3652.68725586,3063.08691406,3292.57446289,3292.57446289,76827517773
2025-11-05,3292.14819336,3479.80957031,3170.51391602,3425.17114258,3425.17114258,46955882330
2025-11-06,3425.36108398,3454.33593750,3245.28173828,3312.25781250,3312.25781250,36731850433
2025-11-07,3312.02929688,3471.80493164,3195.89672852,3435.30102539,3435.30102539,42609994022
2025-11-08,3435.14746094,3482.26831055,3357.71313477,3400.37597656,3400.37597656,23613870398
2025-11-09,3400.09863281,3616.43701172,3359.71752930,3582.62133789,3582.62133789,28821543888
2025-11-10,3583.44482422,3656.14892578,3508.98583984,3568.45996094,3568.45996094,35638045619
2025-11-11,3568.47265625,3644.52832031,3404.86181641,3415.28222656,3415.28222656,39734688531
2025-11-12,3415.79589844,3586.01391602,3373.71166992,3413.09423828,3413.09423828,34898956623
2025-11-13,3412.99487305,3561.86083984,3156.03076172,3232.75708008,3232.75708008,50283416669
2025-11-14,3232.29516602,3252.66088867,3071.97070312,3103.78564453,3103.78564453,47003809463
2025-11-15,3104.23022461,3227.69018555,3104.23022461,3166.63134766,3166.63134766,19932940649
2025-11-16,3166.79345703,3244.83764648,3007.07275391,3092.84741211,3092.84741211,30987886524
2025-11-17,3092.94165039,3218.13037109,2957.30957031,3024.53881836,3024.53881836,41026793235
2025-11-18,3024.41406250,3167.93261719,2948.32934570,3122.97900391,3122.97900391,41581494270
2025-11-19,3122.64599609,3122.64599609,2871.22802734,3023.07080078,3023.07080078,40229739844
2025-11-20,3022.88549805,3057.78857422,2790.59790039,2831.77758789,2831.77758789,43917885207
2025-11-21,2829.26464844,2880.60302734,2626.87158203,2765.69921875,2765.69921875,51476486049
2025-11-22,2766.09057617,2795.42675781,2704.50219727,2767.60742188,2767.60742188,15408928941
2025-11-23,2767.59497070,2856.44653320,2767.47290039,2801.67602539,2801.67602539,20358404499
2025-11-24,2801.20434570,2982.82202148,2763.37792969,2952.71337891,2952.71337891,32491657389
2025-11-25,2952.58447266,2978.70434570,2857.83593750,2957.93627930,2957.93627930,23336017779
2025-11-26,2958.32958984,3043.92700195,2889.89062500,3027.81201172,3027.81201172,21433162961
2025-11-27,3027.79907227,3070.73193359,2987.19775391,3014.54223633,3014.54223633,16972780500
2025-11-28,3014.54370117,3095.03320312,2995.76513672,3032.30444336,3032.30444336,20659958964
2025-11-29,3032.29541016,3051.96289062,2966.85083008,2991.68530273,2991.68530273,12775481230
2025-11-30,2991.37524414,3051.59790039,2978.82617188,2992.11254883,2992.11254883,11530446514
2025-12-01,2991.92309570,2996.88183594,2720.43652344,2800.18896484,2800.18896484,36679598313
2025-12-02,2800.22314453,3032.76123047,2784.39062500,2997.93969727,2997.93969727,26593645111
2025-12-03,2997.80151367,3212.55981445,2988.14208984,3191.57177734,3191.57177734,29949301036
2025-12-04,3188.34350586,3238.55541992,3071.31005859,3134.31640625,3134.31640625,27434991113
2025-12-05,3134.35742188,3192.45703125,2989.83154297,3024.43286133,3024.43286133,28000268228
2025-12-06,3024.48754883,3067.66137695,3013.98193359,3040.20776367,3040.20776367,10962819760
2025-12-07,3040.17919922,3148.77343750,2930.64526367,3061.30175781,3061.30175781,20383496376
2025-12-08,3061.01367188,3177.86767578,3043.70385742,3125.19799805,3125.19799805,25262165670
2025-12-09,3124.94262695,3395.83862305,3092.87646484,3321.11499023,3321.11499023,32012553374
2025-12-10,3321.20410156,3446.62280273,3290.14697266,3325.39013672,3325.39013672,30694387989
2025-12-11,3324.38671875,3327.34448242,3149.03442383,3237.05688477,3237.05688477,29066243707
2025-12-12,3237.02563477,3265.37255859,3050.26733398,3084.17260742,3084.17260742,24391003174
2025-12-13,3084.12963867,3134.84936523,3080.07861328,3116.69531250,3116.69531250,9916869400
2025-12-14,3116.74389648,3128.62280273,3034.69262695,3060.59472656,3060.59472656,15619543350
2025-12-15,3060.48144531,3175.11816406,2899.68579102,2964.18310547,2964.18310547,28765976892
2025-12-16,2964.37963867,2978.92138672,2890.01171875,2964.18090820,2964.18090820,22709189818
2025-12-17,2964.01953125,3025.81542969,2791.33398438,2831.40356445,2831.40356445,26159825528
2025-12-18,2831.48828125,2994.55273438,2777.11962891,2827.06909180,2827.06909180,29194181349
2025-12-19,2827.41040039,3014.61230469,2811.39160156,2977.97070312,2977.97070312,27870687989
2025-12-20,2977.86914062,2992.31005859,2967.83862305,2977.58251953,2977.58251953,7612418215
2025-12-21,2977.50854492,3009.80712891,2945.39477539,3001.61376953,3001.61376953,11178096676
2025-12-22,3001.61279297,3073.35375977,2965.17504883,3006.07373047,3006.07373047,20342034264
2025-12-23,3006.07397461,3033.19628906,2902.33300781,2963.37402344,2963.37402344,21453213168
2025-12-24,2962.92260742,2975.17114258,2888.98803711,2945.59057617,2945.59057617,13984770325
2025-12-25,2945.42309570,2968.70507812,2891.10888672,2903.57958984,2903.57958984,11828871179
2025-12-26,2903.62500000,2991.21997070,2894.15380859,2925.74560547,2925.74560547,18562196049
2025-12-27,2925.74511719,2957.30053711,2917.27124023,2947.99829102,2947.99829102,7378783299
2025-12-28,2947.89819336,2957.13867188,2925.74536133,2948.56811523,2948.56811523,9227601389
2025-12-29,2948.55908203,3051.94189453,2908.74804688,2934.53833008,2934.53833008,25957694515
2025-12-30,2934.41625977,3002.80468750,2916.33007812,2971.41674805,2971.41674805,18816704381
2025-12-31,2971.40747070,3021.84960938,2959.14379883,2967.03759766,2967.03759766,16451891101
2026-01-01,2966.99731445,3006.01025391,2966.84521484,3000.39428711,3000.39428711,10268796662
2026-01-02,3000.45312500,3146.98437500,2989.90136719,3124.42260742,3124.42260742,25242778003
2026-01-03,3124.31030273,3135.02563477,3077.46582031,3125.91748047,3125.91748047,11460707919
2026-01-04,3125.96020508,3160.55102539,3119.42749023,3140.71044922,3140.71044922,13890479323
2026-01-05,3141.48632812,3261.24584961,3134.09277344,3226.13037109,3226.13037109,27211995956
2026-01-06,3226.11645508,3303.56347656,3184.01464844,3295.94677734,3295.94677734,27853981622
2026-01-07,3295.91259766,3296.39428711,3126.55200195,3166.84399414,3166.84399414,22665982583
2026-01-08,3166.92407227,3179.86645508,3052.50976562,3104.38256836,3104.38256836,22760237888
2026-01-09,3104.33471680,3140.70922852,3058.09692383,3083.04711914,3083.04711914,18879517395
2026-01-10,3083.16650391,3099.16748047,3075.13549805,3082.39599609,3082.39599609,6960662969
2026-01-11,3082.40747070,3141.95800781,3080.74780273,3118.88525391,3118.88525391,10497219711
2026-01-12,3118.82885742,3166.21997070,3068.07275391,3092.32519531,3092.32519531,21152711365
2026-01-13,3092.00854492,3352.58007812,3088.51293945,3322.09545898,3322.09545898,27237310134
2026-01-14,3322.19213867,3397.89770508,3280.37866211,3354.72265625,3354.72265625,33926411912
2026-01-15,3354.76586914,3382.44873047,3276.82006836,3317.10131836,3317.10131836,27598686935
2026-01-16,3317.34179688,3325.25048828,3251.81445312,3295.48217773,3295.48217773,22732887284
2026-01-17,3295.48266602,3328.28344727,3282.66186523,3308.86425781,3308.86425781,11206492253
2026-01-18,3308.90576172,3367.16772461,3278.42675781,3281.15771484,3281.15771484,13557863288
2026-01-19,3282.19921875,3282.65478516,3166.01660156,3186.62109375,3186.62109375,27956112545
2026-01-20,3186.62109375,3197.39184570,2925.54345703,2935.60571289,2935.60571289,32985301273
2026-01-21,2935.88208008,3064.39062500,2867.26440430,2978.90112305,2978.90112305,35797876195
2026-01-22,2979.30786133,3034.33813477,2905.56274414,2949.63330078,2949.63330078,21993593333
2026-01-23,2949.44580078,3013.95410156,2892.52099609,2953.25634766,2953.25634766,22417700837
2026-01-24,2953.23828125,2965.46875000,2942.44458008,2948.74072266,2948.74072266,8198666763
2026-01-25,2948.53442383,2955.01684570,2785.89672852,2815.90234375,2815.90234375,22414089670
2026-01-26,2815.76879883,2945.99755859,2811.07495117,2926.45703125,2926.45703125,29668620102
2026-01-27,2926.20117188,3031.03857422,2898.31152344,3022.21093750,3022.21093750,27976005223
2026-01-28,3022.23754883,3040.71850586,2981.58959961,3006.60742188,3006.60742188,21751566455
2026-01-29,3006.26171875,3008.03759766,2751.64501953,2818.23266602,2818.23266602,37487198041
2026-01-30,2818.13549805,2823.91455078,2633.83886719,2702.37524414,2702.37524414,41877689970
2026-01-31,2702.30151367,2709.53369141,2248.69873047,2445.09179688,2445.09179688,47569532203
2026-02-01,2445.06933594,2472.64624023,2224.11791992,2267.96484375,2267.96484375,40358630560
2026-02-02,2267.56250000,2393.06347656,2158.93725586,2344.35668945,2344.35668945,48844346396
2026-02-03,2344.44580078,2357.20605469,2109.05517578,2227.55883789,2227.55883789,47906083919
2026-02-04,2227.96704102,2291.13134766,2074.10278320,2143.50415039,2143.50415039,45219604814
2026-02-05,2143.61889648,2167.13989258,1818.66430664,1821.68310547,1821.68310547,60381662655
2026-02-06,1821.12939453,2090.32812500,1748.62768555,2063.38696289,2063.38696289,64998454203
2026-02-07,2063.33374023,2115.82495117,1995.91857910,2090.54931641,2090.54931641,41145430304
2026-02-08,2090.63354492,2148.12060547,2066.38378906,2088.76293945,2088.76293945,19541713443
2026-02-09,2087.92138672,2144.97607422,2008.36230469,2103.56762695,2103.56762695,26750982266
2026-02-10,2104.18188477,2122.02148438,1990.14050293,2019.49743652,2019.49743652,23267337087
2026-02-11,2019.58007812,2030.40942383,1903.68518066,1940.62133789,1940.62133789,23922680362
2026-02-12,1940.84118652,1999.50280762,1897.33483887,1946.94067383,1946.94067383,20106364835
2026-02-13,1946.61071777,2069.45678711,1924.13696289,2048.52734375,2048.52734375,20412430639
2026-02-14,2048.33032227,2105.06762695,2042.64147949,2086.00976562,2086.00976562,16925555543
2026-02-15,2085.95361328,2100.47900391,1929.39440918,1966.04296875,1966.04296875,31030538835
2026-02-16,1965.92321777,2021.08361816,1938.54504395,1997.91772461,1997.91772461,19219250473
2026-02-17,1997.92175293,2013.85607910,1941.77893066,1992.19433594,1992.19433594,20929890501
2026-02-18,1992.19506836,2037.15856934,1923.81347656,1953.97412109,1953.97412109,20187307041
2026-02-19,1953.99414062,1985.80761719,1906.82202148,1948.20104980,1948.20104980,17380103826
2026-02-20,1948.26879883,1980.24377441,1923.62280273,1969.02233887,1969.02233887,21682976627
2026-02-21,1968.86181641,1994.82775879,1955.79418945,1973.73718262,1973.73718262,11561261802
2026-02-22,1973.57080078,1982.21423340,1934.86071777,1957.80590820,1957.80590820,9488829492
2026-02-23,1958.13964844,1958.13964844,1838.04162598,1855.50280762,1855.50280762,23731172668
2026-02-24,1855.47277832,1868.32067871,1804.11364746,1852.96948242,1852.96948242,18475122228
2026-02-25,1852.87548828,2145.50610352,1847.05419922,2054.62792969,2054.62792969,27717195805
2026-02-26,2053.78271484,2082.78662109,1976.35754395,2026.79260254,2026.79260254,23327720766
2026-02-27,2027.42675781,2059.83422852,1946.62866211,1946.62866211,1946.62866211,24250685440
