Date,Open,High,Low,Close,Adj Close,Volume
2018-01-02,86.12999725,86.30999756,85.50000000,85.94999695,78.87037659,22483800
2018-01-03,86.05999756,86.51000214,85.97000122,86.34999847,79.23741150,26061400
2018-01-04,86.58999634,87.66000366,86.56999969,87.11000061,79.93480682,21912000
2018-01-05,87.66000366,88.41000366,87.43000031,88.19000244,80.92586517,23407100
2018-01-08,88.19999695,88.58000183,87.59999847,88.27999878,81.00844574,22113000
2018-01-09,88.65000153,88.73000336,87.86000061,88.22000122,80.95340729,19484300
2018-01-10,87.86000061,88.19000244,87.41000366,87.81999969,80.58634186,18652200
2018-01-11,88.12999725,88.12999725,87.23999786,88.08000183,80.82490540,17808900
2018-01-12,88.66999817,89.77999878,88.44999695,89.59999847,82.21973419,24271500
2018-01-16,90.09999847,90.79000092,88.01000214,88.34999847,81.07269287,36599700
2018-01-17,89.08000183,90.27999878,88.75000000,90.13999939,82.71524048,25621200
2018-01-18,89.80000305,90.66999817,89.66000366,90.09999847,82.67853546,24159700
2018-01-19,90.13999939,90.61000061,89.66000366,90.00000000,82.58679199,36875000
2018-01-22,90.00000000,91.62000275,89.73999786,91.61000061,84.06415558,23601600
2018-01-23,91.90000153,92.30000305,91.54000092,91.90000153,84.33026123,23412800
2018-01-24,92.55000305,93.43000031,91.58000183,91.81999969,84.25685120,33277500
2018-01-25,92.47000122,93.23999786,91.93000031,92.33000183,84.72484589,26383200
2018-01-26,93.12000275,94.05999756,92.58000183,94.05999756,86.31233215,29172200
2018-01-29,95.13999939,95.44999695,93.72000122,93.91999817,86.18386841,31569900
2018-01-30,93.30000305,93.66000366,92.09999847,92.73999786,85.10108948,38635100
2018-01-31,93.75000000,95.40000153,93.51000214,95.01000214,87.18409729,48756300
2018-02-01,94.79000092,96.06999969,93.58000183,94.26000214,86.49587250,47227900
2018-02-02,93.63999939,93.97000122,91.50000000,91.77999878,84.22015381,47867800
2018-02-05,90.55999756,93.23999786,88.00000000,88.00000000,80.75151062,51031500
2018-02-06,86.88999939,91.48000336,85.25000000,91.33000183,83.80723572,67998600
2018-02-07,90.48999786,91.76999664,89.19999695,89.61000061,82.22890472,41107600
2018-02-08,89.70999908,89.87999725,84.76000214,85.01000214,78.00778198,55628700
2018-02-09,86.30000305,88.93000031,83.83000183,88.18000031,80.91667938,63499100
2018-02-12,88.73999786,89.77999878,87.93000031,89.12999725,81.78840637,35720300
2018-02-13,88.93000031,90.00000000,87.80000305,89.83000183,82.43080139,26407700
2018-02-14,88.51000214,90.98999786,88.41000366,90.80999756,83.72148895,34960900
2018-02-15,91.20999908,92.72000122,90.62000275,92.66000366,85.42709351,27823900
2018-02-16,92.44999695,93.50000000,91.80000305,92.00000000,84.81860352,30596900
2018-02-20,91.48000336,93.05999756,91.01000214,92.72000122,85.48242188,30911700
2018-02-21,92.98000336,93.36000061,91.48999786,91.48999786,84.34840393,26922500
2018-02-22,92.05000305,92.73000336,91.36000061,91.73000336,84.56967926,24392800
2018-02-23,93.59999847,94.06999969,92.36000061,94.05999756,86.71777344,26329200
2018-02-26,94.40000153,95.44999695,94.25000000,95.41999817,87.97162628,30199800
2018-02-27,95.73999786,95.83999634,94.19999695,94.19999695,86.84685516,25869100
2018-02-28,94.83999634,95.70999908,93.62999725,93.76999664,86.45041656,31167300
2018-03-01,93.98999786,94.56999969,91.83999634,92.84999847,85.60223389,37135600
2018-03-02,91.58000183,93.15000153,90.86000061,93.05000305,85.78664398,32830400
2018-03-05,92.33999634,94.26999664,92.26000214,93.63999939,86.33056641,23901600
2018-03-06,94.33999634,94.48999786,92.94000244,93.31999969,86.03556061,22175800
2018-03-07,93.16000366,93.94000244,92.43000031,93.86000061,86.53340912,26716100
2018-03-08,94.26999664,95.09999847,93.76999664,94.43000031,87.05891418,25887800
2018-03-09,95.29000092,96.54000092,95.00000000,96.54000092,89.00421143,36937300
2018-03-12,96.50000000,97.20999908,96.04000092,96.76999664,89.21625519,26073700
2018-03-13,97.00000000,97.23999786,93.97000122,94.41000366,87.04048920,35387800
2018-03-14,95.12000275,95.41000366,93.50000000,93.84999847,86.52418518,32132000
2018-03-15,93.52999878,94.58000183,92.83000183,94.18000031,86.82843018,27611000
2018-03-16,94.68000031,95.37999725,93.91999817,94.59999847,87.21566772,49081300
2018-03-19,93.73999786,93.90000153,92.11000061,92.88999939,85.63912964,33344100
2018-03-20,93.05000305,93.76999664,93.00000000,93.12999725,85.86036682,23075200
2018-03-21,92.93000031,94.05000305,92.20999908,92.48000336,85.26113129,24457100
2018-03-22,91.26999664,91.75000000,89.66000366,89.79000092,82.78109741,38604700
2018-03-23,89.50000000,90.45999908,87.08000183,87.18000031,80.37483215,44068900
2018-03-26,90.61000061,94.00000000,90.40000153,93.77999878,86.45966339,56396800
2018-03-27,94.94000244,95.13999939,88.51000214,89.47000122,82.48609161,56569000
2018-03-28,89.81999969,91.23000336,88.87000275,89.38999939,82.41232300,52501100
2018-03-29,90.18000031,92.29000092,88.40000153,91.26999664,84.14556885,45867500
2018-04-02,90.47000122,90.87999725,87.51000214,88.51999664,81.61024475,48515400
2018-04-03,89.58000183,90.05000305,87.88999939,89.70999908,82.70735931,37213800
2018-04-04,87.84999847,92.76000214,87.73000336,92.33000183,85.12284088,35560000
2018-04-05,92.44000244,93.06999969,91.40000153,92.37999725,85.16893005,29771900
2018-04-06,91.48999786,92.45999908,89.48000336,90.23000336,83.18675995,38026000
2018-04-09,91.04000092,93.16999817,90.62000275,90.76999664,83.68459320,31533900
2018-04-10,92.38999939,93.27999878,91.63999939,92.87999725,85.62992096,26812000
2018-04-11,92.01000214,93.29000092,91.48000336,91.86000061,84.68952942,24872100
2018-04-12,92.43000031,94.16000366,92.43000031,93.58000183,86.27526093,26758900
2018-04-13,94.05000305,94.18000031,92.44000244,93.08000183,85.81428528,23346100
2018-04-16,94.06999969,94.66000366,93.41999817,94.16999817,86.81920624,20288100
2018-04-17,95.00000000,96.54000092,94.87999725,96.06999969,88.57089233,26771000
2018-04-18,96.22000122,96.72000122,95.51999664,96.44000244,88.91201782,21043300
2018-04-19,96.44000244,97.06999969,95.33999634,96.11000061,88.60778046,23552500
2018-04-20,95.91000366,96.11000061,94.05000305,95.00000000,87.58444214,31154400
2018-04-23,95.73999786,96.29000092,94.62999725,95.34999847,87.90711212,22331800
2018-04-24,96.23999786,96.47000122,92.41000366,93.12000275,85.85117340,34524800
2018-04-25,93.30000305,93.30000305,90.27999878,92.30999756,85.10440063,33729300
2018-04-26,93.55000305,95.15000153,93.09999847,94.26000214,86.90218353,42529000
2018-04-27,97.59999847,97.90000153,93.91000366,95.81999969,88.34040833,48272800
2018-04-30,96.33000183,96.40000153,93.15000153,93.51999664,86.21994781,41523600
2018-05-01,93.20999908,95.29000092,92.79000092,95.00000000,87.58444214,31408900
2018-05-02,94.98999786,95.16999817,93.19000244,93.51000214,86.21073151,27471000
2018-05-03,92.95999908,94.93000031,92.44999695,94.06999969,86.72700500,31142500
2018-05-04,93.31999969,95.37000275,92.91999817,95.16000366,87.73194122,22531300
2018-05-07,95.16999817,96.70999908,95.09999847,96.22000122,88.70918274,24242000
2018-05-08,95.84999847,96.16000366,95.05999756,95.80999756,88.33119202,23484600
2018-05-09,96.01000214,96.97000122,95.05000305,96.94000244,89.37299347,27327400
2018-05-10,97.45999908,97.94999695,97.05000305,97.91000366,90.26727295,22388100
2018-05-11,97.80000305,97.87000275,97.04000092,97.69999695,90.07364655,16778300
2018-05-14,97.91999817,98.69000244,97.30999756,98.02999878,90.37789917,19454100
2018-05-15,97.23999786,97.84999847,96.33999634,97.31999969,89.72333527,24594000
2018-05-16,97.36000061,97.40000153,96.62000275,97.15000153,89.95480347,17384700
2018-05-17,96.76000214,97.54000092,95.83000183,96.18000031,89.05664062,17246700
2018-05-18,96.01000214,96.93000031,96.01000214,96.36000061,89.22332001,17865800
2018-05-21,97.00000000,98.01000214,96.80000305,97.59999847,90.37148285,19422500
2018-05-22,97.68000031,98.16999817,97.19999695,97.50000000,90.27889252,15441200
2018-05-23,96.70999908,98.73000336,96.31999969,98.66000366,91.35296631,21251200
2018-05-24,98.73000336,98.94000244,96.80999756,98.30999756,91.02889252,26649300
2018-05-25,98.30000305,98.98000336,97.86000061,98.36000061,91.07521057,18363900
2018-05-29,97.83999634,98.87999725,97.23000336,98.01000214,90.75109863,28671000
2018-05-30,98.30999756,99.25000000,97.91000366,98.94999695,91.62150574,22158500
2018-05-31,99.29000092,99.98999786,98.61000061,98.83999634,91.51963806,34140900
2018-06-01,99.27999878,100.86000061,99.16999817,100.79000092,93.32522583,28655600
2018-06-04,101.26000214,101.86000061,100.84999847,101.66999817,94.14004517,27281600
2018-06-05,102.00000000,102.33000183,101.52999878,102.19000244,94.62152863,23514400
2018-06-06,102.48000336,102.59999847,101.90000153,102.48999786,94.89931488,21122900
2018-06-07,102.65000153,102.69000244,100.37999725,100.87999725,93.40854645,28232200
2018-06-08,101.08999634,101.94999695,100.54000092,101.62999725,94.10301208,22165100
2018-06-11,101.01000214,101.58999634,100.66999817,101.05000305,93.56597137,23490900
2018-06-12,101.09999847,101.44999695,100.75000000,101.30999756,93.80671692,18325200
2018-06-13,101.72000122,102.01000214,100.55999756,100.84999847,93.38077545,29492900
2018-06-14,101.65000153,102.02999878,101.00000000,101.41999817,93.90856934,25691800
2018-06-15,101.51000214,101.52999878,100.06999969,100.12999725,92.71411133,65738600
2018-06-18,100.01000214,101.11000061,99.41999817,100.86000061,93.39002991,23586000
2018-06-19,99.65000153,101.00000000,99.50000000,100.86000061,93.39002991,28653100
2018-06-20,101.37000275,102.51999664,101.12000275,101.87000275,94.32522583,26180800
2018-06-21,102.08000183,102.45999908,100.87999725,101.13999939,93.64929199,23198200
2018-06-22,100.41000366,100.76999664,99.62999725,100.41000366,92.97335815,38923100
2018-06-25,100.00000000,100.11000061,97.30000305,98.38999939,91.10297394,35433300
2018-06-26,98.81999969,100.08000183,98.75000000,99.08000183,91.74188995,26897200
2018-06-27,99.58000183,100.01999664,97.40000153,97.54000092,90.31593323,31298400
2018-06-28,97.37999725,99.11000061,97.26000214,98.62999725,91.32518005,26650700
2018-06-29,98.93000031,99.91000366,98.33000183,98.61000061,91.30667877,28053200
2018-07-02,98.09999847,100.05999756,98.00000000,100.01000214,92.60299683,19564500
2018-07-03,100.48000336,100.62999725,98.94000244,99.05000305,91.71409607,14670300
2018-07-05,99.50000000,99.91999817,99.02999878,99.76000214,92.37152863,18977400
2018-07-06,99.88999939,101.43000031,99.66999817,101.16000366,93.66783142,19234600
2018-07-09,101.65000153,102.25000000,101.25000000,101.84999847,94.30673981,18212000
2018-07-10,102.00000000,102.51000214,101.86000061,102.12000275,94.55672455,19293100
2018-07-11,101.15000153,102.33999634,101.09999847,101.98000336,94.42709351,19644600
2018-07-12,102.76999664,104.41000366,102.73000336,104.19000244,96.47341156,24335900
2018-07-13,104.37000275,105.59999847,104.08999634,105.43000031,97.62155914,24635200
2018-07-16,105.40000153,105.81999969,104.51999664,104.91000366,97.14009094,21786900
2018-07-17,104.61000061,106.50000000,104.31999969,105.94999695,98.10308075,25901700
2018-07-18,105.94000244,106.05000305,104.72000122,105.12000275,97.33454132,29493900
2018-07-19,104.93000031,105.30999756,103.88999939,104.40000153,96.66786194,40171600
2018-07-20,108.08000183,108.19999695,106.08000183,106.26999664,98.39936066,56004000
2018-07-23,106.30000305,108.13999939,106.12999725,107.97000122,99.97345734,29707000
2018-07-24,108.56999969,108.81999969,107.26000214,107.66000366,99.68643188,26316600
2018-07-25,107.95999908,111.15000153,107.59999847,110.83000183,102.62162781,30702100
2018-07-26,110.73999786,111.00000000,109.50000000,109.62000275,101.50125885,31372100
2018-07-27,110.18000031,110.18000031,106.13999939,107.68000031,99.70494080,37005300
2018-07-30,107.19000244,107.52999878,104.76000214,105.37000275,97.56600952,34668300
2018-07-31,106.48999786,106.72000122,105.37999725,106.08000183,98.22342682,27655200
2018-08-01,106.02999878,106.44999695,105.41999817,106.27999878,98.40859222,23628700
2018-08-02,105.40000153,108.08999634,104.83999634,107.56999969,99.60306549,26104300
2018-08-03,107.80000305,108.05000305,106.81999969,108.04000092,100.03826141,18659600
2018-08-06,108.12000275,108.41999817,107.55999756,108.12999725,100.12158966,20265900
2018-08-07,108.55999756,109.09999847,108.16999817,108.87999725,100.81606293,16080200
2018-08-08,109.33000183,109.75000000,108.76000214,109.48999786,101.38088226,15487500
2018-08-09,109.70999908,110.16000366,109.59999847,109.66999817,101.54753113,13677200
2018-08-10,109.41999817,109.69000244,108.37999725,109.00000000,100.92716980,18183700
2018-08-13,109.23999786,109.58000183,108.09999847,108.20999908,100.19567871,18472500
2018-08-14,108.55999756,109.75000000,108.04000092,109.55999756,101.44568634,16788300
2018-08-15,108.48999786,108.98999786,106.81999969,107.66000366,100.07003784,29982800
2018-08-16,108.30000305,108.86000061,107.30000305,107.63999939,100.05144501,21384300
2018-08-17,107.36000061,107.90000153,106.69000244,107.58000183,99.99569702,18061500
2018-08-20,107.51000214,107.90000153,106.48000336,106.87000275,99.33571625,17914200
2018-08-21,106.91999817,107.34999847,105.84999847,105.98000336,98.50846863,22881900
2018-08-22,105.84999847,107.33999634,105.77999878,107.05999756,99.51233673,18000600
2018-08-23,107.15000153,108.18000031,106.87000275,107.55999756,99.97705841,18167700
2018-08-24,107.66999817,108.55999756,107.55999756,108.40000153,100.75785828,17234000
2018-08-27,109.26999664,109.63999939,108.51000214,109.59999847,101.87324524,19662300
2018-08-28,109.94000244,110.50000000,109.79000092,110.26000214,102.48671722,19151500
2018-08-29,110.44999695,112.02999878,110.26999664,112.01999664,104.12267303,20818000
2018-08-30,111.66999817,112.61000061,111.44000244,111.94999695,104.05758667,22798700
2018-08-31,111.69000244,112.77999878,111.51999664,112.33000183,104.41079712,23222700
2018-09-04,110.84999847,111.95999908,110.22000122,111.70999908,103.83451080,22634600
2018-09-05,111.01000214,111.41999817,108.09999847,108.48999786,100.84152222,32872400
2018-09-06,108.25000000,108.98999786,107.51000214,108.73999786,101.07386780,23477600
2018-09-07,108.23000336,108.72000122,107.23000336,108.20999908,100.58127594,22498600
2018-09-10,108.83999634,109.63999939,108.36000061,109.37999725,101.66876984,20727900
2018-09-11,108.90000153,111.58999634,108.88999939,111.23999786,103.39764404,24301800
2018-09-12,111.43000031,111.84999847,110.51000214,111.70999908,103.83451080,18891100
2018-09-13,112.12000275,113.73000336,112.12000275,112.91000366,104.94990540,26055600
2018-09-14,113.36000061,113.73000336,112.44000244,113.37000275,105.37748718,19122300
2018-09-17,113.69000244,113.69999695,111.86000061,112.13999939,104.23422241,20736500
2018-09-18,112.19000244,113.69999695,111.72000122,113.20999908,105.22875214,22170900
2018-09-19,113.05000305,113.31999969,111.04000092,111.69999695,103.82523346,21728400
2018-09-20,112.27999878,113.80000305,111.93000031,113.56999969,105.56339264,23714500
2018-09-21,114.00000000,115.29000092,113.51000214,114.26000214,106.20475769,71229700
2018-09-24,113.02999878,114.90000153,112.22000122,114.66999817,106.58582306,27334500
2018-09-25,114.80000305,115.09999847,113.75000000,114.44999695,106.38136292,22668000
2018-09-26,114.47000122,115.05999756,113.73999786,113.98000336,105.94447327,19352000
2018-09-27,114.77999878,114.91000366,114.19999695,114.41000366,106.34417725,19091300
2018-09-28,114.19000244,114.56999969,113.68000031,114.37000275,106.30698395,21647800
2018-10-01,114.75000000,115.68000031,114.73000336,115.61000061,107.45958710,18883100
2018-10-02,115.30000305,115.83999634,114.44000244,115.15000153,107.03197479,20787200
2018-10-03,115.41999817,116.18000031,114.93000031,115.16999817,107.05060577,16648000
2018-10-04,114.61000061,114.76000214,111.62999725,112.79000092,104.83838654,34821700
2018-10-05,112.62999725,113.16999817,110.63999939,112.12999725,104.22491455,29068900
2018-10-08,111.66000366,112.02999878,109.33999634,110.84999847,103.03513336,29640600
2018-10-09,111.13999939,113.08000183,110.80000305,112.26000214,104.34574890,26198600
2018-10-10,111.23999786,111.50000000,105.79000092,106.16000366,98.67577362,61376300
2018-10-11,105.34999847,108.93000031,104.19999695,105.91000366,98.44339752,63904300
2018-10-12,109.01000214,111.23999786,107.12000275,109.56999969,101.84538269,47742100
2018-10-15,108.91000366,109.48000336,106.94999695,107.59999847,100.01426697,32068100
2018-10-16,109.54000092,111.41000366,108.94999695,111.00000000,103.17454529,31610200
2018-10-17,111.68000031,111.80999756,109.55000305,110.70999908,102.90498352,26548200
2018-10-18,110.09999847,110.52999878,107.83000183,108.50000000,100.85080719,32506200
2018-10-19,108.93000031,110.86000061,108.20999908,108.66000366,100.99952698,32785500
2018-10-22,109.31999969,110.54000092,108.23999786,109.62999725,101.90114594,26545600
2018-10-23,107.76999664,108.97000122,105.11000061,108.09999847,100.47901917,43770400
2018-10-24,108.41000366,108.48999786,101.58999634,102.31999969,95.10649872,63897800
2018-10-25,106.55000305,109.26999664,106.15000153,108.30000305,100.66492462,61646800
2018-10-26,105.69000244,108.75000000,104.76000214,106.95999908,99.41935730,55523100
2018-10-29,108.11000061,108.69999695,101.62999725,103.84999847,96.52863312,55162000
2018-10-30,103.66000366,104.37999725,100.11000061,103.73000336,96.41709137,65350900
2018-10-31,105.44000244,108.13999939,105.38999939,106.80999756,99.27996826,51062400
2018-11-01,107.05000305,107.31999969,105.52999878,105.91999817,98.45269775,33384200
2018-11-02,106.48000336,107.31999969,104.98000336,106.16000366,98.67577362,37680200
2018-11-05,106.37000275,107.73999786,105.90000153,107.51000214,99.93062592,27922100
2018-11-06,107.37999725,108.83999634,106.27999878,107.72000122,100.12580872,24340200
2018-11-07,109.44000244,112.23999786,109.40000153,111.95999908,104.06689453,37901700
2018-11-08,111.80000305,112.20999908,110.91000366,111.75000000,103.87168884,25644100
2018-11-09,110.84999847,111.44999695,108.76000214,109.56999969,101.84538269,32039200
2018-11-12,109.41999817,109.95999908,106.09999847,106.87000275,99.33571625,33621800
2018-11-13,107.55000305,108.73999786,106.63999939,106.94000244,99.40079498,35374600
2018-11-14,108.09999847,108.26000214,104.47000122,104.97000122,97.99118805,39495100
2018-11-15,104.98999786,107.80000305,103.91000366,107.27999878,100.14759827,38505200
2018-11-16,107.08000183,108.87999725,106.80000305,108.29000092,101.09046936,33502100
2018-11-19,108.26999664,108.55999756,103.55000305,104.62000275,97.66445923,44773900
2018-11-20,101.80000305,102.97000122,99.34999847,101.70999908,94.94792938,64052500
2018-11-21,103.59999847,104.43000031,102.23999786,103.11000061,96.25485992,28130600
2018-11-23,102.16999817,103.80999756,102.00000000,103.06999969,96.21750641,13823100
2018-11-26,104.79000092,106.62999725,104.58000183,106.47000122,99.39146423,32336200
2018-11-27,106.26999664,107.33000183,105.36000061,107.13999939,100.01692200,29124500
2018-11-28,107.88999939,111.33000183,107.86000061,111.12000275,103.73229980,46788500
2018-11-29,110.33000183,111.12000275,109.02999878,110.19000244,102.86414337,28123200
2018-11-30,110.69999695,110.97000122,109.36000061,110.88999939,103.51760864,33665600
2018-12-03,113.00000000,113.41999817,110.73000336,112.08999634,104.63780975,34732800
2018-12-04,111.94000244,112.63999939,108.20999908,108.51999664,101.30514526,45197000
2018-12-06,105.81999969,109.23999786,105.00000000,109.19000244,101.93064117,49107400
2018-12-07,108.37999725,109.44999695,104.30000305,104.81999969,97.85114288,45044900
2018-12-10,104.80000305,107.98000336,103.88999939,107.58999634,100.43701172,40801500
2018-12-11,109.80000305,110.94999695,107.44000244,108.58999634,101.37053680,42381900
2018-12-12,110.88999939,111.26999664,109.04000092,109.08000183,101.82794189,36183000
2018-12-13,109.58000183,110.87000275,108.62999725,109.44999695,102.17332458,31333400
2018-12-14,108.25000000,109.26000214,105.50000000,106.02999878,98.98069763,47043100
2018-12-17,105.41000366,105.80000305,101.70999908,102.88999939,96.04946899,56957300
2018-12-18,103.75000000,104.51000214,102.51999664,103.97000122,97.05766296,49319200
2018-12-19,103.65000153,106.87999725,101.34999847,103.69000244,96.79627228,68198200
2018-12-20,103.05000305,104.30999756,98.77999878,101.51000214,94.76123047,70334200
2018-12-21,101.62999725,103.00000000,97.45999908,98.23000336,91.69929504,111242100
2018-12-24,97.68000031,97.97000122,93.98000336,94.12999725,87.87187195,43935200
2018-12-26,95.13999939,100.69000244,93.95999908,100.55999756,93.87438965,51634800
2018-12-27,99.30000305,101.19000244,96.40000153,101.18000031,94.45316315,49498500
2018-12-28,102.08999634,102.41000366,99.51999664,100.38999939,93.71569824,38196300
2018-12-31,101.29000092,102.40000153,100.44000244,101.56999969,94.81720734,33173800
2019-01-02,99.55000305,101.75000000,98.94000244,101.12000275,94.39716339,35329300
2019-01-03,100.09999847,100.19000244,97.19999695,97.40000153,90.92446899,42579100
2019-01-04,99.72000122,102.51000214,98.93000031,101.93000031,95.15330505,44060600
2019-01-07,101.63999939,103.26999664,100.98000336,102.05999756,95.27465057,35656100
2019-01-08,103.04000092,103.97000122,101.70999908,102.80000305,95.96546173,31514400
2019-01-09,103.86000061,104.87999725,103.23999786,104.26999664,97.33772278,32280800
2019-01-10,103.22000122,103.75000000,102.37999725,103.59999847,96.71227264,30067600
2019-01-11,103.19000244,103.44000244,101.63999939,102.80000305,95.96546173,28314200
2019-01-14,101.90000153,102.87000275,101.26000214,102.05000305,95.26530457,28437100
2019-01-15,102.51000214,105.05000305,101.87999725,105.01000214,98.02853394,31587600
2019-01-16,105.26000214,106.26000214,104.95999908,105.37999725,98.37391663,29853900
2019-01-17,105.00000000,106.62999725,104.76000214,106.12000275,99.06472015,28393000
2019-01-18,107.45999908,107.90000153,105.91000366,107.70999908,100.54901886,37427600
2019-01-22,106.75000000,107.09999847,104.86000061,105.68000031,98.65396881,32371300
2019-01-23,106.12000275,107.04000092,105.33999634,106.70999908,99.61551666,25874300
2019-01-24,106.86000061,107.00000000,105.33999634,106.19999695,99.13941956,23164800
2019-01-25,107.23999786,107.87999725,106.19999695,107.16999817,100.04493713,31225600
2019-01-28,106.26000214,106.48000336,104.66000366,105.08000183,98.09387970,29476700
2019-01-29,104.87999725,104.97000122,102.16999817,102.94000244,96.09615326,31490500
2019-01-30,104.62000275,106.37999725,104.33000183,106.37999725,99.30742645,49471900
2019-01-31,103.80000305,105.22000122,103.18000031,104.43000031,97.48708344,55636400
2019-02-01,103.77999878,104.09999847,102.34999847,102.77999878,95.94676208,35535700
2019-02-04,102.87000275,105.80000305,102.76999664,105.73999786,98.70996857,31315100
2019-02-05,106.05999756,107.26999664,105.95999908,107.22000122,100.09161377,27325400
2019-02-06,107.00000000,107.00000000,105.52999878,106.02999878,98.98069763,20609800
2019-02-07,105.19000244,105.58999634,104.29000092,105.26999664,98.27121735,29760700
2019-02-08,104.38999939,105.77999878,104.26000214,105.66999817,98.64463806,21461100
2019-02-11,106.19999695,106.58000183,104.97000122,105.25000000,98.25257111,18914100
2019-02-12,106.13999939,107.13999939,105.48000336,106.88999939,99.78353882,25056600
2019-02-13,107.50000000,107.77999878,106.70999908,106.80999756,99.70887756,18394900
2019-02-14,106.30999756,107.29000092,105.66000366,106.90000153,99.79286957,21784700
2019-02-15,107.91000366,108.30000305,107.36000061,108.22000122,101.02511597,26606900
2019-02-19,107.79000092,108.66000366,107.77999878,108.16999817,100.97843933,18038500
2019-02-20,107.86000061,107.94000244,106.29000092,107.15000153,100.45344543,21607700
2019-02-21,106.90000153,109.48000336,106.87000275,109.41000366,102.57219696,29063200
2019-02-22,110.05000305,111.19999695,109.81999969,110.97000122,104.03469086,27763200
2019-02-25,111.76000214,112.18000031,111.26000214,111.58999634,104.61592102,23750600
2019-02-26,111.26000214,113.23999786,111.16999817,112.36000061,105.33785248,21536700
2019-02-27,111.69000244,112.36000061,110.87999725,112.16999817,105.15966797,21487100
2019-02-28,112.04000092,112.87999725,111.73000336,112.02999878,105.02845764,29083900
2019-03-01,112.88999939,113.01999664,111.66999817,112.52999878,105.49720764,23501200
2019-03-04,113.01999664,113.25000000,110.80000305,112.26000214,105.24408722,26608000
2019-03-05,112.25000000,112.38999939,111.23000336,111.69999695,104.71907043,19538300
2019-03-06,111.87000275,112.66000366,111.43000031,111.75000000,104.76596069,17687000
2019-03-07,111.40000153,111.55000305,109.87000275,110.38999939,103.49094391,25339000
2019-03-08,109.16000366,110.70999908,108.80000305,110.51000214,103.60343933,22818400
2019-03-11,110.98999786,112.94999695,110.98000336,112.83000183,105.77844238,26491600
2019-03-12,112.81999969,113.98999786,112.65000153,113.62000275,106.51908112,26132700
2019-03-13,114.12999725,115.00000000,113.77999878,114.50000000,107.34408569,35513800
2019-03-14,114.54000092,115.19999695,114.33000183,114.58999634,107.42845917,30763400
2019-03-15,115.33999634,117.25000000,114.58999634,115.91000366,108.66596222,54681100
2019-03-18,116.16999817,117.61000061,116.05000305,117.56999969,110.22219849,31207600
2019-03-19,118.08999634,118.44000244,116.98999786,117.65000153,110.29721832,37588700
2019-03-20,117.38999939,118.75000000,116.70999908,117.51999664,110.17533875,28113300
2019-03-21,117.13999939,120.81999969,117.08999634,120.22000122,112.70659637,29854400
2019-03-22,119.50000000,119.58999634,117.04000092,117.05000305,109.73470306,33624500
2019-03-25,116.55999756,118.01000214,116.31999969,117.66000366,110.30658722,27067100
2019-03-26,118.62000275,118.70999908,116.84999847,117.91000366,110.54097748,26097700
2019-03-27,117.87999725,118.20999908,115.51999664,116.76999664,109.47221375,22733400
2019-03-28,117.44000244,117.58000183,116.12999725,116.93000031,109.62221527,18334800
2019-03-29,118.06999969,118.31999969,116.95999908,117.94000244,110.56909180,25399800
2019-04-01,118.94999695,119.11000061,118.09999847,119.01999664,111.58158112,22789100
2019-04-02,119.05999756,119.48000336,118.51999664,119.19000244,111.74097443,18142300
2019-04-03,119.86000061,120.43000031,119.15000153,119.97000122,112.47224426,22860700
2019-04-04,120.09999847,120.23000336,118.37999725,119.36000061,111.90033722,20112800
2019-04-05,119.38999939,120.23000336,119.37000275,119.88999939,112.39723969,15826200
2019-04-08,119.80999756,120.01999664,118.63999939,119.93000031,112.43473816,15116200
2019-04-09,118.62999725,119.54000092,118.58000183,119.27999878,111.82535553,17612000
2019-04-10,119.76000214,120.34999847,119.54000092,120.19000244,112.67846680,16477200
2019-04-11,120.54000092,120.84999847,119.91999817,120.33000183,112.80971527,14209100
2019-04-12,120.63999939,120.98000336,120.37000275,120.94999695,113.39095306,19745100
2019-04-15,120.94000244,121.58000183,120.56999969,121.05000305,113.48473358,15792600
2019-04-16,121.63999939,121.65000153,120.09999847,120.76999664,113.22219849,14071800
2019-04-17,121.23999786,121.84999847,120.54000092,121.76999664,114.15970612,19300900
2019-04-18,122.19000244,123.51999664,121.30000305,123.37000275,115.65975189,27991000
2019-04-22,122.62000275,124.00000000,122.56999969,123.76000214,116.02536774,15648700
2019-04-23,124.09999847,125.58000183,123.83000183,125.44000244,117.60036469,24025500
2019-04-24,125.79000092,125.84999847,124.51999664,125.01000214,117.19726562,31257000
2019-04-25,130.05999756,131.36999512,128.83000183,129.14999390,121.07849884,38033900
2019-04-26,129.69999695,130.52000427,129.02000427,129.88999939,121.77223969,23654900
2019-04-29,129.89999390,130.17999268,129.35000610,129.77000427,121.65972900,16324200
2019-04-30,129.80999756,130.69999695,129.38999939,130.60000610,122.43788147,24166500
2019-05-01,130.52999878,130.64999390,127.69999695,127.87999725,119.88787079,26821700
2019-05-02,127.98000336,128.00000000,125.51999664,126.20999908,118.32224274,27350200
2019-05-03,127.36000061,129.42999268,127.25000000,128.89999390,120.84410858,24911100
2019-05-06,126.38999939,128.55999756,126.11000061,128.14999390,120.14099121,24239800
2019-05-07,126.45999908,127.18000031,124.22000122,125.51999664,117.67535400,36017700
2019-05-08,125.44000244,126.37000275,124.75000000,125.51000214,117.66598511,28419000
2019-05-09,124.29000092,125.79000092,123.56999969,125.50000000,117.65657043,27235800
2019-05-10,124.91000366,127.93000031,123.81999969,127.12999725,119.18473816,30915100
2019-05-13,124.11000061,125.55000305,123.04000092,123.34999847,115.64097595,33944900
2019-05-14,123.87000275,125.87999725,123.69999695,124.73000336,116.93476105,25266300
2019-05-15,124.26000214,126.70999908,123.69999695,126.01999664,118.58144379,24722700
2019-05-16,126.75000000,129.38000488,126.45999908,128.92999268,121.31966400,30112200
2019-05-17,128.30999756,130.46000671,127.91999817,128.07000732,120.51045990,25770500
2019-05-20,126.51999664,127.58999634,125.76000214,126.22000122,118.76962280,23706900
2019-05-21,127.43000031,127.52999878,126.58000183,126.90000153,119.40950012,15293300
2019-05-22,126.62000275,128.24000549,126.51999664,127.66999817,120.13404083,15396500
2019-05-23,126.19999695,126.29000092,124.73999786,126.18000031,118.73200989,23603800
2019-05-24,126.91000366,127.41999817,125.97000122,126.23999786,118.78844452,14123400
2019-05-28,126.98000336,128.00000000,126.05000305,126.16000366,118.71317291,23128400
2019-05-29,125.37999725,125.38999939,124.04000092,124.94000244,117.56519318,22763100
2019-05-30,125.26000214,125.76000214,124.77999878,125.73000336,118.30857086,16829600
2019-05-31,124.23000336,124.62000275,123.31999969,123.68000031,116.37957001,26646800
2019-06-03,123.84999847,124.37000275,119.01000214,119.83999634,112.76622009,37983600
2019-06-04,121.27999878,123.27999878,120.65000153,123.16000366,115.89027405,29382600
2019-06-05,124.94999695,125.87000275,124.20999908,125.83000183,118.40265656,24926100
2019-06-06,126.44000244,127.97000122,125.59999847,127.81999969,120.27519989,21459000
2019-06-07,129.19000244,132.25000000,128.25999451,131.39999390,123.64387512,33885600
2019-06-10,132.39999390,134.08000183,132.00000000,132.60000610,124.77302551,26477100
2019-06-11,133.88000488,134.24000549,131.27999878,132.10000610,124.30255890,23913700
2019-06-12,131.39999390,131.97000122,130.71000671,131.49000549,123.72857666,17092500
2019-06-13,131.97999573,133.00000000,131.55999756,132.32000732,124.50959015,17200800
2019-06-14,132.25999451,133.78999329,131.63999939,132.44999695,124.63193512,17821700
2019-06-17,132.63000488,133.72999573,132.52999878,132.85000610,125.00831604,14517800
2019-06-18,134.19000244,135.24000549,133.57000732,135.16000366,127.18197632,25934500
2019-06-19,135.00000000,135.92999268,133.80999756,135.69000244,127.68067169,23744400
2019-06-20,137.44999695,137.66000366,135.72000122,136.94999695,128.86625671,33042600
2019-06-21,136.58000183,137.72999573,136.46000671,136.97000122,128.88508606,36727900
2019-06-24,137.00000000,138.39999390,137.00000000,137.77999878,129.64727783,20628800
2019-06-25,137.25000000,137.58999634,132.72999573,133.42999268,125.55403900,33327400
2019-06-26,134.35000610,135.74000549,133.60000610,133.92999268,126.02452850,23657700
2019-06-27,134.13999939,134.71000671,133.50999451,134.14999390,126.23156738,16557500
2019-06-28,134.57000732,134.60000610,133.16000366,133.96000671,126.05276489,30043000
2019-07-01,136.63000488,136.69999695,134.97000122,135.67999268,127.67123413,22613500
2019-07-02,136.11999512,136.58999634,135.33999634,136.58000183,128.51814270,15237800
2019-07-03,136.80000305,137.74000549,136.28999329,137.46000671,129.34617615,13629300
2019-07-05,135.94000244,137.33000183,135.72000122,137.05999756,128.96977234,18141100
2019-07-08,136.39999390,137.10000610,135.36999512,136.96000671,128.87570190,16779700
2019-07-09,136.00000000,136.97000122,135.80000305,136.46000671,128.40515137,19953100
2019-07-10,137.13000488,138.58000183,137.02000427,137.85000610,129.71315002,24204400
2019-07-11,138.19999695,139.22000122,137.86999512,138.39999390,130.23066711,22327900
2019-07-12,138.85000610,139.13000488,138.00999451,138.89999390,130.70112610,18936800
2019-07-15,139.44000244,139.53999329,138.46000671,138.89999390,130.70112610,16651500
2019-07-16,138.96000671,139.05000305,136.52000427,137.08000183,128.98861694,22726100
2019-07-17,137.69999695,137.92999268,136.22000122,136.27000427,128.22642517,20211000
2019-07-18,135.55000305,136.61999512,134.66999817,136.41999817,128.36758423,30381800
2019-07-19,140.22000122,140.66999817,136.44999695,136.61999512,128.55572510,48992400
2019-07-22,137.41000366,139.19000244,137.33000183,138.42999268,130.25891113,25074900
2019-07-23,139.75999451,139.99000549,138.02999878,139.28999329,131.06814575,18034600
2019-07-24,138.89999390,140.74000549,138.85000610,140.72000122,132.41377258,20738300
2019-07-25,140.42999268,140.61000061,139.32000732,140.19000244,131.91500854,18356900
2019-07-26,140.36999512,141.67999268,140.30000305,141.33999634,132.99711609,19037600
2019-07-29,141.50000000,141.50999451,139.36999512,141.02999878,132.70549011,16605900
2019-07-30,140.13999939,141.22000122,139.80000305,140.35000610,132.06556702,16846500
2019-07-31,140.33000183,140.49000549,135.08000183,136.27000427,128.22642517,38598800
2019-08-01,137.00000000,140.94000244,136.92999268,138.05999756,129.91079712,40557500
2019-08-02,138.08999634,138.32000732,135.25999451,136.89999390,128.81924438,30791600
2019-08-05,133.30000305,133.92999268,130.77999878,132.21000671,124.40605927,42749600
2019-08-06,133.80000305,135.67999268,133.21000671,134.69000244,126.73969269,32696700
2019-08-07,133.78999329,135.64999390,131.83000183,135.27999878,127.29486084,33414500
2019-08-08,136.60000610,138.99000549,135.92999268,138.88999939,130.69174194,27496500
2019-08-09,138.61000061,139.38000488,136.46000671,137.71000671,129.58140564,23466700
2019-08-12,137.07000732,137.86000061,135.24000549,135.78999329,127.77471161,20484300
2019-08-13,136.05000305,138.80000305,135.00000000,138.60000610,130.41888428,25154600
2019-08-14,136.36000061,136.91999817,133.66999817,133.97999573,126.49140930,32527300
2019-08-15,134.38999939,134.58000183,132.25000000,133.67999268,126.20816040,28074400
2019-08-16,134.88000488,136.46000671,134.72000122,136.13000488,128.52127075,24449100
2019-08-19,137.85000610,138.55000305,136.88999939,138.41000366,130.67381287,24355700
2019-08-20,138.21000671,138.71000671,137.24000549,137.25999451,129.58805847,21170800
2019-08-21,138.55000305,139.49000549,138.00000000,138.78999329,131.03256226,14970300
2019-08-22,138.66000366,139.19999695,136.28999329,137.77999878,130.07899475,18697000
2019-08-23,137.19000244,138.35000610,132.80000305,133.38999939,125.93440247,38508600
2019-08-26,134.99000549,135.55999756,133.89999390,135.44999695,127.87924194,20312600
2019-08-27,136.38999939,136.72000122,134.66000366,135.74000549,128.15306091,23102100
2019-08-28,134.88000488,135.75999451,133.55000305,135.55999756,127.98308563,17393300
2019-08-29,137.25000000,138.44000244,136.91000366,138.11999512,130.39997864,20168700
2019-08-30,139.14999390,139.17999268,136.27000427,137.86000061,130.15454102,23940100
2019-09-03,136.61000061,137.19999695,135.69999695,136.03999329,128.43623352,18869300
2019-09-04,137.30000305,137.69000244,136.47999573,137.63000488,129.93740845,17995900
2019-09-05,139.11000061,140.38000488,138.75999451,140.05000305,132.22210693,26101800
2019-09-06,140.02999878,140.17999268,138.19999695,139.10000610,131.32524109,20824500
2019-09-09,139.58999634,139.75000000,136.46000671,137.52000427,129.83349609,25773900
2019-09-10,136.80000305,136.88999939,134.50999451,136.08000183,128.47402954,28903400
2019-09-11,135.91000366,136.27000427,135.08999634,136.11999512,128.51173401,24726100
2019-09-12,137.85000610,138.41999817,136.86999512,137.52000427,129.83349609,27010000
2019-09-13,137.77999878,138.05999756,136.57000732,137.32000732,129.64469910,23363100
2019-09-16,135.83000183,136.69999695,135.66000366,136.33000183,128.71003723,16731400
2019-09-17,136.96000671,137.52000427,136.42999268,137.38999939,129.71081543,17814200
2019-09-18,137.36000061,138.66999817,136.52999878,138.52000427,130.77764893,23982100
2019-09-19,140.30000305,142.36999512,140.07000732,141.07000732,133.18515015,35772100
2019-09-20,141.00999451,141.64999390,138.25000000,139.44000244,131.64620972,39167300
2019-09-23,139.22999573,139.63000488,138.44000244,139.13999939,131.36300659,17139300
2019-09-24,140.36000061,140.69000244,136.88000488,137.38000488,129.70140076,29773200
2019-09-25,137.50000000,139.96000671,136.02999878,139.36000061,131.57066345,21382000
2019-09-26,139.44000244,140.17999268,138.44000244,139.53999329,131.74061584,17456600
2019-09-27,140.14999390,140.36000061,136.64999390,137.72999573,130.03181458,22477700
2019-09-30,138.05000305,139.22000122,137.77999878,139.02999878,131.25912476,17280900
2019-10-01,139.66000366,140.25000000,137.00000000,137.07000732,129.40866089,21466600
2019-10-02,136.25000000,136.36999512,133.58000183,134.64999390,127.12393188,30521700
2019-10-03,134.94999695,136.75000000,133.22000122,136.27999878,128.66282654,24132900
2019-10-04,136.75000000,138.25000000,136.41999817,138.11999512,130.39997864,22897700
2019-10-07,137.13999939,138.17999268,137.02000427,137.11999512,129.45590210,15303700
2019-10-08,137.08000183,137.75999451,135.61999512,135.66999817,128.08694458,25550500
2019-10-09,137.46000671,138.69999695,136.97000122,138.24000549,130.51327515,19749900
2019-10-10,138.49000549,139.66999817,138.25000000,139.10000610,131.32524109,17654600
2019-10-11,140.11999512,141.02999878,139.50000000,139.67999268,131.87278748,25446000
2019-10-14,139.69000244,140.28999329,139.52000427,139.55000305,131.75007629,13304300
2019-10-15,140.05999756,141.78999329,139.80999756,141.57000732,133.65716553,19695700
2019-10-16,140.78999329,140.99000549,139.52999878,140.41000366,132.56199646,20751600
2019-10-17,140.94999695,141.41999817,139.02000427,139.69000244,131.88226318,21460600
2019-10-18,139.75999451,140.00000000,136.55999756,137.41000366,129.72969055,32273500
2019-10-21,138.44999695,138.50000000,137.00999451,138.42999268,130.69267273,20078200
2019-10-22,138.97000122,140.00999451,136.25999451,136.36999512,128.74783325,27431000
2019-10-23,136.88000488,137.44999695,135.61000061,137.24000549,129.56919861,29844600
2019-10-24,139.38999939,140.41999817,138.66999817,139.94000244,132.11828613,37029300
2019-10-25,139.33999634,141.13999939,139.19999695,140.72999573,132.86410522,25959700
2019-10-28,144.39999390,145.66999817,143.50999451,144.19000244,136.13070679,35280100
2019-10-29,144.08000183,144.50000000,142.64999390,142.83000183,134.84677124,20589500
2019-10-30,143.52000427,145.00000000,142.78999329,144.61000061,136.52726746,18496600
2019-10-31,144.89999390,144.92999268,142.99000549,143.36999512,135.35653687,24605100
2019-11-01,144.25999451,144.41999817,142.97000122,143.72000122,135.68701172,33128400
2019-11-04,144.83000183,145.00000000,144.16000366,144.55000305,136.47059631,16912000
2019-11-05,144.97000122,145.02000427,143.91000366,144.46000671,136.38563538,18250200
2019-11-06,144.36999512,144.52000427,143.19999695,144.05999756,136.00798035,16575800
2019-11-07,143.83999634,144.88000488,143.77000427,144.25999451,136.19680786,17786700
2019-11-08,143.97999573,145.99000549,143.75999451,145.96000671,137.80180359,16732700
2019-11-11,145.33999634,146.41999817,144.72999573,146.11000061,137.94343567,14362600
2019-11-12,146.27999878,147.57000732,146.05999756,147.07000732,138.84976196,18641600
2019-11-13,146.74000549,147.46000671,146.27999878,147.30999756,139.07630920,16919200
2019-11-14,147.02000427,148.41000366,147.00000000,148.05999756,139.78440857,19729800
2019-11-15,148.92999268,149.99000549,148.27000427,149.97000122,141.58769226,23485700
2019-11-18,150.07000732,150.55000305,148.97999573,150.33999634,141.93696594,21534000
2019-11-19,150.88000488,151.33000183,150.19999695,150.38999939,141.98419189,23935700
2019-11-20,150.30999756,150.83999634,148.46000671,149.61999512,141.73788452,25696800
2019-11-21,149.39999390,149.80000305,148.50000000,149.47999573,141.60528564,18576100
2019-11-22,150.07000732,150.30000305,148.82000732,149.58999634,141.70945740,15901800
2019-11-25,150.00000000,151.35000610,149.91999817,151.22999573,143.26307678,22420900
2019-11-26,151.36000061,152.41999817,151.32000732,152.02999878,144.02093506,24620100
2019-11-27,152.33000183,152.50000000,151.52000427,152.32000732,144.29563904,15184400
2019-11-29,152.10000610,152.30000305,151.27999878,151.38000488,143.40521240,11977300
2019-12-02,151.80999756,151.83000183,148.32000732,149.55000305,141.67158508,27418400
2019-12-03,147.49000549,149.42999268,146.64999390,149.30999756,141.44424438,24066000
2019-12-04,150.13999939,150.17999268,149.19999695,149.85000610,141.95578003,17574700
2019-12-05,150.05000305,150.32000732,149.47999573,149.92999268,142.03152466,17869100
2019-12-06,150.99000549,151.86999512,150.27000427,151.75000000,143.75570679,16403500
2019-12-09,151.07000732,152.21000671,150.91000366,151.36000061,143.38624573,16687400
2019-12-10,151.28999329,151.88999939,150.75999451,151.13000488,143.16835022,16476100
2019-12-11,151.53999329,151.86999512,150.33000183,151.69999695,143.70832825,18856600
2019-12-12,151.64999390,153.44000244,151.02000427,153.24000549,145.16717529,24612100
2019-12-13,153.00000000,154.88999939,152.83000183,154.52999878,146.38919067,23845400
2019-12-16,155.11000061,155.89999390,154.82000732,155.52999878,147.33654785,24144200
2019-12-17,155.44999695,155.71000671,154.44999695,154.69000244,146.54077148,25425600
2019-12-18,154.30000305,155.47999573,154.17999268,154.36999512,146.23764038,24129200
2019-12-19,154.00000000,155.77000427,153.75000000,155.71000671,147.50709534,24958900
2019-12-20,157.35000610,158.49000549,156.28999329,157.41000366,149.11749268,53477500
2019-12-23,158.11999512,158.11999512,157.27000427,157.41000366,149.11749268,17718200
2019-12-24,157.47999573,157.71000671,157.11999512,157.38000488,149.08908081,8989200
2019-12-26,157.55999756,158.72999573,157.39999390,158.66999817,150.31114197,14520600
2019-12-27,159.44999695,159.55000305,158.22000122,158.96000671,150.58589172,18412800
2019-12-30,158.99000549,159.02000427,156.72999573,157.58999634,149.28802490,16348400
2019-12-31,156.77000427,157.77000427,156.44999695,157.69999695,149.39222717,18369400
2020-01-02,158.77999878,160.72999573,158.33000183,160.61999512,152.15838623,22622100
2020-01-03,158.32000732,159.94999695,158.05999756,158.61999512,150.26374817,21116200
2020-01-06,157.08000183,159.10000610,156.50999451,159.02999878,150.65213013,20813700
2020-01-07,159.32000732,159.66999817,157.32000732,157.58000183,149.27853394,21634100
2020-01-08,158.92999268,160.80000305,157.94999695,160.08999634,151.65632629,27746500
2020-01-09,161.83999634,162.22000122,161.02999878,162.08999634,153.55091858,21385000
2020-01-10,162.82000732,163.22000122,161.17999268,161.33999634,152.84046936,20725900
2020-01-13,161.75999451,163.30999756,161.25999451,163.27999878,154.67826843,21626500
2020-01-14,163.38999939,163.60000610,161.72000122,162.13000488,153.58886719,23477400
2020-01-15,162.61999512,163.94000244,162.57000732,163.17999268,154.58354187,21417900
2020-01-16,164.35000610,166.24000549,164.02999878,166.16999817,157.41600037,23865400
2020-01-17,167.41999817,167.47000122,165.42999268,167.10000610,158.29708862,34371700
2020-01-21,166.67999268,168.19000244,166.42999268,166.50000000,157.72860718,29517200
2020-01-22,167.39999390,167.49000549,165.67999268,165.69999695,156.97076416,24138800
2020-01-23,166.19000244,166.80000305,165.27000427,166.72000122,157.93702698,19680800
2020-01-24,167.50999451,167.52999878,164.44999695,165.03999329,156.34555054,24918100
2020-01-27,161.14999390,163.38000488,160.19999695,162.27999878,153.73094177,32078100
2020-01-28,163.77999878,165.75999451,163.07000732,165.46000671,156.74343872,24899900
2020-01-29,167.83999634,168.75000000,165.69000244,168.03999329,159.18746948,34754500
2020-01-30,174.05000305,174.05000305,170.78999329,172.77999878,163.67778015,51597500
2020-01-31,172.21000671,172.39999390,169.58000183,170.22999573,161.26214600,36142700
2020-02-03,170.42999268,174.50000000,170.39999390,174.38000488,165.19352722,30107000
2020-02-04,177.13999939,180.63999939,176.30999756,180.11999512,170.63111877,36433300
2020-02-05,184.02999878,184.19999695,178.41000366,179.89999390,170.42269897,39186300
2020-02-06,180.97000122,183.82000732,180.05999756,183.63000488,173.95623779,27751400
2020-02-07,182.85000610,185.63000488,182.47999573,183.88999939,174.20252991,33529100
2020-02-10,183.58000183,188.83999634,183.25000000,188.69999695,178.75909424,35844300
2020-02-11,190.64999390,190.69999695,183.50000000,184.44000244,174.72358704,53159900
2020-02-12,185.58000183,185.85000610,181.85000610,184.71000671,174.97932434,47062900
2020-02-13,183.08000183,186.22999573,182.86999512,183.71000671,174.03199768,35295800
2020-02-14,183.25000000,185.41000366,182.64999390,185.35000610,175.58557129,23149500
2020-02-18,185.61000061,187.69999695,185.50000000,187.22999573,177.36657715,27792200
2020-02-19,188.05999756,188.17999268,186.47000122,187.27999878,177.89852905,29997500
2020-02-20,186.94999695,187.25000000,181.10000610,184.41999817,175.18174744,36862400
2020-02-21,183.16999817,183.50000000,177.25000000,178.58999634,169.64379883,48572600
2020-02-24,167.77000427,174.55000305,163.22999573,170.88999939,162.32952881,68311100
2020-02-25,174.19999695,174.83999634,167.64999390,168.07000732,159.65078735,68073300
2020-02-26,169.71000671,173.25999451,168.21000671,170.16999817,161.64564514,56206100
2020-02-27,163.32000732,167.02999878,157.97999573,158.17999268,150.25622559,93174900
2020-02-28,152.41000366,163.71000671,152.00000000,162.00999451,153.89437866,97012700
2020-03-02,165.30999756,172.91999817,162.30999756,172.78999329,164.13438416,71030800
2020-03-03,173.80000305,175.00000000,162.25999451,164.50999451,156.26910400,71677000
2020-03-04,168.49000549,170.69999695,165.61999512,170.55000305,162.00654602,49814400
2020-03-05,166.05000305,170.86999512,165.69000244,166.27000427,157.94096375,47817300
2020-03-06,162.61000061,163.11000061,156.00000000,161.57000732,153.47639465,72821100
2020-03-09,151.00000000,157.75000000,150.00000000,150.61999512,143.07493591,70419300
2020-03-10,158.16000366,161.02999878,152.58000183,160.91999817,152.85899353,65354400
2020-03-11,157.13000488,157.69999695,151.14999390,153.63000488,145.93414307,56371600
2020-03-12,145.30000305,153.47000122,138.58000183,139.05999756,132.09402466,93226400
2020-03-13,147.50000000,161.91000366,140.72999573,158.83000183,150.87364197,92727400
2020-03-16,140.00000000,149.35000610,135.00000000,135.41999817,128.63636780,87905900
2020-03-17,140.00000000,147.50000000,135.00000000,146.57000732,139.22779846,81059800
2020-03-18,138.00000000,146.00000000,135.02000427,140.39999390,133.36685181,81593200
2020-03-19,142.77000427,150.14999390,139.00000000,142.71000671,135.56117249,85922700
2020-03-20,146.00000000,147.10000610,135.86000061,137.35000610,130.46968079,84866200
2020-03-23,137.00999451,140.57000732,132.52000427,135.97999573,129.16833496,78975200
2020-03-24,143.75000000,149.60000610,141.27000427,148.33999634,140.90916443,82516700
2020-03-25,148.91000366,154.33000183,144.44000244,146.91999817,139.56030273,75638200
2020-03-26,148.39999390,156.66000366,148.36999512,156.11000061,148.28993225,64568100
2020-03-27,151.75000000,154.88999939,149.19999695,149.69999695,142.20103455,57042300
2020-03-30,152.44000244,160.60000610,150.00999451,160.22999573,152.20352173,63420300
2020-03-31,159.39999390,164.77999878,156.55999756,157.71000671,149.80981445,77927200
2020-04-01,153.00000000,157.75000000,150.82000732,152.11000061,144.49024963,57969900
2020-04-02,151.86000061,155.47999573,150.36000061,155.25999451,147.48251343,49630700
2020-04-03,155.10000610,157.38000488,152.19000244,153.83000183,146.12413025,41243300
2020-04-06,160.32000732,166.50000000,157.58000183,165.27000427,156.99105835,67111700
2020-04-07,169.58999634,170.00000000,163.25999451,163.49000549,155.30024719,62769000
2020-04-08,165.66999817,166.66999817,163.50000000,165.13000488,156.85812378,48318200
2020-04-09,166.36000061,167.36999512,163.33000183,165.13999939,156.86753845,51385100
2020-04-13,164.35000610,165.57000732,162.30000305,165.50999451,157.21905518,41905300
2020-04-14,169.00000000,173.75000000,168.00000000,173.69999695,164.99876404,52874300
2020-04-15,171.19999695,173.57000732,169.24000549,171.88000488,163.26995850,40940800
2020-04-16,174.30000305,177.27999878,172.89999390,177.03999329,168.17143250,50479600
2020-04-17,179.50000000,180.00000000,175.86999512,178.60000610,169.65335083,52765600
2020-04-20,176.63000488,178.75000000,174.99000549,175.05999756,166.29067993,36669600
2020-04-21,173.50000000,173.66999817,166.11000061,167.82000732,159.41336060,56203700
2020-04-22,171.38999939,174.00000000,170.82000732,173.52000427,164.82778931,34620200
2020-04-23,174.11000061,175.05999756,170.91000366,171.41999817,162.83297729,32790800
2020-04-24,172.05999756,174.55999756,170.71000671,174.55000305,165.80621338,34277600
2020-04-27,176.58999634,176.89999390,173.30000305,174.05000305,165.33123779,33194400
2020-04-28,175.58999634,175.66999817,169.38999939,169.80999756,161.30363464,34392700
2020-04-29,173.22000122,177.67999268,171.88000488,177.42999268,168.54190063,51286600
2020-04-30,180.00000000,180.39999390,176.22999573,179.21000671,170.23277283,53875900
2020-05-01,175.80000305,178.63999939,174.00999451,174.57000732,165.82522583,39370500
2020-05-04,174.49000549,179.00000000,173.80000305,178.83999634,169.88128662,30372900
2020-05-05,180.61999512,183.64999390,179.89999390,180.75999451,171.70509338,36839200
2020-05-06,182.08000183,184.19999695,181.63000488,182.53999329,173.39596558,32139300
2020-05-07,184.16999817,184.55000305,182.58000183,183.60000610,174.40286255,28316000
2020-05-08,184.97999573,185.00000000,183.36000061,184.67999268,175.42875671,30877800
2020-05-11,183.14999390,187.50999451,182.85000610,186.74000549,177.38557434,30892700
2020-05-12,186.80000305,187.03999329,182.30000305,182.50999451,173.36743164,32038200
2020-05-13,182.55000305,184.05000305,176.53999329,179.75000000,170.74572754,44711500
2020-05-14,177.53999329,180.69000244,175.67999268,180.52999878,171.48664856,41873900
2020-05-15,179.05999756,187.05999756,177.00000000,183.16000366,173.98489380,46610400
2020-05-18,185.75000000,186.19999695,183.96000671,184.91000366,175.64729309,35264500
2020-05-19,185.02999878,186.60000610,183.49000549,183.63000488,174.43136597,26799100
2020-05-20,184.80999756,185.85000610,183.94000244,185.66000366,176.85084534,31261300
2020-05-21,185.39999390,186.66999817,183.28999329,183.42999268,174.72662354,29119500
2020-05-22,183.19000244,184.46000671,182.53999329,183.50999451,174.80284119,20826900
2020-05-26,186.33999634,186.50000000,181.10000610,181.57000732,172.95487976,36073600
2020-05-27,180.19999695,181.99000549,176.60000610,181.80999756,173.18353271,39517100
2020-05-28,180.74000549,184.14999390,180.38000488,181.39999390,172.79292297,33810200
2020-05-29,182.72999573,184.27000427,180.41000366,183.25000000,174.55517578,42130400
2020-06-01,182.53999329,183.00000000,181.46000671,182.83000183,174.15512085,22622400
2020-06-02,184.25000000,185.00000000,181.35000610,184.91000366,176.13644409,30794600
2020-06-03,184.82000732,185.94000244,183.58000183,185.36000061,176.56509399,27311000
2020-06-04,184.30000305,185.83999634,182.30000305,182.91999817,174.24085999,28761800
2020-06-05,182.61999512,187.72999573,182.00999451,187.19999695,178.31779480,39893600
2020-06-08,185.94000244,188.55000305,184.44000244,188.36000061,179.42272949,33211600
2020-06-09,188.00000000,190.69999695,187.25999451,189.80000305,180.79440308,29783900
2020-06-10,191.13000488,198.52000427,191.00999451,196.83999634,187.50035095,43872300
2020-06-11,193.13000488,195.75999451,186.07000732,186.27000427,177.43186951,52854700
2020-06-12,190.53999329,191.72000122,185.17999268,187.74000549,178.83213806,43373600
2020-06-15,184.58000183,190.82000732,184.00999451,188.94000244,179.97518921,32770200
2020-06-16,192.88999939,195.58000183,191.46000671,193.57000732,184.38551331,42556700
2020-06-17,195.02999878,196.32000732,193.69000244,194.24000549,185.02375793,25687800
2020-06-18,194.00000000,196.49000549,194.00000000,196.32000732,187.00508118,23061600
2020-06-19,198.58999634,199.28999329,194.36999512,195.14999390,185.89056396,44441100
2020-06-22,195.78999329,200.75999451,195.22999573,200.57000732,191.05332947,32818900
2020-06-23,202.08999634,203.94999695,201.42999268,201.91000366,192.32983398,30917400
2020-06-24,201.60000610,203.25000000,196.55999756,197.83999634,188.45292664,36740600
2020-06-25,197.80000305,200.61000061,195.47000122,200.33999634,190.83430481,27803900
2020-06-26,199.72999573,199.88999939,194.88000488,196.33000183,187.01457214,54675800
2020-06-29,195.77999878,198.52999878,193.55000305,198.44000244,189.02447510,26701600
2020-06-30,197.88000488,204.39999390,197.74000549,203.50999451,193.85389709,34310300
2020-07-01,203.13999939,206.35000610,201.77000427,204.69999695,194.98742676,32061200
2020-07-02,205.67999268,208.02000427,205.00000000,206.25999451,196.47337341,29315800
2020-07-06,208.83000183,211.13000488,208.08999634,210.69999695,200.70271301,31897600
2020-07-07,210.44999695,214.66999817,207.99000549,208.25000000,198.36900330,33600700
2020-07-08,210.07000732,213.25999451,208.69000244,212.83000183,202.73167419,33600000
2020-07-09,216.33000183,216.38000488,211.47000122,214.32000732,204.15100098,33121700
2020-07-10,213.61999512,214.08000183,211.08000183,213.66999817,203.53178406,26177600
2020-07-13,214.47999573,215.80000305,206.50000000,207.07000732,197.24501038,38135600
2020-07-14,206.13000488,208.85000610,202.02999878,208.35000610,198.46424866,37591800
2020-07-15,209.55999756,211.33000183,205.02999878,208.03999329,198.16894531,32179400
2020-07-16,205.39999390,205.69999695,202.30999756,203.91999817,194.24444580,29940700
2020-07-17,204.47000122,205.03999329,201.38999939,202.88000488,193.25376892,31635300
2020-07-20,205.00000000,212.30000305,203.00999451,211.60000610,201.56002808,36884800
2020-07-21,213.66000366,213.94000244,208.02999878,208.75000000,198.84524536,37990400
2020-07-22,209.19999695,212.30000305,208.38999939,211.75000000,201.70294189,49605700
2020-07-23,207.19000244,210.91999817,202.14999390,202.53999329,192.92993164,67457000
2020-07-24,200.41999817,202.86000061,197.50999451,201.30000305,191.74874878,39827000
2020-07-27,201.47000122,203.97000122,200.86000061,203.85000610,194.17774963,30160900
2020-07-28,203.61000061,204.69999695,201.74000549,202.02000427,192.43458557,23251400
2020-07-29,202.50000000,204.64999390,202.00999451,204.05999756,194.37780762,19632600
2020-07-30,201.00000000,204.46000671,199.57000732,203.89999390,194.22541809,25079600
2020-07-31,204.39999390,205.10000610,199.00999451,205.00999451,195.28273010,51044000
2020-08-03,211.52000427,217.63999939,210.44000244,216.53999329,206.26565552,78983000
2020-08-04,214.16999817,214.77000427,210.30999756,213.28999329,203.16987610,49280100
2020-08-05,214.89999390,215.00000000,211.57000732,212.94000244,202.83644104,28806400
2020-08-06,212.33999634,216.36999512,211.55000305,216.35000610,206.08467102,32656800
2020-08-07,214.85000610,215.69999695,210.92999268,212.47999573,202.39826965,27820400
2020-08-10,211.66999817,211.88000488,206.35000610,208.25000000,198.36900330,36716500
2020-08-11,207.16000366,207.64999390,203.13999939,203.38000488,193.73005676,36446500
2020-08-12,205.28999329,210.27999878,204.75000000,209.19000244,199.26438904,28013100
2020-08-13,209.44000244,211.35000610,208.14999390,208.69999695,198.79763794,22588900
2020-08-14,208.75999451,209.58999634,207.50999451,208.89999390,198.98812866,17958900
2020-08-17,209.60000610,211.19000244,208.91999817,210.27999878,200.30261230,20184800
2020-08-18,210.52999878,212.36000061,209.21000671,211.49000549,201.45523071,21336200
2020-08-19,211.49000549,212.10000610,209.25000000,209.69999695,200.23306274,27627600
2020-08-20,209.53999329,215.00000000,208.91000366,214.58000183,204.89273071,26981500
2020-08-21,213.86000061,216.25000000,212.85000610,213.02000427,203.40313721,36249300
2020-08-24,214.78999329,215.52000427,212.42999268,213.69000244,204.04293823,25460100
2020-08-25,213.10000610,216.61000061,213.10000610,216.47000122,206.69741821,23043700
2020-08-26,217.88000488,222.08999634,217.36000061,221.14999390,211.16612244,39600800
2020-08-27,222.88999939,231.14999390,219.39999390,226.58000183,216.35101318,57602200
2020-08-28,228.17999268,230.63999939,226.58000183,228.91000366,218.57579041,26292900
2020-08-31,227.00000000,228.69999695,224.30999756,225.52999878,215.34835815,28774200
2020-09-01,225.50999451,227.44999695,224.42999268,227.27000427,217.00982666,25725500
2020-09-02,227.97000122,232.86000061,227.35000610,231.64999390,221.19213867,34080800
2020-09-03,229.27000427,229.30999756,214.96000671,217.30000305,207.48995972,58400300
2020-09-04,215.10000610,218.36000061,205.19000244,214.25000000,204.57768250,59664100
2020-09-08,206.50000000,210.02999878,202.19999695,202.66000366,193.51084900,52924300
2020-09-09,207.60000610,214.83999634,206.69999695,211.28999329,201.75123596,45679000
2020-09-10,213.39999390,214.74000549,204.11000061,205.36999512,196.09854126,35461500
2020-09-11,207.19999695,208.63000488,201.24000549,204.02999878,194.81900024,33620100
2020-09-14,204.24000549,209.19999695,204.02999878,205.41000366,196.13674927,30375800
2020-09-15,208.41999817,209.77999878,206.92999268,208.77999878,199.35461426,21823900
2020-09-16,210.61999512,210.64999390,204.63999939,205.05000305,195.79296875,26328100
2020-09-17,200.05000305,204.33000183,199.96000671,202.91000366,193.74957275,34011300
2020-09-18,202.80000305,203.64999390,196.25000000,200.38999939,191.34335327,55225300
2020-09-21,197.19000244,202.71000671,196.38000488,202.53999329,193.39625549,39839700
2020-09-22,205.05999756,208.10000610,202.08000183,207.41999817,198.05595398,33517100
2020-09-23,207.89999390,208.10000610,200.02999878,200.58999634,191.53431702,30803800
2020-09-24,199.85000610,205.57000732,199.19999695,203.19000244,194.01698303,31202500
2020-09-25,203.55000305,209.03999329,202.53999329,207.82000732,198.43792725,29437300
2020-09-28,210.88000488,212.57000732,208.05999756,209.44000244,199.98480225,32004900
2020-09-29,209.35000610,210.07000732,206.80999756,207.25999451,197.90324402,24221900
2020-09-30,207.72999573,211.97999573,206.53999329,210.33000183,200.83462524,33829100
2020-10-01,213.49000549,213.99000549,211.32000732,212.46000671,202.86848450,27158400
2020-10-02,208.00000000,210.99000549,205.53999329,206.19000244,196.88150024,33154800
2020-10-05,207.22000122,210.41000366,206.97999573,210.38000488,200.88233948,21331600
2020-10-06,208.82000732,210.17999268,204.82000732,205.91000366,196.61415100,28554300
2020-10-07,207.05999756,210.11000061,206.72000122,209.83000183,200.35719299,25681100
2020-10-08,210.50999451,211.19000244,208.32000732,210.58000183,201.07328796,19925800
2020-10-09,211.22999573,215.86000061,211.22999573,215.80999756,206.06721497,26458000
2020-10-12,218.78999329,223.86000061,216.80999756,221.39999390,211.40486145,40461400
2020-10-13,222.72000122,225.21000671,220.42999268,222.86000061,212.79895020,28950800
2020-10-14,223.00000000,224.22000122,219.13000488,220.86000061,210.88923645,23421700
2020-10-15,217.10000610,220.36000061,216.00999451,219.66000366,209.74339294,22733100
2020-10-16,220.14999390,222.28999329,219.32000732,219.66000366,209.74339294,26057900
2020-10-19,220.41999817,222.30000305,213.72000122,214.22000122,204.54901123,27625800
2020-10-20,215.80000305,217.36999512,213.08999634,214.64999390,204.95957947,22753500
2020-10-21,213.11999512,216.91999817,213.11999512,214.80000305,205.10281372,22724900
2020-10-22,213.92999268,216.05999756,211.69999695,214.88999939,205.18875122,22351500
2020-10-23,215.02999878,216.27999878,213.16000366,216.22999573,206.46827698,18879600
2020-10-26,213.85000610,216.33999634,208.10000610,210.08000183,200.59593201,37111600
2020-10-27,211.58999634,214.66999817,210.33000183,213.25000000,203.62277222,36700300
2020-10-28,207.66999817,208.83999634,202.10000610,202.67999268,193.52992249,51195600
2020-10-29,204.07000732,207.36000061,203.36999512,204.72000122,195.47790527,31432600
2020-10-30,203.50000000,204.28999329,199.61999512,202.47000122,193.32945251,36953700
2020-11-02,204.28999329,205.27999878,200.11999512,202.33000183,193.19575500,30842200
2020-11-03,203.88999939,208.11999512,203.11999512,206.42999268,197.11065674,27512000
2020-11-04,214.02000427,218.32000732,212.41999817,216.38999939,206.62103271,42311800
2020-11-05,222.03999329,224.11999512,221.14999390,223.28999329,213.20953369,36080100
2020-11-06,222.25999451,224.36000061,218.02999878,223.72000122,213.62010193,25231900
2020-11-09,224.44000244,228.11999512,217.88000488,218.38999939,208.53073120,44395000
2020-11-10,214.50000000,216.50000000,209.72000122,211.00999451,201.48388672,44045100
2020-11-11,212.38999939,218.03999329,212.19999695,216.55000305,206.77378845,29440800
2020-11-12,217.21000671,219.11000061,214.46000671,215.44000244,205.71392822,21593900
2020-11-13,216.36000061,217.41999817,214.16000366,216.50999451,206.73561096,18621100
2020-11-16,214.86999512,217.74000549,214.52000427,217.22999573,207.42309570,24953300
2020-11-17,216.10000610,217.67999268,214.08000183,214.46000671,204.77813721,24154100
2020-11-18,213.64999390,215.16999817,210.92999268,211.08000183,202.07843018,28372800
2020-11-19,211.38000488,213.02999878,209.92999268,212.41999817,203.36125183,24792700
2020-11-20,212.19999695,213.28999329,210.00000000,210.38999939,201.41783142,22843100
2020-11-23,210.94999695,212.28999329,208.16000366,210.11000061,201.14979553,25683500
2020-11-24,209.58999634,214.25000000,208.86000061,213.86000061,204.73986816,33979700
2020-11-25,215.11000061,215.28999329,212.46000671,213.86999512,204.74943542,21012900
2020-11-27,214.85000610,216.27000427,214.03999329,215.22999573,206.05143738,14512200
2020-11-30,214.10000610,214.75999451,210.83999634,214.07000732,204.94091797,33064800
2020-12-01,214.50999451,217.32000732,213.35000610,216.21000671,206.98968506,30904500
2020-12-02,214.88000488,215.47000122,212.80000305,215.36999512,206.18547058,23724500
2020-12-03,214.61000061,216.38000488,213.64999390,214.24000549,205.10368347,25120900
2020-12-04,214.22000122,215.38000488,213.17999268,214.36000061,205.21853638,24666000
2020-12-07,214.36999512,215.53999329,212.99000549,214.28999329,205.15153503,24620000
2020-12-08,213.97000122,216.94999695,212.88999939,216.00999451,206.79820251,23284100
2020-12-09,215.16000366,215.22999573,211.21000671,211.80000305,202.76771545,32440600
2020-12-10,211.77000427,213.08000183,210.36000061,210.52000427,201.54228210,26733300
2020-12-11,210.05000305,213.32000732,209.11000061,213.25999451,204.16545105,30979400
2020-12-14,213.10000610,216.21000671,212.88000488,214.19999695,205.06539917,28798400
2020-12-15,215.16999817,215.41999817,212.24000549,214.13000488,204.99833679,27000600
2020-12-16,214.75000000,220.11000061,214.72000122,219.27999878,209.92874146,35023300
2020-12-17,219.86999512,220.88999939,217.91999817,219.41999817,210.06274414,32515800
2020-12-18,218.58999634,219.69000244,216.02000427,218.58999634,209.26815796,63354900
2020-12-21,217.55000305,224.00000000,217.27999878,222.58999634,213.09759521,37181900
2020-12-22,222.69000244,225.63000488,221.85000610,223.94000244,214.39002991,22612200
2020-12-23,223.11000061,223.55999756,220.80000305,221.02000427,211.59457397,18699600
2020-12-24,221.41999817,223.61000061,221.19999695,222.75000000,213.25073242,10550600
2020-12-28,224.44999695,226.02999878,223.02000427,224.96000671,215.36651611,17933500
2020-12-29,226.30999756,227.17999268,223.58000183,224.14999390,214.59103394,17403200
2020-12-30,225.22999573,225.63000488,221.47000122,221.67999268,212.22634888,20272300
2020-12-31,221.69999695,223.00000000,219.67999268,222.41999817,212.93482971,20942100
2021-01-04,222.52999878,223.00000000,214.80999756,217.69000244,208.40652466,37130100
2021-01-05,217.25999451,218.52000427,215.69999695,217.89999390,208.60758972,23823000
2021-01-06,212.16999817,216.49000549,211.94000244,212.25000000,203.19851685,35930700
2021-01-07,214.03999329,219.33999634,213.71000671,218.28999329,208.98092651,27694500
2021-01-08,218.67999268,220.58000183,217.02999878,219.61999512,210.25421143,22956200
2021-01-11,218.47000122,218.91000366,216.72999573,217.49000549,208.21507263,23031300
2021-01-12,216.50000000,217.10000610,213.32000732,214.92999268,205.76425171,23249300
2021-01-13,214.02000427,216.75999451,213.92999268,216.33999634,207.11410522,20087100
2021-01-14,215.91000366,217.46000671,212.74000549,213.02000427,203.93566895,29480800
2021-01-15,213.52000427,214.50999451,212.02999878,212.64999390,203.58148193,31746500
2021-01-19,213.75000000,216.97999573,212.63000488,216.44000244,207.20985413,30480900
2021-01-20,217.69999695,225.78999329,217.28999329,224.33999634,214.77291870,37777300
2021-01-21,224.69999695,226.30000305,222.41999817,224.97000122,215.37608337,30709400
2021-01-22,227.08000183,230.07000732,225.80000305,225.94999695,216.31428528,30172700
2021-01-25,229.11999512,229.77999878,224.22000122,229.52999878,219.74159241,33152100
2021-01-26,231.86000061,234.17999268,230.08000183,232.33000183,222.42222595,49169600
2021-01-27,238.00000000,240.44000244,230.13999939,232.89999390,222.96789551,69870600
2021-01-28,235.61000061,242.63999939,235.08999634,238.92999268,228.74075317,49111200
2021-01-29,235.99000549,238.02000427,231.35000610,231.96000671,222.06800842,42503100
2021-02-01,235.05999756,242.50000000,232.42999268,239.64999390,229.43002319,33314200
2021-02-02,241.30000305,242.30999756,238.69000244,239.50999451,229.29602051,25916300
2021-02-03,239.57000732,245.08999634,239.25999451,243.00000000,232.63719177,27158100
2021-02-04,242.66000366,243.24000549,240.36999512,242.00999451,231.68937683,25296100
2021-02-05,242.22999573,243.27999878,240.41999817,242.19999695,231.87130737,18054800
2021-02-08,243.14999390,243.67999268,240.80999756,242.47000122,232.12982178,22211900
2021-02-09,241.86999512,244.75999451,241.38000488,243.77000427,233.37432861,23565000
2021-02-10,245.00000000,245.91999817,240.88999939,242.82000732,232.46485901,22186700
2021-02-11,244.77999878,245.14999390,242.14999390,244.49000549,234.06364441,15751100
2021-02-12,243.92999268,245.30000305,242.72999573,244.99000549,234.54232788,16561100
2021-02-16,245.02999878,246.13000488,242.91999817,243.69999695,233.30731201,26728500
2021-02-17,241.32000732,244.30999756,240.94000244,244.19999695,234.32447815,21653500
2021-02-18,241.80000305,243.92999268,240.86000061,243.78999329,233.93104553,16925600
2021-02-19,243.75000000,243.86000061,240.17999268,240.97000122,231.22509766,25262600
2021-02-22,237.41999817,237.92999268,232.39999390,234.50999451,225.02632141,36446900
2021-02-23,230.33000183,234.83000183,228.72999573,233.27000427,223.83653259,30228700
2021-02-24,230.00999451,235.19999695,229.00000000,234.55000305,225.06474304,26339700
2021-02-25,232.08000183,234.58999634,227.88000488,228.99000549,219.72955322,39542200
2021-02-26,231.52999878,235.36999512,229.53999329,232.38000488,222.98246765,37819200
2021-03-01,235.89999390,237.47000122,233.14999390,236.94000244,227.35803223,25324000
2021-03-02,237.00999451,237.30000305,233.44999695,233.86999512,224.41218567,22812500
2021-03-03,232.16000366,233.58000183,227.25999451,227.55999756,218.35736084,34029500
2021-03-04,226.74000549,232.49000549,224.25999451,226.72999573,217.56095886,44727800
2021-03-05,229.52000427,233.27000427,226.46000671,231.60000610,222.23402405,41872800
2021-03-08,231.36999512,233.36999512,227.13000488,227.38999939,218.19424438,35267400
2021-03-09,232.88000488,235.38000488,231.66999817,233.77999878,224.32585144,33080500
2021-03-10,237.00000000,237.00000000,232.03999329,232.41999817,223.02084351,29746800
2021-03-11,234.96000671,239.16999817,234.30999756,237.13000488,227.54035950,29907600
2021-03-12,234.00999451,235.82000732,233.22999573,235.75000000,226.21618652,22653700
2021-03-15,234.96000671,235.19000244,231.80999756,234.80999756,225.31422424,26034900
2021-03-16,236.27999878,240.05999756,235.94000244,237.71000671,228.09690857,28092200
2021-03-17,236.14999390,238.55000305,233.22999573,237.03999329,227.45399475,29562100
2021-03-18,232.55999756,234.19000244,230.33000183,230.72000122,221.38958740,34833000
2021-03-19,231.02000427,232.47000122,229.35000610,230.35000610,221.03456116,46430700
2021-03-22,230.27000427,236.89999390,230.13999939,235.99000549,226.44647217,30127000
2021-03-23,237.49000549,241.05000305,237.07000732,237.58000183,227.97215271,31638400
2021-03-24,237.85000610,238.00000000,235.32000732,235.46000671,225.93791199,25620100
2021-03-25,235.30000305,236.94000244,231.57000732,232.33999634,222.94404602,34061900
2021-03-26,231.55000305,236.71000671,231.55000305,236.47999573,226.91664124,25479900
2021-03-29,236.58999634,236.80000305,231.88000488,235.24000549,225.72682190,25227500
2021-03-30,233.52999878,233.85000610,231.10000610,231.85000610,222.47389221,24792000
2021-03-31,232.91000366,239.10000610,232.38999939,235.77000427,226.23538208,43623500
2021-04-01,238.47000122,242.83999634,238.05000305,242.35000610,232.54927063,30338000
2021-04-05,242.75999451,249.96000671,242.69999695,249.07000732,238.99749756,36910600
2021-04-06,247.61000061,249.39999390,246.88000488,247.86000061,237.83645630,22931900
2021-04-07,247.80999756,250.92999268,247.19000244,249.89999390,239.79389954,22719800
2021-04-08,252.77000427,254.13999939,252.00000000,253.25000000,243.00843811,23625200
2021-04-09,252.86999512,255.99000549,252.44000244,255.85000610,245.50334167,24326800
2021-04-12,254.71000671,257.67001343,254.61999512,255.91000366,245.56091309,27148700
2021-04-13,257.26000977,259.19000244,256.82998657,258.48999023,248.03654480,23837500
2021-04-14,257.48001099,258.82998657,255.16000366,255.58999634,245.25381470,23070900
2021-04-15,257.92999268,259.92999268,257.73001099,259.50000000,249.00572205,25627500
2021-04-16,259.47000122,261.00000000,257.60000610,260.73999023,250.19549561,24878600
2021-04-19,260.19000244,261.48001099,257.82000732,258.73999023,248.27648926,23209300
2021-04-20,257.82000732,260.20001221,256.83999634,258.26000977,247.81588745,19722900
2021-04-21,258.94000244,260.67999268,257.25000000,260.57998657,250.04202271,24030400
2021-04-22,260.20999146,261.77999878,255.63999939,257.17001343,246.76994324,25606200
2021-04-23,257.88000488,261.51000977,257.26998901,261.14999390,250.58895874,21462600
2021-04-26,261.66000366,262.44000244,260.17001343,261.54998779,250.97282410,19763300
2021-04-27,261.57998657,263.19000244,260.11999512,261.97000122,251.37582397,31014200
2021-04-28,256.07998657,256.54000854,252.94999695,254.55999756,244.26548767,46903100
2021-04-29,255.46000671,256.10000610,249.00000000,252.50999451,242.29840088,40589000
2021-04-30,249.74000549,253.08000183,249.60000610,252.17999268,241.98175049,30945100
2021-05-03,253.39999390,254.35000610,251.11999512,251.86000061,241.67466736,19626600
2021-05-04,250.97000122,251.21000671,245.75999451,247.78999329,237.76925659,32756100
2021-05-05,249.05999756,249.50000000,245.82000732,246.47000122,236.50267029,21901300
2021-05-06,246.44999695,249.86000061,244.69000244,249.72999573,239.63081360,26491100
2021-05-07,252.14999390,254.30000305,251.16999817,252.46000671,242.25044250,27032900
2021-05-10,250.86999512,251.72999573,247.11999512,247.17999268,237.18391418,29299900
2021-05-11,244.55000305,246.60000610,242.57000732,246.22999573,236.27239990,33641600
2021-05-12,242.16999817,244.38000488,238.07000732,239.00000000,229.33476257,36684400
2021-05-13,241.80000305,245.60000610,241.41999817,243.02999878,233.20178223,29624300
2021-05-14,245.58000183,249.17999268,245.49000549,248.14999390,238.11471558,23901100
2021-05-17,246.55000305,246.58999634,243.52000427,245.17999268,235.26486206,24970200
2021-05-18,246.27000427,246.41000366,242.89999390,243.08000183,233.24971008,20168000
2021-05-19,239.30999756,243.22999573,238.60000610,243.11999512,233.82684326,25739800
2021-05-20,243.96000671,247.94999695,243.86000061,246.47999573,237.05834961,21800700
2021-05-21,247.57000732,248.33000183,244.74000549,245.16999817,235.79844666,21863100
2021-05-24,247.78999329,251.16000366,247.50999451,250.77999878,241.19400024,21411500
2021-05-25,251.77000427,252.75000000,250.82000732,251.72000122,242.09808350,17704300
2021-05-26,251.42999268,252.94000244,250.75000000,251.49000549,241.87687683,17771600
2021-05-27,251.16999817,251.47999573,249.25000000,249.30999756,239.78021240,24426200
2021-05-28,251.00000000,252.08000183,249.55999756,249.67999268,240.13607788,18270200
2021-06-01,251.22999573,251.28999329,246.96000671,247.39999390,237.94322205,23213300
2021-06-02,248.13000488,249.27000427,245.83999634,247.30000305,237.84706116,19406700
2021-06-03,245.22000122,246.33999634,243.00000000,245.71000671,236.31784058,25307700
2021-06-04,247.75999451,251.64999390,247.50999451,250.78999329,241.20364380,25281100
2021-06-07,249.97999573,254.08999634,249.80999756,253.80999756,244.10818481,23079200
2021-06-08,255.16000366,256.01000977,252.50999451,252.57000732,242.91560364,22455000
2021-06-09,253.80999756,255.52999878,253.21000671,253.58999634,243.89659119,17937600
2021-06-10,254.28999329,257.45999146,253.66999817,257.23999023,247.40708923,24563600
2021-06-11,257.98999023,258.48999023,256.60998535,257.89001465,248.03228760,18999700
2021-06-14,257.89999390,259.95001221,256.79998779,259.89001465,249.95576477,19150500
2021-06-15,259.76998901,259.98999023,257.67999268,258.35998535,248.48428345,18038900
2021-06-16,259.39999390,260.57998657,254.41999817,257.38000488,247.54170227,27220000
2021-06-17,256.07000732,261.75000000,256.01000977,260.89999390,250.92715454,27565500
2021-06-18,259.63000488,262.29998779,258.75000000,259.42999268,249.51341248,37202200
2021-06-21,259.82000732,263.51998901,257.92001343,262.63000488,252.59104919,26696100
2021-06-22,262.72000122,265.79000854,262.39999390,265.51000977,255.36094666,24694100
2021-06-23,265.98999023,266.82998657,264.42999268,265.26998901,255.13020325,19518700
2021-06-24,266.16000366,267.85000610,265.47000122,266.69000244,256.49588013,21446900
2021-06-25,266.23001099,267.25000000,264.76000977,265.01998901,254.88963318,25611100
2021-06-28,266.19000244,268.89999390,265.91000366,268.72000122,258.44824219,19590000
2021-06-29,268.86999512,271.64999390,267.98001099,271.39999390,261.02578735,19937800
2021-06-30,270.69000244,271.35998535,269.60000610,270.89999390,260.54492188,21656500
2021-07-01,269.60998535,271.83999634,269.60000610,271.60000610,261.21813965,16725300
2021-07-02,272.82000732,278.00000000,272.50000000,277.64999390,267.03695679,26458000
2021-07-06,278.02999878,279.36999512,274.29998779,277.66000366,267.04647827,31565600
2021-07-07,279.39999390,280.69000244,277.14999390,279.92999268,269.22973633,23260000
2021-07-08,276.89999390,278.73001099,274.86999512,277.42001343,266.81576538,24618600
2021-07-09,275.72000122,278.04998779,275.32000732,277.94000244,267.31579590,23916700
2021-07-12,279.16000366,279.76998901,276.57998657,277.32000732,266.71957397,18931700
2021-07-13,277.51998901,282.85000610,277.39001465,280.98001099,270.23959351,26120100
2021-07-14,282.35000610,283.66000366,280.54998779,282.51000977,271.71115112,23113700
2021-07-15,282.00000000,282.51000977,279.82998657,281.02999878,270.28775024,22604200
2021-07-16,282.07000732,284.10000610,279.45999146,280.75000000,270.01840210,26186800
2021-07-19,278.92999268,280.36999512,274.45001221,277.01000977,266.42138672,32935600
2021-07-20,278.02999878,280.97000122,276.26000977,279.32000732,268.64312744,26259700
2021-07-21,278.89999390,281.51998901,277.29000854,281.39999390,270.64358521,24364300
2021-07-22,283.83999634,286.42001343,283.42001343,286.14001465,275.20245361,23384100
2021-07-23,287.36999512,289.98999023,286.50000000,289.67001343,278.59750366,22768100
2021-07-26,289.00000000,289.69000244,286.64001465,289.04998779,278.00115967,23176100
2021-07-27,289.42999268,289.57998657,282.95001221,286.54000854,275.58709717,33604100
2021-07-28,288.98999023,290.14999390,283.82998657,286.22000122,275.27932739,33566900
2021-07-29,286.23999023,288.61999512,286.07998657,286.50000000,275.54855347,18168300
2021-07-30,285.17001343,286.66000366,283.91000366,284.91000366,274.01943970,20944800
2021-08-02,286.35998535,286.76998901,283.73999023,284.82000732,273.93286133,16267400
2021-08-03,285.42001343,287.23001099,284.00000000,287.11999512,276.14486694,17879000
2021-08-04,286.22000122,287.58999634,284.64999390,286.51000977,275.55831909,16191300
2021-08-05,286.88000488,289.63000488,286.10000610,289.51998901,278.45315552,13900200
2021-08-06,288.51000977,289.50000000,287.61999512,289.45999146,278.39547729,16589300
2021-08-09,289.75000000,291.54998779,287.80999756,288.32998657,277.30865479,16117600
2021-08-10,288.79998779,289.25000000,285.20001221,286.44000244,275.49099731,18616600
2021-08-11,287.20999146,288.66000366,285.85998535,286.95001221,275.98147583,13955900
2021-08-12,286.63000488,289.97000122,286.33999634,289.80999756,278.73205566,14561300
2021-08-13,289.48001099,292.89999390,289.29998779,292.85000610,281.65591431,18249000
2021-08-16,293.19000244,294.82000732,290.01998901,294.60000610,283.33898926,22507600
2021-08-17,292.39001465,293.42999268,291.07998657,293.07998657,281.87710571,20075300
2021-08-18,292.04000854,294.82000732,290.26998901,290.73001099,280.15225220,21813000
2021-08-19,288.69000244,297.47000122,288.64001465,296.76998901,285.97250366,29850500
2021-08-20,299.72000122,305.83999634,298.05999756,304.35998535,293.28628540,40817600
2021-08-23,303.25000000,305.39999390,301.85000610,304.64999390,293.56579590,22830200
2021-08-24,305.01998901,305.64999390,302.00000000,302.61999512,291.60964966,18175800
2021-08-25,304.29998779,304.58999634,300.42001343,302.01000977,291.02182007,20006100
2021-08-26,300.98999023,302.42999268,298.95001221,299.08999634,288.20803833,17666100
2021-08-27,298.98999023,300.86999512,296.82998657,299.72000122,288.81509399,22605700
2021-08-30,301.11999512,304.22000122,301.05999756,303.58999634,292.54431152,16348100
2021-08-31,304.42001343,304.50000000,301.50000000,301.88000488,290.89660645,26285300
2021-09-01,302.86999512,305.19000244,301.48999023,301.82998657,290.84835815,18983800
2021-09-02,302.20001221,303.35998535,300.17999268,301.14999390,290.19311523,16285600
2021-09-03,300.98999023,302.60000610,300.26000977,301.14001465,290.18350220,14747900
2021-09-07,301.01000977,301.08999634,298.20001221,300.17999268,289.25842285,17180400
2021-09-08,299.77999878,300.60998535,297.47000122,300.20999146,289.28723145,15046800
2021-09-09,300.82000732,302.14001465,297.00000000,297.25000000,286.43496704,19927000
2021-09-10,298.42001343,299.92001343,295.38000488,295.70999146,284.95108032,19633400
2021-09-13,297.54998779,298.54000854,294.07998657,296.98999023,286.18444824,23652900
2021-09-14,299.55999756,301.39001465,298.10000610,299.79000854,288.88262939,21853400
2021-09-15,303.26000977,305.32000732,301.82000732,304.82000732,293.72961426,28356300
2021-09-16,303.76000977,305.30999756,300.76000977,305.22000122,294.11502075,19550800
2021-09-17,304.17001343,304.50000000,299.52999878,299.86999512,288.95968628,41372500
2021-09-20,296.32998657,298.72000122,289.51998901,294.29998779,283.59237671,38278700
2021-09-21,295.69000244,297.54000854,294.07000732,294.79998779,284.07418823,22364100
2021-09-22,296.73001099,300.22000122,294.51000977,298.57998657,287.71655273,26626300
2021-09-23,298.85000610,300.89999390,297.52999878,299.55999756,288.66098022,18604600
2021-09-24,298.23001099,299.79998779,296.92999268,299.35000610,288.45861816,14999000
2021-09-27,296.14001465,296.47000122,292.94000244,294.17001343,283.46713257,23571700
2021-09-28,289.79998779,290.77999878,282.75000000,283.51998901,273.20455933,43186200
2021-09-29,285.10000610,286.76998901,283.01000977,284.00000000,273.66705322,26353700
2021-09-30,285.70999146,287.82998657,281.61999512,281.92001343,271.66278076,32343600
2021-10-01,282.11999512,289.98001099,281.29000854,289.10000610,278.58157349,30086300
2021-10-04,287.39999390,287.75000000,280.25000000,283.10998535,272.80944824,31350700
2021-10-05,284.04998779,290.39999390,284.04998779,288.76000977,278.25393677,24993000
2021-10-06,285.77999878,293.63000488,285.51000977,293.10998535,282.44567871,28002600
2021-10-07,295.17999268,296.64001465,293.92001343,294.85000610,284.12237549,20430500
2021-10-08,296.22000122,296.64001465,293.76000977,294.85000610,284.12237549,17685700
2021-10-11,292.92001343,297.97000122,292.75000000,294.23001099,283.52490234,19298600
2021-10-12,295.33999634,295.44000244,292.35000610,292.88000488,282.22402954,17974100
2021-10-13,294.91000366,297.27999878,293.48999023,296.30999756,285.52917480,23416300
2021-10-14,299.20999146,303.26998901,297.82998657,302.75000000,291.73492432,27262900
2021-10-15,302.33999634,304.45001221,300.51998901,304.20999146,293.14181519,25384800
2021-10-18,303.57000732,308.20999146,302.69000244,307.29000854,296.10977173,22729300
2021-10-19,308.35000610,309.29998779,307.22000122,308.23001099,297.01553345,17682100
2021-10-20,309.20999146,309.70001221,306.10998535,307.41000366,296.22531128,16537100
2021-10-21,307.17001343,311.01998901,306.35998535,310.76000977,299.45346069,16918100
2021-10-22,310.39999390,311.08999634,307.79998779,309.16000366,297.91165161,17449300
2021-10-25,309.35998535,309.39999390,306.45999146,308.13000488,296.91918945,17554500
2021-10-26,311.00000000,312.39999390,308.60000610,310.10998535,298.82714844,28107300
2021-10-27,316.00000000,326.10000610,316.00000000,323.17001343,311.41195679,52588700
2021-10-28,324.32998657,324.86999512,321.35998535,324.35000610,312.54907227,26297900
2021-10-29,324.13000488,332.00000000,323.89999390,331.61999512,319.55453491,34766000
2021-11-01,331.35998535,331.48999023,326.36999512,329.36999512,317.38641357,27073200
2021-11-02,330.30999756,333.45001221,330.00000000,333.13000488,321.00955200,26487100
2021-11-03,333.89999390,334.89999390,330.64999390,334.00000000,321.84793091,21500100
2021-11-04,332.89001465,336.54000854,329.51000977,336.44000244,324.19915771,23992200
2021-11-05,338.51000977,338.79000854,334.42001343,336.05999756,323.83288574,22570100
2021-11-08,337.29998779,337.64999390,334.44000244,336.98999023,324.72906494,20897000
2021-11-09,337.10998535,338.72000122,334.52999878,335.95001221,323.72695923,21307400
2021-11-10,334.57000732,334.63000488,329.92001343,330.79998779,318.76428223,25500900
2021-11-11,331.25000000,333.76998901,330.51000977,332.42999268,320.33508301,16849800
2021-11-12,333.92001343,337.23001099,333.79000854,336.72000122,324.46893311,23831000
2021-11-15,337.54000854,337.88000488,334.02999878,336.07000732,323.84271240,16723000
2021-11-16,335.67999268,340.67001343,335.51000977,339.51000977,327.15744019,20886800
2021-11-17,338.94000244,342.19000244,338.00000000,339.11999512,327.37945557,19053400
2021-11-18,338.17999268,342.45001221,337.11999512,341.26998901,329.45507812,22463500
2021-11-19,342.64001465,345.10000610,342.20001221,343.10998535,331.23135376,21963400
2021-11-22,344.61999512,349.67001343,339.54998779,339.82998657,328.06484985,31031100
2021-11-23,337.04998779,339.45001221,333.55999756,337.67999268,325.98934937,30427600
2021-11-24,336.27999878,338.16000366,333.91000366,337.91000366,326.21139526,21661300
2021-11-26,334.35000610,337.92999268,328.11999512,329.67999268,318.26626587,24217200
2021-11-29,334.94000244,339.02999878,334.73999023,336.63000488,324.97576904,28563500
2021-11-30,335.32000732,337.77999878,328.98999023,330.58999634,319.14477539,42885600
2021-12-01,335.13000488,339.27999878,329.39001465,330.07998657,318.65246582,33337600
2021-12-02,330.29998779,333.48999023,327.79998779,329.48999023,318.08285522,30766000
2021-12-03,331.98999023,332.70001221,318.02999878,323.01000977,311.82723999,41779300
2021-12-06,323.95001221,327.45001221,319.23001099,326.19000244,314.89715576,30032600
2021-12-07,331.64001465,335.79998779,330.10000610,334.92001343,323.32485962,31021900
2021-12-08,335.30999756,335.50000000,330.79998779,334.97000122,323.37319946,24761000
2021-12-09,334.41000366,336.48999023,332.11999512,333.10000610,321.56790161,22214200
2021-12-10,334.98001099,343.00000000,334.79000854,342.54000854,330.68109131,38095700
2021-12-13,340.67999268,343.79000854,339.07998657,339.39999390,327.64974976,28899400
2021-12-14,333.22000122,334.64001465,324.10998535,328.33999634,316.97262573,44438700
2021-12-15,328.60998535,335.19000244,324.50000000,334.64999390,323.06423950,35381100
2021-12-16,335.70999146,336.76000977,323.01998901,324.89999390,313.65179443,35034800
2021-12-17,320.88000488,324.92001343,317.25000000,323.79998779,312.58981323,47750300
2021-12-20,320.04998779,322.79998779,317.57000732,319.91000366,308.83456421,28326500
2021-12-21,323.29000854,327.73001099,319.79998779,327.29000854,315.95901489,24740600
2021-12-22,328.29998779,333.60998535,325.75000000,333.20001221,321.66452026,24831500
2021-12-23,332.75000000,336.39001465,332.73001099,334.69000244,323.10290527,19617800
2021-12-27,335.45999146,342.48001099,335.42999268,342.45001221,330.59414673,19947000
2021-12-28,343.14999390,343.80999756,340.32000732,341.25000000,329.43572998,15661500
2021-12-29,341.29998779,344.29998779,339.67999268,341.95001221,330.11148071,15042000
2021-12-30,341.91000366,343.13000488,338.82000732,339.32000732,327.57260132,15994500
2021-12-31,338.51000977,339.35998535,335.85000610,336.32000732,324.67645264,18000800
2022-01-03,335.35000610,338.00000000,329.77999878,334.75000000,323.16079712,28865100
2022-01-04,334.82998657,335.20001221,326.11999512,329.01000977,317.61950684,32674300
2022-01-05,325.85998535,326.07000732,315.98001099,316.38000488,305.42675781,40054300
2022-01-06,313.14999390,318.70001221,311.48999023,313.88000488,303.01327515,39646100
2022-01-07,314.14999390,316.50000000,310.08999634,314.04000854,303.16775513,32720000
2022-01-10,309.48999023,314.72000122,304.69000244,314.26998901,303.38983154,44289500
2022-01-11,313.38000488,316.60998535,309.89001465,314.98001099,304.07525635,29386800
2022-01-12,319.67001343,323.41000366,317.07998657,318.26998901,307.25134277,34372200
2022-01-13,320.47000122,320.88000488,304.00000000,304.79998779,294.24768066,45366000
2022-01-14,304.25000000,310.82000732,303.75000000,310.20001221,299.46081543,39846400
2022-01-18,304.07000732,309.79998779,301.73999023,302.64999390,292.17205811,42333200
2022-01-19,306.29000854,313.91000366,302.70001221,303.32998657,292.82852173,45933900
2022-01-20,309.07000732,311.64999390,301.14001465,301.60000610,291.15847778,35380700
2022-01-21,302.69000244,304.10998535,295.60998535,296.02999878,285.78128052,57984400
2022-01-24,292.20001221,297.10998535,276.04998779,296.36999512,286.10955811,85731500
2022-01-25,291.51998901,294.98999023,285.17001343,288.48999023,278.50228882,72848600
2022-01-26,307.98999023,308.50000000,293.02999878,296.70999146,286.43774414,90428900
2022-01-27,302.66000366,307.29998779,297.92999268,299.83999634,289.45938110,53481300
2022-01-28,300.23001099,308.48001099,294.45001221,308.26000977,297.58792114,49743700
2022-01-31,308.95001221,312.38000488,306.36999512,310.98001099,300.21371460,46444500
2022-02-01,310.41000366,310.63000488,305.13000488,308.76000977,298.07058716,40950400
2022-02-02,309.63000488,315.11999512,308.88000488,313.45999146,302.60784912,36636000
2022-02-03,309.48999023,311.23001099,299.95999146,301.25000000,290.82055664,43730000
2022-02-04,300.20999146,308.79998779,299.97000122,305.94000244,295.34814453,35096500
2022-02-07,306.17001343,307.83999634,299.89999390,300.95001221,290.53100586,28533300
2022-02-08,301.25000000,305.55999756,299.95001221,304.55999756,294.01589966,32421200
2022-02-09,309.86999512,311.92999268,307.39001465,311.20999146,300.43579102,31284700
2022-02-10,304.04000854,309.11999512,300.70001221,302.38000488,291.91149902,45386200
2022-02-11,303.19000244,304.29000854,294.22000122,295.04000854,284.82556152,39175600
2022-02-14,293.76998901,296.76000977,291.35000610,295.00000000,284.78695679,36359500
2022-02-15,300.01000977,300.79998779,297.01998901,300.47000122,290.06768799,27058300
2022-02-16,298.36999512,300.86999512,293.67999268,299.50000000,289.72900391,29982100
2022-02-17,296.35998535,296.79998779,290.00000000,290.73001099,281.24514771,32461600
2022-02-18,293.04998779,293.85998535,286.30999756,287.92999268,278.53643799,34264000
2022-02-22,285.00000000,291.54000854,284.50000000,287.72000122,278.33334351,41736100
2022-02-23,290.17999268,291.70001221,280.10000610,280.26998901,271.12637329,37811200
2022-02-24,272.51000977,295.16000366,271.51998901,294.58999634,284.97918701,56989700
2022-02-25,295.14001465,297.63000488,291.64999390,297.30999756,287.61041260,32546700
2022-02-28,294.30999756,299.14001465,293.00000000,298.79000854,289.04214478,34627500
2022-03-01,296.39999390,299.97000122,292.14999390,294.95001221,285.32736206,31217800
2022-03-02,295.35998535,301.47000122,293.70001221,300.19000244,290.39645386,31873000
2022-03-03,302.89001465,303.13000488,294.04998779,295.92001343,286.26571655,27314500
2022-03-04,294.29000854,295.66000366,287.17001343,289.85998535,280.40341187,32356500
2022-03-07,288.52999878,289.69000244,278.52999878,278.91000366,269.81082153,43157200
2022-03-08,277.79998779,283.95999146,270.00000000,275.85000610,266.85055542,48159500
2022-03-09,283.44000244,289.60000610,280.77999878,288.50000000,279.08782959,35204500
2022-03-10,283.01998901,286.60000610,280.57998657,285.58999634,276.27279663,30628000
2022-03-11,287.95999146,289.51000977,279.42999268,280.07000732,270.93292236,27209300
2022-03-14,280.33999634,285.39999390,275.82000732,276.44000244,267.42129517,30660700
2022-03-15,280.35000610,287.82000732,278.73001099,287.14999390,277.78189087,34245100
2022-03-16,289.10998535,294.57000732,283.20001221,294.39001465,284.78573608,37826300
2022-03-17,293.29000854,295.60998535,289.36999512,295.22000122,285.58859253,30816600
2022-03-18,295.36999512,301.00000000,292.73001099,300.42999268,290.62869263,43390600
2022-03-21,298.89001465,300.14001465,294.89999390,299.16000366,289.40002441,28351200
2022-03-22,299.79998779,305.00000000,298.76998901,304.05999756,294.14019775,27599700
2022-03-23,300.51000977,303.23001099,297.72000122,299.48999023,289.71932983,25715400
2022-03-24,299.14001465,304.20001221,298.32000732,304.10000610,294.17898560,24484500
2022-03-25,305.23001099,305.50000000,299.29000854,303.67999268,293.77258301,22566500
2022-03-28,304.32998657,310.79998779,304.32998657,310.70001221,300.56365967,29578200
2022-03-29,313.91000366,315.82000732,309.04998779,315.41000366,305.11999512,30393400
2022-03-30,313.76000977,315.95001221,311.57998657,313.85998535,303.62051392,28163600
2022-03-31,313.89999390,315.14001465,307.89001465,308.30999756,298.25155640,33422100
2022-04-01,309.36999512,310.13000488,305.54000854,309.42001343,299.32537842,27110500
2022-04-04,310.08999634,315.10998535,309.70999146,314.97000122,304.69433594,24289600
2022-04-05,313.26998901,314.86999512,309.86999512,310.88000488,300.73770142,23156700
2022-04-06,305.19000244,307.00000000,296.70999146,299.50000000,289.72900391,40110400
2022-04-07,296.66000366,303.64999390,296.35000610,301.36999512,291.53799438,31411200
2022-04-08,300.44000244,301.11999512,296.27999878,296.97000122,287.28155518,24361900
2022-04-11,291.79000854,292.60998535,285.00000000,285.26000977,275.95358276,34569300
2022-04-12,289.23999023,290.73999023,280.48999023,282.05999756,272.85797119,30966700
2022-04-13,282.73001099,288.57998657,281.29998779,287.61999512,278.23663330,21907200
2022-04-14,288.08999634,288.30999756,279.32000732,279.82998657,270.70074463,28221600
2022-04-18,278.91000366,282.45999146,278.33999634,280.51998901,271.36819458,20778000
2022-04-19,279.38000488,286.17001343,278.41000366,285.29998779,275.99221802,22297700
2022-04-20,289.39999390,289.70001221,285.36999512,286.35998535,277.01760864,22906700
2022-04-21,288.57998657,293.29998779,280.05999756,280.80999756,271.64877319,29454600
2022-04-22,281.67999268,283.20001221,273.38000488,274.02999878,265.08990479,29405800
2022-04-25,273.29000854,281.10998535,270.76998901,280.72000122,271.56164551,35678900
2022-04-26,277.50000000,278.35998535,270.00000000,270.22000122,261.40423584,46518400
2022-04-27,282.10000610,290.97000122,279.16000366,283.22000122,273.98013306,63477700
2022-04-28,285.19000244,290.98001099,281.45999146,289.63000488,280.18103027,33646600
2022-04-29,288.60998535,289.88000488,276.50000000,277.51998901,268.46606445,37073900
2022-05-02,277.70999146,284.94000244,276.22000122,284.47000122,275.18933105,35151100
2022-05-03,283.95999146,284.13000488,280.14999390,281.77999878,272.58712769,25978600
2022-05-04,282.58999634,290.88000488,276.73001099,289.98001099,280.51959229,33599300
2022-05-05,285.54000854,286.35000610,274.33999634,277.35000610,268.30166626,43260400
2022-05-06,274.80999756,279.25000000,271.26998901,274.73001099,265.76712036,37780300
2022-05-09,270.05999756,272.35998535,263.32000732,264.57998657,255.94818115,47726000
2022-05-10,271.69000244,273.75000000,265.07000732,269.50000000,260.70776367,39336400
2022-05-11,265.67999268,271.35998535,259.29998779,260.54998779,252.04974365,48975900
2022-05-12,257.69000244,259.88000488,250.02000427,255.35000610,247.01933289,51033800
2022-05-13,257.35000610,263.04000854,255.35000610,261.11999512,252.60108948,34925100
2022-05-16,259.95999146,265.82000732,255.77999878,261.50000000,252.96868896,32550900
2022-05-17,266.10998535,268.32998657,262.45999146,266.82000732,258.11517334,28828800
2022-05-18,263.00000000,263.60000610,252.77000427,254.08000183,246.36322021,31356000
2022-05-19,253.89999390,257.67001343,251.88000488,253.13999939,245.45182800,32692300
2022-05-20,257.23999023,258.54000854,246.44000244,252.55999756,244.88940430,39199300
2022-05-23,255.49000549,261.50000000,253.42999268,260.64999390,252.73374939,33175400
2022-05-24,257.89001465,261.32998657,253.50000000,259.61999512,251.73506165,29043900
2022-05-25,258.14001465,264.57998657,257.13000488,262.51998901,254.54693604,28547900
2022-05-26,262.26998901,267.10998535,261.42999268,265.89999390,257.82424927,25002100
2022-05-27,268.48001099,273.33999634,267.55999756,273.23999023,264.94137573,26910800
2022-05-31,272.52999878,274.76998901,268.92999268,271.86999512,263.61303711,37827700
2022-06-01,275.20001221,277.69000244,270.04000854,272.42001343,264.14627075,25292200
2022-06-02,264.45001221,274.64999390,261.60000610,274.57998657,266.24066162,44008200
2022-06-03,270.30999756,273.45001221,268.41000366,270.01998901,261.81921387,28059000
2022-06-06,272.05999756,274.17999268,267.22000122,268.75000000,260.58773804,22400300
2022-06-07,266.64001465,273.13000488,265.94000244,272.50000000,264.22375488,22860700
2022-06-08,271.70999146,273.00000000,269.60998535,270.41000366,262.19729614,17372300
2022-06-09,267.77999878,272.70999146,264.63000488,264.79000854,256.74798584,26439700
2022-06-10,260.57998657,260.57998657,252.52999878,252.99000549,245.30638123,31422800
2022-06-13,245.11000061,249.02000427,241.52999878,242.25999451,234.90226746,46135800
2022-06-14,243.86000061,245.74000549,241.50999451,244.49000549,237.06457520,28651500
2022-06-15,248.30999756,255.30000305,246.41999817,251.75999451,244.11372375,33111700
2022-06-16,245.97999573,247.41999817,243.02000427,244.97000122,237.52995300,33169200
2022-06-17,244.69999695,250.50000000,244.02999878,247.64999390,240.12854004,43084800
2022-06-21,250.25999451,254.75000000,249.50999451,253.74000549,246.03359985,29928300
2022-06-22,251.88999939,257.17001343,250.36999512,253.13000488,245.44212341,25939900
2022-06-23,255.57000732,259.36999512,253.63000488,258.85998535,250.99806213,25861400
2022-06-24,261.80999756,267.98001099,261.72000122,267.70001221,259.56967163,33923200
2022-06-27,268.20999146,268.29998779,263.27999878,264.89001465,256.84497070,24615100
2022-06-28,263.98001099,266.91000366,256.32000732,256.48001099,248.69039917,27295500
2022-06-29,257.58999634,261.97000122,255.75999451,260.26000977,252.35559082,20069800
2022-06-30,257.04998779,259.52999878,252.89999390,256.82998657,249.02973938,31730900
2022-07-01,256.39001465,259.76998901,254.61000061,259.57998657,251.69622803,22837700
2022-07-05,256.16000366,262.98001099,254.74000549,262.85000610,254.86691284,22941000
2022-07-06,263.75000000,267.98999023,262.39999390,266.20999146,258.12481689,23824400
2022-07-07,265.11999512,269.05999756,265.01998901,268.39999390,260.24841309,20859900
2022-07-08,264.79000854,268.10000610,263.29000854,267.66000366,259.53082275,19658800
2022-07-11,265.64999390,266.52999878,262.17999268,264.51000977,256.47653198,19455200
2022-07-12,265.88000488,265.94000244,252.03999329,253.66999817,245.96571350,35868500
2022-07-13,250.19000244,253.55000305,248.11000061,252.72000122,245.04458618,29497400
2022-07-14,250.57000732,255.13999939,245.94000244,254.08000183,246.36322021,25102800
2022-07-15,255.72000122,260.36999512,254.77000427,256.72000122,248.92311096,29774100
2022-07-18,259.75000000,260.83999634,253.30000305,254.25000000,246.52810669,20975000
2022-07-19,257.57998657,259.72000122,253.67999268,259.52999878,251.64773560,25012600
2022-07-20,259.89999390,264.86999512,258.91000366,262.26998901,254.30451965,22788300
2022-07-21,259.79000854,264.89001465,257.02999878,264.83999634,256.79647827,22404700
2022-07-22,265.23999023,265.32998657,259.07000732,260.35998535,252.45246887,21881300
2022-07-25,261.00000000,261.50000000,256.80999756,258.82998657,250.96897888,21056000
2022-07-26,259.85998535,259.88000488,249.57000732,251.89999390,244.24948120,39348000
2022-07-27,261.16000366,270.04998779,258.85000610,268.73999023,260.57803345,45994000
2022-07-28,269.75000000,277.83999634,267.86999512,276.41000366,268.01504517,33459300
2022-07-29,277.70001221,282.00000000,276.63000488,280.73999023,272.21359253,32152800
2022-08-01,277.82000732,281.27999878,275.83999634,278.01000977,269.56655884,21539600
2022-08-02,276.00000000,277.89001465,272.38000488,274.82000732,266.47338867,22754200
2022-08-03,276.76000977,283.50000000,276.60998535,282.47000122,273.89105225,23518900
2022-08-04,281.79998779,283.79998779,280.17001343,283.64999390,275.03521729,18098700
2022-08-05,279.14999390,283.64999390,278.67999268,282.91000366,274.31759644,16774600
2022-08-08,284.04998779,285.92001343,279.32000732,280.32000732,271.80639648,18739200
2022-08-09,279.64001465,283.07998657,277.60998535,282.29998779,273.72622681,23405200
2022-08-10,288.17001343,289.80999756,286.94000244,289.16000366,280.37789917,24687800
2022-08-11,290.85000610,291.20999146,286.51000977,287.01998901,278.30288696,20065900
2022-08-12,288.48001099,291.91000366,286.94000244,291.91000366,283.04434204,22619700
2022-08-15,291.00000000,294.17999268,290.10998535,293.47000122,284.55691528,18085700
2022-08-16,291.98999023,294.04000854,290.42001343,292.70999146,283.82006836,18102900
2022-08-17,289.73999023,293.35000610,289.47000122,291.32000732,283.07180786,18253400
2022-08-18,290.19000244,291.91000366,289.07998657,290.17001343,281.95440674,17186200
2022-08-19,288.89999390,289.25000000,285.55999756,286.14999390,278.04818726,20570000
2022-08-22,282.07998657,282.45999146,277.22000122,277.75000000,269.88604736,25061100
2022-08-23,276.44000244,278.85998535,275.39999390,276.44000244,268.61309814,17527400
2022-08-24,275.41000366,277.23001099,275.10998535,275.79000854,267.98150635,18137000
2022-08-25,277.32998657,279.01998901,274.51998901,278.85000610,270.95489502,16583400
2022-08-26,279.07998657,280.33999634,267.98001099,268.08999634,260.49954224,27549300
2022-08-29,265.85000610,267.39999390,263.85000610,265.23001099,257.72045898,20338500
2022-08-30,266.67001343,267.04998779,260.66000366,262.97000122,255.52455139,22767100
2022-08-31,265.39001465,267.10998535,261.32998657,261.47000122,254.06700134,24791800
2022-09-01,258.86999512,260.89001465,255.41000366,260.39999390,253.02723694,23263400
2022-09-02,261.70001221,264.73999023,254.47000122,256.05999756,248.81015015,22855400
2022-09-06,256.20001221,257.82998657,251.94000244,253.25000000,246.07971191,21328200
2022-09-07,254.69999695,258.82998657,253.22000122,258.08999634,250.78269958,24126700
2022-09-08,257.51000977,260.42999268,254.78999329,258.51998901,251.20050049,20319900
2022-09-09,260.50000000,265.23001099,260.29000854,264.45999146,256.97232056,22084700
2022-09-12,265.77999878,267.45001221,265.16000366,266.64999390,259.10028076,18747700
2022-09-13,258.83999634,260.39999390,251.58999634,251.99000549,244.85537720,33353300
2022-09-14,253.52999878,254.22999573,249.86000061,252.22000122,245.07887268,23913000
2022-09-15,249.77000427,251.39999390,244.02000427,245.38000488,238.43254089,31530900
2022-09-16,244.25999451,245.30000305,242.05999756,244.74000549,237.81065369,39791800
2022-09-19,242.47000122,245.13999939,240.85000610,244.52000427,237.59686279,26826900
2022-09-20,242.07000732,243.50999451,239.63999939,242.44999695,235.58546448,26660300
2022-09-21,244.27000427,247.66000366,238.89999390,238.94999695,232.18458557,28625600
2022-09-22,237.86999512,243.86000061,237.57000732,240.97999573,234.15711975,31061200
2022-09-23,239.53999329,241.13000488,235.19999695,237.91999817,231.18371582,34176000
2022-09-26,237.05000305,241.44999695,236.89999390,237.44999695,230.72705078,27694200
2022-09-27,239.97999573,241.80000305,234.50000000,236.41000366,229.71652222,27018700
2022-09-28,236.80999756,242.33000183,234.72999573,241.07000732,234.24455261,29029700
2022-09-29,238.88999939,239.94999695,234.41000366,237.50000000,230.77563477,27484200
2022-09-30,238.28999329,240.53999329,232.72999573,232.89999390,226.30584717,35694800
2022-10-03,235.41000366,241.61000061,234.66000366,240.74000549,233.92388916,28880400
2022-10-04,245.08999634,250.36000061,244.97999573,248.88000488,241.83345032,34888400
2022-10-05,245.99000549,250.58000183,244.10000610,249.19999695,242.14434814,20347100
2022-10-06,247.92999268,250.33999634,246.08000183,246.78999329,239.80259705,20239900
2022-10-07,240.89999390,241.32000732,233.16999817,234.24000549,227.60795593,37769600
2022-10-10,233.05000305,234.55999756,226.72999573,229.25000000,222.75921631,29743600
2022-10-11,227.61999512,229.05999756,224.11000061,225.41000366,219.02796936,30474000
2022-10-12,225.39999390,227.86000061,223.96000671,225.75000000,219.35832214,21903900
2022-10-13,219.85000610,236.10000610,219.13000488,234.24000549,227.60795593,42551800
2022-10-14,235.53999329,237.24000549,228.33999634,228.55999756,222.08874512,30198600
2022-10-17,235.82000732,238.96000671,235.13999939,237.52999878,230.80477905,28142300
2022-10-18,243.24000549,243.92999268,235.36999512,238.50000000,231.74731445,26329600
2022-10-19,237.03999329,239.61000061,234.28999329,236.47999573,229.78450012,19985700
2022-10-20,235.77000427,241.30999756,234.86999512,236.14999390,229.46385193,21811000
2022-10-21,234.74000549,243.00000000,234.50000000,242.11999512,235.26483154,26299700
2022-10-24,243.75999451,247.83999634,241.30000305,247.25000000,240.24955750,24911200
2022-10-25,247.25999451,251.03999329,245.83000183,250.66000366,243.56301880,34775500
2022-10-26,231.16999817,238.30000305,230.05999756,231.32000732,224.77062988,82543200
2022-10-27,231.03999329,233.69000244,225.77999878,226.75000000,220.32998657,40424600
2022-10-28,226.24000549,236.60000610,226.05000305,235.86999512,229.19180298,40647700
2022-10-31,233.75999451,234.91999817,231.14999390,232.13000488,225.55769348,28357300
2022-11-01,234.60000610,235.74000549,227.33000183,228.16999817,221.70977783,30592300
2022-11-02,229.46000671,231.30000305,220.03999329,220.10000610,213.86828613,38407000
2022-11-03,220.08999634,220.41000366,213.97999573,214.25000000,208.18391418,36633900
2022-11-04,217.55000305,221.58999634,213.42999268,221.38999939,215.12173462,36789100
2022-11-07,221.99000549,228.41000366,221.27999878,227.86999512,221.41831970,33498000
2022-11-08,228.69999695,231.64999390,225.83999634,228.86999512,222.38996887,28192500
2022-11-09,227.36999512,228.63000488,224.33000183,224.50999451,218.15342712,27852900
2022-11-10,235.42999268,243.33000183,235.00000000,242.97999573,236.10049438,46268000
2022-11-11,242.99000549,247.99000549,241.92999268,247.11000061,240.11354065,34620200
2022-11-14,241.99000549,243.91000366,239.21000671,241.55000305,234.71093750,31123300
2022-11-15,245.66000366,247.00000000,240.02999878,241.97000122,235.11907959,31390100
2022-11-16,242.78999329,243.80000305,240.41999817,241.72999573,235.54780579,24093300
2022-11-17,237.77999878,243.25000000,237.63000488,241.67999268,235.49911499,23123500
2022-11-18,243.50999451,243.74000549,239.02999878,241.22000122,235.05085754,27613500
2022-11-21,241.42999268,244.66999817,241.19000244,242.05000305,235.85964966,26394700
2022-11-22,243.58999634,245.30999756,240.71000671,245.02999878,238.76341248,19665700
2022-11-23,245.11000061,248.27999878,244.27000427,247.58000183,241.24819946,19508500
2022-11-25,247.30999756,248.69999695,246.72999573,247.49000549,241.16053772,9200800
2022-11-28,246.08000183,246.64999390,240.80000305,241.75999451,235.57702637,24778200
2022-11-29,241.39999390,242.78999329,238.21000671,240.33000183,234.18360901,17956300
2022-11-30,240.57000732,255.33000183,239.86000061,255.13999939,248.61488342,47594200
2022-12-01,253.86999512,256.11999512,250.91999817,254.69000244,248.17637634,26041500
2022-12-02,249.82000732,256.05999756,249.69000244,255.02000427,248.49794006,21528500
2022-12-05,252.00999451,253.82000732,248.05999756,250.19999695,243.80119324,23435300
2022-12-06,250.82000732,251.86000061,243.77999878,245.11999512,238.85110474,22463700
2022-12-07,244.83000183,246.16000366,242.21000671,244.36999512,238.12031555,20481500
2022-12-08,244.83999634,248.74000549,243.05999756,247.39999390,241.07278442,22611800
2022-12-09,244.69999695,248.30999756,244.16000366,245.41999817,239.14344788,20609700
2022-12-12,247.44999695,252.53999329,247.16999817,252.50999451,246.05212402,30665100
2022-12-13,261.69000244,263.92001343,253.07000732,256.92001343,250.34934998,42196900
2022-12-14,257.13000488,262.58999634,254.30999756,257.22000122,250.64169312,35410900
2022-12-15,253.72000122,254.19999695,247.33999634,249.00999451,242.64163208,35560400
2022-12-16,248.55000305,249.83999634,243.50999451,244.69000244,238.43211365,86102000
2022-12-19,244.86000061,245.21000671,238.71000671,240.44999695,234.30058289,29696400
2022-12-20,239.39999390,242.91000366,238.41999817,241.80000305,235.61601257,25150800
2022-12-21,241.69000244,245.61999512,240.11000061,244.42999268,238.17875671,23690600
2022-12-22,241.25999451,241.99000549,233.86999512,238.19000244,232.09838867,28651700
2022-12-23,236.11000061,238.86999512,233.94000244,238.72999573,232.62452698,21207000
2022-12-27,238.69999695,238.92999268,235.83000183,236.96000671,230.89979553,16688600
2022-12-28,236.88999939,239.72000122,234.16999817,234.52999878,228.53196716,17457100
2022-12-29,235.64999390,241.91999817,235.64999390,241.00999451,234.84622192,19770700
2022-12-30,238.21000671,239.96000671,236.66000366,239.82000732,233.68666077,21938500
2023-01-03,243.08000183,245.75000000,237.39999390,239.58000183,233.45278931,25740000
2023-01-04,232.27999878,232.86999512,225.96000671,229.10000610,223.24082947,50623400
2023-01-05,227.19999695,227.55000305,221.75999451,222.30999756,216.62448120,39585600
2023-01-06,223.00000000,225.75999451,219.35000610,224.92999268,219.17747498,43613600
2023-01-09,226.44999695,231.24000549,226.41000366,227.11999512,221.31147766,27369800
2023-01-10,227.75999451,231.30999756,227.33000183,228.85000610,222.99723816,27033900
2023-01-11,231.28999329,235.94999695,231.11000061,235.77000427,229.74023438,28669300
2023-01-12,235.25999451,239.89999390,233.55999756,238.50999451,232.41017151,27269500
2023-01-13,237.00000000,239.36999512,234.91999817,239.22999573,233.11174011,21333300
2023-01-17,237.97000122,240.91000366,237.08999634,240.35000610,234.20310974,29831300
2023-01-18,241.57000732,242.38000488,235.52000427,235.80999756,229.77920532,30028700
2023-01-19,233.77999878,235.52000427,230.67999268,231.92999268,225.99844360,28623000
2023-01-20,234.86000061,240.74000549,234.50999451,240.22000122,234.07646179,35389800
2023-01-23,241.10000610,245.16999817,239.64999390,242.58000183,236.37606812,31934000
2023-01-24,242.50000000,243.94999695,240.44000244,242.03999329,235.84989929,40234400
2023-01-25,234.47999573,243.30000305,230.89999390,240.61000061,234.45646667,66526600
2023-01-26,243.64999390,248.30999756,242.00000000,248.00000000,241.65742493,33454500
2023-01-27,248.99000549,249.83000183,246.83000183,248.16000366,241.81336975,26498900
2023-01-30,244.50999451,245.60000610,242.19999695,242.71000671,236.50276184,25867400
2023-01-31,243.44999695,247.94999695,242.94999695,247.80999756,241.47233582,26541100
2023-02-01,248.00000000,255.17999268,245.47000122,252.75000000,246.28596497,31259900
2023-02-02,258.82000732,264.69000244,257.25000000,264.60000610,257.83294678,39940400
2023-02-03,259.54000854,264.20001221,257.10000610,258.35000610,251.74273682,29077300
2023-02-06,257.44000244,258.29998779,254.77999878,256.76998901,250.20315552,22518000
2023-02-07,260.52999878,268.76998901,260.07998657,267.55999756,260.71719360,50841400
2023-02-08,273.20001221,276.76000977,266.20999146,266.73001099,259.90844727,54686000
2023-02-09,273.79998779,273.98001099,262.79998779,263.61999512,256.87802124,42375100
2023-02-10,261.52999878,264.08999634,260.66000366,263.10000610,256.37130737,25818500
2023-02-13,267.64001465,274.60000610,267.14999390,271.32000732,264.38110352,44630900
2023-02-14,272.67001343,274.97000122,269.27999878,272.17001343,265.20932007,37047900
2023-02-15,268.32000732,270.73001099,266.17999268,269.32000732,263.08953857,28922400
2023-02-16,264.01998901,266.73999023,261.89999390,262.14999390,256.08538818,29603600
2023-02-17,259.39001465,260.08999634,256.00000000,258.05999756,252.08998108,30000100
2023-02-21,254.47999573,255.49000549,251.58999634,252.66999817,246.82467651,28397400
2023-02-22,254.08999634,254.33999634,250.33999634,251.50999451,245.69155884,22491100
2023-02-23,255.55999756,256.83999634,250.47999573,254.77000427,248.87612915,29219100
2023-02-24,249.96000671,251.00000000,248.10000610,249.22000122,243.45452881,24990900
2023-02-27,252.46000671,252.82000732,249.38999939,250.16000366,244.37278748,21190000
2023-02-28,249.07000732,251.49000549,248.72999573,249.41999817,243.64985657,22491000
2023-03-01,250.75999451,250.92999268,245.78999329,246.27000427,240.57276917,27565300
2023-03-02,246.55000305,251.39999390,245.61000061,251.11000061,245.30079651,24808200
2023-03-03,252.19000244,255.61999512,251.38999939,255.28999329,249.38409424,30760100
2023-03-06,256.42999268,260.11999512,255.97999573,256.86999512,250.92758179,24109800
2023-03-07,256.29998779,257.69000244,253.38999939,254.14999390,248.27046204,21473200
2023-03-08,254.03999329,254.53999329,250.80999756,253.69999695,247.83087158,17340200
2023-03-09,255.82000732,259.55999756,251.58000183,252.32000732,246.48281860,26653400
2023-03-10,251.08000183,252.78999329,247.60000610,248.58999634,242.83909607,28333900
2023-03-13,247.39999390,257.91000366,245.72999573,253.91999817,248.04576111,33339700
2023-03-14,256.75000000,261.07000732,255.86000061,260.79000854,254.75686646,33620300
2023-03-15,259.98001099,266.48001099,259.20999146,265.44000244,259.29925537,46028000
2023-03-16,265.20999146,276.55999756,263.27999878,276.20001221,269.81036377,54768800
2023-03-17,278.26000977,283.32998657,276.32000732,279.42999268,272.96560669,69527400
2023-03-20,276.98001099,277.48001099,269.85000610,272.23001099,265.93222046,43466600
2023-03-21,274.88000488,275.00000000,269.51998901,273.77999878,267.44635010,34558700
2023-03-22,273.39999390,281.04000854,272.17999268,272.29000854,265.99084473,34873300
2023-03-23,277.94000244,281.05999756,275.20001221,277.66000366,271.23657227,36610900
2023-03-24,277.23999023,280.63000488,275.27999878,280.57000732,274.07925415,28172000
2023-03-27,280.50000000,281.45999146,275.51998901,276.38000488,269.98620605,26840200
2023-03-28,275.79000854,276.14001465,272.04998779,275.23001099,268.86279297,21878600
2023-03-29,278.95999146,281.14001465,278.41000366,280.51000977,274.02069092,25087000
2023-03-30,284.23001099,284.45999146,281.48001099,284.04998779,277.47879028,25053400
2023-03-31,283.73001099,289.26998901,283.00000000,288.29998779,281.63043213,32766000
2023-04-03,286.51998901,288.26998901,283.95001221,287.23001099,280.58520508,24883300
2023-04-04,287.23001099,290.45001221,285.67001343,287.17999268,280.53628540,25824300
2023-04-05,285.85000610,287.14999390,282.92001343,284.33999634,277.76199341,22064800
2023-04-06,283.20999146,292.07998657,282.02999878,291.60000610,284.85406494,29770300
2023-04-10,289.20999146,289.60000610,284.70999146,289.39001465,282.69525146,23103000
2023-04-11,285.75000000,285.98001099,281.64001465,282.82998657,276.28695679,27276600
2023-04-12,284.79000854,287.01000977,281.95999146,283.48999023,276.93170166,27403400
2023-04-13,283.58999634,289.89999390,283.17001343,289.83999634,283.13479614,24222700
2023-04-14,287.00000000,288.48001099,283.69000244,286.14001465,279.52041626,20987900
2023-04-17,289.92999268,291.60000610,286.16000366,288.79998779,282.11883545,23836200
2023-04-18,291.57000732,291.76000977,287.01000977,288.36999512,281.69882202,20161800
2023-04-19,285.98999023,289.04998779,284.54000854,288.45001221,281.77697754,17150300
2023-04-20,285.25000000,289.02999878,285.07998657,286.10998535,279.49111938,23244400
2023-04-21,285.01000977,286.26998901,283.05999756,285.76000977,279.14916992,21676400
2023-04-24,282.08999634,284.95001221,278.72000122,281.76998901,275.25146484,26611000
2023-04-25,279.51000977,281.60000610,275.36999512,275.42001343,269.04840088,45772200
2023-04-26,296.70001221,299.57000732,292.73001099,295.36999512,288.53689575,64599200
2023-04-27,295.97000122,305.20001221,295.25000000,304.82998657,297.77807617,46462600
2023-04-28,304.01000977,308.92999268,303.30999756,307.26000977,300.15179443,36469600
2023-05-01,306.97000122,308.60000610,305.14999390,305.55999756,298.49114990,21294100
2023-05-02,307.76000977,309.17999268,303.91000366,305.41000366,298.34460449,26404400
2023-05-03,306.61999512,308.60998535,304.08999634,304.39999390,297.35800171,22360800
2023-05-04,306.23999023,307.76000977,303.39999390,305.41000366,298.34460449,22519900
2023-05-05,305.72000122,311.97000122,304.26998901,310.64999390,303.46334839,28197100
2023-05-08,310.13000488,310.20001221,306.08999634,308.64999390,301.50964355,21318600
2023-05-09,308.00000000,310.04000854,306.30999756,307.00000000,299.89782715,21340800
2023-05-10,308.61999512,313.00000000,307.67001343,312.30999756,305.08502197,30078000
2023-05-11,310.10000610,311.11999512,306.26000977,310.10998535,302.93591309,31680200
2023-05-12,310.54998779,310.64999390,306.60000610,308.97000122,301.82223511,19774700
2023-05-15,309.10000610,309.89999390,307.58999634,309.45999146,302.30096436,16336500
2023-05-16,309.82998657,313.70999146,309.82998657,311.73999023,304.52810669,26730300
2023-05-17,312.29000854,314.42999268,310.73999023,314.00000000,307.40643311,24315000
2023-05-18,314.52999878,319.04000854,313.72000122,318.51998901,311.83151245,27276000
2023-05-19,316.73999023,318.75000000,316.36999512,318.33999634,311.65533447,27546700
2023-05-22,318.60000610,322.58999634,318.01000977,321.17999268,314.43566895,24115700
2023-05-23,320.02999878,322.72000122,315.25000000,315.26000977,308.63998413,30797200
2023-05-24,314.73001099,316.50000000,312.60998535,313.85000610,307.25961304,23384900
2023-05-25,323.23999023,326.89999390,320.00000000,325.92001343,319.07620239,43301700
2023-05-26,324.01998901,333.39999390,323.88000488,332.89001465,325.89974976,36630600
2023-05-30,335.23001099,335.73999023,330.51998901,331.20999146,324.25500488,29503100
2023-05-31,332.29000854,335.94000244,327.32998657,328.39001465,321.49429321,45950600
2023-06-01,325.92999268,333.52999878,324.72000122,332.57998657,325.59631348,26773900
2023-06-02,334.25000000,337.50000000,332.54998779,335.39999390,328.35705566,25873800
2023-06-05,335.22000122,338.55999756,334.66000366,335.94000244,328.88577271,21307100
2023-06-06,335.32998657,335.36999512,332.17001343,333.67999268,326.67318726,20396200
2023-06-07,331.64999390,334.48999023,322.50000000,323.38000488,316.58947754,40717100
2023-06-08,323.94000244,326.64001465,323.35000610,325.26000977,318.42999268,23277700
2023-06-09,324.98999023,329.98999023,324.41000366,326.79000854,319.92788696,22529000
2023-06-12,328.57998657,332.10000610,325.16000366,331.85000610,324.88165283,24260300
2023-06-13,334.47000122,336.98001099,330.39001465,334.29000854,327.27038574,22951300
2023-06-14,334.33999634,339.04000854,332.80999756,337.33999634,330.25634766,26003800
2023-06-15,337.48001099,349.83999634,337.20001221,348.10000610,340.79037476,38899100
2023-06-16,351.32000732,351.47000122,341.95001221,342.32998657,335.14154053,46552000
2023-06-20,339.30999756,342.07998657,335.85998535,338.04998779,330.95141602,26375400
2023-06-21,336.36999512,337.73001099,332.07000732,333.55999756,326.55566406,25117800
2023-06-22,334.11999512,340.11999512,333.33999634,339.70999146,332.57653809,23556800
2023-06-23,334.35998535,337.95999146,333.45001221,335.01998901,327.98501587,23146900
2023-06-26,333.72000122,336.10998535,328.48999023,328.60000610,321.69982910,21520600
2023-06-27,331.85998535,336.14999390,329.29998779,334.57000732,327.54446411,24354100
2023-06-28,334.66000366,337.98001099,333.80999756,335.85000610,328.79763794,20259500
2023-06-29,334.70999146,336.10998535,332.61999512,335.04998779,328.01434326,16997000
2023-06-30,337.75000000,342.73001099,337.20001221,340.54000854,333.38916016,26832800
2023-07-03,339.19000244,340.89999390,336.57000732,337.98999023,330.89270020,12508700
2023-07-05,335.08999634,341.64999390,334.73001099,338.14999390,331.04934692,18172400
2023-07-06,337.29998779,342.98999023,335.50000000,341.26998901,334.10382080,28161200
2023-07-07,339.32000732,341.79000854,337.00000000,337.22000122,330.13885498,21214800
2023-07-10,334.60000610,335.23001099,327.58999634,331.82998657,324.86203003,32791400
2023-07-11,331.05999756,332.85998535,327.00000000,332.47000122,325.48861694,26698200
2023-07-12,336.60000610,341.64999390,335.67001343,337.20001221,330.11926270,29995300
2023-07-13,339.55999756,343.73999023,339.01998901,342.66000366,335.46459961,20567200
2023-07-14,347.58999634,351.42999268,344.30999756,345.23999023,337.99044800,28352700
2023-07-17,345.67999268,346.98999023,342.20001221,345.73001099,338.47012329,20363900
2023-07-18,345.82998657,366.77999878,342.17001343,359.48999023,351.94113159,64738600
2023-07-19,361.75000000,362.45999146,352.44000244,355.07998657,347.62380981,39732900
2023-07-20,353.57000732,357.97000122,345.36999512,346.86999512,339.58621216,33778400
2023-07-21,349.14999390,350.29998779,339.82998657,343.76998901,336.55130005,69405400
2023-07-24,345.85000610,346.92001343,342.30999756,345.10998535,337.86315918,26678100
2023-07-25,347.10998535,351.89001465,345.07000732,350.98001099,343.60989380,41637700
2023-07-26,341.44000244,344.67001343,333.10998535,337.76998901,330.67730713,58383700
2023-07-27,340.48001099,341.32998657,329.04998779,330.72000122,323.77526855,39635300
2023-07-28,333.67001343,340.01000977,333.17001343,338.36999512,331.26470947,28484900
2023-07-31,336.92001343,337.70001221,333.35998535,335.92001343,328.86611938,25446000
2023-08-01,335.19000244,338.54000854,333.70001221,336.33999634,329.27731323,18311900
2023-08-02,333.63000488,333.63000488,326.35998535,327.50000000,320.62295532,27761300
2023-08-03,326.00000000,329.88000488,325.95001221,326.66000366,319.80059814,18253700
2023-08-04,331.88000488,335.14001465,327.23999023,327.77999878,320.89709473,23741500
2023-08-07,328.36999512,331.10998535,327.51998901,330.10998535,323.17810059,17741500
2023-08-08,326.95999146,328.75000000,323.00000000,326.04998779,319.20336914,22327600
2023-08-09,326.47000122,327.10998535,321.04998779,322.23001099,315.46359253,22373300
2023-08-10,326.01998901,328.26000977,321.17999268,322.92999268,316.14889526,20113700
2023-08-11,320.26000977,322.41000366,319.20999146,321.01000977,314.26922607,24355500
2023-08-14,321.39001465,324.05999756,320.07998657,324.04000854,317.23559570,18836100
2023-08-15,323.00000000,325.08999634,320.89999390,321.85998535,315.10131836,16966300
2023-08-16,320.79998779,324.42001343,319.79998779,320.39999390,314.33615112,20698900
2023-08-17,320.54000854,321.86999512,316.20999146,316.88000488,310.88275146,21257200
2023-08-18,314.48999023,318.38000488,311.54998779,316.48001099,310.49035645,24755000
2023-08-21,317.92999268,322.76998901,317.04000854,321.88000488,315.78814697,24040000
2023-08-22,325.50000000,326.07998657,321.45999146,322.45999146,316.35717773,16084600
2023-08-23,323.82000732,329.20001221,323.45999146,327.00000000,320.81124878,21166400
2023-08-24,332.85000610,332.98001099,319.95999146,319.97000122,313.91430664,23281400
2023-08-25,321.47000122,325.35998535,318.79998779,322.98001099,316.86734009,21684100
2023-08-28,325.66000366,326.14999390,321.72000122,323.70001221,317.57369995,14808500
2023-08-29,321.88000488,328.98001099,321.88000488,328.41000366,322.19454956,19284600
2023-08-30,328.67001343,329.80999756,326.45001221,328.79000854,322.56738281,15222100
2023-08-31,329.20001221,330.91000366,326.77999878,327.76000977,321.55682373,26411000
2023-09-01,331.30999756,331.98999023,326.77999878,328.66000366,322.43978882,14942000
2023-09-05,329.00000000,334.85000610,328.66000366,333.54998779,327.23727417,18553900
2023-09-06,333.38000488,334.45999146,330.17999268,332.88000488,326.57998657,17535800
2023-09-07,331.29000854,333.07998657,329.02999878,329.91000366,323.66619873,18381000
2023-09-08,330.08999634,336.16000366,329.45999146,334.26998901,327.94360352,19530100
2023-09-11,337.23999023,338.42001343,335.42999268,337.94000244,331.54421997,16583300
2023-09-12,335.82000732,336.79000854,331.48001099,331.76998901,325.49093628,17565500
2023-09-13,331.30999756,336.85000610,331.17001343,336.05999756,329.69976807,16544400
2023-09-14,339.14999390,340.85998535,336.57000732,338.70001221,332.28985596,20267000
2023-09-15,336.92001343,337.39999390,329.64999390,330.22000122,323.97030640,37679800
2023-09-18,327.79998779,330.39999390,326.35998535,329.05999756,322.83224487,16834200
2023-09-19,326.17001343,329.39001465,324.51000977,328.64999390,322.43005371,16505900
2023-09-20,329.51000977,329.58999634,320.51000977,320.76998901,314.69915771,21436500
2023-09-21,319.26000977,325.35000610,315.00000000,319.52999878,313.48263550,35560400
2023-09-22,321.32000732,321.45001221,316.14999390,317.01000977,311.01031494,21447900
2023-09-25,316.58999634,317.67001343,315.00000000,317.54000854,311.53027344,17836000
2023-09-26,315.13000488,315.88000488,310.01998901,312.14001465,306.23251343,26297600
2023-09-27,312.29998779,314.29998779,309.69000244,312.79000854,306.87020874,19410100
2023-09-28,310.98999023,315.48001099,309.45001221,313.64001465,307.70410156,19683600
2023-09-29,317.75000000,319.47000122,314.98001099,315.75000000,309.77416992,24147300
2023-10-02,316.27999878,321.89001465,315.17999268,321.79998779,315.70959473,20570000
2023-10-03,320.82998657,321.39001465,311.20999146,313.39001465,307.45883179,21033500
2023-10-04,314.02999878,320.04000854,314.00000000,318.95999146,312.92340088,20720100
2023-10-05,319.08999634,319.98001099,314.89999390,319.35998535,313.31579590,16965600
2023-10-06,316.54998779,329.19000244,316.29998779,327.26000977,321.06631470,25673600
2023-10-09,324.75000000,330.29998779,323.17999268,329.82000732,323.57788086,19891200
2023-10-10,330.95999146,331.10000610,327.67001343,328.39001465,322.17492676,20557100
2023-10-11,331.20999146,332.82000732,329.14001465,332.42001343,326.12866211,20063200
2023-10-12,330.57000732,333.63000488,328.72000122,331.16000366,324.89251709,19313100
2023-10-13,332.38000488,333.82998657,326.35998535,327.73001099,321.52740479,21072400
2023-10-16,331.04998779,336.14001465,330.60000610,332.64001465,326.34451294,22158000
2023-10-17,329.58999634,333.45999146,327.41000366,332.05999756,325.77551270,18338500
2023-10-18,332.48999023,335.58999634,328.29998779,330.10998535,323.86239624,23153600
2023-10-19,332.14999390,336.88000488,330.91000366,331.32000732,325.04949951,25052100
2023-10-20,331.72000122,331.92001343,325.45001221,326.67001343,320.48757935,25027700
2023-10-23,325.47000122,332.73001099,324.39001465,329.32000732,323.08737183,24374700
2023-10-24,331.29998779,331.83999634,327.60000610,330.52999878,324.27444458,31153600
2023-10-25,345.01998901,346.20001221,337.61999512,340.67001343,334.22253418,55053800
2023-10-26,340.54000854,341.63000488,326.94000244,327.89001465,321.68441772,37828500
2023-10-27,330.42999268,336.72000122,328.39999390,329.80999756,323.56808472,29856500
2023-10-30,333.41000366,339.45001221,331.82998657,337.30999756,330.92614746,22828100
2023-10-31,338.85000610,339.00000000,334.69000244,338.10998535,331.71099854,20265300
2023-11-01,339.79000854,347.42001343,339.64999390,346.07000732,339.52032471,28158800
2023-11-02,347.23999023,348.82998657,344.76998901,348.32000732,341.72775269,24348100
2023-11-03,349.63000488,354.39001465,347.32998657,352.79998779,346.12292480,23637700
2023-11-06,353.45001221,357.54000854,353.35000610,356.52999878,349.78234863,23828300
2023-11-07,359.39999390,362.45999146,357.63000488,360.52999878,353.70669556,25833900
2023-11-08,361.67999268,363.86999512,360.54998779,363.20001221,356.32614136,26767800
2023-11-09,362.29998779,364.79000854,360.35998535,360.69000244,353.86367798,24847300
2023-11-10,361.48999023,370.10000610,361.07000732,369.67001343,362.67370605,28042100
2023-11-13,368.22000122,368.47000122,365.89999390,366.67999268,359.74023438,19986500
2023-11-14,371.01000977,371.95001221,367.35000610,370.26998901,363.26229858,27683900
2023-11-15,371.27999878,373.13000488,367.10998535,369.67001343,363.40985107,26860100
2023-11-16,370.95999146,376.35000610,370.17999268,376.17001343,369.79971313,27182300
2023-11-17,373.60998535,374.36999512,367.00000000,369.85000610,363.58670044,40157000
2023-11-20,371.22000122,378.86999512,371.00000000,377.44000244,371.04818726,52465100
2023-11-21,375.67001343,376.22000122,371.11999512,373.07000732,366.75225830,28423100
2023-11-22,378.00000000,379.79000854,374.97000122,377.85000610,371.45126343,23345300
2023-11-24,377.32998657,377.97000122,375.14001465,377.42999268,371.03836060,10176600
2023-11-27,376.77999878,380.64001465,376.20001221,378.60998535,372.19833374,22179200
2023-11-28,378.35000610,383.00000000,378.16000366,382.70001221,376.21917725,20453100
2023-11-29,383.76000977,384.29998779,377.44000244,378.85000610,372.43435669,28963400
2023-11-30,378.48999023,380.08999634,375.47000122,378.91000366,372.49331665,30554400
2023-12-01,376.76000977,378.16000366,371.30999756,374.51000977,368.16781616,33040500
2023-12-04,369.10000610,369.51998901,362.89999390,369.14001465,362.88873291,32063300
2023-12-05,366.45001221,373.07998657,365.61999512,372.51998901,366.21148682,23065000
2023-12-06,373.54000854,374.17999268,368.02999878,368.79998779,362.55450439,21182100
2023-12-07,368.23001099,371.45001221,366.32000732,370.95001221,364.66812134,23118900
2023-12-08,369.20001221,374.45999146,368.23001099,374.23001099,367.89257812,20154400
2023-12-11,368.48001099,371.60000610,366.10000610,371.29998779,365.01220703,27708800
2023-12-12,370.85000610,374.42001343,370.45999146,374.38000488,368.04000854,24838300
2023-12-13,376.01998901,377.64001465,370.76998901,374.36999512,368.03018188,30955500
2023-12-14,373.30999756,373.76000977,364.13000488,365.92999268,359.73312378,43277500
2023-12-15,366.85000610,372.39999390,366.27999878,370.73001099,364.45181274,78502300
2023-12-18,369.45001221,373.00000000,368.67999268,372.64999390,366.33932495,21802900
2023-12-19,371.48999023,373.26000977,369.83999634,373.26000977,366.93896484,20603700
2023-12-20,375.00000000,376.02999878,370.52999878,370.61999512,364.34368896,26316700
2023-12-21,372.55999756,374.41000366,370.04000854,373.54000854,367.21426392,17708000
2023-12-22,373.67999268,375.17999268,372.70999146,374.57998657,368.23660278,17107500
2023-12-26,375.00000000,376.94000244,373.50000000,374.66000366,368.31527710,12673100
2023-12-27,373.69000244,375.05999756,372.80999756,374.07000732,367.73529053,14905400
2023-12-28,375.36999512,376.45999146,374.16000366,375.27999878,368.92477417,14327000
2023-12-29,376.00000000,377.16000366,373.48001099,376.04000854,369.67193604,18730800
2024-01-02,373.85998535,375.89999390,366.76998901,370.86999512,364.58950806,25258600
2024-01-03,369.01000977,373.26000977,368.51000977,370.60000610,364.32406616,23083500
2024-01-04,370.67001343,373.10000610,367.17001343,367.94000244,361.70913696,20901500
2024-01-05,368.97000122,372.05999756,366.50000000,367.75000000,361.52230835,21004600
2024-01-08,369.29998779,375.20001221,369.01000977,374.69000244,368.34475708,23134000
2024-01-09,372.01000977,375.98999023,371.19000244,375.79000854,369.42611694,20830000
2024-01-10,376.36999512,384.17001343,376.32000732,382.76998901,376.28793335,25514200
2024-01-11,386.00000000,390.67999268,380.38000488,384.63000488,378.11645508,27850800
2024-01-12,385.48999023,388.67999268,384.64999390,388.47000122,381.89141846,21661200
2024-01-16,393.66000366,394.02999878,387.61999512,390.26998901,383.66091919,27202300
2024-01-17,387.98001099,390.10998535,384.80999756,389.47000122,382.87445068,22234100
2024-01-18,391.72000122,393.98999023,390.11999512,393.86999512,387.19998169,23392100
2024-01-19,395.76000977,398.67001343,393.50000000,398.67001343,391.91864014,29331100
2024-01-22,400.01998901,400.61999512,393.58999634,396.51000977,389.79528809,27016900
2024-01-23,395.75000000,399.38000488,393.92999268,398.89999390,392.14471436,20525900
2024-01-24,401.54000854,405.63000488,400.45001221,402.55999756,395.74282837,24867000
2024-01-25,404.32000732,407.01000977,402.52999878,404.86999512,398.01367188,21021200
2024-01-26,404.36999512,406.17001343,402.42999268,403.92999268,397.08959961,17803300
2024-01-29,406.05999756,409.98001099,404.32998657,409.72000122,402.78152466,24510200
2024-01-30,412.26000977,413.04998779,406.45001221,408.58999634,401.67068481,33477600
2024-01-31,406.95999146,415.32000732,397.20999146,397.57998657,390.84713745,47871100
2024-02-01,401.82998657,408.00000000,401.79998779,403.77999878,396.94210815,30657700
2024-02-02,403.80999756,412.64999390,403.55999756,411.22000122,404.25616455,28256700
2024-02-05,409.89999390,411.16000366,403.98999023,405.64999390,398.78042603,25352300
2024-02-06,405.88000488,407.97000122,402.91000366,405.48999023,398.62322998,18382600
2024-02-07,407.44000244,414.29998779,407.39999390,414.04998779,407.03820801,22340500
2024-02-08,414.04998779,415.55999756,412.52999878,414.10998535,407.09719849,21225300
2024-02-09,415.25000000,420.82000732,415.08999634,420.54998779,413.42810059,22032800
2024-02-12,420.55999756,420.73999023,414.75000000,415.26000977,408.22775269,21202900
2024-02-13,404.94000244,410.07000732,403.39001465,406.32000732,399.43914795,27824900
2024-02-14,408.07000732,409.83999634,404.57000732,409.48999023,403.29986572,20401200
2024-02-15,408.14001465,409.13000488,404.29000854,406.55999756,400.41415405,21825500
2024-02-16,407.95999146,408.29000854,403.44000244,404.05999756,397.95193481,22296500
2024-02-20,403.23999023,404.48999023,398.01000977,402.79000854,396.70117188,24307900
2024-02-21,400.17001343,402.29000854,397.22000122,402.17999268,396.10040283,18518900
2024-02-22,410.19000244,412.82998657,408.57000732,411.64999390,405.42724609,27009900
2024-02-23,415.67001343,415.85998535,408.97000122,410.33999634,404.13702393,16295900
2024-02-26,411.45999146,412.16000366,407.35998535,407.54000854,401.37936401,16193500
2024-02-27,407.98999023,408.32000732,403.85000610,407.48001099,401.32019043,14835800
2024-02-28,408.17999268,409.29998779,405.32000732,407.72000122,401.55664062,13183100
2024-02-29,408.64001465,414.20001221,405.92001343,413.64001465,407.38714600,31947300
2024-03-01,411.26998901,415.86999512,410.88000488,415.50000000,409.21896362,17823400
2024-03-04,413.44000244,417.35000610,412.32000732,414.92001343,408.64779663,17596000
2024-03-05,413.95999146,414.25000000,400.64001465,402.64999390,396.56323242,26919200
2024-03-06,402.97000122,405.16000366,398.39001465,402.08999634,396.01177979,22344100
2024-03-07,406.11999512,409.77999878,402.23999023,409.14001465,402.95516968,18718500
2024-03-08,407.95999146,410.42001343,404.32998657,406.22000122,400.07931519,18002200
2024-03-11,403.76000977,405.67999268,401.26000977,404.51998901,398.40502930,16120800
2024-03-12,407.61999512,415.57000732,406.79000854,415.27999878,409.00238037,22457000
2024-03-13,418.10000610,418.17999268,411.45001221,415.10000610,408.82504272,17115900
2024-03-14,420.23999023,427.82000732,417.98999023,425.22000122,418.79211426,34157300
2024-03-15,419.29000854,422.60000610,412.79000854,416.42001343,410.12512207,45079900
2024-03-18,414.25000000,420.73001099,413.77999878,417.32000732,411.01150513,20106000
2024-03-19,417.82998657,421.67001343,415.54998779,421.41000366,415.03967285,19837900
2024-03-20,422.00000000,425.95999146,420.66000366,425.23001099,418.80194092,17860100
2024-03-21,429.82998657,430.82000732,427.16000366,429.36999512,422.87933350,21296200
2024-03-22,429.70001221,429.85998535,426.07000732,428.73999023,422.25888062,17648500
2024-03-25,425.23999023,427.41000366,421.60998535,422.85998535,416.46774292,18060500
2024-03-26,425.60998535,425.98999023,421.35000610,421.64999390,415.27603149,16725600
2024-03-27,424.44000244,424.45001221,419.01000977,421.42999268,415.05938721,16705000
2024-03-28,420.95999146,421.86999512,419.11999512,420.72000122,414.36010742,21871200
2024-04-01,423.95001221,427.89001465,422.22000122,424.57000732,418.15188599,16316000
2024-04-02,420.10998535,422.38000488,417.83999634,421.44000244,415.06921387,17912000
2024-04-03,419.73001099,423.26000977,419.08999634,420.45001221,414.09420776,16502300
2024-04-04,424.98999023,428.67001343,417.57000732,417.88000488,411.56307983,19370900
2024-04-05,420.01000977,426.51000977,418.32000732,425.51998901,419.08755493,16554800
2024-04-08,425.17001343,427.27999878,423.29998779,424.58999634,418.17160034,14272400
2024-04-09,426.44000244,427.73999023,421.61999512,426.27999878,419.83605957,12496900
2024-04-10,422.19000244,424.02999878,419.70001221,423.26000977,416.86172485,16216600
2024-04-11,425.82000732,429.36999512,422.35998535,427.92999268,421.46115112,17966400
2024-04-12,424.04998779,425.17999268,419.76998901,421.89999390,415.52224731,19253800
2024-04-15,426.60000610,426.82000732,413.42999268,413.64001465,407.38714600,20273500
2024-04-16,414.57000732,418.39999390,413.73001099,414.57998657,408.31289673,16765600
2024-04-17,417.25000000,418.88000488,410.32998657,411.83999634,405.61437988,15855500
2024-04-18,410.63000488,411.89001465,403.95001221,404.26998901,398.15878296,21029900
2024-04-19,404.02999878,405.48001099,397.76998901,399.11999512,393.08660889,30565800
2024-04-22,400.07998657,402.85000610,395.75000000,400.95999146,394.89880371,20286900
2024-04-23,404.23999023,408.20001221,403.05999756,407.57000732,401.40887451,15734500
2024-04-24,409.55999756,412.47000122,406.77999878,409.05999756,402.87637329,15065300
2024-04-25,394.02999878,399.89001465,388.02999878,399.04000854,393.00778198,40586500
2024-04-26,412.17001343,413.00000000,405.76000977,406.32000732,400.17779541,29694700
2024-04-29,405.25000000,406.32000732,399.19000244,402.25000000,396.16931152,19582100
2024-04-30,401.48999023,402.16000366,389.17001343,389.32998657,383.44464111,28781400
2024-05-01,392.60998535,401.72000122,390.30999756,394.94000244,388.96984863,23562500
2024-05-02,397.66000366,399.92999268,394.64999390,397.83999634,391.82598877,17709400
2024-05-03,402.27999878,407.14999390,401.85998535,406.66000366,400.51260376,17446700
2024-05-06,408.76000977,413.92999268,406.36999512,413.54000854,407.28863525,16996600
2024-05-07,414.66000366,414.67001343,409.08999634,409.33999634,403.15216064,20018200
2024-05-08,408.17001343,412.23001099,406.70999146,410.54000854,404.33395386,11792300
2024-05-09,410.57000732,412.72000122,409.10000610,412.32000732,406.08709717,14689700
2024-05-10,412.94000244,415.38000488,411.79998779,414.73999023,408.47052002,13402300
2024-05-13,418.01000977,418.35000610,410.82000732,413.72000122,407.46594238,15440200
2024-05-14,412.01998901,417.48999023,411.54998779,416.55999756,410.26300049,15109300
2024-05-15,417.89999390,423.80999756,417.26998901,423.07998657,417.43600464,22239500
2024-05-16,421.79998779,425.42001343,420.35000610,420.98999023,415.37384033,17530100
2024-05-17,422.54000854,422.92001343,418.02999878,420.20999146,414.60430908,15352200
2024-05-20,420.20999146,426.76998901,419.98999023,425.33999634,419.66586304,16272100
2024-05-21,426.82998657,432.97000122,424.85000610,429.04000854,423.31649780,21453300
2024-05-22,430.08999634,432.41000366,427.13000488,430.51998901,424.77673340,18073700
2024-05-23,432.97000122,433.60000610,425.42001343,427.00000000,421.30371094,17211700
2024-05-24,427.19000244,431.05999756,424.41000366,430.16000366,424.42160034,11855300
2024-05-28,429.63000488,430.82000732,426.60000610,430.32000732,424.57946777,15718000
2024-05-29,425.69000244,430.94000244,425.69000244,429.17001343,423.44479370,15517100
2024-05-30,424.29998779,424.29998779,414.23999023,414.67001343,409.13821411,28394500
2024-05-31,416.75000000,416.75000000,404.51000977,415.13000488,409.59207153,47995300
2024-06-03,415.52999878,416.42999268,408.92001343,413.51998901,408.00354004,17484700
2024-06-04,412.42999268,416.44000244,409.67999268,416.07000732,410.51953125,14348900
2024-06-05,417.80999756,424.07998657,416.29998779,424.01000977,418.35363770,16988000
2024-06-06,424.01000977,425.30999756,420.57998657,424.51998901,418.85678101,14861300
2024-06-07,426.20001221,426.27999878,423.00000000,423.85000610,418.19573975,13621700
2024-06-10,424.70001221,428.07998657,423.89001465,427.86999512,422.16207886,13982900
2024-06-11,425.48001099,432.82000732,425.25000000,432.67999268,426.90789795,14551100
2024-06-12,435.32000732,443.39999390,433.25000000,441.05999756,435.17614746,22366200
2024-06-13,440.85000610,443.39001465,439.36999512,441.57998657,435.68927002,15960600
2024-06-14,438.27999878,443.14001465,436.72000122,442.57000732,436.66601562,13582000
2024-06-17,442.58999634,450.94000244,440.72000122,448.36999512,442.38864136,20790000
2024-06-18,449.70999146,450.14001465,444.89001465,446.33999634,440.38571167,17112500
2024-06-20,446.29998779,446.52999878,441.26998901,445.70001221,439.75424194,19877400
2024-06-21,447.38000488,450.57998657,446.51000977,449.77999878,443.77984619,34187100
2024-06-24,449.79998779,452.75000000,446.41000366,447.67001343,441.69802856,15913700
2024-06-25,448.25000000,451.42001343,446.75000000,450.95001221,444.93423462,16413400
2024-06-26,449.00000000,453.60000610,448.19000244,452.16000366,446.12811279,16507000
2024-06-27,452.17999268,456.17001343,451.76998901,452.85000610,446.80889893,14806300
2024-06-28,453.07000732,455.38000488,446.41000366,446.95001221,440.98757935,28362300
2024-07-01,448.66000366,457.36999512,445.66000366,456.73001099,450.63711548,17662800
2024-07-02,453.20001221,459.58999634,453.10998535,459.27999878,453.15310669,13979800
2024-07-03,458.19000244,461.01998901,457.88000488,460.76998901,454.62322998,9932800
2024-07-05,459.60998535,468.35000610,458.97000122,467.55999756,461.32266235,16000300
2024-07-08,466.54998779,467.70001221,464.45999146,466.23999023,460.02023315,12962300
2024-07-09,467.00000000,467.32998657,458.00000000,459.54000854,453.40966797,17207200
2024-07-10,461.22000122,466.45999146,458.85998535,466.25000000,460.03009033,18196100
2024-07-11,462.98001099,464.77999878,451.54998779,454.70001221,448.63421631,23111200
2024-07-12,454.32998657,456.35998535,450.64999390,453.54998779,447.49957275,16324300
2024-07-15,453.29998779,457.26000977,451.42999268,453.95999146,447.90405273,14429400
2024-07-16,454.22000122,454.29998779,446.66000366,449.51998901,443.52325439,17175700
2024-07-17,442.58999634,444.85000610,439.17999268,443.51998901,437.60333252,21778000
2024-07-18,444.33999634,444.64999390,434.39999390,440.36999512,434.49539185,20794800
2024-07-19,433.10000610,441.14001465,432.00000000,437.10998535,431.27880859,20940400
2024-07-22,441.79000854,444.60000610,438.91000366,442.94000244,437.03109741,15808800
2024-07-23,443.89999390,448.39001465,443.10000610,444.85000610,438.91561890,13107100
2024-07-24,440.45001221,441.48001099,427.58999634,428.89999390,423.17837524,26805800
2024-07-25,428.79998779,429.79998779,417.51000977,418.39999390,412.81845093,29943800
2024-07-26,418.20001221,428.92001343,417.26998901,425.26998901,419.59677124,23583800
2024-07-29,431.57998657,432.14999390,424.70001221,426.73001099,421.03735352,15125800
2024-07-30,427.72000122,429.04998779,417.35998535,422.92001343,417.27816772,32687600
2024-07-31,420.50000000,421.77999878,412.20999146,418.35000610,412.76913452,42891400
2024-08-01,420.79000854,427.45999146,413.08999634,417.10998535,411.54565430,30296400
2024-08-02,412.48999023,415.00000000,404.33999634,408.48999023,403.04067993,29437900
2024-08-05,389.17001343,401.04000854,385.57998657,395.14999390,389.87863159,40709200
2024-08-06,400.00000000,405.67001343,398.50000000,399.60998535,394.27908325,24946500
2024-08-07,408.64001465,410.07998657,397.47000122,398.42999268,393.11486816,20650900
2024-08-08,402.44000244,405.85998535,399.94000244,402.69000244,397.31802368,20203000
2024-08-09,404.02999878,408.04998779,402.26000977,406.01998901,400.60357666,19276700
2024-08-12,407.05999756,408.76000977,404.23999023,406.80999756,401.38311768,16762900
2024-08-13,409.58999634,414.95001221,409.57000732,414.01000977,408.48696899,19414300
2024-08-14,414.79998779,417.72000122,412.45001221,416.85998535,411.29898071,18267000
2024-08-15,419.79998779,421.10998535,417.66000366,421.02999878,416.16217041,20752100
2024-08-16,420.60000610,421.33999634,417.29998779,418.47000122,413.63171387,22775600
2024-08-19,418.95999146,421.75000000,416.45999146,421.52999878,416.65631104,15234000
2024-08-20,421.70001221,425.85998535,421.64001465,424.79998779,419.88851929,16387600
2024-08-21,424.07998657,426.39999390,421.72000122,424.14001465,419.23617554,16067300
2024-08-22,424.35998535,426.79000854,414.60998535,415.54998779,410.74548340,19361900
2024-08-23,416.98001099,419.26000977,412.08999634,416.79000854,411.97113037,18493800
2024-08-26,416.36999512,417.27999878,411.33999634,413.48999023,408.70925903,13152800
2024-08-27,412.85998535,414.35998535,410.25000000,413.83999634,409.05523682,13492900
2024-08-28,414.88000488,415.00000000,407.30999756,410.60000610,405.85269165,14882700
2024-08-29,414.94000244,422.04998779,410.60000610,413.11999512,408.34356689,17045200
2024-08-30,415.60000610,417.48999023,412.13000488,417.14001465,412.31707764,24308300
2024-09-03,417.91000366,419.88000488,407.02999878,409.44000244,404.70611572,20313600
2024-09-04,405.91000366,411.23999023,404.36999512,408.89999390,404.17236328,15135800
2024-09-05,407.61999512,413.10000610,406.13000488,408.39001465,403.66824341,14195500
2024-09-06,409.05999756,410.64999390,400.79998779,401.70001221,397.05563354,19609500
2024-09-09,407.23999023,408.64999390,402.14999390,405.72000122,401.02914429,15295100
2024-09-10,408.20001221,416.32998657,407.70001221,414.20001221,409.41107178,19594300
2024-09-11,415.50000000,423.98999023,409.57998657,423.04000854,418.14889526,19266900
2024-09-12,423.30999756,427.36999512,419.75000000,427.00000000,422.06307983,17395700
2024-09-13,425.82998657,431.82998657,425.45999146,430.58999634,425.61157227,15874600
2024-09-16,430.60000610,433.52999878,428.22000122,431.33999634,426.35290527,13834700
2024-09-17,440.23001099,441.85000610,432.26998901,435.14999390,430.11889648,18874200
2024-09-18,435.00000000,436.02999878,430.41000366,430.80999756,425.82904053,18898000
2024-09-19,441.23001099,441.50000000,436.89999390,438.69000244,433.61795044,21706600
2024-09-20,437.22000122,439.23999023,434.22000122,435.26998901,430.23748779,55167100
2024-09-23,434.27999878,436.45999146,430.39001465,433.51000977,428.49786377,15128900
2024-09-24,433.00000000,433.35000610,426.10000610,429.17001343,424.20800781,17015800
2024-09-25,429.82998657,433.11999512,428.57000732,432.10998535,427.11401367,13396400
2024-09-26,435.08999634,435.29998779,429.13000488,431.30999756,426.32324219,14492000
2024-09-27,431.51998901,431.85000610,427.47000122,428.01998901,423.07125854,14896100
2024-09-30,428.20999146,430.42001343,425.36999512,430.29998779,425.32492065,16807300
2024-10-01,428.45001221,428.48001099,418.80999756,420.69000244,415.82604980,19092900
2024-10-02,422.57998657,422.82000732,416.70999146,417.13000488,412.30722046,16582300
2024-10-03,417.63000488,419.54998779,414.29000854,416.54000854,411.72406006,13686400
2024-10-04,418.23999023,419.75000000,414.97000122,416.05999756,411.24954224,19169700
2024-10-07,416.00000000,417.10998535,409.00000000,409.54000854,404.80499268,20919800
2024-10-08,410.89999390,415.66000366,408.17001343,414.70999146,409.91519165,19229300
2024-10-09,415.85998535,420.38000488,414.29998779,417.45999146,412.63336182,14974300
2024-10-10,415.23001099,417.35000610,413.14999390,415.83999634,411.03213501,13848400
2024-10-11,416.14001465,417.13000488,413.25000000,416.32000732,411.50656128,14144900
2024-10-14,417.76998901,424.04000854,417.51998901,419.14001465,414.29400635,16653100
2024-10-15,422.17999268,422.48001099,415.26000977,418.73999023,413.89855957,18900200
2024-10-16,415.17001343,416.35998535,410.48001099,416.11999512,411.30886841,15508900
2024-10-17,422.35998535,422.50000000,415.58999634,416.72000122,411.90194702,14820000
2024-10-18,417.14001465,419.64999390,416.26000977,418.16000366,413.32531738,17145300
2024-10-21,416.11999512,418.95999146,413.75000000,418.77999878,413.93814087,14206100
2024-10-22,418.48999023,430.57998657,418.04000854,427.51000977,422.56723022,25482200
2024-10-23,430.85998535,431.07998657,422.52999878,424.60000610,419.69085693,19654400
2024-10-24,425.32998657,425.98001099,422.39999390,424.73001099,419.81933594,13581600
2024-10-25,426.76000977,432.51998901,426.57000732,428.14999390,423.19976807,16899100
2024-10-28,431.66000366,431.94000244,426.29998779,426.58999634,421.65783691,14882400
2024-10-29,428.00000000,433.17001343,425.79998779,431.95001221,426.95587158,17644100
2024-10-30,437.44000244,438.50000000,432.10000610,432.52999878,427.52911377,29749100
2024-10-31,415.35998535,416.16000366,406.29998779,406.35000610,401.65185547,53971000
2024-11-01,409.01000977,415.50000000,407.50000000,410.36999512,405.62536621,24230400
2024-11-04,409.79998779,410.42001343,405.57000732,408.45999146,403.73742676,19672300
2024-11-05,408.36999512,414.89999390,408.07998657,411.45999146,406.70272827,17626000
2024-11-06,412.42001343,420.45001221,410.51998901,420.17999268,415.32189941,26681800
2024-11-07,421.27999878,426.85000610,419.88000488,425.42999268,420.51123047,19901800
2024-11-08,425.32000732,426.50000000,421.77999878,422.54000854,417.65466309,16891400
2024-11-11,422.51998901,424.80999756,416.00000000,418.01000977,413.17703247,24503300
2024-11-12,418.25000000,424.44000244,417.20001221,423.02999878,418.13897705,19401200
2024-11-13,421.64001465,429.32998657,418.20999146,425.20001221,420.28393555,21502200
2024-11-14,425.00000000,428.17001343,420.00000000,426.89001465,421.95437622,30246900
2024-11-15,419.82000732,422.79998779,413.64001465,415.00000000,410.20184326,28247600
2024-11-18,414.86999512,418.39999390,412.10000610,415.76000977,410.95303345,24727000
2024-11-19,413.10998535,417.94000244,411.54998779,417.79000854,412.95956421,18133500
2024-11-20,416.86999512,417.29000854,410.57998657,415.48999023,410.68609619,19191700
2024-11-21,419.50000000,419.77999878,410.29000854,412.86999512,408.91329956,20780200
2024-11-22,411.36999512,417.39999390,411.05999756,417.00000000,413.00372314,24814600
2024-11-25,418.38000488,421.07998657,414.85000610,418.79000854,414.77661133,27691100
2024-11-26,419.58999634,429.04000854,418.85000610,427.98999023,423.88839722,23458900
2024-11-27,425.10998535,427.23001099,422.01998901,422.98999023,418.93630981,18332400
2024-11-29,420.08999634,424.88000488,417.79998779,423.45999146,419.40185547,16271900
2024-12-02,421.57000732,433.00000000,421.30999756,430.98001099,426.84976196,20207200
2024-12-03,429.83999634,432.47000122,427.73999023,431.20001221,427.06765747,18302000
2024-12-04,433.02999878,439.67001343,432.63000488,437.42001343,433.22805786,26009400
2024-12-05,437.92001343,444.66000366,436.17001343,442.61999512,438.37820435,21697800
2024-12-06,442.29998779,446.10000610,441.76998901,443.57000732,439.31912231,18821000
2024-12-09,442.60000610,448.32998657,440.50000000,446.01998901,441.74563599,19144400
2024-12-10,444.39001465,449.61999512,441.60000610,443.32998657,439.08142090,18469500
2024-12-11,444.04998779,450.35000610,444.04998779,448.98999023,444.68716431,19200200
2024-12-12,449.10998535,456.16000366,449.10998535,449.55999756,445.25167847,20834800
2024-12-13,448.44000244,451.42999268,445.57998657,447.26998901,442.98364258,20177800
2024-12-16,447.26998901,452.17999268,445.27999878,451.58999634,447.26226807,23598800
2024-12-17,451.01000977,455.29000854,449.57000732,454.45999146,450.10470581,22733500
2024-12-18,451.32000732,452.64999390,437.01998901,437.39001465,433.19833374,24444500
2024-12-19,441.61999512,443.17999268,436.32000732,437.02999878,432.84179688,22963700
2024-12-20,433.10998535,443.73999023,428.63000488,436.60000610,432.41592407,64263700
2024-12-23,436.73999023,437.64999390,432.82998657,435.25000000,431.07885742,19152500
2024-12-24,434.64999390,439.60000610,434.19000244,439.32998657,435.11975098,7164500
2024-12-26,439.07998657,440.94000244,436.63000488,438.10998535,433.91140747,8194200
2024-12-27,434.60000610,435.22000122,426.35000610,430.52999878,426.40405273,18117700
2024-12-30,426.05999756,427.54998779,421.89999390,424.82998657,420.75869751,13158700
2024-12-31,426.10000610,426.73001099,420.66000366,421.50000000,417.46060181,13246500
2025-01-02,425.52999878,426.07000732,414.85000610,418.57998657,414.56857300,16896500
2025-01-03,421.07998657,424.02999878,419.54000854,423.35000610,419.29290771,16662900
2025-01-06,428.00000000,434.32000732,425.48001099,427.85000610,423.74981689,20573600
2025-01-07,429.00000000,430.64999390,420.79998779,422.36999512,418.32226562,18139100
2025-01-08,423.45999146,426.97000122,421.54000854,424.55999756,420.49127197,15054600
2025-01-10,424.63000488,424.70999146,415.01998901,418.95001221,414.93505859,20201100
2025-01-13,415.23999023,418.50000000,412.29000854,417.19000244,413.19192505,17604800
2025-01-14,417.80999756,419.73999023,410.72000122,415.67001343,411.68652344,16935900
2025-01-15,419.13000488,428.14999390,418.26998901,426.30999756,422.22448730,19637800
2025-01-16,428.70001221,429.48999023,424.39001465,424.57998657,420.51107788,15300000
2025-01-17,434.08999634,434.48001099,428.17001343,429.02999878,424.91845703,26197500
2025-01-21,430.20001221,430.89999390,425.60000610,428.50000000,424.39355469,26085700
2025-01-22,437.55999756,447.26998901,436.00000000,446.20001221,441.92395020,27803800
2025-01-23,442.00000000,446.75000000,441.50000000,446.70999146,442.42901611,18389300
2025-01-24,445.16000366,446.64999390,441.39999390,444.05999756,439.80441284,15549500
2025-01-27,424.01000977,435.20001221,423.50000000,434.55999756,430.39544678,35647800
2025-01-28,434.60000610,448.38000488,431.38000488,447.20001221,442.91433716,23491700
2025-01-29,446.69000244,446.88000488,440.39999390,442.32998657,438.09097290,23581400
2025-01-30,418.76998901,422.85998535,413.16000366,414.98999023,411.01300049,54586300
2025-01-31,418.98001099,420.69000244,414.91000366,415.05999756,411.08233643,34161900
2025-02-03,411.60000610,415.41000366,408.66000366,410.92001343,406.98202515,25679100
2025-02-04,412.69000244,413.92001343,409.73999023,412.36999512,408.41809082,20532100
2025-02-05,412.35000610,413.82998657,410.39999390,413.29000854,409.32931519,16316700
2025-02-06,414.00000000,418.20001221,414.00000000,415.82000732,411.83505249,16309800
2025-02-07,416.48001099,418.64999390,408.10000610,409.75000000,405.82321167,22886800
2025-02-10,413.70999146,415.45999146,410.92001343,412.22000122,408.26953125,20817900
2025-02-11,409.64001465,412.48999023,409.29998779,411.44000244,407.49700928,18140600
2025-02-12,407.20999146,410.75000000,404.36999512,409.04000854,405.12002563,19121700
2025-02-13,407.00000000,411.00000000,406.35998535,410.54000854,406.60562134,23891700
2025-02-14,407.79000854,408.91000366,405.88000488,408.42999268,404.51589966,22758500
2025-02-18,408.00000000,410.60000610,406.50000000,409.64001465,405.71429443,21423100
2025-02-19,407.88000488,415.48999023,407.64999390,414.76998901,410.79510498,24114200
2025-02-20,415.29000854,419.30999756,412.54000854,416.13000488,412.96850586,23508700
2025-02-21,417.33999634,418.04998779,407.89001465,408.20999146,405.10864258,27524800
2025-02-24,408.51000977,409.36999512,399.32000732,404.00000000,400.93063354,26443700
2025-02-25,401.10000610,401.92001343,396.70001221,397.89999390,394.87695312,29387400
2025-02-26,398.01000977,403.60000610,394.25000000,399.73001099,396.69308472,19619000
2025-02-27,401.26998901,405.73999023,392.17001343,392.52999878,389.54776001,21127400
2025-02-28,392.66000366,397.63000488,386.57000732,396.98999023,393.97387695,32845700
2025-03-03,398.82000732,398.82000732,386.16000366,388.48999023,385.53845215,23007700
2025-03-04,383.39999390,392.57998657,381.00000000,388.60998535,385.65756226,29342900
2025-03-05,389.33999634,401.67001343,388.80999756,401.01998901,397.97326660,23433100
2025-03-06,394.27999878,402.14999390,392.67999268,396.89001465,393.87466431,23304600
2025-03-07,392.32000732,394.79998779,385.54000854,393.30999756,390.32183838,22034100
2025-03-10,385.83999634,386.39999390,377.22000122,380.16000366,377.27175903,32840100
2025-03-11,379.00000000,386.00000000,376.91000366,380.45001221,377.55957031,30380200
2025-03-12,382.95001221,385.22000122,378.95001221,383.26998901,380.35812378,24253600
2025-03-13,383.16000366,385.32000732,377.45001221,378.76998901,375.89230347,20473000
2025-03-14,379.77999878,390.23001099,379.51000977,388.55999756,385.60797119,19952800
2025-03-17,386.70001221,392.70999146,385.57000732,388.70001221,385.74685669,22474300
2025-03-18,387.07000732,387.36999512,381.10000610,383.51998901,380.60623169,19486900
2025-03-19,385.52999878,389.67999268,384.00000000,387.82000732,384.87356567,19185500
2025-03-20,385.73999023,391.79000854,383.27999878,386.83999634,383.90100098,18470500
2025-03-21,383.22000122,391.73999023,382.79998779,391.26000977,388.28744507,39675900
2025-03-24,395.39999390,395.39999390,389.80999756,393.07998657,390.09356689,21004500
2025-03-25,393.92001343,396.35998535,392.64001465,395.16000366,392.15780640,15775000
2025-03-26,395.00000000,395.30999756,388.57000732,389.97000122,387.00723267,16108400
2025-03-27,390.13000488,392.23999023,387.39999390,390.57998657,387.61257935,13766800
2025-03-28,388.07998657,389.13000488,376.92999268,378.79998779,375.92205811,21632000
2025-03-31,372.54000854,377.07000732,367.23999023,375.39001465,372.53799438,35184700
2025-04-01,374.64999390,382.85000610,373.23001099,382.19000244,379.28634644,19689500
2025-04-02,377.97000122,385.07998657,376.61999512,382.14001465,379.23675537,16092600
2025-04-03,374.79000854,377.48001099,369.35000610,373.10998535,370.27529907,30198000
2025-04-04,364.13000488,374.58999634,359.48001099,359.83999634,357.10610962,49209900
2025-04-07,350.88000488,371.00000000,344.79000854,357.85998535,355.14117432,50425000
2025-04-08,368.26000977,373.64999390,350.25000000,354.55999756,351.86624146,35868900
2025-04-09,353.54000854,393.23001099,353.10000610,390.48999023,387.52325439,50199700
2025-04-10,382.05999756,383.89999390,367.79998779,381.35000610,378.45272827,38024400
2025-04-11,380.64001465,390.04998779,378.89001465,388.45001221,385.49877930,23839200
2025-04-14,393.22000122,394.64999390,384.20999146,387.80999756,384.86364746,19251200
2025-04-15,388.51000977,391.89001465,384.16000366,385.73001099,382.79946899,17199900
2025-04-16,380.67001343,381.60998535,368.00000000,371.60998535,368.78671265,21967800
2025-04-17,373.75000000,374.32000732,366.89001465,367.77999878,364.98580933,21120200
2025-04-21,362.82000732,364.48001099,355.67001343,359.11999512,356.39160156,20807300
2025-04-22,363.38000488,367.76998901,359.85998535,366.82000732,364.03311157,19485000
2025-04-23,376.05999756,380.39001465,373.01998901,374.39001465,371.54559326,20545500
2025-04-24,375.70001221,388.45001221,375.19000244,387.29998779,384.35751343,22232300
2025-04-25,387.00000000,392.16000366,384.60000610,391.85000610,388.87298584,18973200
2025-04-28,391.95999146,392.73999023,386.64001465,391.16000366,388.18820190,16579400
2025-04-29,391.29998779,395.10000610,390.38000488,394.04000854,391.04632568,14974000
2025-04-30,390.29998779,396.66000366,384.44000244,395.26000977,392.25704956,36461100
2025-05-01,431.10998535,436.98999023,424.89999390,425.39999390,422.16802979,58938100
2025-05-02,431.73999023,439.44000244,429.98999023,435.27999878,431.97296143,30757400
2025-05-05,432.86999512,439.50000000,432.10998535,436.17001343,432.85623169,20136100
2025-05-06,432.20001221,437.73001099,431.17001343,433.30999756,430.01794434,15104200
2025-05-07,433.83999634,438.11999512,431.10998535,433.35000610,430.05767822,23295300
2025-05-08,437.92999268,443.67001343,435.66000366,438.17001343,434.84103394,23491300
2025-05-09,440.00000000,440.73999023,435.88000488,438.73001099,435.39675903,15324200
2025-05-12,445.94000244,449.36999512,439.77999878,449.26000977,445.84677124,22821900
2025-05-13,447.77999878,450.67001343,445.35998535,449.14001465,445.72772217,23618800
2025-05-14,448.14001465,453.89999390,448.14001465,452.94000244,449.49884033,19902800
2025-05-15,450.76998901,456.19000244,450.42999268,453.13000488,450.51290894,21992300
2025-05-16,452.04998779,454.35998535,448.73001099,454.26998901,451.64636230,23849800
2025-05-19,450.88000488,459.58999634,450.79998779,458.86999512,456.21975708,21336500
2025-05-20,455.58999634,458.33999634,454.32000732,458.17001343,455.52383423,15441800
2025-05-21,454.57000732,457.77999878,451.80999756,452.57000732,449.95614624,19216900
2025-05-22,454.95001221,460.25000000,453.89999390,454.85998535,452.23294067,18025600
2025-05-23,449.98001099,453.69000244,448.91000366,450.17999268,447.57995605,16883500
2025-05-27,456.48001099,460.95001221,456.11999512,460.69000244,458.02923584,20974300
2025-05-28,461.22000122,462.51998901,456.92999268,457.35998535,454.71847534,17086300
2025-05-29,461.54998779,461.72000122,455.30999756,458.67999268,456.03088379,13974800
2025-05-30,459.72000122,461.67999268,455.54000854,460.35998535,457.70114136,34770500
2025-06-02,457.14001465,462.10998535,456.89001465,461.97000122,459.30187988,16626500
2025-06-03,461.47000122,464.14001465,460.85998535,462.97000122,460.29608154,15743800
2025-06-04,464.00000000,465.69000244,463.01998901,463.86999512,461.19085693,14162700
2025-06-05,464.95999146,469.64999390,464.02999878,467.67999268,464.97885132,20131700
2025-06-06,470.08999634,473.33999634,468.77999878,470.38000488,467.66326904,15285600
2025-06-09,469.70001221,473.42999268,468.61999512,472.75000000,470.01962280,16469900
2025-06-10,471.19000244,472.79998779,466.95999146,470.92001343,468.20019531,15375900
2025-06-11,470.01998901,475.47000122,469.66000366,472.61999512,469.89035034,16399200
2025-06-12,475.01998901,480.42001343,473.51998901,478.86999512,476.10427856,18950600
2025-06-13,476.41000366,479.17999268,472.76000977,474.95999146,472.21682739,16814500
2025-06-16,475.20999146,480.69000244,475.00000000,479.14001465,476.37271118,15626100
2025-06-17,475.39999390,478.73999023,474.07998657,478.04000854,475.27905273,15414100
2025-06-18,478.00000000,481.00000000,474.45999146,480.23999023,477.46633911,17526500
2025-06-20,482.23001099,483.45999146,476.86999512,477.39999390,474.64273071,37576200
2025-06-23,478.20999146,487.75000000,472.51000977,486.00000000,483.19308472,24864000
2025-06-24,488.95001221,491.85000610,486.79998779,490.10998535,487.27929688,22305600
2025-06-25,492.04000854,494.55999756,489.39001465,492.26998901,489.42687988,17495100
2025-06-26,492.98001099,498.04000854,492.80999756,497.45001221,494.57696533,21578900
2025-06-27,497.54998779,499.29998779,493.02999878,495.94000244,493.07568359,34539200
2025-06-30,497.04000854,500.76000977,495.32998657,497.41000366,494.53720093,28369000
2025-07-01,496.47000122,498.04998779,490.98001099,492.04998779,489.20812988,19945400
2025-07-02,489.98999023,493.50000000,488.70001221,491.08999634,488.25369263,16319600
2025-07-03,493.80999756,500.13000488,493.44000244,498.83999634,495.95892334,13984800
2025-07-07,497.38000488,498.75000000,495.23001099,497.72000122,494.84539795,13981600
2025-07-08,497.23999023,498.20001221,494.10998535,496.61999512,493.75170898,11846600
2025-07-09,500.29998779,506.77999878,499.73999023,503.51000977,500.60195923,18659500
2025-07-10,503.04998779,504.44000244,497.75000000,501.48001099,498.58367920,16492100
2025-07-11,498.47000122,505.02999878,497.79998779,503.32000732,500.41305542,16459500
2025-07-14,501.51998901,503.97000122,501.02999878,503.01998901,500.11477661,12058800
2025-07-15,503.01998901,508.29998779,502.79000854,505.82000732,502.89862061,14927200
2025-07-16,505.17999268,506.72000122,501.89001465,505.61999512,502.69976807,15154400
2025-07-17,505.67999268,513.36999512,505.61999512,511.70001221,508.74465942,17503100
2025-07-18,514.47998047,514.64001465,507.42999268,510.04998779,507.10418701,21209700
2025-07-21,506.70999146,512.09002686,505.54998779,510.05999756,507.11410522,14066800
2025-07-22,510.97000122,511.20001221,505.26998901,505.26998901,502.35177612,13868600
2025-07-23,506.75000000,506.79000854,500.70001221,505.86999512,502.94830322,16396600
2025-07-24,508.76998901,513.66998291,507.29998779,510.88000488,507.92938232,16107000
2025-07-25,512.46997070,518.28997803,510.35998535,513.71002197,510.74307251,19125700
2025-07-28,514.08001709,515.00000000,510.11999512,512.50000000,509.54000854,14308000
2025-07-29,515.53002930,517.61999512,511.55999756,512.57000732,509.60961914,16469200
2025-07-30,515.16998291,515.95001221,509.44000244,513.23999023,510.27572632,26380400
2025-07-31,555.22998047,555.45001221,531.90002441,533.50000000,530.41870117,51617300
2025-08-01,535.00000000,535.79998779,520.85998535,524.10998535,521.08294678,28977600
2025-08-04,528.27001953,538.25000000,528.13000488,535.64001465,532.54644775,25349000
2025-08-05,537.17999268,537.29998779,527.23999023,527.75000000,524.70196533,19171600
2025-08-06,530.90002441,531.70001221,524.03002930,524.94000244,521.90820312,21355700
2025-08-07,526.79998779,528.09002686,517.54998779,520.84002686,517.83190918,16079100
2025-08-08,522.59997559,524.65997314,519.40997314,522.03997803,519.02490234,15531000
2025-08-11,522.29998779,527.59002686,519.71997070,521.77001953,518.75646973,20194400
2025-08-12,523.75000000,530.97998047,522.70001221,529.23999023,526.18334961,18667000
2025-08-13,532.10998535,532.70001221,519.36999512,520.58001709,517.57342529,19619200
2025-08-14,522.55999756,525.95001221,520.14001465,522.47998047,519.46240234,20269100
2025-08-15,522.77001953,526.09997559,519.08001709,520.16998291,517.16571045,25213300
2025-08-18,521.59002686,522.82000732,514.02001953,517.09997559,514.11340332,23760600
2025-08-19,515.00000000,515.15997314,508.54998779,509.76998901,506.82580566,21481000
2025-08-20,509.86999512,511.00000000,504.44000244,505.72000122,502.79922485,27723000
2025-08-21,503.69000244,507.63000488,502.72000122,504.23999023,502.15185547,18443300
2025-08-22,504.25000000,510.73001099,502.41000366,507.23001099,505.12951660,24324200
2025-08-25,506.63000488,508.19000244,504.11999512,504.26000977,502.17181396,21638600
2025-08-26,504.35998535,504.98001099,498.51000977,502.04000854,499.96099854,30835700
2025-08-27,502.00000000,507.29000854,499.89999390,506.73999023,504.64154053,17277900
2025-08-28,507.08999634,511.08999634,505.50000000,509.64001465,507.52954102,18015600
2025-08-29,508.66000366,509.60000610,504.48999023,506.69000244,504.59173584,20961600
2025-09-02,500.47000122,506.00000000,496.80999756,505.11999512,503.02822876,18128000
2025-09-03,503.79000854,507.79000854,502.32000732,505.35000610,503.25729370,16345100
2025-09-04,504.29998779,508.14999390,503.14999390,507.97000122,505.86645508,15509500
2025-09-05,509.07000732,511.97000122,492.36999512,495.00000000,492.95016479,31994800
2025-09-08,498.10998535,501.20001221,495.02999878,498.20001221,496.13690186,16771000
2025-09-09,501.42999268,502.25000000,497.70001221,498.41000366,496.34600830,14410500
2025-09-10,502.98001099,503.23001099,496.72000122,500.36999512,498.29791260,21611800
2025-09-11,502.25000000,503.17001343,497.88000488,501.01000977,498.93527222,18881600
2025-09-12,506.64999390,512.54998779,503.85000610,509.89999390,507.78845215,23624900
2025-09-15,508.79000854,515.46997070,507.00000000,515.35998535,513.22583008,17143800
2025-09-16,516.88000488,517.22998047,508.60000610,509.04000854,506.93200684,19711900
2025-09-17,510.61999512,511.29000854,505.92999268,510.01998901,507.90792847,15816600
2025-09-18,511.48999023,513.07000732,507.66000366,508.45001221,506.34445190,18913700
2025-09-19,510.55999756,519.29998779,510.30999756,517.92999268,515.78521729,52474100
2025-09-22,515.59002686,517.73999023,512.53997803,514.45001221,512.31964111,20009300
2025-09-23,513.79998779,514.59002686,507.30999756,509.23001099,507.12124634,19799600
2025-09-24,510.38000488,512.47998047,506.92001343,510.14999390,508.03738403,13533700
2025-09-25,508.29998779,510.01000977,505.04000854,507.02999878,504.93032837,15786500
2025-09-26,510.05999756,513.94000244,506.61999512,511.45999146,509.34194946,16213100
2025-09-29,511.50000000,516.84997559,508.88000488,514.59997559,512.46893311,17617800
2025-09-30,513.23999023,518.15997314,509.66000366,517.95001221,515.80511475,19728200
2025-10-01,514.79998779,520.51000977,511.69000244,519.71002197,517.55780029,22632300
2025-10-02,517.64001465,521.59997559,510.67999268,515.73999023,513.60418701,21222900
2025-10-03,517.09997559,520.48999023,515.00000000,517.34997559,515.20751953,15112300
2025-10-06,518.60998535,531.03002930,518.20001221,528.57000732,526.38116455,21388600
2025-10-07,528.28997803,529.79998779,521.44000244,523.97998047,521.81011963,14615200
2025-10-08,523.28002930,526.95001221,523.09002686,524.84997559,522.67651367,13363400
2025-10-09,522.34002686,524.33001709,517.40002441,522.40002441,520.23669434,18343600
2025-10-10,519.64001465,523.58001709,509.63000488,510.95999146,508.84405518,24133800
2025-10-13,516.40997314,516.40997314,511.67999268,514.04998779,511.92126465,14284200
2025-10-14,510.23001099,515.28002930,506.00000000,513.57000732,511.44320679,14684300
2025-10-15,514.96002197,517.19000244,510.00000000,513.42999268,511.30383301,14694700
2025-10-16,512.58001709,516.84997559,508.13000488,511.60998535,509.49133301,15559600
2025-10-17,509.04000854,515.47998047,507.30999756,513.58001709,511.45321655,19867800
2025-10-20,514.60998535,518.70001221,513.42999268,516.78997803,514.64984131,14665600
2025-10-21,517.50000000,518.69000244,513.03997803,517.65997314,515.51629639,15586200
2025-10-22,521.15002441,525.22998047,517.71002197,520.53997803,518.38433838,18962700
2025-10-23,522.46002197,523.95001221,518.60998535,520.55999756,518.40429688,14023500
2025-10-24,522.78997803,525.34997559,520.71002197,523.60998535,521.44165039,15532400
2025-10-27,531.78002930,534.58001709,529.01000977,531.52001953,529.31896973,18734700
2025-10-28,550.00000000,553.71997070,540.77001953,542.07000732,539.82519531,29986700
2025-10-29,544.94000244,546.27001953,536.72998047,541.54998779,539.30731201,36023000
2025-10-30,530.47998047,534.96997070,522.11999512,525.76000977,523.58276367,41023100
2025-10-31,528.88000488,529.32000732,515.09997559,517.80999756,515.66564941,34006400
2025-11-03,519.80999756,524.96002197,514.59002686,517.03002930,514.88891602,22374700
2025-11-04,511.76000977,515.54998779,507.83999634,514.33001709,512.20013428,20958700
2025-11-05,513.29998779,514.83001709,506.57998657,507.16000366,505.05978394,23024300
2025-11-06,505.66000366,505.70001221,495.80999756,497.10000610,495.04144287,27406500
2025-11-07,496.95001221,499.38000488,493.25000000,496.82000732,494.76260376,24019800
2025-11-10,500.04000854,506.85000610,498.79998779,506.00000000,503.90460205,26101500
2025-11-11,504.79998779,509.60000610,502.35000610,508.67999268,506.57348633,17980000
2025-11-12,509.35998535,511.67001343,499.11999512,511.14001465,509.02331543,26574900
2025-11-13,510.30999756,513.50000000,501.29000854,503.29000854,501.20581055,25273100
2025-11-14,498.23001099,511.60000610,497.44000244,510.17999268,508.06729126,28505700
2025-11-17,508.45001221,512.11999512,504.91000366,507.48999023,505.38842773,19092800
2025-11-18,495.36999512,502.98001099,486.77999878,493.79000854,491.74517822,33815100
2025-11-19,490.10000610,495.19000244,482.82998657,487.11999512,485.10278320,23245300
2025-11-20,492.70999146,493.57000732,475.50000000,478.42999268,477.34048462,26802500
2025-11-21,478.50000000,478.92001343,468.26998901,472.11999512,471.04486084,31769200
2025-11-24,475.00000000,476.89999390,468.01998901,474.00000000,472.92059326,34421000
2025-11-25,474.07000732,479.14999390,464.89001465,476.98999023,475.90374756,28019800
2025-11-26,486.30999756,488.30999756,481.20001221,485.50000000,484.39437866,25709100
2025-11-28,487.60000610,492.63000488,486.64999390,492.01000977,490.88958740,14386700
2025-12-01,488.44000244,489.85998535,484.64999390,486.73999023,485.63156128,23964000
2025-12-02,486.72000122,493.50000000,486.32000732,490.00000000,488.88415527,19562700
2025-12-03,476.32000732,484.23999023,475.20001221,477.73001099,476.64208984,34615100
2025-12-04,479.76000977,481.32000732,476.48999023,480.83999634,479.74499512,22318200
2025-12-05,482.51998901,483.39999390,478.88000488,483.16000366,482.05972290,22608700
2025-12-08,484.89001465,492.29998779,484.38000488,491.01998901,489.90182495,21965900
2025-12-09,489.10000610,492.11999512,488.50000000,492.01998901,490.89953613,14696100
2025-12-10,484.02999878,484.25000000,475.07998657,478.55999756,477.47018433,35756200
2025-12-11,476.63000488,486.02999878,475.85998535,483.47000122,482.36901855,24669200
2025-12-12,479.82000732,482.45001221,476.33999634,478.52999878,477.44027710,21248100
2025-12-15,480.10000610,480.72000122,472.51998901,474.82000732,473.73870850,23727700
2025-12-16,471.91000366,477.89001465,470.88000488,476.39001465,475.30514526,20705600
2025-12-17,476.91000366,480.00000000,475.00000000,476.11999512,475.03573608,24527200
2025-12-18,478.19000244,489.60000610,477.89001465,483.98001099,482.87786865,28573500
2025-12-19,487.35998535,487.85000610,482.48999023,485.92001343,484.81344604,70836100
2025-12-22,486.11999512,488.73001099,482.69000244,484.92001343,483.81573486,16963000
2025-12-23,484.98001099,487.82998657,484.73999023,486.85000610,485.74133301,14683600
2025-12-24,485.67999268,489.16000366,484.82998657,488.01998901,486.90863037,5855900
2025-12-26,486.70999146,488.11999512,485.95999146,487.70999146,486.59936523,8842200
2025-12-29,484.85998535,488.35000610,484.17999268,487.10000610,485.99075317,10893400
2025-12-30,485.92999268,489.67999268,485.50000000,487.48001099,486.36990356,13944500
2025-12-31,487.83999634,488.14001465,483.29998779,483.61999512,482.51867676,15601600
2026-01-02,484.39001465,484.66000366,470.16000366,472.94000244,471.86300659,25571600
2026-01-05,474.05999756,476.07000732,469.50000000,472.85000610,471.77319336,25250300
2026-01-06,473.79998779,478.73999023,469.75000000,478.51000977,477.42031860,23037700
2026-01-07,479.76000977,489.70001221,477.95001221,483.47000122,482.36901855,25564200
2026-01-08,481.23999023,482.66000366,475.85998535,478.10998535,477.02120972,18162600
2026-01-09,474.05999756,479.82000732,472.20001221,479.27999878,478.18856812,18491000
2026-01-12,476.67001343,480.98999023,475.67999268,477.17999268,476.09332275,23519900
2026-01-13,474.67999268,475.77999878,465.95001221,470.67001343,469.59817505,28545800
2026-01-14,466.45999146,468.20001221,457.17001343,459.38000488,458.33389282,28184300
2026-01-15,464.11999512,464.25000000,455.89999390,456.66000366,455.62008667,23225800
2026-01-16,457.82998657,463.19000244,456.48001099,459.85998535,458.81277466,34246700
2026-01-20,451.22000122,456.79998779,449.27999878,454.51998901,453.48492432,26130000
2026-01-21,452.60000610,452.69000244,438.67999268,444.10998535,443.09863281,37980500
2026-01-22,447.61999512,452.83999634,444.70001221,451.14001465,450.11264038,25349400
2026-01-23,451.86999512,471.10000610,450.52999878,465.95001221,464.88891602,38000200
2026-01-26,465.30999756,474.25000000,462.00000000,470.27999878,469.20904541,29291200
2026-01-27,473.70001221,482.86999512,473.16000366,480.57998657,479.48559570,29213900
2026-01-28,483.20999146,483.73999023,478.00000000,481.63000488,480.53320312,36875400
2026-01-29,439.98999023,442.50000000,421.01998901,433.50000000,432.51281738,128855300
2026-01-30,439.17001343,439.60000610,426.45001221,430.29000854,429.31011963,58566800
2026-02-02,430.23999023,430.73999023,422.25000000,423.36999512,422.40588379,42219900
2026-02-03,422.01000977,422.04998779,408.55999756,411.20999146,410.27355957,61424100
2026-02-04,411.00000000,419.79998779,409.23999023,414.19000244,413.24679565,45012400
2026-02-05,407.44000244,408.29998779,392.32000732,393.67001343,392.77352905,66289200
2026-02-06,399.17001343,401.79000854,392.92001343,401.14001465,400.22650146,53515300
2026-02-09,404.85000610,414.89001465,400.86999512,413.60000610,412.65814209,45480500
2026-02-10,419.61999512,423.67999268,412.70001221,413.26998901,412.32885742,44857900
2026-02-11,416.17999268,416.45999146,401.01000977,404.36999512,403.44912720,42491000
2026-02-12,405.00000000,406.20001221,398.01000977,401.83999634,400.92489624,40802400
2026-02-13,404.45001221,405.54000854,398.04998779,401.32000732,400.40609741,34091600
2026-02-17,399.22000122,400.51998901,394.52999878,396.85998535,395.95623779,32078800
2026-02-18,398.13000488,402.55999756,396.32000732,399.60000610,398.69000244,23223400
2026-02-19,400.69000244,404.42999268,396.67001343,398.45999146,398.45999146,28234000
2026-02-20,396.10998535,400.11999512,395.16000366,397.23001099,397.23001099,34015200
2026-02-23,395.00000000,395.35998535,383.10000610,384.47000122,384.47000122,43238300
2026-02-24,384.14001465,389.35998535,381.70999146,389.00000000,389.00000000,33884700
2026-02-25,390.52999878,401.47000122,390.16000366,400.60000610,400.60000610,43625500
2026-02-26,404.70999146,407.48999023,398.73999023,401.72000122,401.72000122,34283500
2026-02-27,390.99249268,394.29000854,390.00000000,391.61999512,391.61999512,5116586
