Date,Open,High,Low,Close,Adj Close,Volume
2018-01-02,79.03554279,79.20071662,78.45743787,78.87036896,78.87036896,22483800
2018-01-03,78.97129015,79.38422813,78.88870675,79.23740387,79.23740387,26061400
2018-01-04,79.45765013,80.43952184,79.43930059,79.93482208,79.93482208,21912000
2018-01-05,80.43952195,81.12774508,80.22846378,80.92586517,80.92586517,23407100
2018-01-08,80.93504122,81.28374543,80.38446409,81.00845337,81.00845337,22113000
2018-01-09,81.34796589,81.42137803,80.62303678,80.95338440,80.95338440,19484300
2018-01-10,80.62303267,80.92585247,80.21010166,80.58632660,80.58632660,18652200
2018-01-11,80.87079036,80.87079036,80.05409960,80.82491302,80.82491302,17808900
2018-01-12,81.36630690,82.38487747,81.16442704,82.21970367,82.21970367,24271500
2018-01-16,82.67851591,83.31168326,80.76067131,81.07266235,81.07266235,36599700
2018-01-17,81.74254652,82.84370059,81.43972670,82.71523285,82.71523285,25621200
2018-01-18,82.40324281,83.20157707,82.27477507,82.67852783,82.67852783,24159700
2018-01-19,82.71522921,83.14651675,82.27477040,82.58676147,82.58676147,36875000
2018-01-22,82.58675449,84.07331859,82.34816857,84.06414032,84.06414032,23601600
2018-01-23,84.33028412,84.69733789,83.99993642,84.33028412,84.33028412,23412800
2018-01-24,84.92671700,85.73422943,84.03661418,84.25684357,84.25684357,33277500
2018-01-25,84.85329070,85.55986309,84.35776941,84.72482300,84.72482300,26383200
2018-01-26,85.44976415,86.31233215,84.95424278,86.31233215,86.31233215,29172200
2018-01-29,87.30337891,87.58784217,86.00034508,86.18386841,86.18386841,31569900
2018-01-30,85.61494453,85.94529213,84.51378352,85.10106659,85.10106659,38635100
2018-01-31,86.02788061,87.54197271,85.80765120,87.18409729,87.18409729,48756300
2018-02-01,86.98221565,88.15678184,85.87188334,86.49587250,86.49587250,47227900
2018-02-02,85.92693987,86.22975969,83.96321070,84.22014618,84.22014618,47867800
2018-02-05,83.10064323,85.55989406,80.75151062,80.75151062,80.75151062,51031500
2018-02-06,79.73293757,83.94486648,78.22802366,83.80722046,83.80722046,67998600
2018-02-07,83.03640198,84.21096818,81.85265751,82.22888947,82.22888947,41107600
2018-02-08,82.32064315,82.47663868,77.77837432,78.00778198,78.00778198,55628700
2018-02-09,79.19152864,81.60489475,76.92497979,80.91667175,80.91667175,63499100
2018-02-12,81.43055381,82.38489067,80.68727512,81.78842926,81.78842926,35720300
2018-02-13,81.60489426,82.58675878,80.56797414,82.43076324,82.43076324,26407700
2018-02-14,81.60103557,83.88744632,81.50884284,83.72149658,83.72149658,34960900
2018-02-15,84.09026675,85.48240010,83.54632474,85.42708588,85.42708588,27823900
2018-02-16,85.23345131,86.20149227,84.63419522,84.81858063,84.81858063,30596900
2018-02-20,84.33919374,85.79585565,83.90588020,85.48239899,85.48239899,30911700
2018-02-21,85.72209372,86.07242883,84.34839630,84.34839630,84.34839630,26922500
2018-02-22,84.86469254,85.49161286,84.22855085,84.56967163,84.56967163,24392800
2018-02-23,86.29370417,86.72701771,85.15049893,86.71779633,86.71779633,26329200
2018-02-26,87.03126446,87.99929866,86.89297185,87.97164154,87.97164154,30199800
2018-02-27,88.26666091,88.35885364,86.84687042,86.84687042,86.84687042,25869100
2018-02-28,87.43688558,88.23897682,86.32133775,86.45040894,86.45040894,31167300
2018-03-01,86.65323851,87.18796601,84.67106381,85.60222626,85.60222626,37135600
2018-03-02,84.43138909,85.87883671,83.76759021,85.78664398,85.78664398,32830400
2018-03-05,85.13205518,86.91140214,85.05830522,86.33058167,86.33058167,23901600
2018-03-06,86.97594534,87.11423795,85.68523305,86.03556824,86.03556824,22175800
2018-03-07,85.88806061,86.60717375,85.21504032,86.53341675,86.53341675,26716100
2018-03-08,86.91142305,87.67663620,86.45045230,87.05893707,87.05893707,25887800
2018-03-09,87.85177730,89.00420380,87.58441351,89.00420380,89.00420380,36937300
2018-03-12,88.96732653,89.62190394,88.54323442,89.21624756,89.21624756,26073700
2018-03-13,89.42830616,89.64957010,86.63482514,87.04048157,87.04048157,35387800
2018-03-14,87.69503905,87.96240281,86.20149195,86.52416992,86.52416992,32132000
2018-03-15,86.22915178,87.19719277,85.58379581,86.82841492,86.82841492,27611000
2018-03-16,87.28940946,87.93476561,86.58873205,87.21565247,87.21565247,49081300
2018-03-19,86.42278606,86.57030006,84.92002409,85.63913727,85.63913727,33344100
2018-03-20,85.78663213,86.45042389,85.74053226,85.86038208,85.86038208,23075200
2018-03-21,85.67597904,86.70855551,85.01218038,85.26110840,85.26110840,24457100
2018-03-22,84.14557414,84.58810903,82.66125521,82.78110504,82.78110504,38604700
2018-03-23,82.51375107,83.39881392,80.28265468,80.37484741,80.37484741,44068900
2018-03-26,83.53709610,86.66247633,83.34348928,86.45964813,86.45964813,56396800
2018-03-27,87.52909560,87.71348102,81.60101369,82.48607635,82.48607635,56569000
2018-03-28,82.80875033,84.10869067,81.93290909,82.41231537,82.41231537,52501100
2018-03-29,83.14066387,85.08596051,81.49960954,84.14557648,84.14557648,45867500
2018-04-02,83.40802680,83.78601905,80.67908151,81.61023712,81.61023712,48515400
2018-04-03,82.58748661,83.02080006,81.02940388,82.70733643,82.70733643,37213800
2018-04-04,80.99252629,85.51926059,80.88189786,85.12282562,85.12282562,35560000
2018-04-05,85.22423604,85.80505639,84.26541647,85.16891479,85.16891479,29771900
2018-04-06,84.34840083,85.24268494,82.49530403,83.18675995,83.18675995,38026000
2018-04-09,83.93355950,85.89729247,83.54634574,83.68463135,83.68463135,31533900
2018-04-10,85.17815643,85.99868363,84.48670045,85.62990570,85.62990570,26812000
2018-04-11,84.82782202,86.00790578,84.33919425,84.68952942,84.68952942,24872100
2018-04-12,85.21501958,86.80998084,85.21501958,86.27525330,86.27525330,26758900
2018-04-13,86.70859246,86.82844231,85.22426623,85.81430817,85.81430817,23346100
2018-04-16,86.72702114,87.27097019,86.12775787,86.81921387,86.81921387,20288100
2018-04-17,87.58442306,89.00421350,87.47378757,88.57089996,88.57089996,26771000
2018-04-18,88.70918962,89.17016025,88.06382651,88.91201782,88.91201782,21043300
2018-04-19,88.91203809,89.49285869,87.89789684,88.60779572,88.60779572,23552500
2018-04-20,88.42338147,88.60776689,86.70857032,87.58441162,87.58441162,31154400
2018-04-23,88.26667637,88.77374700,87.24332075,87.90711975,87.90711975,22331800
2018-04-24,88.72763354,88.93968315,85.19660352,85.85118103,85.85118103,34524800
2018-04-25,86.01710447,86.01710447,83.23283850,85.10437775,85.10437775,33729300
2018-04-26,86.24760609,87.72271068,85.83272831,86.90218353,86.90218353,42529000
2018-04-27,89.98145482,90.25803998,86.57949676,88.34040070,88.34040070,48272800
2018-04-30,88.81060767,88.87514328,85.87883403,86.21994781,86.21994781,41523600
2018-05-01,85.93413607,87.85177541,85.54692247,87.58441162,87.58441162,31408900
2018-05-02,87.57519292,87.74114262,85.91570297,86.21072388,86.21072388,27471000
2018-05-03,85.70366483,87.51989037,85.23347278,86.72702026,86.72702026,31142500
2018-05-04,86.03556550,87.92554806,85.66678756,87.73194122,87.73194122,22531300
2018-05-07,87.74113413,89.16092429,87.67659853,88.70917511,88.70917511,24242000
2018-05-08,88.36808578,88.65389241,87.63975119,88.33120728,88.33120728,23484600
2018-05-09,88.51558776,89.40065058,87.63052494,89.37299347,89.37299347,27327400
2018-05-10,89.85240275,90.30415204,89.47441046,90.26728058,90.26728058,22388100
2018-05-11,90.16584629,90.23038188,89.46516905,90.07364655,90.07364655,16778300
2018-05-14,90.27649269,90.98639145,89.71410792,90.37790680,90.37790680,19454100
2018-05-15,89.64957827,90.21196307,88.81982961,89.72333527,89.72333527,24594000
2018-05-16,90.14924944,90.18628777,89.46405786,89.95480347,89.95480347,17384700
2018-05-17,89.59366287,90.31589258,88.73254121,89.05661774,89.05661774,17246700
2018-05-18,88.89924336,89.75110399,88.89924336,89.22332001,89.22332001,17865800
2018-05-21,89.81590669,90.75110523,89.63072208,90.37146759,90.37146759,19422500
2018-05-22,90.44556917,90.89927653,90.00111609,90.27890015,90.27890015,15441200
2018-05-23,89.54739951,91.41779690,89.18628451,91.35298157,91.35298157,21251200
2018-05-24,91.41777622,91.61222217,89.63997156,91.02887726,91.02887726,26649300
2018-05-25,91.01963371,91.64927132,90.61221906,91.07518768,91.07518768,18363900
2018-05-29,90.59369919,91.55667480,90.02888395,90.75111389,90.75111389,28671000
2018-05-30,91.02889119,91.89927449,90.65852193,91.62149048,91.62149048,22158500
2018-05-31,91.93634474,92.58449823,91.30670689,91.51966858,91.51966858,34140900
2018-06-01,91.92705846,93.39004116,91.82520479,93.32522583,93.32522583,28655600
2018-06-04,93.76040694,94.31596787,93.38076928,94.14003754,94.14003754,27281600
2018-06-05,94.44561352,94.75117455,94.01042182,94.62154388,94.62154388,23514400
2018-06-06,94.89006822,95.00117619,94.35302283,94.89932251,94.89932251,21122900
2018-06-07,95.04747485,95.08451319,92.94559301,93.40856171,93.40856171,28232200
2018-06-08,93.60300506,94.39931176,93.09374375,94.10301208,94.10301208,22165100
2018-06-11,93.52892541,94.06596365,93.21410306,93.56596375,93.56596375,23490900
2018-06-12,93.61227091,93.93634759,93.28819423,93.80671692,93.80671692,18325200
2018-06-13,94.18634345,94.45486611,93.11225279,93.38077545,93.38077545,29492900
2018-06-14,94.12153805,94.47339171,93.51967732,93.90856934,93.90856934,25691800
2018-06-15,93.99188629,94.01040192,92.65853447,92.71408844,92.71408844,65738600
2018-06-18,92.60301493,93.62154481,92.05670811,93.39006042,93.39006042,23586000
2018-06-19,92.26967685,93.51969111,92.13078481,93.39006042,93.39006042,28653100
2018-06-20,93.86224963,94.92707169,93.63076535,94.32521820,94.32521820,26180800
2018-06-21,94.51969836,94.87155205,93.40856916,93.64931488,93.64931488,23198200
2018-06-22,92.97338104,93.30671202,92.25114391,92.97338104,92.97338104,38923100
2018-06-25,92.59371811,92.69557176,90.09369054,91.10295868,91.10295868,35433300
2018-06-26,91.50113661,92.66781975,91.43632128,91.74188232,91.74188232,26897200
2018-06-27,92.20483076,92.61223834,90.18628732,90.31591797,90.31591797,31298400
2018-06-28,90.16778120,91.76965600,90.05667323,91.32520294,91.32520294,26650700
2018-06-29,91.60298608,92.51040783,91.04742506,91.30668640,91.30668640,28053200
2018-07-02,90.83446057,92.64929709,90.74186824,92.60300446,92.60300446,19564500
2018-07-03,93.03818674,93.17707169,91.61224240,91.71409607,91.71409607,14670300
2018-07-05,92.13076006,92.51965203,91.69556841,92.37150574,92.37150574,18977400
2018-07-06,92.49185682,93.91780081,92.28814953,93.66780090,93.66780090,19234600
2018-07-09,94.12151705,94.67707795,93.75114076,94.30670166,94.30670166,18212000
2018-07-10,94.44560952,94.91783955,94.31597886,94.55672455,94.55672455,19293100
2018-07-11,93.65854868,94.76040914,93.61224899,94.42707825,94.42707825,19644600
2018-07-12,95.15858272,96.67712655,95.12155144,96.47341919,96.47341919,24335900
2018-07-13,96.64008308,97.77898205,96.38081469,97.62157440,97.62157440,24635200
2018-07-16,97.59379827,97.98269026,96.77896888,97.14009094,97.14009094,21786900
2018-07-17,96.86231276,98.61233389,96.59379006,98.10306549,98.10306549,25901700
2018-07-18,98.09381739,98.19567108,96.96417255,97.33454895,97.33454895,29493900
2018-07-19,97.15863061,97.51048435,96.19565468,96.66788483,96.66788483,40171600
2018-07-20,100.07530433,100.18641229,98.22342975,98.39935303,98.39935303,56004000
2018-07-23,98.42712112,100.13084207,98.26970643,99.97343445,99.97343445,29707000
2018-07-24,100.52902362,100.76050797,99.31604788,99.68642426,99.68642426,26316600
2018-07-25,99.96420020,102.91794275,99.63086218,102.62164307,102.62164307,30702100
2018-07-26,102.53830420,102.77904990,101.39014382,101.50125885,101.50125885,31372100
2018-07-27,102.01976871,102.01976871,98.27898129,99.70492554,99.70492554,37005300
2018-07-30,99.25121502,99.56603029,97.00118724,97.56600952,97.56600952,34668300
2018-07-31,98.60306508,98.81603378,97.57527407,98.22343445,98.22343445,27655200
2018-08-01,98.17713079,98.56602276,97.61230847,98.40861511,98.40861511,23628700
2018-08-02,97.59379839,100.08456506,97.07526867,99.60308075,99.60308075,26104300
2018-08-03,99.81603084,100.04751513,98.90860929,100.03825378,100.03825378,18659600
2018-08-06,100.11232775,100.39010465,99.59379814,100.12158203,100.12158203,20265900
2018-08-07,100.51975563,101.01976264,100.15864063,100.81605530,100.81605530,16080200
2018-08-08,101.23273596,101.62162796,100.70495193,101.38088226,101.38088226,15487500
2018-08-09,101.58457710,102.00125311,101.48272343,101.54753876,101.54753876,13677200
2018-08-10,101.31605413,101.56606115,100.35307852,100.92716217,100.92716217,18183700
2018-08-13,101.14940844,101.46423086,100.09384028,100.19569397,100.19569397,18472500
2018-08-14,100.51975662,101.62162433,100.03827230,101.44569397,101.44569397,16788300
2018-08-15,100.84151795,101.30626825,99.28925365,100.07003784,100.07003784,29982800
2018-08-16,100.66491881,101.18543689,99.73541820,100.05144501,100.05144501,21384300
2018-08-17,99.79117526,100.29310638,99.16841162,99.99566650,99.99566650,18061500
2018-08-20,99.93061900,100.29312369,98.97323444,99.33573914,99.33573914,17914200
2018-08-21,99.38220200,99.78188753,98.38763664,98.50847626,98.50847626,22881900
2018-08-22,98.38764935,99.77260343,98.32258458,99.51234436,99.51234436,18000600
2018-08-23,99.59597454,100.55335887,99.33571555,99.97706604,99.97706604,18167700
2018-08-24,100.07934251,100.90659759,99.97709686,100.75788116,100.75788116,17234000
2018-08-27,101.56656164,101.91047953,100.86014605,101.87329865,101.87329865,19662300
2018-08-28,102.18929259,102.70981063,102.04986609,102.48673248,102.48673248,19151500
2018-08-29,102.66332702,104.13193951,102.49601665,104.12264252,104.12264252,20818000
2018-08-30,103.79732764,104.67106045,103.58354648,104.05758667,104.05758667,22798700
2018-08-31,103.81592493,104.82907718,103.65790444,104.41080475,104.41080475,23222700
2018-09-04,103.03513215,104.06687831,102.44954937,103.83450317,103.83450317,22634600
2018-09-05,103.18385999,103.56495153,100.47900993,100.84151459,100.84151459,32872400
2018-09-06,100.61842979,101.30625818,99.93060141,101.07388306,101.07388306,23477600
2018-09-07,100.59986993,101.05532331,99.67036917,100.58127594,100.58127594,22498600
2018-09-10,101.16683109,101.91043432,100.72067482,101.66876221,101.66876221,20727900
2018-09-11,101.22260859,103.72296018,101.21331160,103.39763641,103.39763641,24301800
2018-09-12,103.57424416,103.96463268,102.71910538,103.83450317,103.83450317,18891100
2018-09-13,104.21561430,105.71211090,104.21561430,104.94992065,104.94992065,26055600
2018-09-14,105.36819782,105.71211562,104.51305889,105.37749481,105.37749481,19122300
2018-09-17,105.67492059,105.68421049,103.97393287,104.23419189,104.23419189,20736500
2018-09-18,104.28067986,105.68422073,103.84381342,105.22876740,105.22876740,22170900
2018-09-19,105.08005745,105.33101952,103.21175905,103.82522583,103.82522583,21728400
2018-09-20,104.36434345,105.77718856,104.03901960,105.56340027,105.56340027,23714500
2018-09-21,105.96306267,107.16211923,105.50760939,106.20473480,106.20473480,71229700
2018-09-24,105.06145029,106.79961894,104.30855709,106.58583069,106.58583069,27334500
2018-09-25,106.70667091,106.98551683,105.73069245,106.38134003,106.38134003,22668000
2018-09-26,106.39994953,106.94835155,105.72141087,105.94449615,105.94449615,19352000
2018-09-27,106.68807265,106.80891227,106.14896063,106.34416199,106.34416199,19091300
2018-09-28,106.13968118,106.49288887,105.66563386,106.30699158,106.30699158,21647800
2018-10-01,106.66019313,107.52462897,106.64160624,107.45956421,107.45956421,18883100
2018-10-02,107.17143183,107.67335596,106.37206067,107.03200531,107.03200531,20787200
2018-10-03,107.28297333,107.98939587,106.82751995,107.05059814,107.05059814,16648000
2018-10-04,106.53006980,106.66949632,103.76015475,104.83837891,104.83837891,34821700
2018-10-05,104.68964959,105.19158076,102.83994539,104.22489929,104.22489929,29068900
2018-10-08,103.78804131,104.13195199,101.63159309,103.03514099,103.03514099,29640600
2018-10-09,103.30468292,105.10791612,102.98865616,104.34572601,104.34572601,26198600
2018-10-10,103.39763863,103.63931076,98.33186350,98.67578125,98.67578125,61376300
2018-10-11,97.92288003,101.25049365,96.85395299,98.44340515,98.44340515,63904300
2018-10-12,101.32483425,103.39761604,99.56807917,101.84535217,101.84535217,47742100
2018-10-15,101.23192534,101.76174046,99.41009772,100.01427460,100.01427460,32068100
2018-10-16,101.81749060,103.55565917,101.26908159,103.17456055,103.17456055,31610200
2018-10-17,103.80660770,103.92744020,101.82677435,102.90499115,102.90499115,26548200
2018-10-18,102.33800661,102.73769213,100.22804354,100.85080719,100.85080719,32506200
2018-10-19,101.25048899,103.04442523,100.58124750,100.99952698,100.99952698,32785500
2018-10-22,101.61300302,102.74699487,100.60914070,101.90114594,101.90114594,26545600
2018-10-23,100.17228225,101.28768729,97.69981420,100.47901917,100.47901917,43770400
2018-10-24,100.76715283,100.84150748,94.42795260,95.10649109,95.10649109,63897800
2018-10-25,99.03828345,101.56651891,98.66648182,100.66490936,100.66490936,61646800
2018-10-26,98.23892512,101.08319482,97.37448924,99.41938782,99.41938782,55523100
2018-10-29,100.48830755,101.03670948,94.46514071,96.52863312,96.52863312,55162000
2018-10-30,96.35203424,97.02126871,93.05230432,96.41709900,96.41709900,65350900
2018-10-31,98.00653424,100.51618273,97.96005638,99.27994537,99.27994537,51062400
2018-11-01,99.50303022,99.75399223,98.09018550,98.45269012,98.45269012,33384200
2018-11-02,98.97322114,99.75399819,97.57897032,98.67578125,98.67578125,37680200
2018-11-05,98.87097300,100.14438418,98.43410662,99.93060303,99.93060303,27922100
2018-11-06,99.80978242,101.16685259,98.78733307,100.12581635,100.12581635,24340200
2018-11-07,101.72452612,104.32712299,101.68734526,104.06686401,104.06686401,37901700
2018-11-08,103.91817434,104.29926592,103.09091934,103.87169647,103.87169647,25644100
2018-11-09,103.03511148,103.59281026,101.09245917,101.84535217,101.84535217,32039200
2018-11-12,101.70596159,102.20789280,98.62001965,99.33573914,99.33573914,33621800
2018-11-13,99.96779091,101.07389178,99.12194197,99.40079498,99.40079498,35374600
2018-11-14,100.91309879,101.06246480,97.52443758,97.99119568,97.99119568,39495100
2018-11-15,98.00986811,100.63305359,97.00167598,100.14762115,100.14762115,38505200
2018-11-16,99.96091562,101.64124050,99.69953223,101.09046936,101.09046936,33502100
2018-11-19,101.07179527,101.34251582,96.66560481,97.66446686,97.66446686,44773900
2018-11-20,95.03194191,96.12415403,92.74482319,94.94792175,94.94792175,64052500
2018-11-21,96.71226556,97.48708562,95.44268310,96.25484467,96.25484467,28130600
2018-11-23,95.37733291,96.90829866,95.21863689,96.21749878,96.21749878,13823100
2018-11-26,97.82314933,99.54081547,97.62711181,99.39145660,99.39145660,32336200
2018-11-27,99.20475280,100.19428471,98.35525685,100.01691437,100.01691437,29124500
2018-11-28,100.71704742,103.92834495,100.68904308,103.73230743,103.73230743,46788500
2018-11-29,102.99482742,103.73230595,101.78125371,102.86413574,102.86413574,28123200
2018-11-30,103.34024591,103.59229928,102.08933755,103.51761627,103.51761627,33665600
2018-12-03,105.48732046,105.87939552,103.36824203,104.63781738,104.63781738,34732800
2018-12-04,104.49778302,105.15124137,101.01576521,101.30515289,101.30515289,45197000
2018-12-06,98.78469626,101.97732035,98.01921316,101.93064880,101.93064880,49107400
2018-12-07,101.17445743,102.17331922,97.36571772,97.85114288,97.85114288,45044900
2018-12-10,97.83247044,100.80105133,96.98296755,100.43697357,100.43697357,40801500
2018-12-11,102.50006700,103.57360477,100.29696851,101.37050629,101.37050629,42381900
2018-12-12,103.51758831,103.87232183,101.79058514,101.82792664,101.82792664,36183000
2018-12-13,102.29469386,103.49893046,101.40784931,102.17333221,102.17333221,31333400
2018-12-14,101.05311202,101.99596522,98.48594290,98.98070526,98.98070526,47043100
2018-12-17,98.40194132,98.76601205,94.94792728,96.04947662,96.04947662,56957300
2018-12-18,96.85230352,97.56177781,95.70407549,97.05767822,97.05767822,49319200
2018-12-19,96.75893841,99.77419121,94.61184868,96.79627991,96.79627991,68198200
2018-12-20,96.19882302,97.37504801,92.21270586,94.76120758,94.76120758,70334200
2018-12-21,94.87322059,96.15213997,90.98046091,91.69927216,91.69927216,111242100
2018-12-24,91.18582544,91.45654588,87.73181976,87.87184143,87.87184143,43935200
2018-12-26,88.81472618,93.99574368,87.71317684,93.87438202,93.87438202,51634800
2018-12-27,92.69817035,94.46251556,89.99097168,94.45317841,94.45317841,49498500
2018-12-28,95.30264203,95.60137397,92.90350627,93.71566772,93.71566772,38196300
2018-12-31,94.55582403,95.59202722,93.76233696,94.81720734,94.81720734,33173800
2019-01-02,92.93155071,94.98528373,92.36210520,94.39717102,94.39717102,35329300
2019-01-03,93.44496744,93.52898760,90.73776912,90.92447662,90.92447662,42579100
2019-01-04,93.09023514,95.69474615,92.35275650,95.15330505,95.15330505,44060600
2019-01-07,94.88258312,96.40421192,94.26646615,95.27465820,95.27465820,35656100
2019-01-08,96.18950361,97.05767390,94.94792544,95.96546173,95.96546173,31514400
2019-01-09,96.95496967,97.90715283,96.37618721,97.33770752,97.33770752,32280800
2019-01-10,96.35754667,96.85230913,95.57338933,96.71228027,96.71228027,30067600
2019-01-11,96.32953245,96.56291149,94.88257959,95.96546173,95.96546173,28314200
2019-01-14,95.12529860,96.03081042,94.52784883,95.26532745,95.26532745,28437100
2019-01-15,95.69474354,98.06587544,95.10662380,98.02853394,98.02853394,31587600
2019-01-16,98.26191450,99.19543068,97.98185680,98.37393188,98.37393188,29853900
2019-01-17,98.01919477,99.54082352,97.79515289,99.06473541,99.06473541,28393000
2019-01-18,100.31564745,100.72639684,98.86870165,100.54902649,100.54902649,37427600
2019-01-22,99.65286916,99.97959845,97.88852385,98.65400696,98.65400696,32371300
2019-01-23,99.06473791,99.92357108,98.33658932,99.61550903,99.61550903,25874300
2019-01-24,99.75555136,99.88624307,98.33660261,99.13942719,99.13942719,23164800
2019-01-25,100.11026008,100.70770979,99.13940253,100.04491425,100.04491425,31225600
2019-01-28,99.19545220,99.40082694,97.70182742,98.09390259,98.09390259,29476700
2019-01-29,97.90715417,97.99117431,95.37732670,96.09613800,96.09613800,31490500
2019-01-30,97.66445848,99.30744171,97.39373795,99.30744171,99.30744171,49471900
2019-01-31,96.89897846,98.22456967,96.32019589,97.48709106,97.48709106,55636400
2019-02-01,96.88029338,97.17901823,95.54536516,95.94677734,95.94677734,35535700
2019-02-04,96.03079736,98.76599963,95.93744005,98.70998383,98.70998383,31315100
2019-02-05,99.00873150,100.13828531,98.91538130,100.09161377,100.09161377,27325400
2019-02-06,99.88621697,99.88621697,98.51394724,98.98070526,98.98070526,20609800
2019-02-07,98.19656436,98.56996511,97.35639841,98.27124023,98.27124023,29760700
2019-02-08,97.44973114,98.74731776,97.32837662,98.64463043,98.64463043,21461100
2019-02-11,99.13940857,99.49414925,97.99118773,98.25257111,98.25257111,18914100
2019-02-12,99.08339414,100.01691020,98.46727725,99.78353119,99.78353119,25056600
2019-02-13,100.35298308,100.61436645,99.61550449,99.70885468,99.70885468,18394900
2019-02-14,99.24208379,100.15693261,98.63530409,99.79286194,99.79286194,21784700
2019-02-15,100.73569782,101.09976843,100.22226126,101.02508545,101.02508545,26606900
2019-02-19,100.62370576,101.43586737,100.61436861,100.97843933,100.97843933,18038500
2019-02-20,101.11907937,101.19408133,99.64719987,100.45345306,100.45345306,21607700
2019-02-21,100.21906265,102.63782188,100.19093871,102.57219696,102.57219696,29063200
2019-02-22,103.17221266,104.25033544,102.95658382,104.03471375,104.03471375,27763200
2019-02-25,104.77533248,105.16908200,104.30658100,104.61595154,104.61595154,23750600
2019-02-26,104.30658535,106.16283728,104.22220636,105.33783722,105.33783722,21536700
2019-02-27,104.70969350,105.33781868,103.95031135,105.15969086,105.15969086,21487100
2019-02-28,105.03781941,105.82531837,104.74719582,105.02844238,105.02844238,29083900
2019-03-01,105.83472459,105.95659742,104.69096966,105.49722290,105.49722290,23501200
2019-03-04,105.95655361,106.17218239,103.87530360,105.24405670,105.24405670,26608000
2019-03-05,105.23472289,105.36597275,104.27847287,104.71909332,104.71909332,19538300
2019-03-06,104.87844835,105.61907648,104.46594480,104.76594543,104.76594543,17687000
2019-03-07,104.43780074,104.57842757,103.00342277,103.49092102,103.49092102,25339000
2019-03-08,102.33781195,103.79093704,102.00031036,103.60343933,103.60343933,22818400
2019-03-11,104.05343352,105.89093814,104.04406364,105.77844238,105.77844238,26491600
2019-03-12,105.76907594,106.86595261,105.60970217,106.51908112,106.51908112,26132700
2019-03-13,106.99721464,107.81284482,106.66909002,107.34409332,107.34409332,35513800
2019-03-14,107.38158069,108.00032887,107.18470594,107.42845154,107.42845154,30763400
2019-03-15,108.13158630,109.92222036,107.42845909,108.66596985,108.66596985,54681100
2019-03-18,108.90970074,110.25970709,108.79720498,110.22220612,110.22220612,31207600
2019-03-19,110.70970708,111.03783880,109.67845538,110.29721069,110.29721069,37588700
2019-03-20,110.05346594,111.32847047,109.41596368,110.17533875,110.17533875,28113300
2019-03-21,109.81907838,113.26908900,109.77220038,112.70658875,112.70658875,29854400
2019-03-22,112.03161317,112.11598501,109.72535655,109.73473358,109.73473358,33624500
2019-03-25,109.27531326,110.63469648,109.05031461,110.30657196,110.30657196,27067100
2019-03-26,111.20661140,111.29098324,109.54722704,110.54098511,110.54098511,26097700
2019-03-27,110.51284257,110.82222025,108.30033509,109.47221375,109.47221375,22733400
2019-03-28,110.10034376,110.23159359,108.87221008,109.62221527,109.62221527,18334800
2019-03-29,110.69097987,110.92535562,109.65035096,110.56910706,110.56910706,25399800
2019-04-01,111.51597146,111.66597536,110.71909539,111.58159637,111.58159637,22789100
2019-04-02,111.61909447,112.01285113,111.11284204,111.74097443,111.74097443,18142300
2019-04-03,112.36909549,112.90347184,111.70346930,112.47222137,112.47222137,22860700
2019-04-04,112.59409498,112.71597493,110.98158887,111.90034485,111.90034485,20112800
2019-04-05,111.92847297,112.71597914,111.90972606,112.39722443,112.39722443,15826200
2019-04-08,112.32221236,112.51908709,111.22533576,112.43471527,112.43471527,15116200
2019-04-09,111.21597716,112.06910831,111.16910630,111.82535553,111.82535553,17612000
2019-04-10,112.27535550,112.82847881,112.06910371,112.67848206,112.67848206,16477200
2019-04-11,113.00659000,113.29721359,112.42533568,112.80971527,112.80971527,14209100
2019-04-12,113.10035233,113.41910705,112.84722969,113.39097595,113.39097595,19745100
2019-04-15,113.38158482,113.98158601,113.03470623,113.48471069,113.48471069,15792600
2019-04-16,114.03787452,114.04725155,112.59411891,113.22224426,113.22224426,14071800
2019-04-17,113.66286119,114.23473859,113.00661195,114.15973663,114.15973663,19300900
2019-04-18,114.55348291,115.80035635,113.71910589,115.65973663,115.65973663,27991000
2019-04-22,114.95659982,116.25035115,114.90972182,116.02535248,116.02535248,15648700
2019-04-23,116.34410709,117.73161452,116.09098446,117.60036469,117.60036469,24025500
2019-04-24,117.92849387,117.98474176,116.73786115,117.19724274,117.19724274,31257000
2019-04-25,121.93162226,123.15974875,120.77849773,121.07849121,121.07849121,38033900
2019-04-26,121.59411186,122.36287103,120.95661682,121.77223969,121.77223969,23654900
2019-04-29,121.78164809,122.04414781,121.26603282,121.65978241,121.65978241,16324200
2019-04-30,121.69726135,122.53163844,121.30351181,122.43789673,122.43789673,24166500
2019-05-01,122.37225496,122.48475073,119.71911998,119.88787079,119.88787079,26821700
2019-05-02,119.98160370,120.00035061,117.67534067,118.32221985,118.32221985,27350200
2019-05-03,119.40036806,121.34099160,119.29724217,120.84411621,120.84411621,24911100
2019-05-06,118.49098373,120.52536318,118.22848408,120.14098358,120.14098358,24239800
2019-05-07,118.55660897,119.23161216,116.45660460,117.67535400,117.67535400,36017700
2019-05-08,117.60038307,118.47226118,116.95350369,117.66600800,117.66600800,28419000
2019-05-09,116.52223098,117.92848527,115.84722778,117.65660858,117.65660858,27235800
2019-05-10,117.10347279,119.93472797,116.08159106,119.18472290,119.18472290,30915100
2019-05-13,116.35350316,117.70350982,115.35037519,115.64099884,115.64099884,33944900
2019-05-14,116.12848510,118.01286076,115.96910418,116.93473816,116.93473816,25266300
2019-05-15,116.92532854,119.23070994,116.39837868,118.58143616,118.58143616,24722700
2019-05-16,119.26834938,121.74311341,118.99546630,121.31966400,121.31966400,30112200
2019-05-17,120.73627666,122.75937779,120.36929767,120.51045227,120.51045227,25770500
2019-05-20,119.05192571,120.05876675,118.33679125,118.76963806,118.76963806,23706900
2019-05-21,119.90820711,120.00230298,119.10838138,119.40949249,119.40949249,15293300
2019-05-22,119.14603090,120.67041009,119.05192783,120.13404846,120.13404846,15396500
2019-05-23,118.75080330,118.83549462,117.37698343,118.73198700,118.73198700,23603800
2019-05-24,119.41888663,119.89877769,118.53436971,118.78842926,118.78842926,14123400
2019-05-28,119.48478595,120.44457550,118.60968054,118.71318817,118.71318817,23128400
2019-05-29,117.97920119,117.98861293,116.71830072,117.56517792,117.56517792,22763100
2019-05-30,117.86631228,118.33679891,117.41464196,118.30857086,118.30857086,16829600
2019-05-31,116.89710816,117.26408715,116.04081907,116.37957001,116.37957001,26646800
2019-06-03,116.53951659,117.02882662,111.98521025,112.76621246,112.76621246,37983600
2019-06-04,114.12122464,116.00317097,113.52841413,115.89025879,115.89025879,29382600
2019-06-05,117.57460314,118.44030398,116.87828496,118.40266418,118.40266418,24926100
2019-06-06,118.97664430,120.41633204,118.18622314,120.27518463,120.27518463,21459000
2019-06-07,121.56432485,124.44370042,120.68921234,123.64386749,123.64386749,33885600
2019-06-10,124.58488037,126.16572325,124.20849673,124.77308655,124.77308655,26477100
2019-06-11,125.97749769,126.31624862,123.53096161,124.30256653,124.30256653,23913700
2019-06-12,123.64385528,124.18021682,122.99459593,123.72855377,123.72855377,17092500
2019-06-13,124.18967876,125.14947576,123.79447162,124.50962067,124.50962067,17200800
2019-06-14,124.45311739,125.89280532,123.86971856,124.63190460,124.63190460,17821700
2019-06-17,124.80127029,125.83633211,124.70716723,125.00828552,125.00828552,14517800
2019-06-18,126.26921576,127.25724065,125.68581688,127.18196106,127.18196106,25934500
2019-06-19,127.03137503,127.90647317,125.91161469,127.68064880,127.68064880,23744400
2019-06-20,129.33674324,129.53435390,127.70886388,128.86625671,128.86625671,33042600
2019-06-21,128.51813756,129.60025113,128.40522535,128.88511658,128.88511658,36727900
2019-06-24,128.91333511,130.23069191,128.91333511,129.64729309,129.64729309,20628800
2019-06-25,129.14857113,129.46849857,124.89536827,125.55404663,125.55404663,33327400
2019-06-26,126.41973456,127.72768652,125.71400477,126.02451324,126.02451324,23657700
2019-06-27,126.22217045,126.75853217,125.62935261,126.23157501,126.23157501,16557500
2019-06-28,126.62676673,126.65499478,125.29999111,126.05277252,126.05277252,30043000
2019-07-01,128.56517014,128.63103079,127.00315121,127.67123413,127.67123413,22613500
2019-07-02,128.08527343,128.52753200,127.35131545,128.51812744,128.51812744,15237800
2019-07-03,128.72511523,129.60963219,128.24520979,129.34616089,129.34616089,13629300
2019-07-05,127.91590218,129.22385439,127.70888693,128.96978760,128.96978760,18141100
2019-07-08,128.34876002,129.00745286,127.37955861,128.87571716,128.87571716,16779700
2019-07-09,127.97232799,128.88507295,127.78413626,128.40518188,128.40518188,19953100
2019-07-10,129.03567859,130.40008706,128.93217095,129.71318054,129.71318054,24204400
2019-07-11,130.04247537,131.00227192,129.73195254,130.23066711,130.23066711,22327900
2019-07-12,130.65419571,130.91766719,129.86376694,130.70123291,130.70123291,18936800
2019-07-15,131.20936672,131.30345547,130.28721657,130.70123291,130.70123291,16651500
2019-07-16,130.75763581,130.84231995,128.46165902,128.98860168,128.98860168,22726100
2019-07-17,129.57199457,129.78841436,128.17935838,128.22640991,128.22640991,20211000
2019-07-18,127.54891168,128.55574547,126.72085072,128.36755371,128.36755371,30381800
2019-07-19,131.94326492,132.36670000,128.39579189,128.55575562,128.55575562,48992400
2019-07-22,129.29911368,130.97404460,129.22383411,130.25889587,130.25889587,25074900
2019-07-23,131.51040429,131.72683845,129.88252473,131.06814575,131.06814575,18034600
2019-07-24,130.70113393,132.43253503,130.65409677,132.41371155,132.41371155,20738300
2019-07-25,132.14083288,132.31021549,131.09636662,131.91500854,131.91500854,18356900
2019-07-26,132.08444693,133.31711993,132.01858625,132.99719238,132.99719238,19037600
2019-07-29,133.14771818,133.15712275,131.14344051,132.70545959,132.70545959,16605900
2019-07-30,131.86800208,132.88425500,131.54807459,132.06561279,132.06561279,16846500
2019-07-31,132.04675845,132.19731759,127.10664961,128.22640991,128.22640991,38598800
2019-08-01,128.91332210,132.62075862,128.84744708,129.91075134,129.91075134,40557500
2019-08-02,129.93897417,130.15540833,127.27601853,128.81921387,128.81921387,30791600
2019-08-05,125.43172419,126.02452751,123.06046782,124.40606689,124.40606689,42749600
2019-08-06,125.90221947,127.67123936,125.34704872,126.73968506,126.73968506,32696700
2019-08-07,125.89277534,127.64298575,124.04847624,127.29483032,127.29483032,33414500
2019-08-08,128.53695006,130.78587553,127.90648536,130.69177246,130.69177246,27496500
2019-08-09,130.42829100,131.15284436,128.40520444,129.58142090,129.58142090,23466700
2019-08-12,128.97921641,129.72257900,127.25723356,127.77475739,127.77475739,20484300
2019-08-13,128.01941485,130.60709132,127.03139006,130.41889954,130.41889954,25154600
2019-08-14,128.73836452,129.26706186,126.19871570,126.49138641,126.49138641,32527300
2019-08-15,126.87845173,127.05783424,124.85806472,126.20812988,126.20812988,28074400
2019-08-16,127.34109183,128.83278186,127.19003133,128.52122498,128.52122498,24449100
2019-08-19,130.14511541,130.80598723,129.23876664,130.67381287,130.67381287,24355700
2019-08-20,130.48497121,130.95702448,129.56918671,129.58805847,129.58805847,21170800
2019-08-21,130.80597064,131.69343313,130.28670913,131.03254700,131.03254700,14970300
2019-08-22,130.90982845,131.41963969,128.67228595,130.07901001,130.07901001,18697000
2019-08-23,129.52197971,130.61714677,125.37735254,125.93437195,125.93437195,38508600
2019-08-26,127.44494575,127.98307898,126.41585868,127.87922668,127.87922668,20312600
2019-08-27,128.76670923,129.07826617,127.13340871,128.15304565,128.15304565,23102100
2019-08-28,127.34108489,128.17188879,126.08542156,127.98307037,127.98307037,17393300
2019-08-29,129.57865612,130.70214550,129.25766327,130.40002441,130.40002441,20168700
2019-08-30,131.37237063,131.40069266,128.65335460,130.15447998,130.15447998,23940100
2019-09-03,128.97439643,129.53141584,128.11525601,128.43624878,128.43624878,18869300
2019-09-04,129.62586673,129.99406781,128.85169224,129.93742371,129.93742371,17995900
2019-09-05,131.33464459,132.53366378,131.00420159,132.22210693,132.22210693,26101800
2019-09-06,132.20319192,132.34480209,130.47547582,131.32518005,131.32518005,20824500
2019-09-09,131.78785050,131.93891103,128.83280633,129.83355713,129.83355713,25773900
2019-09-10,129.15377211,129.23873824,126.99176016,128.47401428,128.47401428,28903400
2019-09-11,128.31352548,128.65340441,127.53935119,128.51177979,128.51177979,24726100
2019-09-12,130.14511407,130.68324739,129.21987913,129.83355713,129.83355713,27010000
2019-09-13,130.07904122,130.34338998,128.93667999,129.64476013,129.64476013,23363100
2019-09-16,128.23798399,129.05935202,128.07748762,128.71003723,128.71003723,16731400
2019-09-17,129.30481084,129.83350809,128.80442123,129.71076965,129.71076965,17814200
2019-09-18,129.68245156,130.91922860,128.89884155,130.77761841,130.77761841,23982100
2019-09-19,132.45816872,134.41246203,132.24102822,133.18513489,133.18513489,35772100
2019-09-20,133.12841854,133.73264597,130.52269044,131.64617920,131.64617920,39167300
2019-09-23,131.44795747,131.82560875,130.70211960,131.36299133,131.36299133,17139300
2019-09-24,132.51477271,132.82632955,129.22928653,129.70133972,129.70133972,29773200
2019-09-25,129.81467020,132.13717901,128.42683221,131.57070923,131.57070923,21382000
2019-09-26,131.64619859,132.34482811,130.70209219,131.74060059,131.74060059,17456600
2019-09-27,132.31648900,132.51475766,129.01211703,130.03175354,130.03175354,22477700
2019-09-30,130.33388927,131.43849202,130.07897652,131.25910950,131.25910950,17280900
2019-10-01,131.85395500,132.41097454,129.34262754,129.40872192,129.40872192,21466600
2019-10-02,128.63453890,128.74782709,126.11377572,127.12396240,127.12396240,30521700
2019-10-03,127.40719344,129.10658835,125.77389292,128.66285706,128.66285706,24132900
2019-10-04,129.10660273,130.52276291,128.79504576,130.40002441,130.40002441,22897700
2019-10-07,129.47481879,130.45668362,129.36153057,129.45593262,129.45593262,15303700
2019-10-08,129.41812297,130.06010848,128.03972111,128.08692932,128.08692932,25550500
2019-10-09,129.77690365,130.94758665,129.31428621,130.51330566,130.51330566,19749900
2019-10-10,130.74927469,131.86331310,130.52268401,131.32518005,131.32518005,17654600
2019-10-11,132.28821194,133.14735240,131.70287046,131.87280273,131.87280273,25446000
2019-10-14,131.88223536,132.44869060,131.72173899,131.75006104,131.75006104,13304300
2019-10-15,132.23158567,133.86488627,131.99555899,133.65719604,133.65719604,19695700
2019-10-16,132.92077773,133.10961060,131.73120846,132.56202698,132.56202698,20751600
2019-10-17,133.07178621,133.51551735,131.24966789,131.88221741,131.88221741,21460600
2019-10-18,131.94836344,132.17495427,128.92722451,129.72972107,129.72972107,32273500
2019-10-21,130.71157416,130.75878237,129.35205816,130.69268799,130.69268799,20078200
2019-10-22,131.20250102,132.18436559,128.64396569,128.74781799,128.74781799,27431000
2019-10-23,129.22931965,129.76745293,128.03030020,129.56919861,129.56919861,29844600
2019-10-24,131.59900940,132.57143798,130.91925154,132.11827087,132.11827087,37029300
2019-10-25,131.55178264,133.25117705,131.41960832,132.86408997,132.86408997,25959700
2019-10-28,136.32896107,137.52798025,135.48870693,136.13070679,136.13070679,35280100
2019-10-29,136.02690470,136.42342781,134.67682453,134.84677124,134.84677124,20589500
2019-10-30,135.49820978,136.89548378,134.80900145,136.52728271,136.52728271,18496600
2019-10-31,136.80104942,136.82937147,134.99781665,135.35656738,135.35656738,24605100
2019-11-01,136.19682298,136.34788351,134.97893172,135.68701172,135.68701172,33128400
2019-11-04,136.73494498,136.89544135,136.10239536,136.47059631,136.47059631,16912000
2019-11-05,136.86717046,136.91437868,135.86641951,136.38568115,136.38568115,18250200
2019-11-06,136.30068164,136.44230629,135.19607851,136.00801086,136.00801086,16575800
2019-11-07,135.80028483,136.78216373,135.73420486,136.19680786,136.19680786,17786700
2019-11-08,135.93240197,137.83006459,135.72469746,137.80174255,137.80174255,16732700
2019-11-11,137.21645427,138.23609116,136.64054865,137.94342041,137.94342041,14362600
2019-11-12,138.10386417,139.32176932,137.89615963,138.84971619,138.84971619,18641600
2019-11-13,138.53823685,139.21799490,138.10394139,139.07637024,139.07637024,16919200
2019-11-14,138.80254413,140.11485161,138.78365797,139.78440857,139.78440857,19729800
2019-11-15,140.60576770,141.60653265,139.98266839,141.58764648,141.58764648,23485700
2019-11-18,141.68203710,142.13520408,140.65295030,141.93693542,141.93693542,21534000
2019-11-19,142.44677870,142.87162370,141.80477886,141.98416138,141.98416138,23935700
2019-11-20,142.39156770,142.89364579,140.63903559,141.73791504,141.73791504,25696800
2019-11-21,141.52946786,141.90840418,140.67688646,141.60525513,141.60525513,18576100
2019-11-22,142.16416565,142.38204497,140.98001693,141.70944214,141.70944214,15901800
2019-11-25,142.09789336,143.37678019,142.02210609,143.26309204,143.26309204,22420900
2019-11-26,143.38623294,144.39038896,143.34834653,144.02093506,144.02093506,24620100
2019-11-27,144.30509176,144.46613425,143.53776576,144.29562378,144.29562378,15184400
2019-11-29,144.08720686,144.27666774,143.31039844,143.40513611,143.40513611,11977300
2019-12-02,143.81250572,143.83145615,140.50637142,141.67156982,141.67156982,27418400
2019-12-03,139.72010061,141.55788753,138.92434157,141.44421387,141.44421387,24066000
2019-12-04,142.23051151,142.26839792,141.34002910,141.95579529,141.95579529,17574700
2019-12-05,142.14525858,142.40103882,141.60527966,142.03157043,142.03157043,17869100
2019-12-06,143.03573413,143.86936521,142.35366313,143.75569153,143.75569153,16403500
2019-12-09,143.11151427,144.19145755,142.95993973,143.38623047,143.38623047,16687400
2019-12-10,143.31992558,143.88832292,142.81784752,143.16836548,143.16836548,16476100
2019-12-11,143.55676894,143.86938606,142.41052061,143.70834351,143.70834351,18856600
2019-12-12,143.66097233,145.35668205,143.06417098,145.16722107,145.16722107,24612100
2019-12-13,144.93985432,146.73028724,144.77881177,146.38925171,146.38925171,23845400
2019-12-16,146.93869076,147.68706661,146.66397453,147.33656311,147.33656311,24144200
2019-12-17,147.26074402,147.50705623,146.31342497,146.54078674,146.54078674,25425600
2019-12-18,146.17136607,147.28919586,146.05767792,146.23767090,146.23767090,24129200
2019-12-19,145.88714278,147.56390165,145.65031301,147.50706482,147.50706482,24958900
2019-12-20,149.06064059,150.14058360,148.05647038,149.11747742,149.11747742,53477500
2019-12-23,149.79006577,149.79006577,148.98485334,149.11747742,149.11747742,17718200
2019-12-24,149.18380405,149.40169784,148.84276860,149.08908081,149.08908081,8989200
2019-12-26,149.25963219,150.36799407,149.10805762,150.31115723,150.31115723,14520600
2019-12-27,151.05005365,151.14479136,149.88485501,150.58587646,150.58587646,18412800
2019-12-30,150.61428042,150.64269884,148.47332984,149.28802490,149.28802490,16348400
2019-12-31,148.51128798,149.45860751,148.20813879,149.39228821,149.39228821,18369400
2020-01-02,150.41535276,152.26262245,149.98906198,152.15841675,152.15841675,22622100
2020-01-03,149.97956401,151.52368428,149.73325180,150.26374817,150.26374817,21116200
2020-01-06,148.80489123,150.71847992,148.26491238,150.65216064,150.65216064,20813700
2020-01-07,150.92688967,151.25844269,149.03225143,149.27854919,149.27854919,21634100
2020-01-08,150.55744771,152.32894461,149.62907885,151.65634155,151.65634155,27746500
2020-01-09,153.31411932,153.67410520,152.54679317,153.55094910,153.55094910,21385000
2020-01-10,154.24249672,154.62141856,152.68887958,152.84045410,152.84045410,20725900
2020-01-13,153.23833929,154.70668685,152.76467972,154.67826843,154.67826843,21626500
2020-01-14,154.78245343,154.98139678,153.20043240,153.58883667,153.58883667,23477400
2020-01-15,154.05306063,155.30352905,154.00570623,154.58355713,154.58355713,21417900
2020-01-16,155.69190235,157.48233490,155.38875330,157.41601562,157.41601562,23865400
2020-01-17,158.60014690,158.64751574,156.71497686,158.29701233,158.29701233,34371700
2020-01-21,157.89914820,159.32960936,157.66231842,157.72863770,157.72863770,29517200
2020-01-22,158.58117283,158.66644251,156.95178322,156.97073364,156.97073364,24138800
2020-01-23,157.43494906,158.01281423,156.56341730,157.93702698,157.93702698,19680800
2020-01-24,158.68543006,158.70438049,155.78663569,156.34555054,156.34555054,24918100
2020-01-27,152.66046657,154.77299856,151.76051632,153.73094177,153.73094177,32078100
2020-01-28,155.15196518,157.02765349,154.47937652,156.74346924,156.74346924,24899900
2020-01-29,158.99803907,159.86010294,156.96130872,159.18750000,159.18750000,34754500
2020-01-30,164.88092547,164.88092547,161.79265534,163.67782593,163.67782593,51597500
2020-01-31,163.13783301,163.31781151,160.64637909,161.26213074,161.26213074,36142700
2020-02-03,161.45158989,165.30718563,161.42317148,165.19351196,165.19351196,30107000
2020-02-04,167.80812679,171.12374408,167.02185010,170.63113403,170.63113403,36433300
2020-02-05,174.33511584,174.49615834,169.01118765,170.42268372,170.42268372,39186300
2020-02-06,171.43638017,174.13624604,170.57431611,173.95625305,173.95625305,27751400
2020-02-07,173.21732428,175.85087055,172.86680634,174.20252991,174.20252991,33529100
2020-02-10,173.90887007,178.89176413,173.59625298,178.75914001,178.75914001,35844300
2020-02-11,180.60641646,180.65378532,173.83308933,174.72357178,174.72357178,53159900
2020-02-12,175.80347203,176.05925223,172.26997601,174.97930908,174.97930908,47062900
2020-02-13,173.43519723,176.41924687,173.23625384,174.03201294,174.03201294,35295800
2020-02-14,173.59622591,175.64243864,173.02782866,175.58560181,175.58560181,23149500
2020-02-18,175.83192461,177.81181835,175.72771891,177.36657715,177.36657715,27792200
2020-02-19,178.63943981,178.75342397,177.12909174,177.89851379,177.89851379,29997500
2020-02-20,177.58504055,177.87001544,172.02809550,175.18177795,175.18177795,36862400
2020-02-21,173.99438800,174.30785891,168.37094274,169.64381409,169.64381409,48572600
2020-02-24,159.36586997,165.80623700,155.05328492,162.32957458,162.32957458,68311100
2020-02-25,165.47376742,166.08170721,159.25187476,159.65084839,159.65084839,68073300
2020-02-26,161.20866568,164.58082273,159.78380569,161.64561462,161.64561462,56206100
2020-02-27,155.13872813,158.66287294,150.06621668,150.25619507,150.25619507,93174900
2020-02-28,144.77526872,155.50921622,144.38580353,153.89436340,153.89436340,97012700
2020-03-02,157.02907099,164.25786140,154.17935095,164.13436890,164.13436890,71030800
2020-03-03,165.09375911,166.23364406,154.13182955,156.26911926,156.26911926,71677000
2020-03-04,160.04975615,162.14904146,157.32351456,162.00656128,162.00656128,49814400
2020-03-05,157.73204410,162.31058784,157.39007704,157.94102478,157.94102478,47817300
2020-03-06,154.46433707,154.93929045,148.18545288,153.47644043,153.47644043,72821100
2020-03-09,143.43585919,149.84772707,142.48595284,143.07489014,143.07489014,70419300
2020-03-10,150.23727110,152.96349912,144.93678913,152.85900879,152.85900879,65354400
2020-03-11,149.25881588,149.80025506,143.57836446,145.93414307,145.93414307,56371600
2020-03-12,138.02143180,145.78216698,131.63805829,132.09400940,132.09400940,93226400
2020-03-13,140.11124275,153.79940221,133.68037012,150.87368774,150.87368774,92727400
2020-03-16,132.98691082,141.86854244,128.23737829,128.63633728,128.63633728,87905900
2020-03-17,132.98693514,140.11123523,128.23740174,139.22782898,139.22782898,81059800
2020-03-18,131.08711226,138.68636514,128.25639462,133.36688232,133.36688232,81593200
2020-03-19,135.61819509,142.62849727,132.03704247,135.56120300,135.56120300,85922700
2020-03-20,138.68639974,139.73130307,129.05434488,130.46971130,130.46971130,84866200
2020-03-23,130.14670715,133.52838706,125.88163549,129.16830444,129.16830444,78975200
2020-03-24,136.54906633,142.10602544,134.19330215,140.90913391,140.90913391,82516700
2020-03-25,141.45057605,146.59906739,137.20449297,139.56025696,139.56025696,75638200
2020-03-26,140.96614538,148.81238382,140.93764934,148.28993225,148.28993225,64568100
2020-03-27,144.14831531,147.13102122,141.72605077,142.20100403,142.20100403,57042300
2020-03-30,144.80375612,152.55499701,142.49547567,152.20352173,152.20352173,63420300
2020-03-31,151.41514484,156.52564829,148.71741289,149.80981445,149.80981445,77927200
2020-04-01,145.33572706,149.84778395,143.26493739,144.49031067,144.49031067,57969900
2020-04-02,144.25282142,147.69147879,142.82796148,147.48249817,147.48249817,49630700
2020-04-03,147.33051566,149.49630149,144.56628404,146.12413025,146.12413025,41243300
2020-04-06,152.28903866,158.15945471,149.68628927,156.99107361,156.99107361,67111700
2020-04-07,161.09463755,161.48410268,155.08172775,155.30021667,155.30021667,62769000
2020-04-08,157.37100587,158.32091236,155.30971053,156.85806274,156.85806274,48318200
2020-04-09,158.02645613,158.98585654,155.14824041,156.86756897,156.86756897,51385100
2020-04-13,156.11715925,157.27604649,154.16984777,157.21903992,157.21903992,41905300
2020-04-14,160.53422102,165.04627753,159.58431439,164.99877930,164.99877930,52874300
2020-04-15,162.62399924,164.87528763,160.76219051,163.26994324,163.26994324,40940800
2020-04-16,165.56872813,168.39944582,164.23885015,168.17146301,168.17146301,50479600
2020-04-17,170.50819976,170.98315296,167.06003487,169.65328979,169.65328979,52765600
2020-04-20,167.78200975,169.79580714,166.22416349,166.29064941,166.29064941,36669600
2020-04-21,164.80883985,164.97032228,157.78902875,159.41337585,159.41337585,56203700
2020-04-22,162.80449878,165.28375570,162.26305953,164.82780457,164.82780457,34620200
2020-04-23,165.38825920,166.29066769,162.34856060,162.83300781,162.83300781,32790800
2020-04-24,163.44092549,165.81569197,162.15856029,165.80619812,165.80619812,34277600
2020-04-27,167.74400953,168.03847827,164.61882307,165.33125305,165.33125305,33194400
2020-04-28,166.79410932,166.87010359,160.90469084,161.30364990,161.30364990,34392700
2020-04-29,164.54280245,168.77937726,163.26993124,168.54190063,168.54190063,51286600
2020-04-30,170.98317736,171.36313418,167.40202564,170.23275757,170.23275757,53875900
2020-05-01,166.99357632,169.69130748,165.29323546,165.82519531,165.82519531,39370500
2020-05-04,165.74920176,170.03327515,165.09376391,169.88128662,169.88128662,30372900
2020-05-05,171.57213755,174.45035359,170.88820359,171.70512390,171.70512390,36839200
2020-05-06,172.95898616,174.97278341,172.53153111,173.39593506,173.39593506,32139300
2020-05-07,174.94430179,175.30527095,173.43395373,174.40286255,174.40286255,28316000
2020-05-08,175.71367048,175.73267266,174.17482685,175.42869568,175.42869568,30877800
2020-05-11,173.97538346,178.11697671,173.69042308,177.38555908,177.38555908,30892700
2020-05-12,177.44258553,177.67055388,173.16800511,173.36747742,173.36747742,32038200
2020-05-13,173.40543818,174.83029796,167.69649071,170.74569702,170.74569702,44711500
2020-05-14,168.64642242,171.63863710,166.87959545,171.48664856,171.48664856,41873900
2020-05-15,170.09024116,177.68949252,168.13343626,173.98486328,173.98486328,46610400
2020-05-18,176.44513479,176.87258982,174.74480851,175.64721680,175.64721680,35264500
2020-05-19,175.76121413,177.25257442,174.29836437,174.43135071,174.43135071,26799100
2020-05-20,176.04117015,177.03183258,175.21245439,176.85084534,176.85084534,31261300
2020-05-21,176.60315232,177.81289755,174.59326682,174.72662354,174.72662354,29119500
2020-05-22,174.49806252,175.70780804,173.87889479,174.80287170,174.80287170,20826900
2020-05-26,177.49854250,177.65095431,172.50717914,172.95487976,172.95487976,36073600
2020-05-27,171.64989267,173.35496914,168.22071369,173.18350220,173.18350220,39517100
2020-05-28,172.16428012,175.41247189,171.82136077,172.79295349,172.79295349,33810200
2020-05-29,174.05985983,175.52679836,171.84994627,174.55519104,174.55519104,42130400
2020-06-01,173.87887257,174.31705298,172.85012898,174.15512085,174.15512085,22622400
2020-06-02,175.50774090,176.22215504,172.74534536,176.13642883,176.13642883,30794600
2020-06-03,176.05069172,177.11754546,174.86952185,176.56506348,176.56506348,27311000
2020-06-04,175.55535603,177.02227987,173.65025181,174.24082947,174.24082947,28761800
2020-06-05,173.95502892,178.82256987,173.37397166,178.31771851,178.31771851,39893600
2020-06-08,177.11753989,179.60370146,175.68871174,179.42271423,179.42271423,33211600
2020-06-09,179.07982139,181.65170954,178.37492750,180.79441833,180.79441833,29783900
2020-06-10,182.06128663,189.10064603,181.94697049,187.50035095,187.50035095,43872300
2020-06-11,183.96637697,186.47157891,177.24136201,177.43186951,177.43186951,52854700
2020-06-12,181.49928782,182.62330697,176.39360751,178.83215332,178.83215332,43373600
2020-06-15,175.82209144,181.76602256,175.27912970,179.97521973,179.97521973,32770200
2020-06-16,183.73773992,186.30010692,182.37559765,184.38548279,184.38548279,42556700
2020-06-17,185.77626783,187.00506840,184.49985128,185.02375793,185.02375793,25687800
2020-06-18,184.79512263,187.16698279,184.79512263,187.00505066,187.00505066,23061600
2020-06-19,189.16734600,189.83412966,185.14757438,185.89056396,185.89056396,44441100
2020-06-22,186.50017788,191.23436320,185.96675101,191.05339050,191.05339050,32818900
2020-06-23,192.50124060,194.27298800,191.87255276,192.32978821,192.32978821,30917400
2020-06-24,192.03450117,193.60620625,187.23363064,188.45289612,188.45289612,36740600
2020-06-25,188.41479848,191.09146742,186.19535046,190.83427429,190.83427429,27803900
2020-06-26,190.25324376,190.40565560,185.63337438,187.01457214,187.01457214,54675800
2020-06-29,186.49071268,189.11023185,184.36652484,189.02450562,189.02450562,26701600
2020-06-30,188.49102314,194.70165266,188.35766642,193.85388184,193.85388184,34310300
2020-07-01,193.50144769,196.55914656,192.19645587,194.98742676,194.98742676,32061200
2020-07-02,195.92095236,198.14993582,195.27322377,196.47343445,196.47343445,29315800
2020-07-06,198.92146046,201.11233324,198.21656666,200.70272827,200.70272827,31897600
2020-07-07,200.46461531,204.48438691,198.12134495,198.36900330,198.36900330,33600700
2020-07-08,200.10260539,203.14123406,198.78807898,202.73164368,202.73164368,33600000
2020-07-09,206.06561033,206.11324084,201.43620625,204.15098572,204.15098572,33121700
2020-07-10,203.48419932,203.92237973,201.06472309,203.53182983,203.53182983,26177600
2020-07-13,204.30334860,205.56072422,196.70198772,197.24494934,197.24494934,38135600
2020-07-14,196.34956660,198.94050944,192.44409722,198.46423340,198.46423340,37591800
2020-07-15,199.61681330,201.30283456,195.30175350,198.16893005,198.16893005,32179400
2020-07-16,195.65421901,195.93998758,192.71083615,194.24444580,194.24444580,29940700
2020-07-17,194.76833860,195.31128577,191.83447625,193.25378418,193.25378418,31635300
2020-07-20,195.27314890,202.22678101,193.37756530,201.55999756,201.55999756,36884800
2020-07-21,203.52227953,203.78899295,198.15940671,198.84524536,198.84524536,37990400
2020-07-22,199.27393071,202.22684855,198.50236571,201.70294189,201.70294189,49605700
2020-07-23,197.35926162,200.91227670,192.55839115,192.92988586,192.92988586,67457000
2020-07-24,190.91048305,193.23471242,188.13855306,191.74873352,191.74873352,39827000
2020-07-27,191.91070117,194.29208177,191.32964372,194.17778015,194.17778015,30160900
2020-07-28,193.94912459,194.98740284,192.16785690,192.43457031,192.43457031,23251400
2020-07-29,192.89184359,194.93982525,192.42508773,194.37782288,194.37782288,19632600
2020-07-30,191.46297697,194.75881371,190.10083441,194.22537231,194.22537231,25079600
2020-07-31,194.70165744,195.36845559,189.56740183,195.28271484,195.28271484,51044000
2020-08-03,201.48383884,207.31345346,200.45508075,206.26564026,206.26564026,78983000
2020-08-04,204.00806550,204.57960253,200.33121410,203.16981506,203.16981506,49280100
2020-08-05,204.70346576,204.79872680,201.53147967,202.83647156,202.83647156,28806400
2020-08-06,202.26491248,206.10369634,201.51240271,206.08465576,206.08465576,32656800
2020-08-07,204.65584348,205.46550412,200.92182611,202.39828491,202.39828491,27820400
2020-08-10,201.62673020,201.82677257,196.55915986,198.36900330,198.36900330,36716500
2020-08-11,197.33070265,197.79744389,193.50143902,193.73005676,193.73005676,36446500
2020-08-12,195.54939694,200.30263673,195.03502524,199.26435852,199.26435852,28013100
2020-08-13,199.50254710,201.32192540,198.27374655,198.79765320,198.79765320,22588900
2020-08-14,198.85478720,199.64540725,197.66409698,198.98814392,198.98814392,17958900
2020-08-17,199.65494483,201.16949932,199.00720178,200.30267334,200.30267334,20184800
2020-08-18,200.54078957,202.28396164,199.28342838,201.45524597,201.45524597,21336200
2020-08-19,201.94224573,202.52470773,199.80336574,200.23304749,200.23304749,27627600
2020-08-20,200.08032919,205.29384440,199.47878039,204.89280701,204.89280701,26981500
2020-08-21,204.20524224,206.48734456,203.24084416,203.40316772,203.40316772,36249300
2020-08-24,205.09320849,205.79026282,202.83975110,204.04287720,204.04287720,25460100
2020-08-25,203.47956222,206.83109730,203.47956222,206.69741821,206.69741821,23043700
2020-08-26,208.04377292,212.06370356,207.54724434,211.16613770,211.16613770,39600800
2020-08-27,212.82761147,220.71470783,209.49516257,216.35102844,216.35102844,57602200
2020-08-28,217.87878162,220.22773106,216.35102254,218.57583618,218.57583618,26292900
2020-08-31,216.75201095,218.37526098,214.18344955,215.34837341,215.34837341,28774200
2020-09-01,215.32930338,217.18172405,214.29805844,217.00985718,217.00985718,25725500
2020-09-02,217.67820444,222.34744286,217.08619925,221.19206238,221.19206238,34080800
2020-09-03,218.91955722,218.95774500,205.25558779,207.48994446,207.48994446,58400300
2020-09-04,205.38928443,208.50210600,195.92666935,204.57765198,204.57765198,59664100
2020-09-08,197.17750295,200.54813900,193.07162467,193.51086426,193.51086426,52924300
2020-09-09,198.22786447,205.14100397,197.36848640,201.75126648,201.75126648,45679000
2020-09-10,203.76602475,205.04554136,194.89542936,196.09854126,196.09854126,35461500
2020-09-11,197.84590334,199.21135323,192.15497713,194.81901550,194.81901550,33620100
2020-09-14,195.01955561,199.75562740,194.81902968,196.13673401,196.13673401,30375800
2020-09-15,199.01082020,200.30942321,197.58808141,199.35456848,199.35456848,21823900
2020-09-16,201.11148644,201.14013091,195.40145958,195.79295349,195.79295349,26328100
2020-09-17,191.01868770,195.10546469,190.93275427,193.74957275,193.74957275,34011300
2020-09-18,193.64458773,194.45620570,187.39028486,191.34338379,191.34338379,55225300
2020-09-21,188.28780668,193.55860888,187.51437668,193.39627075,193.39627075,39839700
2020-09-22,195.80251146,198.70527804,192.95704840,198.05596924,198.05596924,33517100
2020-09-23,198.51433476,198.70531741,190.99963110,191.53434753,191.53434753,30803800
2020-09-24,190.82771091,196.28948077,190.20704663,194.01692200,194.01692200,31202500
2020-09-25,194.36069326,199.60283667,193.39628061,198.43792725,198.43792725,29437300
2020-09-28,201.35974947,202.97345613,198.66705242,199.98475647,199.98475647,32004900
2020-09-29,199.89885582,200.58635244,197.47351650,197.90319824,197.90319824,24221900
2020-09-30,198.35199677,202.41012994,197.21571715,200.83462524,200.83462524,33829100
2020-10-01,203.85193791,204.32936527,201.77990493,202.86843872,202.86843872,27158400
2020-10-02,198.60980038,201.46482150,196.26085113,196.88151550,196.88151550,33154800
2020-10-05,197.86501011,200.91099921,197.63583972,200.88235474,200.88235474,21331600
2020-10-06,199.39276643,200.69135484,195.57334761,196.61413574,196.61413574,28554300
2020-10-07,197.71218078,200.62449007,197.38753372,200.35713196,200.35713196,25681100
2020-10-08,201.00650216,201.65581108,198.91538214,201.07334900,201.07334900,19925800
2020-10-09,201.69396324,206.11494536,201.69396324,206.06719971,206.06719971,26458000
2020-10-12,208.91265951,213.75377997,207.02205123,211.40483093,211.40483093,40461400
2020-10-13,212.66527110,215.04286490,210.47864536,212.79895020,212.79895020,28950800
2020-10-14,212.93260978,214.09753374,209.23732655,210.88922119,210.88922119,23421700
2020-10-15,207.29899733,210.41181895,206.25819446,209.74342346,209.74342346,22733100
2020-10-16,210.21129302,212.25468185,209.41877630,209.74342346,209.74342346,26057900
2020-10-19,210.46903000,212.26416115,204.07150768,204.54893494,204.54893494,27625800
2020-10-20,206.05764056,207.55675482,203.46997800,204.95954895,204.95954895,22753500
2020-10-21,203.49866522,207.12711664,203.49866522,205.10282898,205.10282898,22724900
2020-10-22,204.27203861,206.30588358,202.14271692,205.18870544,205.18870544,22351500
2020-10-23,205.32242363,206.51599211,203.53684984,206.46824646,206.46824646,18879600
2020-10-26,204.19570823,206.57328739,198.70529303,200.59590149,200.59590149,37111600
2020-10-27,202.03772500,204.97867955,200.83461319,203.62278748,203.62278748,36700300
2020-10-28,198.29473034,199.41190891,192.97619572,193.52999878,193.52999878,51195600
2020-10-29,194.85725539,197.99872174,194.18884527,195.47790527,195.47790527,31432600
2020-10-30,194.31295179,195.06728067,190.60811051,193.32945251,193.32945251,36953700
2020-11-02,195.06724667,196.01255800,191.08550460,193.19573975,193.19573975,30842200
2020-11-03,194.68534718,198.72437896,193.95010490,197.11067200,197.11067200,27512000
2020-11-04,204.35804656,208.46392548,202.83027291,206.62104797,206.62104797,42311800
2020-11-05,212.01591961,214.00201902,211.16609955,213.20948792,213.20948792,36080100
2020-11-06,212.22599245,214.23119307,208.18696130,213.62008667,213.62008667,25231900
2020-11-09,214.30762112,217.82147991,208.04377574,208.53074646,208.53074646,44395000
2020-11-10,204.81638143,206.72609128,200.25217605,201.48393250,201.48393250,44045100
2020-11-11,202.80160436,208.19652800,202.62017963,206.77380371,206.77380371,29440800
2020-11-12,207.40405613,209.21827476,204.77820494,205.71395874,205.71395874,21593900
2020-11-13,206.59243431,207.60457831,204.49175617,206.73565674,206.73565674,18621100
2020-11-16,205.16965298,207.91009625,204.83546253,207.42311096,207.42311096,24953300
2020-11-17,206.34414440,207.85280228,204.41533347,204.77818298,204.77818298,24154100
2020-11-18,204.53880869,205.99399181,201.93480296,202.07841492,202.07841492,28372800
2020-11-19,202.36562471,203.94525399,200.97744882,203.36126709,203.36126709,24792700
2020-11-20,203.15065628,204.19416936,201.04447895,201.41784668,201.41784668,22843100
2020-11-23,201.95393933,203.23679092,199.28292656,201.14976501,201.14976501,25683500
2020-11-24,200.65194472,205.11322061,199.95307996,204.73985291,204.73985291,33979700
2020-11-25,205.93660650,206.10892336,203.39962194,204.74948120,204.74948120,21012900
2020-11-27,205.68763731,207.04707906,204.91216783,206.05142212,206.05142212,14512200
2020-11-30,204.96962218,205.60146510,201.84863689,204.94090271,204.94090271,33064800
2020-12-01,205.36215509,208.05233412,204.25163472,206.98966980,206.98966980,30904500
2020-12-02,205.71636092,206.28119663,203.72506160,206.18545532,206.18545532,23724500
2020-12-03,205.45790005,207.15242202,204.53883308,205.10368347,205.10368347,25120900
2020-12-04,205.08449207,206.19502685,204.08883516,205.21852112,205.21852112,24666000
2020-12-07,205.22809464,206.34819773,203.90695526,205.15150452,205.15150452,24620000
2020-12-08,204.84519006,207.69810303,203.81124521,206.79818726,206.79818726,23284100
2020-12-09,205.98442763,206.05143485,202.20287972,202.76771545,202.76771545,32440600
2020-12-10,202.73899063,203.99312284,201.38911712,201.54229736,201.54229736,26733300
2020-12-11,201.09236578,204.22291986,200.19244999,204.16546631,204.16546631,30979400
2020-12-14,204.01230245,206.98967630,203.80168324,205.06538391,205.06538391,28798400
2020-12-15,205.99404044,206.23337915,203.18899775,204.99839783,204.99839783,27000600
2020-12-16,205.59188092,210.72330167,205.56316145,209.92869568,209.92869568,35023300
2020-12-17,210.49358137,211.47008729,208.62674255,210.06277466,210.06277466,32515800
2020-12-18,209.26814270,210.32123862,206.80774893,209.26814270,209.26814270,63354900
2020-12-21,208.27250376,214.44743824,208.01401392,213.09756470,213.09756470,37181900
2020-12-22,213.19330610,216.00793106,212.38913171,214.38999939,214.38999939,22612200
2020-12-23,213.59538050,214.02618714,211.38389376,211.59451294,211.59451294,18699600
2020-12-24,211.97746425,214.07407326,211.76684506,213.25074768,213.25074768,10550600
2020-12-28,214.87822543,216.39084737,213.50921543,215.36648560,215.36648560,17933500
2020-12-29,216.65893884,217.49183275,214.04536461,214.59104919,214.59104919,17403200
2020-12-30,215.62497594,216.00792655,212.02532785,212.22636414,212.22636414,20272300
2020-12-31,212.24553316,213.49009719,210.31167259,212.93482971,212.93482971,20942100
2021-01-04,213.04013300,213.49009086,205.64935380,208.40653992,208.40653992,37130100
2021-01-05,207.99489849,209.20117489,206.50142734,208.60760498,208.60760498,23823000
2021-01-06,203.12194198,207.25772123,202.90175449,203.19853210,203.19853210,35930700
2021-01-07,204.91219944,209.98618242,204.59628523,208.98095703,208.98095703,27694500
2021-01-08,209.35428058,211.17326294,207.77465145,210.25419617,210.25419617,22956200
2021-01-11,209.15327612,209.57451451,207.48747373,208.21507263,208.21507263,23031300
2021-01-12,207.26725958,207.84167816,204.22287913,205.76420593,205.76420593,23249300
2021-01-13,204.89304999,207.51619243,204.80687697,207.11410522,207.11410522,20087100
2021-01-14,206.70245392,208.18635661,203.66764132,203.93569946,203.93569946,29480800
2021-01-15,204.41439050,205.36216235,202.98792666,203.58148193,203.58148193,31746500
2021-01-19,204.63455257,207.72680394,203.56232006,207.20983887,207.20983887,30480900
2021-01-20,208.41607019,216.16106454,208.02355135,214.77290344,214.77290344,37777300
2021-01-21,215.11759352,216.64936685,212.93482602,215.37608337,215.37608337,30709400
2021-01-22,217.39608540,220.25858092,216.17067267,216.31427002,216.31427002,30172700
2021-01-25,219.34911922,219.98097687,214.65808672,219.74163818,219.74163818,33152100
2021-01-26,221.97226806,224.19332344,220.26817781,222.42222595,222.42222595,49169600
2021-01-27,227.85039455,230.18634211,220.32558681,222.96788025,222.96788025,69870600
2021-01-28,225.56234314,232.29254557,225.06451460,228.74075317,228.74075317,49111200
2021-01-29,225.92613127,227.86956006,221.48400624,222.06799316,222.06799316,42503100
2021-02-01,225.03582897,232.15855140,222.51798103,229.43008423,229.43008423,33314200
2021-02-02,231.00969361,231.97661661,228.51099724,229.29602051,229.29602051,25916300
2021-02-03,229.35347217,234.63805959,229.05667994,232.63719177,232.63719177,27158100
2021-02-04,232.31166607,232.86693348,230.11931590,231.68937683,231.68937683,25296100
2021-02-05,231.90002685,232.90525221,230.16721716,231.87130737,231.87130737,18054800
2021-02-08,232.78075483,233.28815158,230.54054867,232.12976074,232.12976074,22211900
2021-02-09,231.55539158,234.32214625,231.08629709,233.37437439,233.37437439,23565000
2021-02-10,234.55186970,235.43263415,230.61714183,232.46484375,232.46484375,22186700
2021-02-11,234.34127083,234.69548738,231.82342342,234.06364441,234.06364441,15751100
2021-02-12,233.52750446,234.83909022,232.37868184,234.54231262,234.54231262,16561100
2021-02-16,234.58061072,235.63370669,232.56059181,233.30732727,233.30732727,26728500
2021-02-17,231.56095614,234.43003030,231.19631877,234.32447815,234.32447815,21653500
2021-02-18,232.02150089,234.06535277,231.11951258,233.93101501,233.93101501,16925600
2021-02-19,233.89261066,233.99816278,230.46697647,231.22503662,231.22503662,25262600
2021-02-22,227.81864342,228.30801356,223.00165003,225.02632141,225.02632141,36446900
2021-02-23,221.01534893,225.33336683,219.48004782,223.83645630,223.83645630,30228700
2021-02-24,220.70830364,225.68842042,219.73915369,225.06471252,225.06471252,26339700
2021-02-25,222.69457334,225.10306245,218.66442632,219.72953796,219.72953796,39542200
2021-02-26,222.16685133,225.85155698,220.25732229,222.98248291,222.98248291,37819200
2021-03-01,226.36011252,227.86662818,223.72132352,227.35806274,227.35806274,25324000
2021-03-02,227.42521751,227.70349800,224.00918765,224.41220093,224.41220093,22812500
2021-03-03,222.77137160,224.13394454,218.06952053,218.35739136,218.35739136,34029500
2021-03-04,217.57048753,223.08795367,215.19076985,217.56088257,217.56088257,44727800
2021-03-05,220.23809282,223.83644082,217.30184320,222.23397827,222.23397827,41872800
2021-03-08,222.01328727,223.93240637,217.94476417,218.19424438,218.19424438,35267400
2021-03-09,223.46220802,225.86110663,222.30113465,224.32580566,224.32580566,33080500
2021-03-10,227.41562829,227.41562829,222.65620617,223.02084351,223.02084351,29746800
2021-03-11,225.45814728,229.49788531,224.83442471,227.54039001,227.54039001,29907600
2021-03-12,224.54653232,226.28334746,223.79807702,226.21617126,226.21617126,22653700
2021-03-15,225.45816699,225.67886164,222.43554497,225.31422424,225.31422424,26034900
2021-03-16,226.72471562,230.35184933,226.39846891,228.09689331,228.09689331,28092200
2021-03-17,226.60000252,228.90295443,223.79809013,227.45401001,227.45401001,29562100
2021-03-18,223.15518890,224.71927580,221.01537498,221.38960266,221.38960266,34833000
2021-03-19,221.67743373,223.06879204,220.07497117,221.03453064,221.03453064,46430700
2021-03-22,220.95780505,227.31967558,220.83305761,226.44648743,226.44648743,30127000
2021-03-23,227.88579587,231.30182542,227.48278263,227.97215271,227.97215271,31638400
2021-03-24,228.23124345,228.37517153,225.80355898,225.93789673,225.93789673,25620100
2021-03-25,225.78436398,227.35804105,222.20521097,222.94406128,222.94406128,34061900
2021-03-26,222.18601962,227.13735048,222.18601962,226.91664124,226.91664124,25479900
2021-03-29,227.02221867,227.22373264,222.50270082,225.72682190,225.72682190,25227500
2021-03-30,224.08597600,224.39304213,221.75425295,222.47392273,222.47392273,24792000
2021-03-31,223.49101076,229.43068651,222.99203571,226.23535156,226.23535156,43623500
2021-04-01,228.82618978,233.01946074,228.42317649,232.54928589,232.54928589,30338000
2021-04-05,232.94269441,239.85153558,232.88512317,238.99752808,238.99752808,36910600
2021-04-06,237.59653590,239.31414102,236.89606154,237.83642578,237.83642578,22931900
2021-04-07,237.78845407,240.78227524,237.19353183,239.79393005,239.79393005,22719800
2021-04-08,242.54792981,243.86252202,241.80906468,243.00851440,243.00851440,23625200
2021-04-09,242.64385846,245.63769471,242.23125482,245.50335693,245.50335693,24326800
2021-04-12,244.40947481,247.24977816,244.32310330,245.56094360,245.56094360,27148700
2021-04-13,246.85627489,248.70821761,246.44364207,248.03651428,248.03651428,23837500
2021-04-14,247.06741162,248.36279363,244.84122636,245.25382996,245.25382996,23070900
2021-04-15,247.49917608,249.41829509,247.30728175,249.00569153,249.00569153,25627500
2021-04-16,248.97700243,250.44512787,247.18263015,250.19563293,250.19563293,24878600
2021-04-19,249.66783197,250.90567214,247.39368025,248.27645874,248.27645874,23209300
2021-04-20,247.39369409,249.67745091,246.45331502,247.81590271,247.81590271,19722900
2021-04-21,248.46834506,250.13796926,246.84668712,250.04200745,250.04200745,24030400
2021-04-22,249.68699863,251.19351425,245.30181882,246.76995850,246.76995850,25606200
2021-04-23,247.45125491,250.93446123,246.86590827,250.58900452,250.58900452,21462600
2021-04-26,251.07832983,251.82678503,249.64859562,250.97276306,250.97276306,19763300
2021-04-27,251.00158168,252.54648783,249.60063290,251.37582397,251.37582397,31014200
2021-04-28,245.72403841,246.16545696,242.72062646,244.26551819,244.26551819,46903100
2021-04-29,245.12909811,245.74321566,238.93033675,242.29838562,242.29838562,40589000
2021-04-30,239.64042208,242.84534766,239.50608432,241.98173523,241.98173523,30945100
2021-05-03,243.15239797,244.06399130,240.96460324,241.67468262,241.67468262,19626600
2021-05-04,240.82066360,241.05096317,235.82135186,237.76925659,237.76925659,32756100
2021-05-05,238.98788003,239.41008854,235.87891671,236.50262451,236.50262451,21901300
2021-05-06,236.48348941,239.75559156,234.79466958,239.63084412,239.63084412,26491100
2021-05-07,241.95296671,244.01602880,241.01260232,242.25044250,242.25044250,27032900
2021-05-10,240.72470663,241.54992845,237.12635821,237.18392944,237.18392944,29299900
2021-05-11,234.66031619,236.62741641,232.76039218,236.27236938,236.27236938,33641600
2021-05-12,232.37656499,234.49719832,228.44237910,229.33476257,229.33476257,36684400
2021-05-13,232.02149759,235.66782673,231.65686028,233.20175171,233.20175171,29624300
2021-05-14,235.64863985,239.10304550,235.56228300,238.11470032,238.11470032,23901100
2021-05-17,236.57942290,236.61779884,233.67195847,235.26481628,235.26481628,24970200
2021-05-18,236.31073795,236.44507571,233.07701227,233.24974060,233.24974060,20168000
2021-05-19,230.16245110,233.93260862,229.47959883,233.82681274,233.82681274,25739800
2021-05-20,234.63471685,238.47219104,234.53853345,237.05838013,237.05838013,21800700
2021-05-21,238.10668535,238.83762919,235.38485986,235.79841614,235.79841614,21863100
2021-05-24,238.31830199,241.55949482,238.04900607,241.19401550,241.19401550,21411500
2021-05-25,242.14620572,243.08874154,241.23252199,242.09811401,242.09811401,17704300
2021-05-26,241.81915799,243.27144809,241.16515782,241.87687683,241.87687683,17771600
2021-05-27,241.56909978,241.86724778,239.72249297,239.78019714,239.78019714,24426200
2021-05-28,241.40558245,242.44430146,240.02062377,240.13603210,240.13603210,18270200
2021-06-01,241.62676152,241.68446568,237.51999228,237.94316101,237.94316101,23213300
2021-06-02,238.64533651,239.74175988,236.44286261,237.84706116,237.84706116,19406700
2021-06-03,235.84655012,236.92373380,233.71140769,236.31782532,236.31782532,25307700
2021-06-04,238.28943539,242.03074060,238.04899157,241.20361328,241.20361328,25281100
2021-06-07,240.42459871,244.37749600,240.26109866,244.10820007,244.10820007,23079200
2021-06-08,245.40661365,246.22412861,242.85790005,242.91561890,242.91561890,22455000
2021-06-09,244.10819820,245.76245296,243.53114179,243.89660645,243.89660645,17937600
2021-06-10,244.56983972,247.61866572,243.97354371,247.40707397,247.40707397,24563600
2021-06-11,248.12839587,248.60928351,246.80114128,248.03224182,248.03224182,18999700
2021-06-14,248.04184249,250.01349946,246.98388380,249.95579529,249.95579529,19150500
2021-06-15,249.84037497,250.05196672,247.83026799,248.48426819,248.48426819,18038900
2021-06-16,249.48449296,250.61938071,244.69485634,247.54171753,247.54171753,27220000
2021-06-17,246.28177806,251.74465406,246.22407390,250.92713928,250.92713928,27565500
2021-06-18,249.70574878,252.27367263,248.85938174,249.51338196,249.51338196,37202200
2021-06-21,249.88849317,253.44704456,248.06112577,252.59107971,252.59107971,26696100
2021-06-22,252.67760069,255.63025782,252.36982555,255.36096191,255.36096191,24694100
2021-06-23,255.82263695,256.63052479,254.32226963,255.13015747,255.13015747,19518700
2021-06-24,255.98614035,257.61154310,255.32251298,256.49588013,256.49588013,21446900
2021-06-25,256.05346353,257.03446382,254.63965258,254.88969421,254.88969421,25611100
2021-06-28,256.01495202,258.62135469,255.74565613,258.44824219,258.44824219,19590000
2021-06-29,258.59258793,261.26632279,257.73662296,261.02587891,261.02587891,19937800
2021-06-30,260.34292679,260.98729972,259.29459536,260.54489136,260.54489136,21656500
2021-07-01,259.30421741,261.44898684,259.29461962,261.21817017,261.21817017,16725300
2021-07-02,262.39153415,267.37352296,262.08375902,267.03689575,267.03689575,26458000
2021-07-06,267.40239148,268.69116689,263.81495896,267.04653931,267.04653931,31565600
2021-07-07,268.71999662,269.96069490,266.55600233,269.22973633,269.22973633,23260000
2021-07-08,266.31559289,268.07565824,264.36319007,266.81573486,266.81573486,24618600
2021-07-09,265.18074465,267.42166867,264.79604031,267.31588745,267.31588745,23916700
2021-07-12,268.48923727,269.07590621,266.00784019,266.71957397,266.71957397,18931700
2021-07-13,266.91186048,272.03813907,266.78685435,270.23962402,270.23962402,26120100
2021-07-14,271.55723305,272.81715621,269.82602008,271.71112061,271.71112061,23113700
2021-07-15,271.22067359,271.71118846,269.13360798,270.28775024,270.28775024,22604200
2021-07-16,271.28795248,273.24035507,268.77770381,270.01840210,270.01840210,26186800
2021-07-19,268.26794814,269.65290677,263.95921405,266.42135620,266.42135620,32935600
2021-07-20,267.40233775,270.22995898,265.70000634,268.64303589,268.64303589,26259700
2021-07-21,268.23917701,270.75902408,266.69073257,270.64361572,270.64361572,24364300
2021-07-22,272.99035237,275.47174958,272.58642310,275.20245361,275.20245361,23384100
2021-07-23,276.38537227,278.90521894,275.54863243,278.59747314,278.59747314,22768100
2021-07-26,277.95308264,278.61670999,275.68330685,278.00115967,278.00115967,23176100
2021-07-27,278.36655082,278.51081121,272.13426716,275.58703613,275.58703613,33604100
2021-07-28,277.94340359,279.05906634,272.98064008,275.27929688,275.27929688,33566900
2021-07-29,275.29857403,277.58760412,275.14468645,275.54864502,275.54864502,18168300
2021-07-30,274.26948015,275.70251598,273.05763386,274.01940918,274.01940918,20944800
2021-08-02,275.41400491,275.80833637,272.89415792,273.93289185,273.93289185,16267400
2021-08-03,274.50992753,276.25073853,273.14419365,276.14492798,276.14492798,17879000
2021-08-04,275.27927402,276.59690123,273.76928005,275.55819702,275.55819702,16191300
2021-08-05,275.91411440,278.55899659,275.16393081,278.45318604,278.45318604,13900200
2021-08-06,277.48180835,278.43395653,276.62581422,278.39547729,278.39547729,16589300
2021-08-09,278.67441927,280.40560323,276.80857267,277.30868530,277.30868530,16117600
2021-08-10,277.76071204,278.19352269,274.29834423,275.49093628,275.49093628,18616600
2021-08-11,276.23148694,277.62607292,274.93308436,275.98144531,275.98144531,13955900
2021-08-12,275.67364789,278.88597375,275.39472485,278.73208618,278.73208618,14561300
2021-08-13,278.41473611,281.70399133,278.24159424,281.65591431,281.65591431,18249000
2021-08-16,281.98291303,283.55061152,278.93407230,283.33901978,283.33901978,22507600
2021-08-17,281.21344684,282.21367185,279.95349440,281.87704468,281.87704468,20075300
2021-08-18,281.41455688,284.09340944,279.70893694,280.15222168,280.15222168,21813000
2021-08-19,278.18646435,286.64701649,278.13829529,285.97247314,285.97247314,29850500
2021-08-20,288.81512041,294.71244832,287.21551359,293.28628540,293.28628540,40817600
2021-08-23,292.21673852,294.28850836,290.86768114,293.56579590,293.56579590,22830200
2021-08-24,293.92226209,294.52934512,291.01215116,291.60958862,291.60958862,18175800
2021-08-25,293.22844987,293.50790685,289.48964305,291.02178955,291.02178955,20006100
2021-08-26,290.03896511,291.42657544,288.07320833,288.20809937,288.20809937,17666100
2021-08-27,288.11170436,289.92330819,286.03028907,288.81515503,288.81515503,22605700
2021-08-30,290.16417774,293.15139459,290.10636311,292.54431152,292.54431152,16348100
2021-08-31,293.34417026,293.42124665,290.53039692,290.89657593,290.89657593,26285300
2021-09-01,291.85055818,294.08615578,290.52076255,290.84838867,290.84838867,18983800
2021-09-02,291.20493025,292.32269955,289.25840601,290.19311523,290.19311523,16285600
2021-09-03,290.03890569,291.59034346,289.33548450,290.18347168,290.18347168,14747900
2021-09-07,290.05824109,290.13531748,287.35048081,289.25842285,289.25842285,17180400
2021-09-08,288.87291398,289.67270263,286.64696252,289.28726196,289.28726196,15046800
2021-09-09,289.87511544,291.14709624,286.19409344,286.43499756,286.43499756,19927000
2021-09-10,287.56247190,289.00789677,284.63306927,284.95104980,284.95104980,19633400
2021-09-13,286.72413227,287.67813278,283.38038120,286.18450928,286.18450928,23652900
2021-09-14,288.66098699,290.42442184,287.25411498,288.88262939,288.88262939,21853400
2021-09-15,292.22640510,294.21145312,290.83879472,293.72964478,293.72964478,28356300
2021-09-16,292.70811857,294.20171218,289.81726945,294.11499023,294.11499023,19550800
2021-09-17,293.10328599,293.42126654,288.63209067,288.95971680,288.95971680,41372500
2021-09-20,285.54848666,287.85154439,278.98626014,283.59234619,283.59234619,38278700
2021-09-21,284.93179059,286.71448716,283.37073643,284.07415771,284.07415771,22364100
2021-09-22,285.93394670,289.29695901,283.79471680,287.71661377,287.71661377,26626300
2021-09-23,287.97679024,289.95219226,286.70480943,288.66094971,288.66094971,18604600
2021-09-24,287.37943315,288.89228909,286.12671373,288.45867920,288.45867920,14999000
2021-09-27,285.36530500,285.68328540,282.28172151,283.46697998,283.46697998,23571700
2021-09-28,279.25610140,280.20045633,272.46261559,273.20458984,273.20458984,43186200
2021-09-29,274.72712903,276.33635247,272.71317365,273.66714478,273.66714478,26353700
2021-09-30,275.31483525,277.35769733,271.37364768,271.66275024,271.66275024,32343600
2021-10-01,271.85548904,279.42953022,271.05570027,278.58154297,278.58154297,30086300
2021-10-04,276.94337119,277.28064284,270.05351922,272.80944824,272.80944824,31350700
2021-10-05,273.71531146,279.83428338,273.71531146,278.25396729,278.25396729,24993000
2021-10-06,275.38235144,282.94674765,275.12218554,282.44564819,282.44564819,28002600
2021-10-07,284.44035604,285.84725753,283.22621906,284.12237549,284.12237549,20430500
2021-10-08,285.44252560,285.84725753,283.07203687,284.12237549,284.12237549,17685700
2021-10-11,282.26256704,287.12881876,282.09873929,283.52490234,283.52490234,19298600
2021-10-12,284.59445655,284.69082407,281.71325300,282.22396851,282.22396851,17974100
2021-10-13,284.18020884,286.46397575,282.81186016,285.52926636,285.52926636,23416300
2021-10-14,288.32371333,292.23599436,286.99391773,291.73492432,291.73492432,27262900
2021-10-15,291.33985674,293.37310318,289.58606737,293.14181519,293.14181519,25384800
2021-10-18,292.52508643,296.99625198,291.67709915,296.10974121,296.10974121,22729300
2021-10-19,297.13119326,298.04661141,296.04230176,297.01556396,297.01556396,17682100
2021-10-20,297.95987037,298.43206249,294.97265313,296.22537231,296.22537231,16537100
2021-10-21,295.99417162,299.70407261,295.21361500,299.45355225,299.45355225,16918100
2021-10-22,299.10661846,299.77151634,296.60120916,297.91174316,297.91174316,17449300
2021-10-25,298.10432714,298.14288003,295.30984573,296.91909790,296.91909790,17554500
2021-10-26,299.68475078,301.03380808,297.37207691,298.82711792,298.82711792,28107300
2021-10-27,304.50284339,314.23537686,304.50284339,311.41198730,311.41198730,52588700
2021-10-28,312.52968956,313.05005065,309.66774772,312.54898071,312.54898071,26297900
2021-10-29,312.33708576,319.92074448,312.11544333,319.55456543,319.55456543,34766000
2021-11-01,319.30400131,319.42927618,314.49556360,317.38641357,317.38641357,27073200
2021-11-02,318.29211630,321.31788578,317.99339758,321.00952148,321.00952148,26487100
2021-11-03,321.75153286,322.71514933,318.61977934,321.84790039,321.84790039,21500100
2021-11-04,320.77836089,324.29555578,317.52133190,324.19918823,324.19918823,23992200
2021-11-05,326.19384962,326.46366108,322.25266144,323.83297729,323.83297729,22570100
2021-11-08,325.02790584,325.36517757,322.27197615,324.72918701,324.72918701,20897000
2021-11-09,324.84478968,326.39622776,322.35867170,323.72702026,323.72702026,21307400
2021-11-10,322.39716561,322.45498025,317.91635496,318.76431274,318.76431274,25500900
2021-11-11,319.19796157,321.62626454,318.48489478,320.33502197,320.33502197,16849800
2021-11-12,321.77084906,324.96041747,321.64557421,324.46896362,324.46896362,23831000
2021-11-15,325.25910770,325.58673377,321.87680452,323.84259033,323.84259033,16723000
2021-11-16,323.46680278,328.27526945,323.30300443,327.15747070,327.15747070,20886800
2021-11-17,327.20575535,330.34323897,326.29829619,327.37951660,327.37951660,19053400
2021-11-18,326.47205876,330.59424842,325.44875877,329.45507812,329.45507812,22463500
2021-11-19,330.77765367,333.15247904,330.35288432,331.23135376,331.23135376,21963400
2021-11-22,332.68905611,337.56423994,327.79457531,328.06488037,328.06488037,31031100
2021-11-23,325.38109463,327.69802862,322.01193016,325.98928833,325.98928833,30427600
2021-11-24,324.63785231,326.45277068,322.34990736,326.21142578,326.21142578,21661300
2021-11-26,322.77460052,326.23064573,316.76027640,318.26626587,318.26626587,24217200
2021-11-29,323.34418392,327.29258220,323.15109625,324.97567749,324.97567749,28563500
2021-11-30,323.71103060,326.08585570,317.60016244,319.14477539,319.14477539,42885600
2021-12-01,323.52761919,327.53393801,317.98635059,318.65243530,318.65243530,33337600
2021-12-02,318.86487138,321.94443468,316.45142237,318.08291626,318.08291626,30766000
2021-12-03,320.49632900,321.18176965,307.01963950,311.82723999,311.82723999,41779300
2021-12-06,312.73474532,316.11357405,308.17815225,314.89718628,314.89718628,30032600
2021-12-07,320.15847702,324.17442988,318.67178431,323.32492065,323.32492065,31021900
2021-12-08,323.70139444,323.88481890,319.34752351,323.37316895,323.37316895,24761000
2021-12-09,322.83257698,324.84055346,320.62184957,321.56793213,321.56793213,22214200
2021-12-10,323.38276520,331.12509650,323.19934078,330.68103027,330.68103027,38095700
2021-12-13,328.88552606,331.88787204,327.34091276,327.64984131,327.64984131,28899400
2021-12-14,321.68374322,323.05459501,312.88912107,316.97268677,316.97268677,44438700
2021-12-15,317.23336912,323.58558324,313.26567319,323.06427002,323.06427002,35381100
2021-12-16,324.08754450,325.10121065,311.83687626,313.65179443,313.65179443,35034800
2021-12-17,309.77095235,313.67109345,306.26662035,312.58984375,312.58984375,47750300
2021-12-20,308.96970202,311.62449569,306.57557968,308.83456421,308.83456421,28326500
2021-12-21,312.09749750,316.38378416,308.72830355,315.95901489,315.95901489,24740600
2021-12-22,316.93407614,322.06023890,314.47237021,321.66445923,321.66445923,24831500
2021-12-23,321.23003613,324.74403173,321.21073914,323.10287476,323.10287476,19617800
2021-12-27,323.84621520,330.62319849,323.81725499,330.59423828,330.59423828,19947000
2021-12-28,331.26991431,331.90706821,328.53790375,329.43569946,329.43569946,15661500
2021-12-29,329.48396057,332.38009862,327.92005073,330.11148071,330.11148071,15042000
2021-12-30,330.07290011,331.25066425,327.08988106,327.57257080,327.57257080,15994500
2021-12-31,326.79066689,327.61121601,324.22275355,324.67648315,324.67648315,18000800
2022-01-03,323.74000016,326.29824977,318.36282962,323.16076660,323.16076660,28865100
2022-01-04,323.23799293,323.59520807,314.82954604,317.61950684,317.61950684,32674300
2022-01-05,314.57850479,314.78125567,305.04058144,305.42672729,305.42672729,40054300
2022-01-06,302.30853761,307.66641068,300.70600436,303.01327515,303.01327515,39646100
2022-01-07,303.27399378,305.54264172,299.35455498,303.16781616,303.16781616,32720000
2022-01-10,298.77531831,303.82426414,294.14150808,303.38983154,303.38983154,44289500
2022-01-11,302.53061284,305.64876957,299.16144803,304.07522583,304.07522583,29386800
2022-01-12,308.60283643,312.21334585,306.10247793,307.25128174,307.25128174,34372200
2022-01-13,309.37509520,309.77090424,293.47529748,294.24758911,294.24758911,45366000
2022-01-14,293.71673417,300.05928501,293.23404438,299.46075439,299.46075439,39846400
2022-01-18,293.54290976,299.07451465,291.29355935,292.17205811,292.17205811,42333200
2022-01-19,295.68606598,303.04225232,292.22035745,292.82852173,292.82852173,45933900
2022-01-20,298.36977037,300.86043586,290.71432003,291.15838623,291.15838623,35380700
2022-01-21,292.21074246,293.58156495,285.37583866,285.78131104,285.78131104,57984400
2022-01-24,282.08391143,286.82389902,266.49300840,286.10952759,286.10952759,85731500
2022-01-25,281.42751052,284.77737963,275.29737232,278.50241089,278.50241089,72848600
2022-01-26,297.32725544,297.81960846,282.88518478,286.43777466,286.43777466,90428900
2022-01-27,292.18178913,296.66113509,287.61553308,289.45941162,289.45941162,53481300
2022-01-28,289.83586479,297.80024475,284.25597309,297.58786011,297.58786011,49743700
2022-01-31,298.25396516,301.56520929,295.76326991,300.21368408,300.21368408,46444500
2022-02-01,299.66345746,299.87584213,294.56625482,298.07058716,298.07058716,40950400
2022-02-02,298.91042846,304.21035194,298.18639391,302.60781860,302.60781860,36636000
2022-02-03,298.77530516,300.45508560,289.57523930,290.82058716,290.82058716,43730000
2022-02-04,289.81654050,298.10914598,289.58485887,295.34817505,295.34817505,35096500
2022-02-07,295.57025756,297.18242485,289.51730918,290.53097534,290.53097534,28533300
2022-02-08,290.82055710,294.98134014,289.56557560,294.01596069,294.01596069,32421200
2022-02-09,299.14215544,301.13083495,296.74803302,300.43576050,300.43576050,31284700
2022-02-10,293.51397138,298.41808595,290.28960761,291.91143799,291.91143799,45386200
2022-02-11,292.69346088,293.75538440,284.03400417,284.82562256,284.82562256,39175600
2022-02-14,283.59946860,286.48597276,281.26326717,284.78689575,284.78689575,36359500
2022-02-15,289.62349962,290.38612818,286.73699501,290.06756592,290.06756592,27058300
2022-02-16,288.63589511,291.05433447,284.09890053,289.72903442,289.72903442,29982100
2022-02-17,286.69138588,287.11703345,280.53889193,281.24508667,281.24508667,32461600
2022-02-18,283.48942719,284.27299912,276.96932465,278.53646851,278.53646851,34264000
2022-02-22,275.70205014,282.02869492,275.21836233,278.33331299,278.33331299,41736100
2022-02-23,280.71306990,282.18349984,270.96193596,271.12637329,271.12637329,37811200
2022-02-24,263.61946112,285.53050648,262.66173947,284.97909546,284.97909546,56989700
2022-02-25,285.51131514,287.92007150,282.13515344,287.61050415,287.61050415,32546700
2022-02-28,284.70829174,289.38073212,283.44103215,289.04214478,289.04214478,34627500
2022-03-01,286.73013056,290.18366864,282.61878414,285.32745361,285.32745361,31217800
2022-03-02,285.72404368,291.63472396,284.11822616,290.39648438,290.39648438,31873000
2022-03-03,293.00838616,293.24054684,284.45676056,286.26577759,286.26577759,27314500
2022-03-04,284.68900016,286.01430013,277.80128997,280.40350342,280.40350342,32356500
2022-03-07,279.11687845,280.23903768,269.44312253,269.81072998,269.81072998,43157200
2022-03-08,268.73688932,274.69592566,261.19137259,266.85052490,266.85052490,48159500
2022-03-09,274.19294194,280.15197917,271.61971931,279.08786011,279.08786011,35204500
2022-03-10,273.78669472,277.24991669,271.42629535,276.27285767,276.27285767,30628000
2022-03-11,278.56543861,280.06488834,270.31372684,270.93286133,270.93286133,27209300
2022-03-14,271.19402290,276.08894018,266.82149661,267.42126465,267.42126465,30660700
2022-03-15,271.20380835,278.43010667,269.63666429,277.78195190,277.78195190,34245100
2022-03-16,279.67799420,284.95988715,273.96082939,284.78576660,284.78576660,37826300
2022-03-17,283.72165588,285.96594529,279.92952976,285.58868408,285.58868408,30816600
2022-03-18,285.73368363,291.18001217,283.17982778,290.62860107,290.62860107,43390600
2022-03-21,289.13893516,290.34815477,285.27908607,289.40011597,289.40011597,28351200
2022-03-22,290.01928896,295.04965555,289.02289294,294.14031982,294.14031982,27599700
2022-03-23,290.70604129,293.33730401,288.00705519,289.71929932,289.71929932,25715400
2022-03-24,289.38077989,294.27569855,288.58752474,294.17895508,294.17895508,24484500
2022-03-25,295.27206341,295.53324419,289.52585002,293.77261353,293.77261353,22566500
2022-03-28,294.40142140,300.66034310,294.40142140,300.56362915,300.56362915,29578200
2022-03-29,303.66887072,305.51656161,298.96741006,305.11993408,305.11993408,30393400
2022-03-30,303.52379997,305.64235505,301.41489857,303.62051392,303.62051392,28163600
2022-03-31,303.65918223,304.85874800,297.84527519,298.25155640,298.25155640,33422100
2022-04-01,299.27702244,300.01223743,295.57198641,299.32540894,299.32540894,27110500
2022-04-04,299.97347755,304.82969213,299.60587012,304.69427490,304.69427490,24289600
2022-04-05,303.04974427,304.59755114,299.76067313,300.73773193,300.73773193,23156700
2022-04-06,295.23340475,296.98435248,287.03004784,289.72903442,289.72903442,40110400
2022-04-07,286.98169339,293.74364043,286.68180927,291.53802490,291.53802490,31411200
2022-04-08,290.63838082,291.29618926,286.61409405,287.28158569,287.28158569,24361900
2022-04-11,282.27060690,283.06383266,275.70211663,275.95364380,275.95364380,34569300
2022-04-12,279.80375251,281.25481613,271.33921470,272.85800171,272.85800171,30966700
2022-04-13,273.50618081,279.16530584,272.12281093,278.23663330,278.23663330,21907200
2022-04-14,278.69127782,278.90410166,270.20740307,270.70074463,270.70074463,28221600
2022-04-18,269.81070368,273.24487489,269.25929256,271.36816406,271.36816406,20778000
2022-04-19,270.26537160,276.83385950,269.32701618,275.99221802,275.99221802,22297700
2022-04-20,279.95849984,280.24873024,276.05997726,277.01766968,277.01766968,22906700
2022-04-21,279.16514645,283.73115897,270.92311966,271.64865112,271.64865112,29454600
2022-04-22,272.49038413,273.96081411,264.46117751,265.08996582,265.08996582,29405800
2022-04-25,264.37411221,271.93896771,261.93630656,271.56170654,271.56170654,35678900
2022-04-26,268.44672903,269.27865787,261.19141203,261.40423584,261.40423584,46518400
2022-04-27,272.89670745,281.47732570,270.05262036,273.98016357,273.98016357,63477700
2022-04-28,275.88584973,281.48696272,272.27752811,280.18099976,280.18099976,33646600
2022-04-29,279.19431973,280.42290591,267.47941279,268.46612549,268.46612549,37073900
2022-05-02,268.64992230,275.64405989,267.20854182,275.18939209,275.18939209,35151100
2022-05-03,274.69596890,274.86043575,271.01027021,272.58709717,272.58709717,25978600
2022-05-04,273.37064256,281.39019382,267.70183623,280.51956177,280.51956177,33599300
2022-05-05,276.22453874,277.00811090,265.38991622,268.30172729,268.30172729,43260400
2022-05-06,265.84455848,270.13970967,262.42003966,265.76718140,265.76718140,37780300
2022-05-09,261.24942477,263.47437661,254.72932336,255.94819641,255.94819641,47726000
2022-05-10,262.82628815,264.81907960,256.42226618,260.70773315,260.70773315,39336400
2022-05-11,257.01232381,262.50700974,250.84046320,252.04968262,252.04968262,48975900
2022-05-12,249.28304954,251.40160471,241.86327961,247.01939392,247.01939392,51033800
2022-05-13,248.95415457,254.45852494,247.01940308,252.60115051,252.60115051,34925100
2022-05-16,251.47893762,257.14777365,247.43531494,252.96870422,252.96870422,32550900
2022-05-17,257.42834582,259.57592116,253.89743025,258.11520386,258.11520386,28828800
2022-05-18,255.01236816,255.59415134,245.09306992,246.36328125,246.36328125,31356000
2022-05-19,246.18872524,249.84424444,244.23008589,245.45181274,245.45181274,32692300
2022-05-20,249.42729026,250.68782539,238.95531160,244.88943481,244.88943481,39199300
2022-05-23,247.73044594,253.55790920,245.73299836,252.73371887,252.73371887,33175400
2022-05-24,250.05754673,253.39304206,245.80086275,251.73498535,251.73498535,29043900
2022-05-25,250.29997184,256.54435357,249.32063737,254.54692078,254.54692078,28547900
2022-05-26,254.30452267,258.99752229,253.49003807,257.82427979,257.82427979,25002100
2022-05-27,260.32596256,265.03834453,259.43389100,264.94137573,264.94137573,26910800
2022-05-31,264.25293463,266.42489366,260.76226505,263.61297607,263.61297607,37827700
2022-06-01,266.84180660,269.25617238,261.83851940,264.14624023,264.14624023,25292200
2022-06-02,256.41840556,266.30860379,253.65495694,266.24072266,266.24072266,44008200
2022-06-03,262.10035346,265.14500204,260.25806470,261.81915283,261.81915283,28059000
2022-06-06,263.79717608,265.85278415,259.10417682,260.58770752,260.58770752,22400300
2022-06-07,258.54180604,264.83468672,257.86305413,264.22381592,264.22381592,22860700
2022-06-08,263.45786292,264.70869250,261.42163630,262.19735718,262.19735718,17372300
2022-06-09,259.64716612,264.42742840,256.59284170,256.74798584,256.74798584,26439700
2022-06-10,252.66584504,252.66584504,244.86034549,245.30638123,245.30638123,31422800
2022-06-13,237.66571545,241.45696760,234.19444258,234.90226746,234.90226746,46135800
2022-06-14,236.45367381,238.27658065,234.17504027,237.06454468,237.06454468,28651500
2022-06-15,240.76850760,247.54621774,238.93590989,244.11372375,244.11372375,33111700
2022-06-16,238.50927270,239.90554045,235.63917992,237.52995300,237.52995300,33169200
2022-06-17,237.26813835,242.89198773,236.61848890,240.12854004,240.12854004,43084800
2022-06-21,242.65929626,247.01293487,241.93207467,246.03361511,246.03361511,29928300
2022-06-22,244.23977847,249.35943174,242.76593867,245.44212341,245.44212341,25939900
2022-06-23,247.80802019,251.49259751,245.92693810,250.99807739,250.99807739,25861400
2022-06-24,253.85851329,259.84113599,253.77125025,259.56964111,259.56964111,33923200
2022-06-27,260.06411563,260.15137866,255.28385305,256.84497070,256.84497070,24615100
2022-06-28,255.96261499,258.80362020,248.53525501,248.69039917,248.69039917,27295500
2022-06-29,249.76663880,254.01361700,247.99221661,252.35556030,252.35556030,20069800
2022-06-30,249.24307416,251.64776427,245.21912051,249.02975464,249.02975464,31730900
2022-07-01,248.60312434,251.88044459,246.87717159,251.69621277,251.69621277,22837700
2022-07-05,248.38013900,254.99301511,247.00326776,254.86695862,254.86695862,22941000
2022-07-06,255.73959934,259.85081603,254.43059452,258.12487793,258.12487793,23824400
2022-07-07,257.06791063,260.88824940,256.97094186,260.24829102,260.24829102,20859900
2022-07-08,256.74799310,259.95746175,255.29355005,259.53082275,259.53082275,19658800
2022-07-11,257.58186282,258.43514082,254.21724998,256.47650146,256.47650146,19455200
2022-07-12,257.80490257,257.86307793,244.38522913,245.96572876,245.96572876,35868500
2022-07-13,242.59142655,245.84937984,240.57459692,245.04458618,245.04458618,29497400
2022-07-14,242.95988957,247.39108539,238.47050360,246.36328125,246.36328125,25102800
2022-07-15,247.95346695,252.46223475,247.03232259,248.92309570,248.92309570,29774100
2022-07-18,251.86108034,252.91797218,245.60697755,246.52812195,246.52812195,20975000
2022-07-19,249.75693265,251.83195215,245.97538686,251.64772034,251.64772034,25012600
2022-07-20,252.00651939,256.82557571,251.04659635,254.30453491,254.30453491,22788300
2022-07-21,251.89980498,256.84491642,249.22362076,256.79641724,256.79641724,22404700
2022-07-22,257.18433854,257.27160158,251.20174529,252.45254517,252.45254517,21881300
2022-07-25,253.07311692,253.55793132,249.01036988,250.96900940,250.96900940,21056000
2022-07-26,251.96771792,251.98712944,241.99025919,244.24948120,244.24948120,39348000
2022-07-27,253.22828984,261.84827547,250.98844943,260.57806396,260.57806396,45994000
2022-07-28,261.55737470,269.40166831,259.73446778,268.01510620,268.01510620,33459300
2022-07-29,269.26594215,273.43533434,268.22843218,272.21359253,272.21359253,32152800
2022-08-01,269.38223548,272.73714228,267.46236012,269.56646729,269.56646729,21539600
2022-08-02,267.61757418,269.45018699,264.10752233,266.47341919,266.47341919,22754200
2022-08-03,268.35445010,274.88973811,268.20898212,273.89102173,273.89102173,23518900
2022-08-04,273.24130704,275.18056409,271.66083740,275.03512573,275.03512573,18098700
2022-08-05,270.67184411,275.03517324,270.21611744,274.31765747,274.31765747,16774600
2022-08-08,275.42309356,277.23632456,270.83676753,271.80639648,271.80639648,18739200
2022-08-09,271.14697951,274.48247496,269.17860487,273.72616577,273.72616577,23405200
2022-08-10,279.41797602,281.00815204,278.22532181,280.37789917,280.37789917,24687800
2022-08-11,282.01655144,282.36560361,277.80836586,278.30285645,278.30285645,20065900
2022-08-12,279.71858273,283.04440308,278.22534579,283.04440308,283.04440308,22619700
2022-08-15,282.16193138,285.24534333,281.29894770,284.55691528,284.55691528,18085700
2022-08-16,283.12193436,285.10969137,281.59963947,283.82006836,283.82006836,18102900
2022-08-17,281.53655645,285.04436162,281.27421166,283.07183838,283.07183838,18253400
2022-08-18,281.97386032,283.64516319,280.89527230,281.95443726,281.95443726,17186200
2022-08-19,280.72029529,281.06039158,277.47486512,278.04815674,278.04815674,20570000
2022-08-22,274.09343876,274.46268454,269.37105447,269.88604736,269.88604736,25061100
2022-08-23,268.61309814,270.96456357,267.60253558,268.61309814,268.61309814,17527400
2022-08-24,267.61232158,269.38079904,267.32079768,267.98156738,267.98156738,18137000
2022-08-25,269.47785127,271.12000411,266.74741410,270.95483398,270.95483398,16583400
2022-08-26,271.17837197,272.40270698,260.39267091,260.49954224,260.49954224,27549300
2022-08-29,258.32299173,259.82909470,256.37961775,257.72055054,257.72055054,20338500
2022-08-30,259.11969712,259.48891314,253.27985075,255.52444458,255.52444458,22767100
2022-08-31,257.87599646,259.54726943,253.93092043,254.06697083,254.06697083,24791800
2022-09-01,251.54057249,253.50339892,248.17854426,253.02725220,253.02725220,23263400
2022-09-02,254.29046301,257.24436971,247.26515634,248.81013489,248.81013489,22855400
2022-09-06,248.94620018,250.53002495,244.80680442,246.07971191,246.07971191,21328200
2022-09-07,247.48862094,251.50167728,246.05052866,250.78263855,250.78263855,24126700
2022-09-08,250.21908643,253.05639538,247.57608223,251.20046997,251.20046997,20319900
2022-09-09,253.12444857,257.72053848,252.92040261,256.97232056,256.97232056,22084700
2022-09-12,258.25494840,259.87767861,257.65250726,259.10031128,259.10031128,18747700
2022-09-13,251.51140762,253.02723665,244.46667832,244.85536194,244.85536194,33353300
2022-09-14,246.35174948,247.03192726,242.78566076,245.07884216,245.07884216,23913000
2022-09-15,242.69823034,244.28206984,237.11103092,238.43252563,238.43252563,31530900
2022-09-16,237.34423331,238.35479597,235.20652512,237.81065369,237.81065369,39791800
2022-09-19,235.60493213,238.19933447,234.03080404,237.59689331,237.59689331,26826900
2022-09-20,235.21626404,236.61548078,232.85505707,235.58549500,235.58549500,26660300
2022-09-21,237.35396708,240.64798513,232.13599826,232.18458557,232.18458557,28625600
2022-09-22,231.13515765,236.95556750,230.84366344,234.15710449,234.15710449,31061200
2022-09-23,232.75785901,234.30285236,228.54074169,231.18373108,231.18373108,34176000
2022-09-26,230.33838195,234.61379837,230.19262002,230.72705078,230.72705078,27694200
2022-09-27,233.18540604,234.95388323,227.86056626,229.71649170,229.71649170,27018700
2022-09-28,230.10514221,235.46885735,228.08403195,234.24453735,234.24453735,29029700
2022-09-29,232.12626359,233.15624925,227.77311079,230.77561951,230.77561951,27484200
2022-09-30,231.54325398,233.72954940,226.14067744,226.30586243,226.30586243,35694800
2022-10-03,228.74481158,234.76926726,228.01604642,233.92390442,233.92390442,28880400
2022-10-04,238.15074851,243.27154284,238.04386236,241.83345032,241.83345032,34888400
2022-10-05,239.02527194,243.48531136,237.18878424,242.14437866,242.14437866,20347100
2022-10-06,240.91033482,243.25210389,239.11272288,239.80261230,239.80261230,20239900
2022-10-07,234.07937973,234.48750130,226.56824378,227.60795593,227.60795593,37769600
2022-10-10,226.45162940,227.91887125,220.31056123,222.75921631,222.75921631,29743600
2022-10-11,221.17534309,222.57457445,217.76472779,219.02792358,219.02792358,30474000
2022-10-12,219.01821056,221.40856674,217.61899394,219.35830688,219.35830688,21903900
2022-10-13,213.62538135,229.41529425,212.92576556,227.60795593,227.60795593,42551800
2022-10-14,228.87113094,230.52301056,221.87498807,222.08876038,222.08876038,30198600
2022-10-17,229.14321797,232.19431433,228.48246315,230.80479431,230.80479431,28142300
2022-10-18,236.35311547,237.02356695,228.70592986,231.74731445,231.74731445,26329600
2022-10-19,230.32865768,232.82590014,227.65651868,229.78451538,229.78451538,19985700
2022-10-20,229.09462099,234.47775981,228.22009390,229.46385193,229.46385193,21811000
2022-10-21,228.09379218,236.11992077,227.86058198,235.26483154,235.26483154,26299700
2022-10-24,236.85841041,240.82289503,234.46806877,240.24960327,240.24960327,24911200
2022-10-25,240.25927476,243.93224970,238.86976974,243.56301880,243.56301880,34775500
2022-10-26,224.62485270,231.55298485,223.54627967,224.77061462,224.77061462,82543200
2022-10-27,224.49853206,227.07351121,219.38746436,220.33000183,220.33000183,40424600
2022-10-28,219.83446745,229.90114515,219.64984456,229.19180298,229.19180298,40647700
2022-10-31,227.14151774,228.26867807,224.60541441,225.55767822,225.55767822,28357300
2022-11-01,227.95773174,229.06545411,220.89356447,221.70977783,221.70977783,30592300
2022-11-02,222.96327583,224.75117612,213.80997247,213.86828613,213.86828613,38407000
2022-11-03,213.85857768,214.16952463,207.92156981,208.18392944,208.18392944,36633900
2022-11-04,211.39052094,215.31613010,207.38716020,215.12179565,215.12179565,36789100
2022-11-07,215.70476543,221.94299312,215.01486125,221.41827393,221.41827393,33498000
2022-11-08,222.22479913,225.09127262,219.44577390,222.38998413,222.38998413,28192500
2022-11-09,220.93245233,222.15678735,217.97853059,218.15342712,218.15342712,27852900
2022-11-10,228.76424006,236.44057547,228.34642181,236.10047913,236.10047913,46268000
2022-11-11,236.11021053,240.96864514,235.08020994,240.11355591,240.11355591,34620200
2022-11-14,235.13851262,237.00414964,232.43722428,234.71096802,234.71096802,31123300
2022-11-15,238.70459112,240.00664792,233.23398950,235.11906433,235.11906433,31390100
2022-11-16,236.58067882,237.56485775,234.27129594,235.54779053,235.54779053,24093300
2022-11-17,231.69883199,237.02893923,231.55267415,235.49908447,235.49908447,23123500
2022-11-18,237.28230020,237.50642873,232.91687901,235.05087280,235.05087280,27613500
2022-11-21,235.25548063,238.41262379,235.02162809,235.85963440,235.85963440,26394700
2022-11-22,237.36023777,239.03625035,234.55390322,238.76341248,238.76341248,19665700
2022-11-23,238.84138307,241.93030945,238.02286940,241.24821472,241.24821472,19508500
2022-11-25,240.98511818,242.33956875,240.41994972,241.16052246,241.16052246,9200800
2022-11-28,239.78656582,240.34198047,234.64160172,235.57704163,235.57704163,24778200
2022-11-29,235.22623624,236.58068666,232.11783235,234.18360901,234.18360901,17956300
2022-11-30,234.41748502,248.79999608,233.72563656,248.61485291,248.61485291,47594200
2022-12-01,247.37732527,249.56978201,244.50277385,248.17636108,248.17636108,26041500
2022-12-02,243.43091661,249.51132050,243.30423658,248.49792480,248.49792480,21528500
2022-12-05,245.56488518,247.32860725,241.71590868,243.80117798,243.80117798,23435300
2022-12-06,244.40532476,245.41872038,237.54536334,238.85108948,238.85108948,22463700
2022-12-07,238.56852718,239.86451450,236.01553787,238.12028503,238.12028503,20481500
2022-12-08,238.57827343,242.37854081,236.84379769,241.07279968,241.07279968,22611800
2022-12-09,238.44184528,241.95952087,237.91566221,239.14343262,239.14343262,20609700
2022-12-12,241.12151949,246.08134033,240.84868162,246.05210876,246.05210876,30665100
2022-12-13,254.99733220,257.17031110,246.59779176,250.34933472,250.34933472,42196900
2022-12-14,250.55396789,255.87432140,247.80608157,250.64166260,250.64166260,35410900
2022-12-15,247.23116611,247.69888605,241.01432850,242.64161682,242.64161682,35560400
2022-12-16,242.19341116,243.45041325,237.28229932,238.43212891,238.43212891,86102000
2022-12-19,238.59775582,238.93881059,232.60504677,234.30053711,234.30053711,29696400
2022-12-20,233.27739832,236.69764045,232.32246574,235.61602783,235.61602783,25150800
2022-12-21,235.50887122,239.33835581,233.96927734,238.17878723,238.17878723,23690600
2022-12-22,235.08982056,235.80116166,227.88881886,232.09834290,232.09834290,28651700
2022-12-23,230.07153768,232.76094591,227.95703675,232.62452698,232.62452698,21207000
2022-12-27,232.59530119,232.81941483,229.79870551,230.89981079,230.89981079,16688600
2022-12-28,230.83161149,233.58923691,228.18117346,228.53196716,228.53196716,17457100
2022-12-29,229.62330204,235.73295246,229.62330204,234.84622192,234.84622192,19770700
2022-12-30,232.11785074,233.82309497,230.60748860,233.68667603,233.68667603,21938500
2023-01-03,236.86327748,239.46499096,231.32853466,233.45278931,233.45278931,25740000
2023-01-04,226.33952555,226.91443295,220.18116489,223.24085999,223.24085999,50623400
2023-01-05,221.38940462,221.73045939,216.08852910,216.62446594,216.62446594,39585600
2023-01-06,217.29681103,219.98621913,213.74016514,219.17744446,219.17744446,43613600
2023-01-09,220.65858404,225.32608909,220.61961358,221.31144714,221.31144714,27369800
2023-01-10,221.93507290,225.39428525,221.51607721,222.99720764,222.99720764,27033900
2023-01-11,225.37478379,229.91560850,225.19939440,229.74021912,229.74021912,28669300
2023-01-12,229.24327425,233.76460672,227.58675434,232.41015625,232.41015625,27269500
2023-01-13,230.93877605,233.24815905,228.91196981,233.11174011,233.11174011,21333300
2023-01-17,231.88395783,234.74877020,231.02645893,234.20309448,234.20309448,29831300
2023-01-18,235.39190402,236.18118606,229.49662855,229.77920532,229.77920532,30028700
2023-01-19,227.80113628,229.49664159,224.78041203,225.99844360,225.99844360,28623000
2023-01-20,228.85351142,234.58313656,228.51245664,234.07643127,234.07643127,35389800
2023-01-23,234.93392297,238.89982583,233.52099453,236.37606812,236.37606812,31934000
2023-01-24,236.29812620,237.71103985,234.29081253,235.84988403,235.84988403,40234400
2023-01-25,228.48323496,237.07767305,224.99479069,234.45646667,234.45646667,66526600
2023-01-26,237.41869977,241.95952488,235.81090410,241.65745544,241.65745544,33454500
2023-01-27,242.62215979,243.44067347,240.51739758,241.81338501,241.81338501,26498900
2023-01-30,238.25671542,239.31885025,236.00579544,236.50276184,236.50276184,25867400
2023-01-31,237.22382584,241.60873950,236.73661321,241.47232056,241.47232056,26541100
2023-02-01,241.65746032,248.65382643,239.19216564,246.28598022,246.28598022,31259900
2023-02-02,252.20073974,257.92061096,250.67088503,257.83291626,257.83291626,39940400
2023-02-03,252.90232042,257.44314535,250.52472060,251.74275208,251.74275208,29077300
2023-02-06,250.85604880,251.69404028,248.26407397,250.20317078,250.20317078,22518000
2023-02-07,253.86695620,261.89620907,253.42845303,260.71716309,260.71716309,50841400
2023-02-08,266.21304209,269.68199427,259.40178804,259.90850830,259.90850830,54686000
2023-02-09,266.79763306,266.97305221,256.07895485,256.87799072,256.87799072,42375100
2023-02-10,254.84145249,257.33597892,253.99370722,256.37130737,256.37130737,25818500
2023-02-13,260.79522522,267.57721760,260.31773656,264.38110352,264.38110352,44630900
2023-02-14,265.69653267,267.93769874,262.39321696,265.20932007,265.20932007,37047900
2023-02-15,262.11264224,264.46689243,260.02213509,263.08950806,263.08950806,28922400
2023-02-16,257.91212264,260.56919906,255.84117171,256.08538818,256.08538818,29603600
2023-02-17,253.38925994,254.07304818,250.07767023,252.09001160,252.09001160,30000100
2023-02-21,248.59281657,249.57946062,245.76967487,246.82469177,246.82469177,28397400
2023-02-22,248.21185946,248.45607594,244.54861223,245.69154358,245.69154358,22491100
2023-02-23,249.64784665,250.89823381,244.68536610,248.87612915,248.87612915,29219100
2023-02-24,244.17741496,245.19334898,242.36044373,243.45452881,243.45452881,24990900
2023-02-27,246.61958212,246.97125446,243.62059653,244.37278748,244.37278748,21190000
2023-02-28,243.30796249,245.67197585,242.97581681,243.64985657,243.64985657,22491000
2023-03-01,244.95888751,245.12495293,240.10386280,240.57276917,240.57276917,27565300
2023-03-02,240.84627541,245.58406578,239.92801914,245.30078125,245.30078125,24808200
2023-03-03,246.35581883,249.70646178,245.57432311,249.38409424,249.38409424,30760100
2023-03-06,250.49771263,254.10235015,250.05812597,250.92753601,250.92753601,24109800
2023-03-07,250.37071775,251.72857566,247.52804932,248.27046204,248.27046204,21473200
2023-03-08,248.16301768,248.65145066,245.00774486,247.83088684,247.83088684,17340200
2023-03-09,249.90184936,253.55531840,245.75993245,246.48281860,246.48281860,26653400
2023-03-10,245.27151299,246.94194548,241.87202354,242.83911133,242.83911133,28333900
2023-03-13,241.67662168,251.94349200,240.04525739,248.04579163,248.04579163,33339700
2023-03-14,250.81033489,255.03040299,249.94092479,254.75688171,254.75688171,33620300
2023-03-15,253.96566622,260.31529604,253.21346023,259.29934692,259.29934692,46028000
2023-03-16,259.07467555,270.16211284,257.18933095,269.81045532,269.81045532,54768800
2023-03-17,271.82272077,276.77540834,269.92759850,272.96563721,272.96563721,69527400
2023-03-20,270.57236463,271.06079765,263.60730505,265.93225098,265.93225098,43466600
2023-03-21,268.52093921,268.63815836,263.28492179,267.44638062,267.44638062,34558700
2023-03-22,267.07512101,274.53839051,265.88334346,265.99081421,265.99081421,34873300
2023-03-23,271.51009351,274.55791015,268.83349065,271.23657227,271.23657227,36610900
2023-03-24,270.82627423,274.13786372,268.91162554,274.07925415,274.07925415,28172000
2023-03-27,274.01091982,274.94870286,269.14611629,269.98623657,269.98623657,26840200
2023-03-28,269.40986603,269.75177507,265.75636714,268.86282349,268.86282349,21878600
2023-03-29,272.50647003,274.63606009,271.96920578,274.02062988,274.02062988,25087000
2023-03-30,277.65464883,277.87930894,274.96826719,277.47879028,277.47879028,25053400
2023-03-31,277.16617754,282.57799326,276.45305469,281.63043213,281.63043213,32766000
2023-04-03,279.89157838,281.60109353,277.38105593,280.58517456,280.58517456,24883300
2023-04-04,280.58514657,283.73065533,279.06123846,280.53628540,280.53628540,25824300
2023-04-05,279.23716221,280.50707614,276.37495188,277.76208496,277.76208496,22064800
2023-04-06,276.65817645,285.32297200,275.50548187,284.85409546,284.85409546,29770300
2023-04-10,282.51936244,282.90035443,278.12346614,282.69522095,282.69522095,23103000
2023-04-11,279.13944903,279.36413894,275.12454423,276.28698730,276.28698730,27276600
2023-04-12,278.20164520,280.37028867,275.43709804,276.93170166,276.93170166,27403400
2023-04-13,277.02941440,283.19343623,276.61914739,283.13482666,283.13482666,24222700
2023-04-14,280.36047599,281.80624807,277.12705268,279.52038574,279.52038574,20987900
2023-04-17,283.22269859,284.85407762,279.53992520,282.11883545,282.11883545,23836200
2023-04-18,284.82477405,285.01038094,280.37026830,281.69879150,281.69879150,20161800
2023-04-19,279.37383573,282.36304264,277.95739823,281.77694702,281.77694702,17150300
2023-04-20,278.65093765,282.34348876,278.48485737,279.49102783,279.49102783,23244400
2023-04-21,278.41655104,279.64738176,276.51165067,279.14920044,279.14920044,21676400
2023-04-24,275.56413016,278.35798246,272.27209646,275.25152588,275.25152588,26611000
2023-04-25,273.04380953,275.08545578,268.99957021,269.04843140,269.04843140,45772200
2023-04-26,289.83611353,292.63971378,285.95795486,288.53686523,288.53686523,64599200
2023-04-27,289.12302732,298.13951111,288.41968262,297.77804565,297.77804565,46462600
2023-04-28,296.97695040,301.78311294,296.29313248,300.15176392,300.15176392,36469600
2023-05-01,299.86853444,301.46083066,298.09063130,298.49114990,298.49114990,21294100
2023-05-02,300.64024521,302.02737804,296.87930571,298.34460449,298.34460449,26404400
2023-05-03,299.52664540,301.47059918,297.05517564,297.35800171,297.35800171,22360800
2023-05-04,299.15539004,300.64024521,296.38109458,298.34460449,298.34460449,22519900
2023-05-05,298.64743728,304.75284902,297.23096984,303.46337891,303.46337891,28197100
2023-05-08,302.95538510,303.02377286,299.00883906,301.50961304,301.50961304,21318600
2023-05-09,300.87469303,302.86750779,299.22378730,299.89782715,299.89782715,21340800
2023-05-10,301.48035384,305.75903132,300.55234911,305.08499146,305.08499146,30078000
2023-05-11,302.92610366,303.92249609,299.17494241,302.93585205,302.93585205,31680200
2023-05-12,303.36573134,303.46342391,299.50712844,301.82229614,301.82229614,19774700
2023-05-15,301.94927640,302.73075725,300.47419925,302.30093384,302.30093384,16336500
2023-05-16,302.66235027,306.45259475,302.66235027,304.52816772,304.52816772,26730300
2023-05-17,305.73228841,307.82733541,304.21481865,307.40637207,307.40637207,24315000
2023-05-18,307.92533660,312.34064286,307.13234778,311.83154297,311.83154297,27276000
2023-05-19,310.08886537,312.05666756,309.72663966,311.65527344,311.65527344,27546700
2023-05-22,311.90988870,315.81609518,311.33228139,314.43569946,314.43569946,24115700
2023-05-23,313.30984093,315.94335729,308.63021507,308.64001465,308.64001465,30797200
2023-05-24,308.12116970,309.85399170,306.04566131,307.25964355,307.25964355,23384900
2023-05-25,316.45239497,320.03554358,313.28044007,319.07614136,319.07614136,43301700
2023-05-26,317.21601303,326.39905066,317.07896837,325.89978027,325.89978027,36630600
2023-05-30,328.19064003,328.68991041,323.57952206,324.25503540,324.25503540,29503100
2023-05-31,325.31245457,328.88580448,320.45658505,321.49435425,321.49435425,45950600
2023-06-01,319.08592941,326.52634627,317.90134605,325.59628296,325.59628296,26773900
2023-06-02,327.23117964,330.41293382,325.56686551,328.35702515,328.35702515,25873800
2023-06-05,328.18079906,331.45065964,327.63256075,328.88568115,328.88568115,21307100
2023-06-06,328.28853363,328.32770205,325.19491543,326.67318726,326.67318726,20396200
2023-06-07,324.68574577,327.46610562,315.72789066,316.58941650,316.58941650,40717100
2023-06-08,317.13767331,319.78098869,316.56006615,318.42996216,318.42996216,23277700
2023-06-09,318.16563611,323.06064281,317.59782847,319.92785645,319.92785645,22529000
2023-06-12,321.68026860,325.12637267,318.33210052,324.88162231,324.88162231,24260300
2023-06-13,327.44659882,329.90390189,323.45228626,327.27038574,327.27038574,22951300
2023-06-14,327.31937353,331.92069275,325.82150236,330.25637817,330.25637817,26003800
2023-06-15,330.39344441,342.49388888,330.11932518,340.79043579,340.79043579,38899100
2023-06-16,343.94278355,344.08962778,334.76954509,335.14154053,335.14154053,46552000
2023-06-20,332.18493673,334.89675964,328.80737021,330.95138550,330.95138550,26375400
2023-06-21,329.30668604,330.63814344,325.09699210,326.55569458,326.55569458,25117800
2023-06-22,327.10395418,332.97796278,326.34033425,332.57656860,332.57656860,23556800
2023-06-23,327.33887140,330.86328218,326.44800648,327.98501587,327.98501587,23146900
2023-06-26,326.71231091,329.05210846,321.59212342,321.69982910,321.69982910,21520600
2023-06-27,324.89137941,329.09130364,322.38513830,327.54449463,327.54449463,24354100
2023-06-28,327.63262384,330.88291578,326.80046665,328.79763794,328.79763794,20259500
2023-06-29,327.68154741,329.05214338,325.63543809,328.01440430,328.01440430,16997000
2023-06-30,330.65770749,335.53314500,330.11926870,333.38912964,333.38912964,26832800
2023-07-03,332.06745267,333.74153652,329.50247405,330.89263916,330.89263916,12508700
2023-07-05,328.05357452,334.47582130,327.70114836,331.04931641,331.04931641,18172400
2023-07-06,330.21712345,335.78764318,328.45493307,334.10375977,334.10375977,28161200
2023-07-07,332.19476391,334.61289857,329.92347348,330.13885498,330.13885498,21214800
2023-07-10,327.57385233,328.19062795,320.71104342,324.86199951,324.86199951,32791400
2023-07-11,324.10816052,325.87035087,320.13341773,325.48855591,325.48855591,26698200
2023-07-12,329.53188638,334.47583164,328.62142222,330.11929321,330.11929321,29995300
2023-07-13,332.42968951,336.52190790,331.90102042,335.46459961,335.46459961,20567200
2023-07-14,340.29104591,344.05040718,337.07992296,337.99038696,337.99038696,28352700
2023-07-17,338.42115530,339.70364459,335.01424997,338.47012329,338.47012329,20363900
2023-07-18,338.56797162,359.07805870,334.98485353,351.94113159,351.94113159,64738600
2023-07-19,354.15373132,354.84881390,345.03923132,347.62377930,347.62377930,39732900
2023-07-20,346.14553351,350.45313372,338.11771005,339.58621216,339.58621216,33778400
2023-07-21,341.81833235,342.94417799,332.69403215,336.55130005,336.55130005,69405400
2023-07-24,338.58764053,339.63517920,335.12196721,337.86315918,337.86315918,26678100
2023-07-25,339.82122414,344.50088037,337.82408243,343.60998535,343.60998535,41637700
2023-07-26,334.27025558,337.43244100,326.11515681,330.67730713,330.67730713,58383700
2023-07-27,333.33036096,334.16248814,322.14035382,323.77529907,323.77529907,39635300
2023-07-28,326.66336049,332.87022483,326.17385986,331.26464844,331.26464844,28484900
2023-07-31,329.84521248,330.60883249,326.35993950,328.86621094,328.86621094,25446000
2023-08-01,328.15146765,331.43112817,326.69276518,329.27731323,329.27731323,18311900
2023-08-02,326.62423863,326.62423863,319.50687940,320.62295532,320.62295532,27761300
2023-08-03,319.15442318,322.95295300,319.10548507,319.80056763,319.80056763,18253700
2023-08-04,324.91097576,328.10252975,320.36839511,320.89706421,320.89706421,23741500
2023-08-07,321.47467826,324.15713248,320.64252112,323.17813110,323.17813110,17741500
2023-08-08,320.09426393,321.84668466,316.21742706,319.20336914,319.20336914,22327600
2023-08-09,319.61457931,320.24112465,314.30837872,315.46362305,315.46362305,22373300
2023-08-10,319.17406744,321.36705117,314.43570362,316.14895630,316.14895630,20113700
2023-08-11,313.53497508,315.63982196,312.50700576,314.26922607,314.26922607,24355500
2023-08-14,314.64127845,317.25519549,313.35875911,317.23562622,317.23562622,18836100
2023-08-15,316.21742472,318.26353388,314.16151598,315.10134888,315.10134888,16966300
2023-08-16,314.72860535,318.28011926,313.74753111,314.33618164,314.33618164,20698900
2023-08-17,314.47354784,315.77836342,310.22547958,310.88281250,310.88281250,21257200
2023-08-18,308.53799854,312.35439133,305.65363815,310.49035645,310.49035645,24755000
2023-08-21,311.91292231,316.66131798,311.03978182,315.78817749,315.78817749,24040000
2023-08-22,319.33965168,319.90866154,315.37610354,316.35717773,316.35717773,16084600
2023-08-23,317.69144015,322.96962390,317.33823789,320.81124878,320.81124878,21166400
2023-08-24,326.55054687,326.67809131,313.90448632,313.91430664,313.91430664,23281400
2023-08-25,315.38593891,319.20230216,312.76645750,316.86737061,316.86737061,21684100
2023-08-28,319.49659681,319.97731355,315.63116244,317.57369995,317.57369995,14808500
2023-08-29,315.78810696,322.75373841,315.78810696,322.19451904,322.19451904,19284600
2023-08-30,322.44965870,323.56806768,320.27167286,322.56738281,322.56738281,15222100
2023-08-31,322.96957269,324.64720084,320.59536043,321.55682373,321.55682373,26411000
2023-09-01,325.03969049,325.70681376,320.59542557,322.43984985,322.43984985,14942000
2023-09-05,322.77339872,328.51268854,322.43983710,327.23727417,327.23727417,18553900
2023-09-06,327.07049311,328.13003998,323.93104397,326.57995605,326.57995605,17535800
2023-09-07,325.02002465,326.77612561,322.80278776,323.66613770,323.66613770,18381000
2023-09-08,323.84275141,329.79787848,323.22466993,327.94363403,327.94363403,19530100
2023-09-11,330.85751696,332.01520749,329.08177471,331.54428101,331.54428101,16583300
2023-09-12,329.46430426,330.41594732,325.20644635,325.49093628,325.49093628,17565500
2023-09-13,325.03963589,330.47479442,324.90230109,329.69973755,329.69973755,16544400
2023-09-14,332.73129084,334.40891925,330.20013272,332.28982544,332.28982544,20267000
2023-09-15,330.54354630,331.01444278,323.41111741,323.97033691,323.97033691,37679800
2023-09-18,321.59608191,324.14688059,320.18333279,322.83224487,322.83224487,16834200
2023-09-19,319.99691781,323.15597727,318.36833139,322.42996216,322.42996216,16505900
2023-09-20,323.27373516,323.35220792,314.44406829,314.69912720,314.69912720,21436500
2023-09-21,313.21772575,319.19246341,309.03834052,313.48260498,313.48260498,35560400
2023-09-22,315.23874198,315.36628641,310.16657563,311.01031494,311.01031494,21447900
2023-09-25,310.59830193,311.65787892,309.03839742,311.53033447,311.53033447,17836000
2023-09-26,309.16585407,309.90165957,304.15255037,306.23245239,306.23245239,26297600
2023-09-27,306.38943155,308.35157976,303.82884250,306.87017822,306.87017822,19410100
2023-09-28,305.10417067,309.50921296,303.59333838,307.70404053,307.70404053,19683600
2023-09-29,311.73637969,313.42382879,309.01881447,309.77423096,309.77423096,24147300
2023-10-02,310.29413712,315.79797878,309.21494955,315.70965576,315.70965576,20570000
2023-10-03,314.75802691,315.30745602,305.32009776,307.45886230,307.45886230,21033500
2023-10-04,308.08671253,313.98297772,308.05728150,312.92340088,312.92340088,20720100
2023-10-05,313.05097767,313.92414812,308.94027418,313.31585693,313.31585693,16965600
2023-10-06,310.55904873,322.95984189,310.31378016,321.06637573,321.06637573,25673600
2023-10-09,318.60382777,324.04877729,317.06353418,323.57788086,323.57788086,19891200
2023-10-10,324.69632586,324.83369063,321.46861313,322.17498779,322.17498779,20557100
2023-10-11,324.94154090,326.52108576,322.91074029,326.12866211,326.12866211,20063200
2023-10-12,324.31365647,327.31574068,322.49866349,324.89248657,324.89248657,19313100
2023-10-13,326.08942402,327.51196354,320.18333860,321.52743530,321.52743530,21072400
2023-10-16,324.78457873,329.77827239,324.34311333,326.34451294,326.34451294,22158000
2023-10-17,323.35216723,327.14891872,321.21343316,325.77542114,325.77542114,18338500
2023-10-18,326.19729620,329.23863169,322.08659360,323.86233521,323.86233521,23153600
2023-10-19,325.86374730,330.50423844,324.64722503,325.04946899,325.04946899,25052100
2023-10-20,325.44193099,325.63815780,319.29060660,320.48751831,320.48751831,25027700
2023-10-23,319.31019990,326.43280770,318.25065301,323.08734131,323.08734131,24374700
2023-10-24,325.02986091,325.55964935,321.39990444,324.27444458,324.27444458,31153600
2023-10-25,338.49018266,339.64787287,331.23024014,334.22253418,334.22253418,55053800
2023-10-26,334.09496805,335.16433518,320.75235488,321.68438721,321.68438721,37828500
2023-10-27,324.17631537,330.34727998,322.18473609,323.56805420,323.56805420,29856500
2023-10-30,327.09990361,333.02559927,325.54978984,330.92608643,330.92608643,22828100
2023-10-31,332.43704442,332.58419958,328.35577159,331.71102905,331.71102905,20265300
2023-11-01,333.35918049,340.84478074,333.22181574,339.52032471,339.52032471,28158800
2023-11-02,340.66817584,342.22808014,338.24492151,341.72775269,341.72775269,24348100
2023-11-03,343.01296697,347.68288960,340.75647841,346.12295532,346.12295532,23637700
2023-11-06,346.76071408,350.77330427,346.66260066,349.78240967,349.78240967,23828300
2023-11-07,352.59807687,355.60016166,350.86158624,353.70669556,353.70669556,25833900
2023-11-08,354.83488950,356.98344427,353.72627092,356.32614136,356.32614136,26767800
2023-11-09,355.44313186,357.88602671,353.53984573,353.86361694,353.86361694,24847300
2023-11-10,354.64846665,363.09553021,354.23643229,362.67367554,362.67367554,28042100
2023-11-13,361.25109683,361.49636535,358.97499779,359.74023438,359.74023438,19986500
2023-11-14,363.98834436,364.91055649,360.39760924,363.26232910,363.26232910,27683900
2023-11-15,364.99251089,366.81118783,360.89311508,363.40979004,363.40979004,26860100
2023-11-16,364.67795106,369.97668823,363.91116120,369.79974365,369.79974365,27182300
2023-11-17,367.28303633,368.03017560,360.78498867,363.58673096,363.58673096,40157000
2023-11-20,364.93354961,372.45399414,364.71727401,371.04821777,371.04821777,52465100
2023-11-21,369.30817318,369.84884712,364.83520783,366.75219727,366.75219727,28423100
2023-11-22,371.59868671,373.35838201,368.62000002,371.45123291,371.45123291,23345300
2023-11-24,370.94001755,371.56919374,368.78713214,371.03833008,371.03833008,10176600
2023-11-27,370.39933747,374.19398507,369.82917280,372.19833374,372.19833374,22179200
2023-11-28,371.94280617,376.51405435,371.75602134,376.21914673,376.21914673,20453100
2023-11-29,377.26118080,377.79201451,371.04820038,372.43432617,372.43432617,28963400
2023-11-30,372.08038550,373.65329602,369.11153901,372.49328613,372.49328613,30554400
2023-12-01,370.37974391,371.75602953,365.02202528,368.16784668,368.16784668,33040500
2023-12-04,362.84940190,363.26227252,356.75438514,362.88873291,362.88873291,32063300
2023-12-05,360.24433307,366.76203157,359.42837198,366.21151733,366.21151733,23065000
2023-12-06,367.21425475,367.84340100,361.79755484,362.55450439,362.55450439,21182100
2023-12-07,361.99421255,365.15968460,360.11655388,364.66815186,364.66815186,23118900
2023-12-08,362.94770011,368.11860290,361.99412563,367.89251709,367.89251709,20154400
2023-12-11,362.23995484,365.30711414,359.90025436,365.01217651,365.01217651,27708800
2023-12-12,364.56978908,368.07933956,364.18637919,368.04000854,368.04000854,24838300
2023-12-13,369.65223376,371.24482488,364.49114051,368.03018188,368.03018188,30955500
2023-12-14,366.98815142,367.43054286,357.96361801,359.73312378,359.73312378,43277500
2023-12-15,360.63754474,366.09354566,360.07719027,364.45184326,364.45184326,78502300
2023-12-18,363.19353359,366.68340385,362.43655401,366.33932495,366.33932495,21802900
2023-12-19,365.19895043,366.93899536,363.57689854,366.93899536,366.93899536,20603700
2023-12-20,368.64952016,369.66207631,364.25521668,364.34368896,364.34368896,26316700
2023-12-21,366.25081857,368.06949544,363.77350473,367.21423340,367.21423340,17708000
2023-12-22,367.35181953,368.82641742,366.39824503,368.23657227,368.23657227,17107500
2023-12-26,368.64954627,370.55669566,367.17494809,368.31530762,368.31530762,12673100
2023-12-27,367.36172087,368.70851570,366.49661849,367.73529053,367.73529053,14905400
2023-12-28,369.01327698,370.08481473,367.82377617,368.92480469,368.92480469,14327000
2023-12-29,369.63257450,370.77293392,367.15526060,369.67190552,369.67190552,18730800
2024-01-02,367.52880286,369.53426461,360.55887303,364.58944702,364.58944702,25258600
2024-01-03,362.76096529,366.93899315,362.26943260,364.32403564,364.32403564,23083500
2024-01-04,364.39285520,366.78169686,360.95212639,361.70907593,361.70907593,20901500
2024-01-05,362.72164936,365.75931791,360.29347657,361.52230835,361.52230835,21004600
2024-01-08,363.04602046,368.84613001,362.76095311,368.34475708,368.34475708,23134000
2024-01-09,365.71013131,369.62271200,364.90401057,369.42611694,369.42611694,20830000
2024-01-10,369.99632077,377.66424891,369.94717950,376.28793335,376.28793335,25514200
2024-01-11,379.46324990,384.06398883,373.93842707,378.11645508,378.11645508,27850800
2024-01-12,378.96190304,382.09788433,378.13613163,381.89144897,381.89144897,21661200
2024-01-16,386.99352526,387.35725466,381.05580190,383.66091919,383.66091919,27202300
2024-01-17,381.40972336,383.50362745,378.29339285,382.87448120,382.87448120,22234100
2024-01-18,385.08633628,387.31788369,383.51342582,387.19992065,387.19992065,23392100
2024-01-19,389.05794693,391.91867065,386.83620967,391.91867065,391.91867065,29331100
2024-01-22,393.24585818,393.83570349,386.92475409,389.79531860,389.79531860,27016900
2024-01-23,389.04812543,392.61665757,387.25893924,392.14477539,392.14477539,20525900
2024-01-24,394.74002108,398.76075427,393.66848358,395.74273682,395.74273682,24867000
2024-01-25,397.47302840,400.11747685,395.71333285,398.01370239,398.01370239,21021200
2024-01-26,397.52212023,399.29165582,395.61497111,397.08956909,397.08956909,17803300
2024-01-29,399.18350198,403.03713124,397.48278818,402.78152466,402.78152466,24510200
2024-01-30,405.27851721,406.05511721,399.56691012,401.67065430,401.67065430,33477600
2024-01-31,400.06829591,408.28673845,390.48340804,390.84713745,390.84713745,47871100
2024-02-01,395.02514918,401.09067578,394.99565842,396.94213867,396.94213867,30657700
2024-02-02,396.97161620,405.66191028,396.72584986,404.25613403,404.25613403,28256700
2024-02-05,402.95845348,404.19712533,397.14853406,398.78042603,398.78042603,25352300
2024-02-06,399.00657884,401.06118187,396.08687348,398.62316895,398.62316895,18382600
2024-02-07,400.54016026,407.28397435,400.50082924,407.03820801,407.03820801,22340500
2024-02-08,407.03821696,408.52265532,405.54396835,407.09719849,407.09719849,21225300
2024-02-09,408.21789662,413.69357796,408.06060256,413.42813110,413.42813110,22032800
2024-02-12,413.43789465,413.61483918,407.72628828,408.22766113,408.22766113,21202900
2024-02-13,398.08248246,403.12561247,396.55874318,399.43911743,399.43911743,27824900
2024-02-14,401.90131781,403.64455036,398.45422641,403.29983521,403.29983521,20401200
2024-02-15,401.97031714,402.94534207,398.17851012,400.41418457,400.41418457,21825500
2024-02-16,401.79297359,402.11800190,397.34131199,397.95193481,397.95193481,22296500
2024-02-20,397.14432080,398.37542489,391.99340052,396.70114136,396.70114136,24307900
2024-02-21,394.12077725,396.20872511,391.21535939,396.10037231,396.10037231,18518900
2024-02-22,403.98926393,406.58934008,402.39375786,405.42718506,405.42718506,27009900
2024-02-23,409.38646893,409.57356911,402.78773857,404.13702393,404.13702393,16295900
2024-02-26,405.24005906,405.92948936,401.20203167,401.37933350,401.37933350,16193500
2024-02-27,401.82255206,402.14758040,397.74515058,401.32028198,401.32028198,14835800
2024-02-28,402.00967855,403.11274309,399.19292660,401.55664062,401.55664062,13183100
2024-02-29,402.46272946,407.93867824,399.78384566,407.38714600,407.38714600,31947300
2024-03-01,405.05295734,409.58342668,404.66886847,409.21902466,409.21902466,17823400
2024-03-04,407.19015851,411.04105586,406.08709401,408.64779663,408.64779663,17596000
2024-03-05,407.70225951,407.98788407,394.58363754,396.56323242,396.56323242,26919200
2024-03-06,396.87842085,399.03531767,392.36766861,396.01171875,396.01171875,22344100
2024-03-07,399.98080286,403.58547936,396.15945083,402.95516968,402.95516968,18718500
2024-03-08,401.79300259,404.21583727,398.21787123,400.07931519,400.07931519,18002200
2024-03-11,397.65644696,399.54740585,395.19423898,398.40493774,398.40493774,16120800
2024-03-12,401.45810995,409.28794390,400.64067007,409.00231934,409.00231934,22457000
2024-03-13,411.77975395,411.85853140,405.23028538,408.82510376,408.82510376,17115900
2024-03-14,413.88735402,421.35278637,411.67136656,418.79208374,418.79208374,34157300
2024-03-15,412.95179382,416.21175567,406.55005134,410.12518311,410.12518311,45079900
2024-03-18,407.98793648,414.36999155,407.52504010,411.01153564,411.01153564,20106000
2024-03-19,411.51377382,415.29575213,409.26824112,415.03967285,415.03967285,19837900
2024-03-20,415.62078729,419.52091707,414.30104717,418.80197144,418.80197144,17860100
2024-03-21,423.33237139,424.30742629,420.70274984,422.87933350,422.87933350,21296200
2024-03-22,423.20439028,423.36194517,419.62925889,422.25888062,422.25888062,17648500
2024-03-25,418.81177001,420.94898002,415.23663878,416.46774292,416.46774292,18060500
2024-03-26,419.17622250,419.55048301,414.98063952,415.27609253,415.27609253,16725600
2024-03-27,418.02386500,418.03372345,412.67595596,415.05935669,415.05935669,16705000
2024-03-28,414.59643926,415.49268662,412.78425771,414.36007690,414.36007690,21871200
2024-04-01,417.54129366,421.42173633,415.83743470,418.15191650,418.15191650,16316000
2024-04-02,413.75933269,415.99503714,411.52365829,415.06924438,415.06924438,17912000
2024-04-03,413.38506010,416.86169679,412.75472039,414.09417725,414.09417725,16502300
2024-04-04,418.56558638,422.18998013,411.25776838,411.56307983,411.56307983,19370900
2024-04-05,413.66083795,420.06257930,411.99638280,419.08752441,419.08752441,16554800
2024-04-08,418.74288005,420.82096956,416.90112288,418.17163086,418.17163086,14272400
2024-04-09,419.99358345,421.27391955,415.24643933,419.83599854,419.83599854,12496900
2024-04-10,415.80792292,417.62010476,413.35557289,416.86175537,416.86175537,16216600
2024-04-11,419.38300082,422.87932440,415.97528307,421.46109009,421.46109009,17966400
2024-04-12,417.63974034,418.75266325,413.42444113,415.52224731,415.52224731,19253800
2024-04-15,420.15122525,420.36790078,407.18029886,407.38714600,407.38714600,20273500
2024-04-16,408.30309885,412.07518887,407.47580044,408.31292725,408.31292725,16765600
2024-04-17,410.94257182,412.54793646,404.12716591,405.61434937,405.61434937,15855500
2024-04-18,404.42268772,405.66365046,397.84367362,398.15881348,398.15881348,21029900
2024-04-19,397.92248206,399.35057517,391.75710169,393.08670044,393.08670044,30565800
2024-04-22,394.03207114,396.76021693,389.76753996,394.89877319,394.89877319,20286900
2024-04-23,398.12925699,402.02941690,396.96710178,401.40893555,401.40893555,15734500
2024-04-24,403.36884551,406.23485983,400.63087084,402.87640381,402.87640381,15065300
2024-04-25,388.07356803,393.84499984,382.16426820,393.00784302,393.00784302,40586500
2024-04-26,405.93936881,406.75680874,399.62626316,400.17779541,400.17779541,29694700
2024-04-29,399.12396145,400.17779381,393.15557100,396.16931152,396.16931152,19582100
2024-04-30,395.42082687,396.08071197,383.28708622,383.44464111,383.44464111,28781400
2024-05-01,386.67505350,395.64735682,384.40983373,388.96984863,388.96984863,23562500
2024-05-02,391.64874748,393.88442204,388.68423875,391.82601929,391.82601929,17709400
2024-05-03,396.19884074,400.99521746,395.78517655,400.51263428,400.51263428,17446700
2024-05-06,402.58095476,407.67278519,400.22706897,407.28869629,407.28869629,16996600
2024-05-07,408.39165472,408.40151317,402.90584830,403.15206909,403.15206909,20018200
2024-05-08,401.99984619,405.99847014,400.56189487,404.33401489,404.33401489,11792300
2024-05-09,404.36358175,406.48107503,402.91580196,406.08712769,406.08712769,14689700
2024-05-10,406.69771159,409.10082924,405.57493020,408.47048950,408.47048950,13402300
2024-05-13,411.69106955,412.02592626,404.60975636,407.46591187,407.46591187,15440200
2024-05-14,405.79159154,411.17890419,405.32869520,410.26296997,410.26296997,15109300
2024-05-15,412.32508408,418.15624654,411.70348365,417.43597412,417.43597412,22239500
2024-05-16,416.17309340,419.74482718,414.74245475,415.37390137,415.37390137,17530100
2024-05-17,416.90321261,417.27814812,412.45336757,414.60427856,414.60427856,15352200
2024-05-20,414.60429360,421.07677928,414.38722724,419.66586304,419.66586304,16272100
2024-05-21,421.13598849,427.19409410,419.18242136,423.31652832,423.31652832,21453300
2024-05-22,424.35250743,426.64156538,421.43200287,424.77676392,424.77676392,18073700
2024-05-23,427.19407082,427.81567127,419.74480179,421.30371094,421.30371094,17211700
2024-05-24,421.49118911,425.30955759,418.74827615,424.42156982,424.42156982,11855300
2024-05-28,423.89863961,425.07276714,420.90906173,424.57943726,424.57943726,15718000
2024-05-29,420.01120681,425.19117068,420.01120681,423.44479370,423.44479370,15517100
2024-05-30,418.63972227,418.63972227,408.71392753,409.13821411,409.13821411,28394500
2024-05-31,411.19045553,411.19045553,399.11374969,409.59207153,409.59207153,47995300
2024-06-03,409.98670516,410.87469287,403.46489898,408.00350952,408.00350952,17484700
2024-06-04,406.92807529,410.88459054,404.21476097,410.51953125,410.51953125,14348900
2024-06-05,412.23636487,418.42271152,410.74649881,418.35366821,418.35366821,16988000
2024-06-06,418.35360501,419.63625063,414.96933923,418.85678101,418.85678101,14861300
2024-06-07,420.51442686,420.59334640,417.35710340,418.19577026,418.19577026,13621700
2024-06-10,419.03438449,422.36926896,418.23519254,422.16207886,422.16207886,13982900
2024-06-11,419.80402642,427.04610581,419.57708383,426.90795898,426.90795898,14551100
2024-06-12,429.51276024,437.48495835,427.47036719,435.17617798,435.17617798,22366200
2024-06-13,434.96899709,437.47512152,433.50872968,435.68923950,435.68923950,15960600
2024-06-14,432.43323684,437.22841891,430.89405003,436.66601562,436.66601562,13582000
2024-06-17,436.68571890,444.92433353,434.84067006,442.38861084,442.38861084,20790000
2024-06-18,443.71078098,444.13506758,438.95510351,440.38574219,440.38574219,17112500
2024-06-20,440.34621368,440.57315625,435.38331657,439.75424194,439.75424194,19877400
2024-06-21,441.41186868,444.56916199,440.55347947,443.77984619,443.77984619,34187100
2024-06-24,443.79955809,446.71021649,440.45479709,441.69799805,441.69799805,15913700
2024-06-25,442.27021087,445.39793537,440.79022131,444.93420410,444.93420410,16413400
2024-06-26,443.01023381,447.54887474,442.21104181,446.12808228,446.12808228,16507000
2024-06-27,446.14779314,450.08458597,445.74325903,446.80886841,446.80886841,14806300
2024-06-28,447.02596302,449.30514475,440.45480514,440.98760986,440.98760986,28362300
2024-07-01,442.67476412,451.26856206,439.71478489,450.63711548,450.63711548,17662800
2024-07-02,447.15422842,453.45896882,447.06540254,453.15310669,453.15310669,13979800
2024-07-03,452.07763057,454.86986440,451.77176846,454.62319946,454.62319946,9932800
2024-07-05,453.47867475,462.10210147,452.84722817,461.32263184,461.32263184,16000300
2024-07-08,460.32606473,461.46074746,458.26394960,460.02020264,460.02020264,12962300
2024-07-09,460.77011088,461.09569535,451.89017298,453.40963745,453.40963745,17207200
2024-07-10,455.06722338,460.23731097,452.73869065,460.03012085,460.03012085,18196100
2024-07-11,456.80372705,458.57970250,445.52618359,448.63418579,448.63418579,23111200
2024-07-12,448.26913568,450.27205388,444.63823483,447.49954224,447.49954224,16324300
2024-07-15,447.25288416,451.16007872,445.40783511,447.90408325,447.90408325,14429400
2024-07-16,448.16062867,448.23954821,440.70148277,443.52331543,443.52331543,17175700
2024-07-17,436.68574616,438.91560688,433.32123271,437.60333252,437.60333252,21778000
2024-07-18,438.41243264,438.71829478,428.60503136,434.49539185,434.49539185,20794800
2024-07-19,427.32235389,435.25510690,426.23702212,431.27883911,431.27883911,20940400
2024-07-22,435.89641422,438.66892567,433.05482935,437.03106689,437.03106689,15808800
2024-07-23,437.97828004,442.40840303,437.18896424,438.91561890,438.91561890,13107100
2024-07-24,434.57434515,435.59060360,421.88588376,423.17840576,423.17840576,26805800
2024-07-25,423.07967547,424.06633518,411.94030892,412.81842041,412.81842041,29943800
2024-07-26,412.62110985,423.19810333,411.70349342,419.59677124,419.59677124,23583800
2024-07-29,425.82259866,426.38500194,419.03440492,421.03732300,421.03732300,15125800
2024-07-30,422.01412263,423.32636689,411.79231164,417.27816772,417.27816772,32687600
2024-07-31,414.89047775,416.15340119,406.71105895,412.76916504,412.76916504,42891400
2024-08-01,415.17661603,421.75762051,407.57932297,411.54568481,411.54568481,30296400
2024-08-02,406.98728859,409.46381431,398.94601729,403.04064941,403.04064941,29437900
2024-08-05,383.97839494,395.69004156,380.43625987,389.87860107,389.87860107,40709200
2024-08-06,394.66389500,400.25826896,393.18390540,394.27908325,394.27908325,24946500
2024-08-07,403.18868669,404.60944914,392.16768316,393.11486816,393.11486816,20650900
2024-08-08,397.07138924,400.44574904,394.60473963,397.31805420,397.31805420,20203000
2024-08-09,398.64016378,402.60652540,396.89378675,400.60360718,400.60360718,19276700
2024-08-12,401.62975212,403.30708589,398.84736414,401.38308716,401.38308716,16762900
2024-08-13,404.12598050,409.41449264,404.10625814,408.48703003,408.48703003,19414300
2024-08-14,409.26646398,412.14752378,406.94783759,411.29898071,411.29898071,18267000
2024-08-15,414.94635003,416.24120168,412.83110794,416.16213989,416.16213989,20752100
2024-08-16,415.73709195,416.46852653,412.47522796,413.63171387,413.63171387,22775600
2024-08-19,414.11601788,416.87376862,411.64492263,416.65631104,416.65631104,15234000
2024-08-20,416.82438512,420.93626133,416.76508124,419.88851929,419.88851929,16387600
2024-08-21,419.17681098,421.46999459,416.84411157,419.23614502,419.23614502,16067300
2024-08-22,419.45359039,421.85551797,409.81631863,410.74545288,410.74545288,19361900
2024-08-23,412.15893603,414.41257372,407.32545916,411.97113037,411.97113037,18493800
2024-08-26,411.55596558,412.45544787,406.58412316,408.70925903,408.70925903,13152800
2024-08-27,408.08652613,409.56918323,405.50671726,409.05520630,409.05520630,13492900
2024-08-28,410.08323637,410.20184412,402.60075211,405.85272217,405.85272217,14882700
2024-08-29,410.14253158,417.17031240,405.85271360,408.34356689,408.34356689,17045200
2024-08-30,410.79487454,412.66300683,407.36499317,412.31707764,412.31707764,24308300
2024-09-03,413.07815685,415.02538105,402.32394584,404.70608521,404.70608521,20313600
2024-09-04,401.21688221,406.48524360,399.69467920,404.17230225,404.17230225,15135800
2024-09-05,402.90712678,408.32377834,401.43436369,403.66824341,403.66824341,14195500
2024-09-06,404.33046200,405.90207486,396.16595414,397.05557251,397.05557251,19609500
2024-09-09,402.53155948,403.92526095,397.50041270,401.02914429,401.02914429,15295100
2024-09-10,403.48044320,411.51641959,402.98622415,409.41107178,409.41107178,19594300
2024-09-11,410.69603298,419.08786285,404.84446612,418.14886475,418.14886475,19266900
2024-09-12,418.41574074,422.42879711,414.89690342,422.06307983,422.06307983,17395700
2024-09-13,420.90659710,426.83722590,420.54087981,425.61157227,425.61157227,15874600
2024-09-16,425.62144023,428.51755655,423.26895279,426.35287476,426.35287476,13834700
2024-09-17,435.14014879,436.74141381,427.27215920,430.11886597,430.11886597,18874200
2024-09-18,429.97059882,430.98868892,425.43367130,425.82904053,425.82904053,18898000
2024-09-19,436.12856118,436.39542862,431.84860725,433.61791992,433.61791992,21706600
2024-09-20,432.16492371,434.16155789,429.19960930,430.23745728,430.23745728,55167100
2024-09-23,429.25891977,431.41370770,425.41391104,428.49783325,428.49783325,15128900
2024-09-24,427.99374339,428.33970279,421.17352580,424.20803833,424.20803833,17015800
2024-09-25,424.86037580,428.11234590,423.61496418,427.11401367,427.11401367,13396400
2024-09-26,430.05953707,430.26710062,424.16845433,426.32324219,426.32324219,14492000
2024-09-27,426.53082261,426.85702410,422.52766014,423.07128906,423.07128906,14896100
2024-09-30,423.25911893,425.44358910,420.45195802,425.32495117,425.32495117,16807300
2024-10-01,423.49633954,423.52599148,413.96778125,415.82604980,415.82604980,19092900
2024-10-02,417.69419041,417.93143608,411.89206315,412.30722046,412.30722046,16582300
2024-10-03,412.80142349,414.69920782,409.50004374,411.72402954,411.72402954,13686400
2024-10-04,413.40436067,414.89691193,410.17217879,411.24957275,411.24957275,19169700
2024-10-07,411.19026406,412.28741591,404.27119712,404.80496216,404.80496216,20919800
2024-10-08,406.14921434,410.85418941,403.45079760,409.91516113,409.91516113,19229300
2024-10-09,411.05182442,415.51958362,409.50986351,412.63333130,412.63333130,14974300
2024-10-10,410.42920219,412.52468634,408.37323385,411.03213501,411.03213501,13848400
2024-10-11,411.32864966,412.30719374,408.47204904,411.50656128,411.50656128,14144900
2024-10-14,412.93979024,419.13731668,412.69268071,414.29397583,414.29397583,16653100
2024-10-15,417.29881981,417.59536936,410.45884456,413.89859009,413.89859009,18900200
2024-10-16,410.36987029,411.54608391,405.73409306,411.30886841,411.30886841,15508900
2024-10-17,417.47672250,417.61511832,410.78500709,411.90194702,411.90194702,14820000
2024-10-18,412.31715173,414.79811126,411.44732123,413.32534790,413.32534790,17145300
2024-10-21,411.30889168,414.11605250,408.96629802,413.93814087,413.93814087,14206100
2024-10-22,413.65149824,425.60171261,413.20671914,422.56723022,422.56723022,25482200
2024-10-23,425.87842846,426.09588605,417.64475229,419.69082642,419.69082642,19654400
2024-10-24,420.41237468,421.05488359,417.51625821,419.81933594,419.81933594,13581600
2024-10-25,421.82585479,427.51923775,421.63804914,423.19976807,423.19976807,16899100
2024-10-28,426.66922569,426.94598718,421.37118140,421.65783691,421.65783691,14882400
2024-10-29,423.05149858,428.16173673,420.87692274,426.95584106,426.95584106,17644100
2024-10-30,432.38241000,433.43015208,427.10415362,427.52917480,427.52917480,29749100
2024-10-31,410.55766285,411.34843148,401.60241546,401.65185547,401.65185547,53971000
2024-11-01,404.28110478,410.69605884,402.78855349,405.62536621,405.62536621,24230400
2024-11-04,405.06196084,405.67481786,400.88088657,403.73745728,403.73745728,19672300
2024-11-05,403.64848848,410.10298849,403.36183297,406.70275879,406.70275879,17626000
2024-11-06,407.65167049,415.58882753,405.77361389,415.32192993,415.32192993,26681800
2024-11-07,416.40924844,421.91485652,415.02544098,420.51126099,420.51126099,19901800
2024-11-08,420.40251993,421.56886970,416.90344044,417.65466309,417.65466309,16891400
2024-11-11,417.63489877,419.89843070,411.19029255,413.17706299,413.17706299,24503300
2024-11-12,413.41427421,419.53270904,412.37642618,418.13900757,418.13900757,19401200
2024-11-13,416.76506770,424.36612917,413.37470199,420.28390503,420.28390503,21502200
2024-11-14,420.08621364,423.21957585,415.14402289,421.95437622,421.95437622,30246900
2024-11-15,414.96612251,417.91164897,408.85758182,410.20184326,410.20184326,28247600
2024-11-18,410.07333951,413.56252505,407.33537664,410.95306396,410.95306396,24727000
2024-11-19,408.33365095,413.10782389,406.79168992,412.95956421,412.95956421,18133500
2024-11-20,412.05017608,412.46533335,405.83289213,410.68612671,410.68612671,19191700
2024-11-21,415.47979751,415.75711297,406.35806834,408.91333008,408.91333008,20780200
2024-11-22,407.42767284,413.39988374,407.12064611,413.00372314,413.00372314,24814600
2024-11-25,414.37053686,417.04464377,410.87436718,414.77661133,414.77661133,27691100
2024-11-26,415.56893362,424.92838339,414.83603494,423.88842773,423.88842773,23458900
2024-11-27,421.03598818,423.13569677,417.97560450,418.93630981,418.93630981,18332400
2024-11-29,416.06412569,420.80822989,413.79606310,419.40182495,419.40182495,16271900
2024-12-02,417.52993802,428.85039264,417.27242003,426.84976196,426.84976196,20207200
2024-12-03,425.72064473,428.32544509,423.64076394,427.06762695,427.06762695,18302000
2024-12-04,428.88008411,435.45646462,428.48392353,433.22802734,433.22802734,26009400
2024-12-05,433.72329451,440.39869339,431.99006528,438.37823486,438.37823486,21697800
2024-12-06,438.06127382,441.82487524,437.53635420,439.31912231,439.31912231,18821000
2024-12-09,438.35845816,444.03352677,436.27857694,441.74566650,441.74566650,19144400
2024-12-10,440.13129040,445.31115038,437.36801936,439.08142090,439.08142090,18469500
2024-12-11,439.79447343,446.03411606,439.79447343,444.68713379,444.68713379,19200200
2024-12-12,444.80597891,451.78843399,444.80597891,445.25167847,445.25167847,20834800
2024-12-13,444.14244335,447.10377945,441.30983603,442.98364258,442.98364258,20177800
2024-12-16,442.98363050,447.84657973,441.01271110,447.26223755,447.26223755,23598800
2024-12-17,446.68781707,450.92679906,445.26161469,450.10473633,450.10473633,22733500
2024-12-18,446.99482981,448.31207059,432.83185421,433.19833374,433.19833374,24444500
2024-12-19,437.38777493,438.93282241,432.13857903,432.84176636,432.84176636,22963700
2024-12-20,428.95934934,439.48748338,424.52230201,432.41592407,432.41592407,64263700
2024-12-23,432.55456859,433.45585139,428.68203577,431.07885742,431.07885742,19152500
2024-12-24,430.48457793,435.38715229,430.02899475,435.11972046,435.11972046,7164500
2024-12-26,434.87211279,436.71430341,432.44561023,433.91140747,433.91140747,8194200
2024-12-27,430.43505550,431.04910895,422.26411865,426.40405273,426.40405273,18117700
2024-12-30,421.97695149,423.45266275,417.85681425,420.75872803,420.75872803,13158700
2024-12-31,422.01652427,422.64049157,416.62865548,417.46060181,417.46060181,13246500
2025-01-02,421.45198056,421.98681399,410.87433837,414.56857300,414.56857300,16896500
2025-01-03,417.04464251,419.96638380,415.51942258,419.29290771,419.29290771,16662900
2025-01-06,423.89831231,430.15775258,421.40247331,423.74975586,423.74975586,20573600
2025-01-07,424.88873269,426.52291408,416.76730427,418.32226562,418.32226562,18139100
2025-01-08,419.40183810,422.87821031,417.50025500,420.49130249,420.49130249,15054600
2025-01-10,420.56061779,420.63983782,411.04269827,414.93505859,414.93505859,20201100
2025-01-13,411.26063086,414.48939906,408.33891966,413.19195557,413.19195557,17604800
2025-01-14,413.80596879,415.71746562,406.78391852,411.68649292,411.68649292,16935900
2025-01-15,415.11333356,424.04688082,414.26155953,422.22451782,422.22451782,19637800
2025-01-16,424.59165058,425.37405801,420.32295703,420.51110840,420.51110840,15300000
2025-01-17,429.92996290,430.31623990,424.06671321,424.91845703,424.91845703,26197500
2025-01-21,426.07727516,426.77054872,421.52135231,424.39355469,424.39355469,26085700
2025-01-22,433.36670535,442.98364252,431.82165780,441.92391968,441.92391968,27803800
2025-01-23,437.76416212,442.46864124,437.26895380,442.42901611,442.42901611,18389300
2025-01-24,440.89390779,442.36961902,437.16993127,439.80444336,439.80444336,15549500
2025-01-27,419.94653368,431.02929736,419.44141157,430.39541626,430.39541626,35647800
2025-01-28,430.43508135,444.08302155,427.24593853,442.91433716,442.91433716,23491700
2025-01-29,442.40923593,442.59741752,436.17950645,438.09100342,438.09100342,23581400
2025-01-30,414.75677426,418.80757477,409.20055130,411.01300049,411.01300049,54586300
2025-01-31,414.96478303,416.65838706,410.93377997,411.08233643,411.08233643,34161900
2025-02-03,407.65553179,411.42901711,404.74370418,406.98205566,406.98205566,25679100
2025-02-04,408.73503139,409.95325469,405.81329031,408.41809082,408.41809082,20532100
2025-02-05,408.39835154,409.86414898,406.46702680,409.32934570,409.32934570,16316700
2025-02-06,410.03251734,414.19227961,410.03251734,411.83508301,411.83508301,16309800
2025-02-07,412.48872643,414.63791358,404.18903029,405.82321167,405.82321167,22886800
2025-02-10,409.74524231,411.47847136,406.98200176,408.26953125,408.26953125,20817900
2025-02-11,405.71430187,408.53696522,405.37753360,407.49703979,407.49703979,18140600
2025-02-12,403.30754628,406.81362960,400.49476669,405.12002563,405.12002563,19121700
2025-02-13,403.09956852,407.06123504,402.46568737,406.60565186,406.60565186,23891700
2025-02-14,403.88201820,404.99128002,401.99031875,404.51586914,404.51586914,22758500
2025-02-18,404.08996621,406.66505537,402.60434133,405.71426392,405.71426392,21423100
2025-02-19,403.97111994,411.50817561,403.74331324,410.79507446,410.79507446,24114200
2025-02-20,412.13486084,416.12430816,409.40575384,412.96847534,412.96847534,23508700
2025-02-21,414.16928284,414.87388018,404.79109677,405.10864258,405.10864258,27524800
2025-02-24,405.40634792,406.25979951,396.28616668,400.93060303,400.93060303,26443700
2025-02-25,398.05268404,398.86646143,393.68611871,394.87698364,394.87698364,29387400
2025-02-26,394.98615111,400.53367776,391.25470781,396.69308472,396.69308472,19619000
2025-02-27,398.22134834,402.65738882,389.19050964,389.54776001,389.54776001,21127400
2025-02-28,389.67681744,394.60905969,383.63308910,393.97390747,393.97390747,32845700
2025-03-03,395.79001865,395.79001865,383.22619790,385.53848267,385.53848267,23007700
2025-03-04,380.48712305,389.59737098,378.10536304,385.65753174,385.65753174,29342900
2025-03-05,386.38201189,398.61835250,385.85603974,397.97326660,397.97326660,23433100
2025-03-06,391.28447789,399.09468115,389.69662775,393.87466431,393.87466431,23304600
2025-03-07,389.33940000,391.80053910,382.61091150,390.32186890,390.32186890,22034100
2025-03-10,382.90859828,383.46434129,374.35409310,377.27175903,377.27175903,32840100
2025-03-11,376.12054407,383.06736151,374.04642650,377.55953979,377.55953979,30380200
2025-03-12,380.04054748,382.29329024,376.07093750,380.35809326,380.35809326,24253600
2025-03-13,380.24896520,382.39255835,374.58235512,375.89230347,375.89230347,20473000
2025-03-14,376.89461748,387.26523564,376.62667971,385.60791016,385.60791016,19952800
2025-03-17,383.76211245,389.72643171,382.64069262,385.74691772,385.74691772,22474300
2025-03-18,384.12927907,384.42698773,378.20463437,380.60623169,380.60623169,19486900
2025-03-19,382.60098568,386.71945055,381.08261087,384.87359619,384.87359619,19185500
2025-03-20,382.80938254,388.81343665,380.36808054,383.90103149,383.90103149,18470500
2025-03-21,380.30848992,388.76374837,379.89166754,388.28741455,388.28741455,39675900
2025-03-24,392.39597869,392.39597869,386.84845184,390.09359741,390.09359741,21004500
2025-03-25,390.92723689,393.34867132,389.65696280,392.15780640,392.15780640,15775000
2025-03-26,391.99901640,392.30665877,385.61787512,387.00723267,387.00723267,16108400
2025-03-27,387.16601636,389.25997123,384.45674647,387.61257935,387.61257935,13766800
2025-03-28,385.13158344,386.17362433,374.06630063,375.92208862,375.92208862,21632000
2025-03-31,369.70964116,374.20522334,364.44988966,372.53799438,372.53799438,35184700
2025-04-01,371.80359255,379.94130521,370.39439795,379.28631592,379.28631592,19689500
2025-04-02,375.09839290,382.15436049,373.75864340,379.23672485,379.23672485,16092600
2025-04-03,371.94255837,374.61212363,366.54388610,370.27529907,370.27529907,30198000
2025-04-04,361.36355568,371.74407817,356.74888975,357.10614014,357.10614014,49209900
2025-04-07,348.21422366,368.18135881,342.17049556,355.14117432,355.14117432,50425000
2025-04-08,365.46220004,370.81123443,347.58901909,351.86627197,351.86627197,35868900
2025-04-09,350.85402670,390.24248865,350.41736713,387.52328491,387.52328491,50199700
2025-04-10,379.15729505,380.98331200,365.00562577,378.45269775,378.45269775,38024400
2025-04-11,377.74814778,387.08662978,376.01144319,385.49880981,385.49880981,23839200
2025-04-14,390.23251818,391.65164651,381.29096183,384.86361694,384.86361694,19251200
2025-04-15,385.55834703,388.91267270,381.24138963,382.79946899,382.79946899,17199900
2025-04-16,377.77790799,378.71073857,365.20415383,368.78671265,368.78671265,21967800
2025-04-17,370.91045377,371.47613050,364.10258680,364.98580933,364.98580933,21120200
2025-04-21,360.06353397,361.71092599,352.96786114,356.39163208,356.39163208,20807300
2025-04-22,360.61924437,364.97587583,357.12596800,364.03311157,364.03311157,19485000
2025-04-23,373.20291916,377.50003938,370.18600678,371.54562378,371.54562378,20545500
2025-04-24,372.84563794,385.49877003,372.33950296,384.35748291,384.35748291,22232300
2025-04-25,384.05979677,389.18059770,381.67803665,388.87295532,388.87295532,18973200
2025-04-28,388.98211186,389.75618468,383.70255309,388.18820190,388.18820190,16579400
2025-04-29,388.32712199,392.09827001,387.41412856,391.04632568,391.04632568,14974000
2025-04-30,387.33468087,393.64637648,381.51921680,392.25701904,392.25701904,36461100
2025-05-01,427.83463975,433.66997146,421.67182852,422.16802979,422.16802979,58938100
2025-05-02,428.45987835,436.10139029,426.72317384,431.97299194,431.97299194,30757400
2025-05-05,429.58128512,436.16091884,428.82704949,432.85623169,432.85623169,20136100
2025-05-06,428.91636161,434.40434608,427.89418827,430.01791382,430.01791382,15104200
2025-05-07,430.54391526,434.79139693,427.83464542,430.05764771,430.05764771,23295300
2025-05-08,434.60280623,440.29921700,432.35006353,434.84100342,434.84100342,23491300
2025-05-09,436.65712991,437.39149812,432.56843617,435.39678955,435.39678955,15324200
2025-05-12,442.55198757,445.95592098,436.43878433,445.84677124,445.84677124,22821900
2025-05-13,444.37800845,447.24606633,441.97638097,445.72769165,445.72769165,23618800
2025-05-14,444.73525953,450.45147719,444.73525953,449.49877930,449.49877930,19902800
2025-05-15,448.16655392,453.55526391,447.82852124,450.51293945,450.51293945,21992300
2025-05-16,449.43915229,451.73580835,446.13835016,451.64633179,451.64633179,23849800
2025-05-19,448.27591363,456.93559988,448.19635869,456.21975708,456.21975708,21336500
2025-05-20,452.95871813,455.69283540,451.69606399,455.52383423,455.52383423,15441800
2025-05-21,451.94462570,455.13607776,449.20055645,449.95617676,449.95617676,19216900
2025-05-22,452.32241706,457.59179440,451.27846320,452.23291016,452.23291016,18025600
2025-05-23,447.38112937,451.06969359,446.31730192,447.57995605,447.57995605,16883500
2025-05-27,453.84358990,458.28777442,453.48565332,458.02926636,458.02926636,20974300
2025-05-28,458.55619746,459.84867709,454.29096611,454.71847534,454.71847534,17086300
2025-05-29,458.88430323,459.05333475,452.68035210,456.03088379,456.03088379,13974800
2025-05-30,457.06488398,459.01355548,452.90903289,457.70117188,457.70117188,34770500
2025-06-02,454.49978904,459.44105553,454.25123292,459.30187988,459.30187988,16626500
2025-06-03,458.80474491,461.45933747,458.19825224,460.29608154,460.29608154,15743800
2025-06-04,461.32014148,463.00038322,460.34579061,461.19088745,461.19088745,14162700
2025-06-05,462.27459013,466.93750521,461.34996867,464.97888184,464.97888184,20131700
2025-06-06,467.37496598,470.60619542,466.07253438,467.66329956,467.66329956,15285600
2025-06-09,466.98725028,470.69568817,465.91347085,470.01962280,470.01962280,16469900
2025-06-10,468.46862499,470.06931181,464.26304461,468.20019531,468.20019531,15375900
2025-06-11,467.30536073,472.72389607,466.94745449,469.89035034,469.89035034,16399200
2025-06-12,472.27647792,477.64531412,470.78514128,476.10424805,476.10424805,18950600
2025-06-13,473.65846495,476.41245571,470.02955185,472.21682739,472.21682739,16814500
2025-06-16,472.46541635,477.91377754,472.25663770,476.37274170,476.37274170,15626100
2025-06-17,472.65431604,475.97502219,471.34193243,475.27908325,475.27908325,15414100
2025-06-18,475.23928606,478.22195940,471.71972302,477.46633911,477.46633911,17526500
2025-06-20,479.44485164,480.66772825,474.11579299,474.64273071,474.64273071,37576200
2025-06-23,475.44806772,484.93297751,469.78100654,483.19308472,483.19308472,24864000
2025-06-24,486.12605374,489.00929856,483.98844691,487.27932739,487.27932739,22305600
2025-06-25,489.19822767,491.70366247,486.56353883,489.42687988,489.42687988,17495100
2025-06-26,490.13278082,495.16355412,489.96374932,494.57696533,494.57696533,21578900
2025-06-27,494.67637042,496.41626323,490.18248676,493.07568359,493.07568359,34539200
2025-06-30,494.16931223,497.86782827,492.46916663,494.53717041,494.53717041,28369000
2025-07-01,493.60258452,495.17344571,488.14430233,489.20809937,489.20809937,19945400
2025-07-02,487.16003964,490.64977725,485.87751191,488.25369263,488.25369263,16319600
2025-07-03,490.95800576,497.24151198,490.59014754,495.95895386,495.95895386,13984800
2025-07-07,494.50736527,495.86944793,492.36978876,494.84539795,494.84539795,13981600
2025-07-08,494.36815380,495.32263112,491.25622643,493.75173950,493.75173950,11846600
2025-07-09,497.41050724,503.85309295,496.85374395,500.60198975,500.60198975,18659500
2025-07-10,500.14458850,501.52657502,494.87521114,498.58367920,498.58367920,16492100
2025-07-11,495.59106079,502.11317073,494.92491706,500.41305542,500.41305542,16459500
2025-07-14,498.62343992,501.05930198,498.13627965,500.11477661,500.11477661,12058800
2025-07-15,500.11477393,505.36427783,499.88612172,502.89862061,502.89862061,14927200
2025-07-16,502.26233737,503.79345163,498.99136053,502.69979858,502.69979858,15154400
2025-07-17,502.75940886,510.40499725,502.69975782,508.74465942,508.74465942,17503100
2025-07-18,511.50856342,511.66767331,504.49929335,507.10415649,507.10415649,21209700
2025-07-21,503.78347767,509.13244056,502.63017363,507.11413574,507.11413574,14066800
2025-07-22,508.01886762,508.24755016,502.35177612,502.35177612,502.35177612,13868600
2025-07-23,503.82322557,503.86300304,497.80817995,502.94830322,502.94830322,16396600
2025-07-24,505.83158339,510.70327733,504.37007217,507.92941284,507.92941284,16107000
2025-07-25,509.51018320,515.29657687,507.41238414,510.74307251,510.74307251,19125700
2025-07-28,511.11090010,512.02556956,507.17374960,509.54000854,509.54000854,14308000
2025-07-29,512.55254527,514.63044033,508.60544277,509.60961914,509.60961914,16469200
2025-07-30,512.19460278,512.97012699,506.49771599,510.27575684,510.27575684,26380400
2025-07-31,552.02324083,552.24200177,528.82802731,530.41876221,530.41876221,51617300
2025-08-01,531.91006529,532.70543269,517.85171741,521.08294678,521.08294678,28977600
2025-08-04,525.21889735,535.14123658,525.07969138,532.54632568,532.54632568,25349000
2025-08-05,534.07749483,534.19679691,524.19490114,524.70196533,524.70196533,19171600
2025-08-06,527.83380290,528.62917035,521.00348554,521.90820312,521.90820312,21355700
2025-08-07,523.75738656,525.03997484,514.56081113,517.83184814,517.83184814,16079100
2025-08-08,519.58172670,521.62982685,516.41014795,519.02496338,519.02496338,15531000
2025-08-11,519.28343819,524.54292457,516.71832201,518.75653076,518.75653076,20194400
2025-08-12,520.72506697,527.91329048,519.68114341,526.18334961,526.18334961,18667000
2025-08-13,529.03674024,529.62335934,516.37033087,517.57336426,517.57336426,19619200
2025-08-14,519.54189625,522.91233151,517.13589021,519.46234131,519.46234131,20269100
2025-08-15,519.75073041,523.06145410,516.08203979,517.16571045,517.16571045,25213300
2025-08-18,518.57758333,519.80046005,511.05129659,514.11346436,514.11346436,23760600
2025-08-19,512.02557982,512.18462903,505.61282013,506.82577515,506.82577515,21481000
2025-08-20,506.92518900,508.04866743,501.52655780,502.79916382,502.79916382,27723000
2025-08-21,501.60414526,505.52783155,500.63816096,502.15185547,502.15185547,18443300
2025-08-22,502.16184616,508.61502272,500.32946945,505.12951660,505.12951660,24324200
2025-08-25,504.53199467,506.08553211,502.03237913,502.17181396,502.17181396,21638600
2025-08-26,502.27136803,502.88882606,496.44561792,499.96099854,499.96099854,30835700
2025-08-27,499.92114873,505.18925062,497.82983904,504.64151001,504.64151001,17277900
2025-08-28,504.99005224,508.97348757,503.40664034,507.52951050,507.52951050,18015600
2025-08-29,506.55357904,507.48968881,502.40083416,504.59173584,504.59173584,20961600
2025-09-02,498.39749108,503.90458943,494.75264396,503.02822876,503.02822876,18128000
2025-09-03,501.70375627,505.68719181,500.23984249,503.25729370,503.25729370,16345100
2025-09-04,502.21163948,506.04570239,501.06640781,505.86645508,505.86645508,15509500
2025-09-05,506.96190708,509.84989186,490.33105098,492.95016479,492.95016479,31994800
2025-09-08,496.04724781,499.12447847,492.98001586,496.13690186,496.13690186,16771000
2025-09-09,499.35352176,500.17013335,495.63898751,496.34603882,496.34603882,14410500
2025-09-10,500.89712013,501.14608485,494.66303369,498.29791260,498.29791260,21611800
2025-09-11,500.17012752,501.08633107,495.81822903,498.93527222,498.93527222,18881600
2025-09-12,504.55191069,510.42747218,501.76351790,507.78845215,507.78845215,23624900
2025-09-15,506.68306018,513.33535997,504.90046423,513.22583008,513.22583008,17143800
2025-09-16,514.73953672,515.08806301,506.49382650,506.93200684,506.93200684,19711900
2025-09-17,508.50544987,509.17268868,503.83486935,507.90792847,507.90792847,15816600
2025-09-18,509.37184097,510.94531500,505.55771489,506.34445190,506.34445190,18913700
2025-09-19,508.44568154,517.14947798,508.19671683,515.78515625,515.78515625,52474100
2025-09-22,513.45487372,515.59593370,510.41745570,512.31958008,512.31958008,20009300
2025-09-23,511.67229848,512.45906593,505.20918385,507.12124634,507.12124634,19799600
2025-09-24,508.26644251,510.35772177,504.82077941,508.03738403,508.03738403,13533700
2025-09-25,506.19505821,507.89799878,502.94857892,504.93032837,504.93032837,15786500
2025-09-26,507.94778361,511.81172097,504.52202659,509.34197998,509.34197998,16213100
2025-09-29,509.38179502,514.70961549,506.77264973,512.46893311,512.46893311,17617800
2025-09-30,511.11459758,516.01420621,507.54943619,515.80511475,515.80511475,19728200
2025-10-01,512.66815999,518.35453631,509.57105334,517.55786133,517.55786133,22632300
2025-10-02,515.49640423,519.43996648,508.56520456,513.60424805,513.60424805,21222900
2025-10-03,514.95855483,518.33453071,512.86727569,515.20751953,515.20751953,15112300
2025-10-06,516.46238768,528.83099941,516.05411226,526.38116455,526.38116455,21388600
2025-10-07,526.10226900,527.60602564,519.28065994,521.81011963,521.81011963,14615200
2025-10-08,521.11306870,524.76785381,520.92385308,522.67651367,522.67651367,13363400
2025-10-09,520.17694524,522.15869465,515.25740002,520.23669434,520.23669434,18343600
2025-10-10,517.48813353,521.41182003,507.51957621,508.84405518,508.84405518,24133800
2025-10-13,514.27144645,514.27144645,509.56105350,511.92123413,511.92123413,14284200
2025-10-14,508.11707239,513.14617782,503.90457851,511.44323730,511.44323730,14684300
2025-10-15,512.82749571,515.04824149,507.88801393,511.30380249,511.30380249,14694700
2025-10-16,510.45734770,514.70962367,506.02576365,509.49133301,509.49133301,15559600
2025-10-17,506.93203901,513.34534257,505.20919212,511.45324707,511.45324707,19867800
2025-10-20,512.47887644,516.55196563,511.30377037,514.64984131,514.64984131,14665600
2025-10-21,515.35698571,516.54206024,510.91543309,515.51629639,515.51629639,15586200
2025-10-22,518.99191957,523.05498035,515.56616233,518.38439941,518.38439941,18962700
2025-10-23,520.29645306,521.78027307,516.46235990,518.40429688,518.40429688,14023500
2025-10-24,520.62503882,523.17443511,518.55369613,521.44165039,521.44165039,15532400
2025-10-27,529.57790278,532.36629569,526.81935403,529.31896973,529.31896973,18734700
2025-10-28,547.72241035,551.42697639,538.53065190,539.82525635,539.82525635,29986700
2025-10-29,542.68334929,544.00785864,534.50732587,539.30737305,539.30737305,36023000
2025-10-30,528.28318831,532.75458487,519.95782284,523.58276367,523.58276367,41023100
2025-10-31,526.68981377,527.12799407,512.96685015,515.66564941,515.66564941,34006400
2025-11-03,517.65737193,522.78606918,512.45901806,514.88891602,514.88891602,22374700
2025-11-04,509.64076956,513.41505298,505.73698923,512.20013428,512.20013428,20958700
2025-11-05,511.17434154,512.69803478,504.48216878,505.05978394,505.05978394,23024300
2025-11-06,503.56599224,503.60583510,493.75677644,495.04144287,495.04144287,27406500
2025-11-07,494.89207027,497.31200000,491.20738035,494.76260376,494.76260376,24019800
2025-11-10,497.96926137,504.75105762,496.73437575,503.90457153,503.90457153,26101500
2025-11-11,502.70954902,507.48968987,500.26971301,506.57348633,506.57348633,17980000
2025-11-12,507.25065747,509.55111941,497.05307241,509.02331543,509.02331543,26574900
2025-11-13,508.19672875,511.37352092,499.21409284,501.20581055,501.20581055,25273100
2025-11-14,496.16676572,509.48139368,495.38002872,508.06726074,508.06726074,28505700
2025-11-17,506.34444359,509.99922855,502.81909476,505.38839722,505.38839722,19092800
2025-11-18,493.31862192,500.89712401,484.76419756,491.74517822,491.74517822,33815100
2025-11-19,488.07042297,493.13934081,480.83050976,485.10275269,485.10275269,23245300
2025-11-20,491.58796417,492.44602156,474.41716429,477.34048462,477.34048462,26802500
2025-11-21,477.41033687,477.82939382,467.20362215,471.04486084,471.04486084,31769200
2025-11-24,473.91831603,475.81398321,466.95420013,472.92059326,472.92059326,34421000
2025-11-25,472.99041428,478.05883227,463.83132708,475.90374756,475.90374756,28019800
2025-11-26,485.20253163,487.19797706,480.10418316,484.39437866,484.39437866,25709100
2025-11-28,486.48962635,491.50817065,485.54177755,490.88958740,490.88958740,14386700
2025-12-01,487.32770213,488.74445139,483.54632439,485.63156128,485.63156128,23964000
2025-12-02,485.61162582,492.37618495,485.21254280,488.88415527,488.88415527,19562700
2025-12-03,475.23529714,483.13724410,474.11785256,476.64208984,476.64208984,34615100
2025-12-04,478.66746796,480.22391299,475.40489514,479.74499512,479.74499512,22318200
2025-12-05,481.42116573,482.29916661,477.78947079,482.05972290,482.05972290,22608700
2025-12-08,483.78580993,491.17890888,483.27696157,489.90182495,489.90182495,21965900
2025-12-09,487.98620276,490.99931450,487.38756302,490.89953613,490.89953613,14696100
2025-12-10,482.92772884,483.14722906,473.99809829,477.47018433,477.47018433,35756200
2025-12-11,475.54459861,484.92318636,474.77633260,482.36901855,482.36901855,24669200
2025-12-12,478.72734800,481.35136376,475.25526179,477.44027710,477.44027710,21248100
2025-12-15,479.00668323,479.62526645,471.44392797,473.73870850,473.73870850,23727700
2025-12-16,470.83533648,476.80172936,469.80768329,475.30514526,475.30514526,20705600
2025-12-17,475.82394556,478.90690511,473.91829151,475.03573608,475.03573608,24527200
2025-12-18,477.10104539,488.48506565,476.80174074,482.87786865,482.87786865,28573500
2025-12-19,486.25013877,486.73904362,481.39123391,484.81344604,484.81344604,70836100
2025-12-22,485.01298391,487.61705615,481.59080214,483.81573486,483.81573486,16963000
2025-12-23,483.87559631,486.71908183,483.63612215,485.74133301,485.74133301,14683600
2025-12-24,484.57396286,488.04604889,483.72589246,486.90863037,486.90863037,5855900
2025-12-26,485.60164246,487.00843523,484.85335038,486.59936523,486.59936523,8842200
2025-12-29,483.75583353,487.23790660,483.07738937,485.99075317,485.99075317,10893400
2025-12-30,484.82341501,488.56487537,484.39440153,486.36990356,486.36990356,13944500
2025-12-31,486.72906803,487.02840312,482.19939817,482.51867676,482.51867676,15601600
2026-01-02,483.28694442,483.55631861,469.08933852,471.86300659,471.86300659,25571600
2026-01-05,472.98042932,474.98586173,468.43081616,471.77319336,471.77319336,25250300
2026-01-06,472.72102257,477.64977535,468.68025765,477.42031860,477.42031860,23037700
2026-01-07,478.66747568,488.58484224,476.86159994,482.36901855,482.36901855,25564200
2026-01-08,480.14408680,481.56086650,474.77633353,477.02120972,477.02120972,18162600
2026-01-09,472.98045404,478.72734694,471.12470430,478.18856812,478.18856812,18491000
2026-01-12,475.58450487,479.89464390,474.59673867,476.09332275,476.09332275,23519900
2026-01-13,473.59902253,474.69652363,464.88892250,469.59817505,469.59817505,28545800
2026-01-14,465.39775667,467.13381500,456.12893402,458.33389282,458.33389282,28184300
2026-01-15,463.06309006,463.19279889,454.86180762,455.62008667,455.62008667,23225800
2026-01-16,456.78739867,462.13520851,455.44049730,458.81277466,458.81277466,34246700
2026-01-20,450.19245149,455.75973092,448.25686695,453.48492432,453.48492432,26130000
2026-01-21,451.56931961,451.65911100,437.68100563,443.09863281,443.09863281,37980500
2026-01-22,446.60063694,451.80875073,443.68730366,450.11264038,450.11264038,25349400
2026-01-23,450.84096299,470.02718196,449.50401819,464.88891602,464.88891602,38000200
2026-01-26,464.25036221,473.17000588,460.94790240,469.20904541,469.20904541,29291200
2026-01-27,472.62128862,481.77038937,472.08250980,479.48559570,479.48559570,29213900
2026-01-28,482.10959164,482.63838347,476.91146474,480.53320312,480.53320312,36875400
2026-01-29,438.98802837,441.49232224,420.06122635,432.51281738,432.51281738,128855300
2026-01-30,438.16990229,438.59891576,425.47886802,429.31011963,429.31011963,58566800
2026-02-02,429.26023434,429.75909572,421.28843916,422.40588379,422.40588379,42219900
2026-02-03,421.04898344,421.08887042,407.62960040,410.27355957,410.27355957,61424100
2026-02-04,410.06405759,418.84400577,408.30805577,413.24679565,413.24679565,45012400
2026-02-05,406.51216038,407.37018733,391.42659725,392.77352905,392.77352905,66289200
2026-02-06,398.26098651,400.87501514,392.02521959,400.22650146,400.22650146,53515300
2026-02-09,403.92806789,413.94521298,399.95712032,412.65814209,412.65814209,45480500
2026-02-10,418.66440278,422.71515459,411.76017861,412.32885742,412.32885742,44857900
2026-02-11,415.23222996,415.51159110,400.09679351,403.44912720,403.44912720,42491000
2026-02-12,404.07770371,405.27498316,397.10363160,400.92489624,400.92489624,40802400
2026-02-13,403.52897446,404.61648859,397.14352456,400.40609741,400.40609741,34091600
2026-02-17,398.31087933,399.60790673,393.63155717,395.95623779,395.95623779,32078800
2026-02-18,397.22334883,401.64325315,395.41747316,398.69000244,398.69000244,23223400
2026-02-19,400.69000244,404.42999268,396.67001343,398.45999146,398.45999146,28234000
2026-02-20,396.10998535,400.11999512,395.16000366,397.23001099,397.23001099,34015200
2026-02-23,395.00000000,395.35998535,383.10000610,384.47000122,384.47000122,43238300
2026-02-24,384.14001465,389.35998535,381.70999146,389.00000000,389.00000000,33884700
2026-02-25,390.52999878,401.47000122,390.16000366,400.60000610,400.60000610,43625500
2026-02-26,404.63500977,407.48999023,398.73999023,401.72000122,401.72000122,33954921
