Date,Open,High,Low,Close,Adj Close,Volume
2018-01-02,4.84027182,4.93224185,4.80862677,4.92853308,4.92853308,355616000
2018-01-03,5.04596755,5.28330875,5.03731453,5.25289917,5.25289917,914704000
2018-01-04,5.33423781,5.39085353,5.25833788,5.28058863,5.28058863,583268000
2018-01-05,5.29542344,5.36266989,5.21853465,5.32533836,5.32533836,580124000
2018-01-08,5.44895239,5.56267803,5.40395623,5.48850918,5.48850918,881216000
2018-01-09,5.49394815,5.53350494,5.40543981,5.48702574,5.48702574,497000000
2018-01-10,5.39456141,5.53350481,5.34017095,5.53004360,5.53004360,582664000
2018-01-11,5.56267862,5.59407705,5.51842421,5.53993368,5.53993368,406032000
2018-01-12,5.52806609,5.56243106,5.47219212,5.51273775,5.51273775,359916000
2018-01-16,5.53919285,5.62473420,5.35723141,5.44178391,5.44178391,702348000
2018-01-17,5.45636900,5.56564458,5.36242175,5.55575562,5.55575562,538408000
2018-01-18,5.53647253,5.60322479,5.50532166,5.54883432,5.54883432,408632000
2018-01-19,5.63907307,5.71324193,5.61212516,5.68901348,5.68901348,609380000
2018-01-22,5.69692358,5.77925126,5.63931901,5.77752066,5.77752066,550944000
2018-01-23,5.83092190,5.92931966,5.81237993,5.90657473,5.90657473,475228000
2018-01-24,5.90978906,5.94563754,5.77405977,5.82968664,5.82968664,579972000
2018-01-25,5.88407878,5.92734435,5.82845236,5.84328604,5.84328604,409884000
2018-01-26,5.88704367,6.01609764,5.87418770,6.01585054,6.01585054,516356000
2018-01-29,6.00126383,6.13402656,5.94860398,6.10287523,6.10287523,455116000
2018-01-30,5.96096716,6.09224642,5.89421489,6.00077105,6.00077105,570832000
2018-01-31,6.07617589,6.16270655,6.04354152,6.07691765,6.07691765,478576000
2018-02-01,5.89693409,6.10411329,5.88556162,5.94588566,5.94588566,519224000
2018-02-02,5.85935426,5.88333562,5.71521905,5.77331781,5.77331781,718464000
2018-02-05,5.61212408,5.76614825,5.06821761,5.28330803,5.28330803,1165204000
2018-02-06,5.05338476,5.57998481,5.04349533,5.57701826,5.57701826,1114800000
2018-02-07,5.67591043,5.80916739,5.60470811,5.65662622,5.65662622,802932000
2018-02-08,5.78221935,5.81534792,5.37750331,5.37775087,5.37775087,1144000000
2018-02-09,5.89025878,5.90608131,5.37775067,5.73771763,5.73771763,1674604000
2018-02-12,5.81880764,5.82177466,5.56341918,5.63758802,5.63758802,1093172000
2018-02-13,5.60124726,5.79754818,5.56885997,5.75131607,5.75131607,625524000
2018-02-14,5.71101654,5.99755638,5.69989117,5.96863031,5.96863031,744988000
2018-02-15,6.05194631,6.14045465,5.97110214,6.09422255,6.09422255,698900000
2018-02-16,6.06702844,6.18075409,6.01931282,6.02846050,6.02846050,637656000
2018-02-20,6.05095872,6.22698658,6.04724995,6.15800953,6.15800953,686240000
2018-02-21,6.22253642,6.22945883,5.96714741,5.97085571,5.97085571,892292000
2018-02-22,6.00474681,6.07648786,5.92484185,5.99039841,5.99039841,534364000
2018-02-23,6.05026445,6.08390856,5.99955080,6.08390856,6.08390856,415300000
2018-02-26,6.13017017,6.13462299,6.03764850,6.09998941,6.09998941,469312000
2018-02-27,6.07327330,6.15763157,6.06412041,6.08712721,6.08712721,455436000
2018-02-28,6.09801056,6.13759193,5.97506088,5.98668814,5.98668814,523116000
2018-03-01,5.98446082,6.03839058,5.64331867,5.74449873,5.74449873,1040120000
2018-03-02,5.63688631,5.85804765,5.48820871,5.85161543,5.85161543,913428000
2018-03-05,5.80139755,5.86918075,5.67795290,5.82959938,5.82959938,620776000
2018-03-06,5.91494650,6.00994207,5.87190178,5.99064589,5.99064589,636808000
2018-03-07,5.88773340,6.03492704,5.88649669,5.98272896,5.98272896,581208000
2018-03-08,6.01018899,6.01018899,5.92212015,5.96640205,5.96640205,411912000
2018-03-09,6.01390052,6.08193098,5.99782091,6.06906748,6.06906748,505524000
2018-03-12,6.11037889,6.25880877,6.10221499,6.17865658,6.17865658,605060000
2018-03-13,6.22145513,6.29591780,6.08663094,6.12794399,6.12794399,619772000
2018-03-14,6.17098830,6.19820067,6.09108335,6.15342426,6.15342426,505496000
2018-03-15,6.16703006,6.24940843,6.12621151,6.16826677,6.16826677,401952000
2018-03-16,6.18459575,6.21551873,6.14699331,6.19647026,6.19647026,399456000
2018-03-19,6.13957052,6.16851409,5.86299546,5.96194887,5.96194887,713772000
2018-03-20,5.96491889,6.21304494,5.96491889,6.17420578,6.17420578,554696000
2018-03-21,6.16777470,6.23407396,6.11854545,6.14897394,6.14897394,438688000
2018-03-22,6.08564190,6.13214999,5.94562266,5.98297739,5.98297739,551196000
2018-03-23,5.99658107,5.99905497,5.75216623,5.76329851,5.76329851,735620000
2018-03-26,5.88773316,6.04927472,5.83578279,6.04803801,6.04803801,611424000
2018-03-27,6.12893256,6.18459400,5.43873211,5.57899857,5.57899857,1409000000
2018-03-28,5.54461324,5.67473689,5.36822875,5.47584057,5.47584057,945904000
2018-03-29,5.54411746,5.82588755,5.45975969,5.72916079,5.72916079,916628000
2018-04-02,5.65865797,5.80486172,5.38059840,5.46841955,5.46841955,922092000
2018-04-03,5.63540257,5.69848523,5.47583992,5.57479334,5.57479334,667432000
2018-04-04,5.31899811,5.60720041,5.29401239,5.59681034,5.59681034,789168000
2018-04-05,5.65519464,5.66830586,5.40508966,5.47658348,5.47658348,701240000
2018-04-06,5.37391806,5.48202484,5.27100631,5.30019760,5.30019760,662988000
2018-04-09,5.36328095,5.49117842,5.30885621,5.32889462,5.32889462,499524000
2018-04-10,5.55920991,5.66509007,5.50206402,5.63812542,5.63812542,761676000
2018-04-11,5.62328049,5.66459353,5.56415569,5.59681034,5.59681034,460244000
2018-04-12,5.68982829,5.82143639,5.64554637,5.80362463,5.80362463,593920000
2018-04-13,5.86720236,5.87561351,5.67869609,5.72693586,5.72693586,503036000
2018-04-16,5.73361415,5.76008430,5.63243408,5.72668743,5.72668743,350792000
2018-04-17,5.77888617,5.89763029,5.72322472,5.87635517,5.87635517,447224000
2018-04-18,5.82588689,5.91865579,5.75835142,5.84740925,5.84740925,391364000
2018-04-19,5.73311956,5.76651643,5.61066484,5.66607857,5.66607857,471996000
2018-04-20,5.65742062,5.74177841,5.62674537,5.65791559,5.65791559,386200000
2018-04-23,5.67572638,5.72693454,5.51245312,5.53842831,5.53842831,427508000
2018-04-24,5.56415556,5.66014011,5.40681957,5.47212887,5.47212887,414596000
2018-04-25,5.44244506,5.48153194,5.20248288,5.35981894,5.35981894,588492000
2018-04-26,5.52160658,5.57974193,5.45555505,5.57157803,5.57157803,375824000
2018-04-27,5.67745913,5.69724982,5.55673561,5.59903812,5.59903812,400848000
2018-04-30,5.61536518,5.66508938,5.54436633,5.56366205,5.56366205,327844000
2018-05-01,5.55549956,5.62179835,5.49686923,5.61907721,5.61907721,253788000
2018-05-02,5.61561319,5.66014188,5.57232073,5.59854364,5.59854364,268248000
2018-05-03,5.63045561,5.79001828,5.58518423,5.76379538,5.76379538,443144000
2018-05-04,5.73510013,5.91717466,5.71778333,5.91395855,5.91395855,400660000
2018-05-07,6.01860105,6.20908671,6.00870547,6.15194082,6.15194082,687616000
2018-05-08,6.15218745,6.19721158,6.10320547,6.19449043,6.19449043,506616000
2018-05-09,6.21452919,6.32980996,6.18731682,6.32758331,6.32758331,596760000
2018-05-10,6.38052251,6.44434738,6.36271075,6.43519449,6.43519449,994080000
2018-05-11,6.25336797,6.42678407,6.19795424,6.29665995,6.29665995,1214456000
2018-05-14,6.33475659,6.39462361,6.29344354,6.31719208,6.31719208,523140000
2018-05-15,6.25361599,6.25633760,5.97431970,6.07475758,6.07475758,963528000
2018-05-16,6.03616561,6.14798302,5.99930538,6.08588982,6.08588982,553828000
2018-05-17,6.08762041,6.22170238,6.07154033,6.12794399,6.12794399,519784000
2018-05-18,6.17989429,6.24322419,6.07920872,6.08415651,6.08415651,483716000
2018-05-21,6.18162513,6.18533573,5.94933153,6.04210043,6.04210043,640624000
2018-05-22,6.05546179,6.08069477,5.94339666,6.00400591,6.00400591,518264000
2018-05-23,5.94781413,6.12876375,5.94707146,6.12752581,6.12752581,442956000
2018-05-24,6.12381266,6.17356761,6.07059221,6.13123846,6.13123846,437372000
2018-05-25,6.14386125,6.18693259,6.10821619,6.17059517,6.17059517,292112000
2018-05-29,6.15252669,6.22158976,6.10673252,6.15351677,6.15351677,352684000
2018-05-30,6.18718213,6.27109680,6.16242836,6.26243305,6.26243305,390996000
2018-05-31,6.23050171,6.31713969,6.21985781,6.24263096,6.24263096,493868000
2018-06-01,6.28743363,6.38323061,6.27876988,6.37704182,6.37704182,421968000
2018-06-04,6.41120288,6.57804263,6.37902331,6.55601215,6.55601215,642024000
2018-06-05,6.55923009,6.59908381,6.51442599,6.56145811,6.56145811,391712000
2018-06-06,6.47135479,6.56665651,6.45501736,6.56343842,6.56343842,371356000
2018-06-07,6.55972635,6.57160820,6.41739247,6.50774384,6.50774384,369448000
2018-06-08,6.43496630,6.53497100,6.41615346,6.49239492,6.49239492,360456000
2018-06-11,6.47977015,6.52135615,6.43843156,6.45130348,6.45130348,265372000
2018-06-12,6.47779023,6.51194996,6.42754001,6.49982071,6.49982071,319160000
2018-06-13,6.50130607,6.57630959,6.48620612,6.49536514,6.49536514,338208000
2018-06-14,6.54041652,6.66368963,6.52556398,6.60700369,6.60700369,430016000
2018-06-15,6.54982278,6.62111340,6.51888068,6.56616020,6.56616020,432260000
2018-06-18,6.52209840,6.57952701,6.49486968,6.56195211,6.56195211,356268000
2018-06-19,6.45872906,6.52605938,6.31268281,6.44016409,6.44016409,594932000
2018-06-20,6.48125599,6.54611041,6.44288761,6.49313784,6.49313784,369780000
2018-06-21,6.52506992,6.54338750,6.35674483,6.36441851,6.36441851,359516000
2018-06-22,6.38521048,6.39857768,6.19658769,6.21193457,6.21193457,434160000
2018-06-25,6.10549458,6.10920748,5.83048122,5.91909933,5.91909933,665816000
2018-06-26,6.03247053,6.08074012,5.93865370,5.99014139,5.99014139,478884000
2018-06-27,6.03370950,6.10004927,5.82949145,5.83493757,5.83493757,453892000
2018-06-28,5.82503502,5.97405245,5.81736135,5.96217060,5.96217060,338012000
2018-06-29,6.02727306,6.03989711,5.86290828,5.86414623,5.86414623,392300000
2018-07-02,5.79458861,6.00004412,5.77404301,5.99633121,5.99633121,357572000
2018-07-03,6.03098596,6.03692689,5.85424454,5.86266088,5.86266088,222732000
2018-07-05,5.91786037,6.01340947,5.87899721,6.00845909,6.00845909,306216000
2018-07-06,5.98395379,6.13074320,5.96266552,6.12232685,6.12232685,296352000
2018-07-09,6.19658856,6.20624238,6.09113774,6.16985416,6.16985416,303880000
2018-07-10,6.18223284,6.29090131,6.14188431,6.26887083,6.26887083,360016000
2018-07-11,6.17604464,6.21069965,6.11663538,6.12727976,6.12727976,367508000
2018-07-12,6.17257832,6.26688951,6.16267662,6.21886730,6.21886730,345508000
2018-07-13,6.23743052,6.23743052,6.12950430,6.17158556,6.17158556,246988000
2018-07-16,6.14386225,6.19683529,6.13148560,6.14386225,6.14386225,197036000
2018-07-17,6.09460398,6.29486126,6.06910753,6.27976131,6.27976131,362136000
2018-07-18,6.27233553,6.28619753,6.17950922,6.23050165,6.23050165,277640000
2018-07-19,6.21168855,6.27233527,6.19658907,6.23866987,6.23866987,235752000
2018-07-20,6.23619498,6.27505815,6.19955935,6.21045113,6.21045113,222352000
2018-07-23,6.18396435,6.18569710,6.02207498,6.17381525,6.17381525,301584000
2018-07-24,6.22183812,6.30847611,6.13891304,6.15648842,6.15648842,354620000
2018-07-25,6.16589501,6.24733474,6.10797110,6.23471022,6.23471022,319112000
2018-07-26,6.21465904,6.34511056,6.19782634,6.30822754,6.30822754,325124000
2018-07-27,6.34486329,6.35179429,6.18445927,6.23842239,6.23842239,295420000
2018-07-30,6.25253190,6.25847283,6.00821274,6.04311562,6.04311562,340340000
2018-07-31,6.03271774,6.13594051,5.99385457,6.06118441,6.06118441,283988000
2018-08-01,6.09262306,6.14782365,6.03717459,6.10103893,6.10103893,283556000
2018-08-02,6.02974682,6.20772569,5.97083334,6.20376539,6.20376539,269668000
2018-08-03,6.22827154,6.26416448,6.21143932,6.24040079,6.24040079,214288000
2018-08-06,6.22777864,6.29164299,6.18124179,6.28817749,6.28817749,207508000
2018-08-07,6.33694255,6.37902382,6.31020862,6.36045837,6.36045837,258132000
2018-08-08,6.36169554,6.44189731,6.32679267,6.39684534,6.39684534,262100000
2018-08-09,6.41466885,6.41739167,6.34065539,6.34832907,6.34832907,204280000
2018-08-10,6.26639375,6.33941712,6.25525457,6.30698967,6.30698967,256396000
2018-08-13,6.31565486,6.46071156,6.31392211,6.33991337,6.33991337,375208000
2018-08-14,6.44536276,6.48546388,6.36219029,6.47135401,6.47135401,466220000
2018-08-15,6.49214752,6.52606032,6.33446679,6.41318369,6.41318369,591136000
2018-08-16,6.48298791,6.48546333,6.31243481,6.37258625,6.37258625,801260000
2018-08-17,6.26119685,6.26193953,6.03321507,6.06019688,6.06019688,1143188000
2018-08-20,6.01959955,6.26763113,5.90919789,6.13495159,6.13495159,854388000
2018-08-21,6.15128941,6.27505780,6.13148648,6.27060223,6.27060223,673988000
2018-08-22,6.23792666,6.51071200,6.23446116,6.50576115,6.50576115,749856000
2018-08-23,6.46714708,6.67062248,6.45328508,6.60527277,6.60527277,720684000
2018-08-24,6.61368777,6.75305091,6.60923220,6.73844624,6.73844624,531512000
2018-08-27,6.76815133,6.90380158,6.73671442,6.82954073,6.82954073,505776000
2018-08-28,6.82360115,6.84637478,6.67186084,6.79191637,6.79191637,475384000
2018-08-29,6.78423502,6.92243620,6.76343065,6.89742136,6.89742136,420108000
2018-08-30,6.86621625,6.97742139,6.84367818,6.88058138,6.88058138,346608000
2018-08-31,6.86052012,6.96454246,6.85061300,6.95166349,6.95166349,306592000
2018-09-04,6.93853619,7.06410598,6.91005394,7.02646017,7.02646017,391720000
2018-09-05,7.00887393,7.04429096,6.81469887,6.89568758,6.89568758,393156000
2018-09-06,6.87934284,6.88181962,6.72157587,6.75451612,6.75451612,322796000
2018-09-07,6.66238174,6.85878608,6.61755314,6.73321629,6.73321629,295420000
2018-09-10,6.75575391,6.83401832,6.71191593,6.80429745,6.80429745,220140000
2018-09-11,6.75798450,6.84566050,6.73718013,6.75649881,6.75649881,243112000
2018-09-12,6.71662156,6.73618778,6.48702944,6.64256763,6.64256763,419092000
2018-09-13,6.70844857,6.81098474,6.69111159,6.72033691,6.72033691,305536000
2018-09-14,6.81073617,6.91252925,6.77383298,6.84640074,6.84640074,386936000
2018-09-17,6.82089155,6.86993063,6.76516522,6.78448343,6.78448343,205528000
2018-09-18,6.78844656,6.89123026,6.70572414,6.71241093,6.71241093,299520000
2018-09-19,6.69383564,6.75401998,6.64380594,6.73618746,6.73618746,224860000
2018-09-20,6.61408572,6.65643755,6.54102241,6.59501505,6.59501505,430584000
2018-09-21,6.60690168,6.65247336,6.49173411,6.52492189,6.52492189,435128000
2018-09-24,6.49396543,6.58411820,6.40678499,6.58065081,6.58065081,293912000
2018-09-25,6.64677788,6.67278334,6.56108315,6.64776850,6.64776850,280388000
2018-09-26,6.65272379,6.69309439,6.59501620,6.61086702,6.61086702,268548000
2018-09-27,6.64603477,6.66733469,6.59129953,6.62275362,6.62275362,214428000
2018-09-28,6.75476360,6.98237402,6.72677643,6.96008348,6.96008348,709396000
2018-10-01,7.03785255,7.23351332,6.99921565,7.16664219,7.16664219,622060000
2018-10-02,7.13915154,7.25085129,7.07302301,7.09531355,7.09531355,383964000
2018-10-03,7.16565258,7.17308292,6.99748340,7.10150576,7.10150576,320552000
2018-10-04,7.06534564,7.08961741,6.84021149,6.91723776,6.91723776,391220000
2018-10-05,6.89247022,6.95463581,6.62622240,6.68368244,6.68368244,426636000
2018-10-08,6.60046273,6.71587786,6.44145716,6.58238268,6.58238268,408612000
2018-10-09,6.56182714,6.65643791,6.50882559,6.57668781,6.57668781,273500000
2018-10-10,6.47068261,6.51650230,6.08282802,6.08505726,6.08505726,684940000
2018-10-11,5.99787724,6.13137291,5.80196891,5.82351637,5.82351637,725436000
2018-10-12,6.08059970,6.18041155,5.93546370,6.10610962,6.10610962,608236000
2018-10-15,6.09273604,6.09273604,5.82871748,5.82970810,5.82970810,449760000
2018-10-16,5.94239914,6.09967104,5.89311251,6.08852577,6.08852577,408712000
2018-10-17,6.15069026,6.18883208,5.97088032,6.01991940,6.01991940,329668000
2018-10-18,6.08926958,6.12765848,5.87206084,5.93249273,5.93249273,524020000
2018-10-19,5.98772178,6.00728753,5.63949472,5.67590237,5.67590237,613608000
2018-10-22,5.72816215,5.82822154,5.62389228,5.72667599,5.72667599,368844000
2018-10-23,5.45943764,5.55256271,5.36730365,5.47504139,5.47504139,626436000
2018-10-24,5.43665198,5.48321428,4.92496127,4.93883085,4.93883085,884288000
2018-10-25,4.84124750,5.19492319,4.79691398,5.14761782,5.14761782,951720000
2018-10-26,4.91158592,5.07331580,4.78304431,4.91109085,4.91109085,664784000
2018-10-29,5.05226475,5.05573215,4.35927792,4.59729099,4.59729099,758016000
2018-10-30,4.62032486,5.03765236,4.59729124,5.02774525,5.02774525,807192000
2018-10-31,5.19244626,5.26526202,5.05275891,5.22167158,5.22167158,745772000
2018-11-01,5.25808063,5.41139006,5.13152022,5.40197849,5.40197849,566528000
2018-11-02,5.39256582,5.49832184,5.20631617,5.32296991,5.32296991,452960000
2018-11-05,5.30984401,5.33312563,5.08421481,5.24495411,5.24495411,379332000
2018-11-06,5.23702841,5.32123699,5.19021810,5.22736931,5.22736931,299012000
2018-11-07,5.29399468,5.38464253,5.23034291,5.29498529,5.29498529,483812000
2018-11-08,5.23578927,5.23653235,5.04830145,5.10179901,5.10179901,511352000
2018-11-09,5.01288525,5.18427427,4.97920191,5.09387398,5.09387398,413240000
2018-11-12,5.00248242,5.02452542,4.67258292,4.69437838,4.69437838,617116000
2018-11-13,4.79220971,5.05771396,4.78601752,4.93635464,4.93635464,644712000
2018-11-14,5.10947640,5.12384152,4.77586244,4.88384724,4.88384724,526580000
2018-11-15,4.87790286,5.08470935,4.84199028,5.01263666,5.01263666,840708000
2018-11-16,4.04498237,4.22677358,4.00263008,4.07247400,4.07247400,1963520000
2018-11-19,4.00708790,4.00783051,3.58208235,3.58381605,3.58381605,1697820000
2018-11-20,3.32029339,3.82059109,3.30171802,3.69229698,3.69229698,1692032000
2018-11-21,3.82950667,3.84634833,3.55681968,3.58406353,3.58406353,1025496000
2018-11-23,3.54939032,3.70492829,3.53651136,3.59124684,3.59124684,411968000
2018-11-26,3.71235807,3.80102466,3.62988320,3.79062247,3.79062247,814832000
2018-11-27,3.76461723,3.88870109,3.72870488,3.80746460,3.80746460,738060000
2018-11-28,3.92510877,3.96968984,3.79260418,3.96448874,3.96448874,804524000
2018-11-29,3.96671982,4.00390772,3.87102278,3.90126896,3.90126896,549172000
2018-11-30,3.91093764,4.06241676,3.86060986,4.05175638,4.05175638,729564000
2018-12-03,4.27909865,4.33066605,4.14869250,4.21563101,4.21563101,890804000
2018-12-04,4.17100597,4.17596449,3.87994794,3.89507127,3.89507127,812112000
2018-12-06,3.75450063,3.92928422,3.73888174,3.92432594,3.92432594,692308000
2018-12-07,3.92854030,3.93870511,3.61021116,3.65954709,3.65954709,681676000
2018-12-10,3.61467335,3.78970494,3.61095446,3.76491284,3.76491284,629472000
2018-12-11,3.85664326,3.86482462,3.59483982,3.67392635,3.67392635,671912000
2018-12-12,3.67962832,3.78772139,3.59037721,3.69152856,3.69152856,654136000
2018-12-13,3.73838577,3.80259701,3.65533256,3.69128084,3.69128084,471384000
2018-12-14,3.64963054,3.73342758,3.60723634,3.63078880,3.63078880,471820000
2018-12-17,3.60079021,3.67293479,3.50162207,3.55963540,3.55963540,662868000
2018-12-18,3.60351733,3.72698153,3.57624621,3.64293671,3.64293671,564372000
2018-12-19,3.60921982,3.66277069,3.38237300,3.43394041,3.43394041,745364000
2018-12-20,3.42551081,3.51550575,3.28965056,3.34939933,3.34939933,749588000
2018-12-21,3.37592676,3.40890021,3.18478045,3.21229959,3.21229959,863740000
2018-12-24,3.13593977,3.22246384,3.08660361,3.15056705,3.15056705,463840000
2018-12-26,3.19668014,3.30080655,3.08561200,3.29981494,3.29981494,695100000
2018-12-27,3.24750400,3.28196487,3.10346241,3.25196648,3.25196648,637044000
2018-12-28,3.27254355,3.40617254,3.23064516,3.31345034,3.31345034,628728000
2018-12-31,3.35683690,3.38931431,3.27898998,3.30973220,3.30973220,465140000
2019-01-02,3.23882700,3.43319615,3.22419972,3.37716627,3.37716627,508752000
2019-01-03,3.31692221,3.35088728,3.16569107,3.17312860,3.17312860,705552000
2019-01-04,3.24626404,3.41460168,3.21552207,3.37642217,3.37642217,585620000
2019-01-07,3.43369240,3.59211328,3.38237278,3.55517316,3.55517316,709160000
2019-01-08,3.63673810,3.63896958,3.39402442,3.46666503,3.46666503,786016000
2019-01-09,3.51798469,3.58219616,3.46740913,3.53484344,3.53484344,617260000
2019-01-10,3.51550611,3.60921971,3.45501351,3.60054255,3.60054255,523156000
2019-01-11,3.57822916,3.71260199,3.55046224,3.68979335,3.68979335,874764000
2019-01-14,3.63748249,3.75499657,3.61393002,3.72970867,3.72970867,730168000
2019-01-15,3.76243404,3.80185342,3.69723119,3.71557736,3.71557736,617012000
2019-01-16,3.74284785,3.77582107,3.68458675,3.69004083,3.69004083,470104000
2019-01-17,3.65706845,3.80135785,3.62979709,3.76144266,3.76144266,493436000
2019-01-18,3.81127422,3.91664027,3.75970682,3.89060855,3.89060855,651336000
2019-01-22,3.86036240,3.87201462,3.65805968,3.68830585,3.68830585,661552000
2019-01-23,3.74359255,3.83234787,3.66996031,3.70119810,3.70119810,591020000
2019-01-24,3.78573852,3.93077149,3.78102803,3.91316938,3.91316938,708972000
2019-01-25,3.85366800,3.98853639,3.75102924,3.97043824,3.97043824,1154572000
2019-01-28,3.38534754,3.51153878,3.24775210,3.42154384,3.42154384,2511528000
2019-01-29,3.37543095,3.42377551,3.24800008,3.26262736,3.26262736,1153932000
2019-01-30,3.33873867,3.42055225,3.25915633,3.40617299,3.40617299,974228000
2019-01-31,3.40294981,3.59955042,3.38113277,3.56384993,3.56384993,842852000
2019-02-01,3.58244435,3.63921806,3.53484384,3.58814645,3.58814645,625048000
2019-02-04,3.60401341,3.73565898,3.58194859,3.69847107,3.69847107,528592000
2019-02-05,3.71037030,3.75425215,3.67665327,3.71756005,3.71756005,542424000
2019-02-06,3.75078197,3.85763568,3.74532789,3.79317641,3.79317641,702464000
2019-02-07,3.74681529,3.74904653,3.61194688,3.65483689,3.65483689,637120000
2019-02-08,3.58765043,3.68409130,3.57327116,3.67343092,3.67343092,461604000
2019-02-11,3.62930115,3.68359560,3.58244424,3.63078880,3.63078880,495180000
2019-02-12,3.66921652,3.76342616,3.65483701,3.74780703,3.74780703,591060000
2019-02-13,3.77730886,3.86333712,3.76367319,3.79020071,3.79020071,605372000
2019-02-14,3.78920898,3.85937033,3.74607072,3.83110738,3.83110738,827264000
2019-02-15,4.03985588,4.06266428,3.87796417,3.90077281,3.90077281,1516748000
2019-02-19,3.89011274,3.96399299,3.87102299,3.88341880,3.88341880,551892000
2019-02-20,3.91267344,3.99795789,3.90151726,3.93077159,3.93077159,540988000
2019-02-21,3.94341607,3.96795991,3.84722298,3.86185026,3.86185026,448548000
2019-02-22,3.91366537,3.96548056,3.90002969,3.94663858,3.94663858,401740000
2019-02-25,4.03018779,4.09762187,3.92556533,3.93424273,3.93424273,656020000
2019-02-26,3.92953148,3.98556135,3.86135335,3.89482260,3.89482260,488464000
2019-02-27,3.88044372,3.90697101,3.79590287,3.85292459,3.85292459,500256000
2019-02-28,3.84672015,3.86905598,3.80601948,3.82835507,3.82835507,324944000
2019-03-01,3.87823909,3.92489603,3.81991793,3.88270640,3.88270640,357188000
2019-03-04,3.92117295,3.94400510,3.83431143,3.89089561,3.89089561,409992000
2019-03-05,3.87525991,3.92266142,3.82090952,3.88444257,3.88444257,362924000
2019-03-06,3.87550825,3.88394608,3.77077822,3.77350807,3.77350807,403524000
2019-03-07,3.74993228,3.75961125,3.65810736,3.70426798,3.70426798,450104000
2019-03-08,3.61492419,3.74918722,3.59358098,3.73851562,3.73851562,422416000
2019-03-11,3.76209262,4.02193212,3.71493914,3.99910021,3.99910021,859728000
2019-03-12,4.02689671,4.07975794,3.95070677,4.03334951,4.03334951,579576000
2019-03-13,4.07082283,4.21402002,4.06337740,4.18473530,4.18473530,768900000
2019-03-14,4.19391804,4.20583055,4.10110026,4.10879374,4.10879374,519384000
2019-03-15,4.15197676,4.25695510,4.14850232,4.21426916,4.21426916,661484000
2019-03-18,4.24578668,4.29964100,4.16587403,4.19292545,4.19292545,486992000
2019-03-19,4.28747976,4.40511517,4.27060410,4.36069155,4.36069155,854972000
2019-03-20,4.38972811,4.44308588,4.29343590,4.32818079,4.32818079,719148000
2019-03-21,4.35126178,4.59124728,4.34629816,4.56494045,4.56494045,824312000
2019-03-22,4.53764193,4.58628412,4.39121831,4.40511608,4.40511608,747644000
2019-03-25,4.36441669,4.42869390,4.24653317,4.31279612,4.31279612,525212000
2019-03-26,4.45450188,4.51058950,4.33314398,4.38948011,4.38948011,703508000
2019-03-27,4.41504207,4.46145048,4.31080835,4.38029718,4.38029718,474372000
2019-03-28,4.40635644,4.46467784,4.34580174,4.39891148,4.39891148,480264000
2019-03-29,4.46566944,4.48056031,4.41529004,4.45623875,4.45623875,456896000
2019-04-01,4.54806520,4.55402146,4.47634258,4.52374411,4.52374411,483824000
2019-04-02,4.54781692,4.58603578,4.50488246,4.54161215,4.54161215,440920000
2019-04-03,4.59124572,4.74015108,4.58628210,4.68108511,4.68108511,783504000
2019-04-04,4.66569781,4.71458849,4.60936216,4.67215061,4.67215061,457376000
2019-04-05,4.71533465,4.75628384,4.67885301,4.73891115,4.73891115,481744000
2019-04-08,4.70838454,4.78482272,4.68431150,4.75975704,4.75975704,424192000
2019-04-09,4.72625518,4.73742310,4.65478060,4.69697046,4.69697046,439972000
2019-04-10,4.69622476,4.79326108,4.69175768,4.76745081,4.76745081,444772000
2019-04-11,4.76993249,4.80145098,4.70416614,4.75355291,4.75355291,374600000
2019-04-12,4.79226909,4.79624008,4.70689674,4.71558285,4.71558285,471708000
2019-04-15,4.70788951,4.71285313,4.54409370,4.58380175,4.58380175,440092000
2019-04-16,4.62301466,4.68977366,4.59025549,4.67091227,4.67091227,394964000
2019-04-17,4.70590328,4.72674993,4.62574261,4.64807844,4.64807844,351004000
2019-04-18,4.65477938,4.68877920,4.59571340,4.62350893,4.62350893,380988000
2019-04-22,4.59993351,4.69299934,4.56841549,4.67736435,4.67736435,279936000
2019-04-23,4.69051694,4.76323265,4.68083821,4.73196220,4.73196220,346856000
2019-04-24,4.74238520,4.78507161,4.68158247,4.74437094,4.74437094,318204000
2019-04-25,4.70416635,4.72650218,4.55898391,4.63864803,4.63864803,499296000
2019-04-26,4.48477865,4.48924619,4.30088082,4.41975689,4.41975689,868988000
2019-04-29,4.42769957,4.47832750,4.35548040,4.45053196,4.45053196,391920000
2019-04-30,4.41826933,4.51753946,4.39915990,4.49197769,4.49197769,362920000
2019-05-01,4.54434198,4.58653184,4.47857515,4.47882366,4.47882366,354280000
2019-05-02,4.48850274,4.58802090,4.44532025,4.54632759,4.54632759,394684000
2019-05-03,4.55476476,4.56469154,4.48031183,4.54185963,4.54185963,336824000
2019-05-06,4.35547992,4.47559715,4.31825369,4.46343660,4.46343660,422176000
2019-05-07,4.41504251,4.41504251,4.24802031,4.29616642,4.29616642,555220000
2019-05-08,4.26861983,4.39643009,4.25670732,4.31626940,4.31626940,419168000
2019-05-09,4.24727511,4.25695385,4.10482254,4.22369814,4.22369814,660248000
2019-05-10,4.19292462,4.25844293,4.07007756,4.18969822,4.18969822,569500000
2019-05-13,4.05766976,4.08075019,3.91645783,3.93234110,3.93234110,656912000
2019-05-14,3.97204896,4.05667719,3.93333378,4.02143621,4.02143621,524880000
2019-05-15,3.96584479,3.99686673,3.90653099,3.96038508,3.96038508,502320000
2019-05-16,3.95492557,4.01821036,3.91248767,3.97552395,3.97552395,781088000
2019-05-17,3.93358194,4.06288136,3.84523147,3.88469124,3.88469124,1022068000
2019-05-20,3.78591723,3.84101222,3.74124557,3.76606321,3.76606321,572064000
2019-05-21,3.82686665,3.86409289,3.78815123,3.84820962,3.84820962,361848000
2019-05-22,3.80949430,3.83555262,3.76631158,3.77723145,3.77723145,325868000
2019-05-23,3.71493921,3.71493921,3.59631139,3.65612173,3.65612173,591844000
2019-05-24,3.67498299,3.71022396,3.59556690,3.60226774,3.60226774,357584000
2019-05-28,3.61988756,3.65264672,3.55511361,3.55709910,3.55709910,428356000
2019-05-29,3.50945073,3.54444343,3.44815142,3.48289609,3.48289609,559800000
2019-05-30,3.48612482,3.52190289,3.41804708,3.45630980,3.45630980,394300000
2019-05-31,3.40736389,3.47469620,3.36388355,3.36562276,3.36562276,389720000
2019-06-03,3.37680343,3.41556303,3.29456372,3.32388186,3.32388186,478644000
2019-06-04,3.38798456,3.55817896,3.36587178,3.55296135,3.55296135,641836000
2019-06-05,3.62675217,3.63221834,3.47395011,3.51022506,3.51022506,511616000
2019-06-06,3.51444894,3.59693718,3.51196429,3.57233977,3.57233977,408140000
2019-06-07,3.57830374,3.64936279,3.55917226,3.61507559,3.61507559,348856000
2019-06-10,3.67122677,3.75644823,3.67122677,3.68787360,3.68787360,402780000
2019-06-11,3.74775262,3.78551847,3.70601173,3.74551654,3.74551654,383872000
2019-06-12,3.70203542,3.70824703,3.61731108,3.63246703,3.63246703,358892000
2019-06-13,3.65457949,3.70203510,3.63693889,3.68364930,3.68364930,308080000
2019-06-14,3.59047819,3.61482705,3.54898562,3.59370804,3.59370804,394428000
2019-06-17,3.59196838,3.64041801,3.56911018,3.60339761,3.60339761,276040000
2019-06-18,3.66476675,3.85384379,3.65383465,3.79843760,3.79843760,581920000
2019-06-19,3.83371930,3.84514829,3.77831286,3.80440116,3.80440116,331644000
2019-06-20,3.89508796,3.90900159,3.81433891,3.82874942,3.82874942,350168000
2019-06-21,3.81384258,3.86303741,3.76415064,3.77061057,3.77061057,434428000
2019-06-24,3.79197785,3.82253831,3.74477055,3.79297161,3.79297161,282948000
2019-06-25,3.79794119,3.87297576,3.76092079,3.76365376,3.76365376,311868000
2019-06-26,3.89111282,4.01807541,3.87819295,3.95695424,3.95695424,584072000
2019-06-27,4.04267314,4.07472426,4.00664650,4.05559301,4.05559301,445440000
2019-06-28,4.09956986,4.10876299,4.03372843,4.08043861,4.08043861,397668000
2019-07-01,4.28765317,4.32194060,4.09112218,4.12863970,4.12863970,709756000
2019-07-02,4.11199239,4.13311163,4.01757827,4.03074646,4.03074646,400228000
2019-07-03,4.05410302,4.05981775,3.98378940,4.04366779,4.04366779,246636000
2019-07-05,3.98527935,3.98975152,3.91769824,3.98105550,3.98105550,396552000
2019-07-08,3.92142492,3.94030784,3.87595706,3.90602040,3.90602040,329788000
2019-07-09,3.86378254,3.93658102,3.85111123,3.90850520,3.90850520,342860000
2019-07-10,3.95198499,4.03422468,3.93807136,3.97683096,3.97683096,452076000
2019-07-11,4.04987819,4.17212006,4.01260946,4.13137293,4.13137293,682560000
2019-07-12,4.15919918,4.23547629,4.15919918,4.16441679,4.16441679,506392000
2019-07-15,4.18553752,4.20168700,4.12764666,4.15597057,4.15597057,289840000
2019-07-16,4.14106203,4.17833075,4.09559394,4.15124893,4.15124893,341444000
2019-07-17,4.15298770,4.22355008,4.12366956,4.21659327,4.21659327,348204000
2019-07-18,4.22702892,4.29113114,4.17038017,4.22827101,4.22827101,442192000
2019-07-19,4.26653377,4.27299346,4.17907599,4.18503904,4.18503904,344896000
2019-07-22,4.20640797,4.26951644,4.19895403,4.25659657,4.25659657,315940000
2019-07-23,4.29585270,4.36641462,4.28019939,4.36442709,4.36442709,428176000
2019-07-24,4.40765917,4.44467957,4.33163084,4.43896484,4.43896484,366236000
2019-07-25,4.39747200,4.41014354,4.28442327,4.30777836,4.30777836,392700000
2019-07-26,4.33486077,4.39647835,4.33486077,4.34976816,4.34976816,274160000
2019-07-29,4.34256264,4.35970636,4.25535365,4.34355640,4.34355640,248160000
2019-07-30,4.29709437,4.37138349,4.28268362,4.35920906,4.35920906,197772000
2019-07-31,4.32765446,4.32864870,4.14975809,4.19199610,4.19199610,359416000
2019-08-01,4.20243120,4.29287027,4.04540528,4.09758186,4.09758186,421212000
2019-08-02,4.00490713,4.07422744,3.95745174,4.00490713,4.00490713,428348000
2019-08-05,3.82129628,3.82253860,3.69955152,3.74651027,3.74651027,589156000
2019-08-06,3.82129638,3.86676424,3.73756579,3.78526974,3.78526974,361272000
2019-08-07,3.72439724,3.83545845,3.70700520,3.82353234,3.82353234,372560000
2019-08-08,3.88117485,3.93335120,3.82378088,3.93210888,3.93210888,309300000
2019-08-09,3.89111308,3.89459149,3.78030044,3.83073759,3.83073759,341816000
2019-08-12,3.77856082,3.83073716,3.74104354,3.76290798,3.76290798,279200000
2019-08-13,3.76141771,3.92316439,3.72240978,3.87719941,3.87719941,351956000
2019-08-14,3.78899601,3.80017668,3.68489188,3.72862053,3.72862053,419880000
2019-08-15,3.74750408,3.76738077,3.66203429,3.69632149,3.69632149,477200000
2019-08-16,3.95919079,4.01360299,3.89782129,3.96440840,3.96440840,1007960000
2019-08-19,4.07770522,4.25908000,4.06155527,4.24317837,4.24317837,815112000
2019-08-20,4.23771264,4.23820976,4.14975822,4.17087746,4.17087746,463188000
2019-08-21,4.23696863,4.30951857,4.21535274,4.25436068,4.25436068,427244000
2019-08-22,4.26404941,4.30653574,4.22131428,4.26057100,4.26057100,303488000
2019-08-23,4.18404659,4.23845904,4.01608828,4.03596497,4.03596497,568056000
2019-08-26,4.11472763,4.13882817,4.07248961,4.11075211,4.11075211,318208000
2019-08-27,4.14901329,4.15174626,3.99074525,4.02006340,4.02006340,290968000
2019-08-28,3.99370091,4.06234318,3.95440532,4.00961781,4.00961781,255612000
2019-08-29,4.10114071,4.18570035,4.09765886,4.15336895,4.15336895,357976000
2019-08-30,4.19962849,4.24936964,4.14789786,4.16605330,4.16605330,290616000
2019-09-03,4.09318143,4.12625901,4.06010385,4.08298445,4.08298445,296140000
2019-09-04,4.14366914,4.20460201,4.14366914,4.19714069,4.19714069,227728000
2019-09-05,4.29935937,4.47643714,4.29761845,4.47021961,4.47021961,695676000
2019-09-06,4.44684136,4.50379478,4.40505914,4.44311094,4.44311094,376976000
2019-09-09,4.47419833,4.57567010,4.47270597,4.48912048,4.48912048,417524000
2019-09-10,4.45629146,4.58238476,4.44659208,4.55577374,4.55577374,352812000
2019-09-11,4.57044702,4.63262321,4.54134843,4.58437443,4.58437443,361512000
2019-09-12,4.63088214,4.68559700,4.57492348,4.58288193,4.58288193,327840000
2019-09-13,4.51622919,4.55328623,4.48116164,4.52493382,4.52493382,324592000
2019-09-16,4.44982501,4.51647779,4.43937945,4.48190784,4.48190784,231832000
2019-09-17,4.48862327,4.50752488,4.44211541,4.50329685,4.50329685,223048000
2019-09-18,4.49633263,4.51200096,4.38963810,4.47618723,4.47618723,258152000
2019-09-19,4.48215823,4.50056271,4.38988867,4.40058327,4.40058327,245476000
2019-09-20,4.39958687,4.42321365,4.28468531,4.29488182,4.29488182,350244000
2019-09-23,4.29513040,4.39386601,4.29139951,4.34835291,4.34835291,249712000
2019-09-24,4.37969077,4.40928651,4.25533840,4.29090309,4.29090309,317268000
2019-09-25,4.29040563,4.45231266,4.24563869,4.43266487,4.43266487,308432000
2019-09-26,4.42296466,4.43166928,4.35954469,4.41052914,4.41052914,234564000
2019-09-27,4.36874656,4.41948243,4.21106759,4.27175188,4.27175188,362056000
2019-09-30,4.29761790,4.33940011,4.26628077,4.32920313,4.32920313,186184000
2019-10-01,4.35233228,4.50155520,4.32273655,4.32746172,4.32746172,366008000
2019-10-02,4.30557645,4.31751436,4.23121379,4.30358696,4.30358696,293372000
2019-10-03,4.30806376,4.51548342,4.27772184,4.50926590,4.50926590,450588000
2019-10-04,4.51150409,4.55502771,4.44634366,4.52568054,4.52568054,265524000
2019-10-07,4.59059195,4.68410479,4.58188732,4.58437443,4.58437443,480984000
2019-10-08,4.49260124,4.49260124,4.38963761,4.40779305,4.40779305,444436000
2019-10-09,4.48464295,4.54383489,4.45579340,4.49434233,4.49434233,292412000
2019-10-10,4.49210578,4.60302790,4.48688300,4.55204344,4.55204344,309124000
2019-10-11,4.63610550,4.70897581,4.61720388,4.62565994,4.62565994,446404000
2019-10-14,4.61695374,4.65997973,4.58586565,4.63908863,4.63908863,200040000
2019-10-15,4.72936818,4.95643557,4.71544031,4.88381338,4.88381338,664124000
2019-10-16,4.84974213,4.95469574,4.81865404,4.83009434,4.83009434,428944000
2019-10-17,4.87461257,4.91962806,4.77761741,4.83208418,4.83208418,263436000
2019-10-18,4.83258071,4.86516116,4.66321288,4.73757553,4.73757553,307440000
2019-10-21,4.79900622,4.88829151,4.78010461,4.87486124,4.87486124,261868000
2019-10-22,4.93181530,5.03701749,4.85720406,4.86491394,4.86491394,328720000
2019-10-23,4.78284080,4.86615666,4.75100653,4.85198069,4.85198069,279916000
2019-10-24,4.89326472,4.92957558,4.85919239,4.89600086,4.89600086,232020000
2019-10-25,4.97658208,5.10789815,4.96887220,5.08700705,5.08700705,423092000
2019-10-28,5.13077884,5.19544213,5.10143167,5.14296579,5.14296579,330792000
2019-10-29,5.12903684,5.13550340,5.02731699,5.04671574,5.04671574,211236000
2019-10-30,5.07357614,5.07929653,4.98056044,5.04870558,5.04870558,205960000
2019-10-31,5.02781455,5.04870565,4.91962812,4.99946213,4.99946213,209732000
2019-11-01,4.96414529,5.07083982,4.93902616,5.03850842,5.03850842,283640000
2019-11-04,5.11958699,5.24767026,5.09645782,5.23523474,5.23523474,376716000
2019-11-05,5.23498533,5.26109921,5.16509927,5.21309948,5.21309948,300868000
2019-11-06,5.18897468,5.21459095,5.07631121,5.16385555,5.16385555,269012000
2019-11-07,5.25040606,5.26507965,5.13674781,5.18151474,5.18151474,280340000
2019-11-08,5.16460304,5.19917298,5.12704838,5.16758728,5.16758728,189100000
2019-11-11,5.16684094,5.20066470,5.08054036,5.17753553,5.17753553,243436000
2019-11-12,5.21583515,5.26905813,5.18076760,5.21309948,5.21309948,283504000
2019-11-13,5.18176306,5.20936930,5.12083066,5.18723488,5.18723488,300188000
2019-11-14,5.19618731,5.21981456,5.13624967,5.21757603,5.21757603,518080000
2019-11-15,5.21533739,5.26706802,4.99001090,5.07830143,5.07830143,1053628000
2019-11-18,5.07084131,5.30611580,5.06785707,5.27950478,5.27950478,574588000
2019-11-19,5.24841605,5.27204283,5.11461288,5.17280960,5.17280960,414564000
2019-11-20,5.14992925,5.33596019,5.13724516,5.25214672,5.25214672,472588000
2019-11-21,5.24767030,5.30337992,5.20563904,5.22727633,5.22727633,288388000
2019-11-22,5.24990782,5.29641567,5.22130683,5.24493408,5.24493408,224100000
2019-11-25,5.37301654,5.50657114,5.36008389,5.50159693,5.50159693,506476000
2019-11-26,5.48393882,5.48866446,5.39042598,5.39689255,5.39689255,385244000
2019-11-27,5.44243848,5.47678470,5.40535409,5.43173599,5.43173599,215784000
2019-11-29,5.40087575,5.42924862,5.37051097,5.39440441,5.39440441,141556000
2019-12-02,5.38743544,5.40087562,5.19280492,5.20798683,5.20798683,372036000
2019-12-03,5.02430769,5.17239604,4.98697454,5.16841412,5.16841412,465232000
2019-12-04,5.25203941,5.27443939,5.18359524,5.21221733,5.21221733,273424000
2019-12-05,5.23412003,5.24979992,5.16467990,5.19529343,5.19529343,184884000
2019-12-06,5.26448419,5.31351530,5.25452843,5.28066158,5.28066158,232236000
2019-12-09,5.25776410,5.33541730,5.24905305,5.28066158,5.28066158,211880000
2019-12-10,5.31077714,5.37747957,5.25801286,5.32571077,5.32571077,256388000
2019-12-11,5.33616422,5.41481290,5.33367528,5.40933704,5.40933704,233796000
2019-12-12,5.38046579,5.59500732,5.37150599,5.57683849,5.57683849,404348000
2019-12-13,5.57982558,5.69904307,5.52083871,5.57484770,5.57484770,454704000
2019-12-16,5.62238557,5.67614533,5.59426098,5.60371876,5.60371876,320976000
2019-12-17,5.62238514,5.70451824,5.61292736,5.68186951,5.68186951,321196000
2019-12-18,5.71671440,5.77271435,5.70825210,5.71223450,5.71223450,343548000
2019-12-19,5.74682959,5.87376265,5.74185171,5.86032248,5.86032248,445360000
2019-12-20,5.92677503,5.98302373,5.90761073,5.95763731,5.95763731,603044000
2019-12-23,5.98626072,6.01836724,5.93324769,5.94394970,5.94394970,355060000
2019-12-24,5.92851826,5.95614487,5.89417156,5.93897152,5.93897152,138864000
2019-12-26,5.94245542,5.98128201,5.92353986,5.95315790,5.95315790,182852000
2019-12-27,5.96834082,5.98178100,5.86903435,5.89541674,5.89541674,254644000
2019-12-30,5.87351531,5.87874194,5.75081337,5.78217316,5.78217316,258056000
2019-12-31,5.74682851,5.86579723,5.72766421,5.85633945,5.85633945,231004000
2020-01-02,5.94220660,5.97107744,5.89168251,5.97107744,5.97107744,237536000
2020-01-03,5.85136278,5.91930945,5.82647386,5.87550497,5.87550497,205384000
2020-01-06,5.78217132,5.90537073,5.75603818,5.90014410,5.90014410,262636000
2020-01-07,5.92851893,6.01737214,5.88347021,5.97157669,5.97157669,314856000
2020-01-08,5.96734455,6.02409123,5.92727372,5.98277569,5.98277569,277108000
2020-01-09,6.06913971,6.12090851,5.99472218,6.04848194,6.04848194,255112000
2020-01-10,6.15575276,6.18611706,6.06665082,6.08083725,6.08083725,316296000
2020-01-13,6.16396675,6.29662395,6.14131755,6.27148628,6.27148628,319840000
2020-01-14,6.22867641,6.25406331,6.14131669,6.15450811,6.15450811,359088000
2020-01-15,6.16720123,6.18960121,6.08606361,6.11194801,6.11194801,263104000
2020-01-16,6.16545874,6.20154764,6.14206328,6.19557428,6.19557428,284192000
2020-01-17,6.21473936,6.22220618,6.15674845,6.20428610,6.20428610,253792000
2020-01-21,6.16769901,6.20453464,6.13683673,6.17093468,6.17093468,217916000
2020-01-22,6.21623402,6.31155809,6.19731845,6.22494507,6.22494507,239240000
2020-01-23,6.26501503,6.30185019,6.17616184,6.29338789,6.29338789,244516000
2020-01-24,6.40887177,6.45864960,6.17989458,6.23415232,6.23415232,373512000
2020-01-27,5.92951344,6.02931787,5.77993165,5.97829580,5.97829580,470536000
2020-01-28,6.04425084,6.20403714,5.99098859,6.17168188,6.17168188,310976000
2020-01-29,6.15724691,6.19333583,6.07138016,6.11120272,6.11120272,258848000
2020-01-30,6.01338734,6.13136057,5.95838336,6.11792040,6.11792040,290504000
2020-01-31,6.07212641,6.08407313,5.84265170,5.88446474,5.88446474,370420000
2020-02-03,5.86629464,6.00094325,5.86007253,5.98153019,5.98153019,255564000
2020-02-04,6.12339710,6.16993926,6.07337051,6.15077448,6.15077448,271544000
2020-02-05,6.27173434,6.28193885,6.15774349,6.24112129,6.24112129,208220000
2020-02-06,6.27546927,6.32798433,6.19433164,6.32798433,6.32798433,218284000
2020-02-07,6.28791246,6.31006369,6.23639241,6.26177931,6.26177931,189752000
2020-02-10,6.28442771,6.54576016,6.27944983,6.54501390,6.54501390,529608000
2020-02-11,6.65328021,6.78220422,6.59130690,6.66746664,6.66746664,638556000
2020-02-12,6.72023006,6.78967017,6.68140346,6.78319883,6.78319883,374644000
2020-02-13,6.72520871,6.80659508,6.69783085,6.73939514,6.73939514,528016000
2020-02-14,7.14956278,7.34145557,7.11820301,7.21253157,7.21253157,1041924000
2020-02-18,7.10924310,7.39969609,7.08983004,7.38127804,7.38127804,620164000
2020-02-19,7.50373078,7.85018323,7.50373078,7.83251190,7.83251190,694332000
2020-02-20,7.78447630,7.87283149,7.37580182,7.68317890,7.68317890,810052000
2020-02-21,7.57093118,7.59606885,7.23418525,7.31905603,7.31905603,768180000
2020-02-24,6.72471115,7.01541291,6.67020466,6.80161762,6.80161762,856916000
2020-02-25,6.87678123,6.93875453,6.42032033,6.52211571,6.52211571,1055496000
2020-02-26,6.52236478,6.85562629,6.52087179,6.66149330,6.66149330,747732000
2020-02-27,6.34795597,6.64929112,6.19828471,6.29067755,6.29067755,906416000
2020-02-28,6.03815425,6.78526563,6.02146890,6.72574568,6.72574568,1133252000
2020-03-02,6.89583878,6.91302241,6.49986968,6.88413382,6.88413382,890744000
2020-03-03,6.93991773,6.99968658,6.53622847,6.62164831,6.62164831,652792000
2020-03-04,6.72898231,7.09481776,6.65427090,7.08535433,7.08535433,597408000
2020-03-05,6.88587512,7.05272998,6.76135658,6.80593443,6.80593443,540328000
2020-03-06,6.62637850,6.68390629,6.42515640,6.62538242,6.62538242,515412000
2020-03-09,5.97439945,6.46002194,5.93156532,6.11236620,6.11236620,614160000
2020-03-10,6.38879766,6.50186062,6.12606391,6.50186062,6.50186062,580648000
2020-03-11,6.36190206,6.39029238,6.04089333,6.13801765,6.13801765,499964000
2020-03-12,5.61478960,5.88026311,5.37421989,5.38692093,5.38692093,816540000
2020-03-13,5.74030541,6.00229247,5.46910428,5.99780989,5.99780989,634836000
2020-03-16,5.28979684,5.63072898,4.83131964,4.89108849,4.89108849,726972000
2020-03-17,5.00340444,5.50023368,4.75660886,5.41082907,5.41082907,833632000
2020-03-18,4.98323168,5.22828396,4.49960184,5.05096960,5.05096960,874268000
2020-03-19,5.02955263,5.39738069,4.81612824,5.30374289,5.30374289,765512000
2020-03-20,5.45391244,5.73582243,5.10849819,5.12393856,5.12393856,804636000
2020-03-23,5.12294266,5.39115605,4.94388500,5.29677057,5.29677057,643876000
2020-03-24,5.70294954,6.29217160,5.67929119,6.20550632,6.20550632,1101644000
2020-03-25,6.32056248,6.52029028,6.06803883,6.11685038,6.11685038,793432000
2020-03-26,6.32404728,6.53025024,6.22592690,6.40622997,6.40622997,696108000
2020-03-27,6.22592796,6.55266473,6.19305507,6.29391527,6.29391527,638828000
2020-03-30,6.35941114,6.62339081,6.31533157,6.61417627,6.61417627,602252000
2020-03-31,6.65427259,6.85848346,6.41893256,6.56461954,6.56461954,949960000
2020-04-01,6.36663323,6.51306688,6.00876687,6.05334425,6.05334425,656912000
2020-04-02,6.08248311,6.37535094,6.03441922,6.36215210,6.36215210,675764000
2020-04-03,6.32454712,6.36613627,5.93679649,6.07426500,6.07426500,663212000
2020-04-06,6.35642311,6.72101361,6.29889532,6.68415594,6.68415594,727884000
2020-04-07,6.90579875,6.92945758,6.40772455,6.45080805,6.45080805,784520000
2020-04-08,6.55988638,6.67294935,6.48990692,6.64804554,6.64804554,542444000
2020-04-09,6.77380919,6.79672036,6.48542399,6.54843044,6.54843044,525564000
2020-04-13,6.48866176,6.72898260,6.40025370,6.72026634,6.72026634,398408000
2020-04-14,6.84852135,7.10552757,6.82087821,7.07140970,7.07140970,530948000
2020-04-15,6.90330935,7.07688836,6.85798479,6.99395895,6.99395895,366148000
2020-04-16,7.14935812,7.44621025,7.13615928,7.33912420,7.33912420,745620000
2020-04-17,7.42130470,7.44272199,7.14586994,7.27985191,7.27985191,539120000
2020-04-20,7.15334255,7.30923965,7.10428211,7.14861059,7.14861059,449388000
2020-04-21,7.03056731,7.09183004,6.65203077,6.71179962,6.71179962,735160000
2020-04-22,6.90405479,7.16903051,6.85848133,7.12619591,7.12619591,483356000
2020-04-23,7.16828374,7.30027309,7.04774950,7.07290220,7.07290220,424160000
2020-04-24,7.06269291,7.21385805,6.98798149,7.21186590,7.21186590,352328000
2020-04-27,7.34634592,7.55827646,7.32169101,7.39839458,7.39839458,479388000
2020-04-28,7.54582380,7.57570846,7.25046607,7.25594473,7.25594473,442904000
2020-04-29,7.39067329,7.48555655,7.31546409,7.43276072,7.43276072,379160000
2020-04-30,7.37872040,7.43276169,7.26491074,7.27885675,7.27885675,375916000
2020-05-01,7.08136986,7.19468172,6.99395788,7.04227114,7.04227114,342096000
2020-05-04,6.99495325,7.26789805,6.99495325,7.25420094,7.25420094,317556000
2020-05-05,7.35829957,7.47783726,7.25420176,7.31521606,7.31521606,368896000
2020-05-06,7.39465936,7.52092117,7.35680561,7.41607618,7.41607618,323464000
2020-05-07,7.55528683,7.65564874,7.50398535,7.59239340,7.59239340,373732000
2020-05-08,7.66411789,7.78863646,7.63024891,7.78241062,7.78241062,339216000
2020-05-11,7.77742953,8.08125514,7.74879032,8.03443623,8.03443623,469060000
2020-05-12,8.09221132,8.14102238,7.76273525,7.77244759,7.77244759,493060000
2020-05-13,7.88700502,8.04738469,7.56549804,7.75003481,7.75003481,625852000
2020-05-14,7.81154709,8.00504903,7.65789105,7.99957037,7.99957037,602312000
2020-05-15,7.85936145,8.46775877,7.84367218,8.45804691,8.45804691,987660000
2020-05-18,8.72675667,8.88215593,8.64706489,8.71654606,8.71654606,774460000
2020-05-19,8.75639114,9.05249597,8.72899691,8.77158260,8.77158260,717320000
2020-05-20,8.95636862,9.00816837,8.85451237,8.93544960,8.93544960,587536000
2020-05-21,9.01664008,9.01763568,8.70384927,8.74145412,8.74145412,761068000
2020-05-22,8.79125860,9.05797807,8.67969046,8.99148464,8.99148464,1038764000
2020-05-26,9.12147992,9.14638420,8.63859728,8.68417072,8.68417072,770780000
2020-05-27,8.59178081,8.59950052,7.96595039,8.49241543,8.49241543,1175892000
2020-05-28,8.37985028,8.72675940,8.34697738,8.45431328,8.45431328,734896000
2020-05-29,8.52155152,8.84131527,8.45231923,8.84131527,8.84131527,745256000
2020-06-01,8.79922671,8.80669752,8.65603021,8.77233028,8.77233028,389876000
2020-06-02,8.76237118,8.80321268,8.62465330,8.79125881,8.79125881,391320000
2020-06-03,8.78827187,8.83210208,8.66649216,8.73572445,8.73572445,365440000
2020-06-04,8.69835294,8.91287180,8.64802456,8.73672295,8.73672295,424280000
2020-06-05,8.76462464,8.96643612,8.67841832,8.88969803,8.88969803,481748000
2020-06-08,8.84709420,8.85955155,8.65624501,8.77509022,8.77509022,387736000
2020-06-09,8.77010841,9.07880586,8.72152408,9.01527214,9.01527214,468488000
2020-06-10,9.13660796,9.46772897,9.12240561,9.33493137,9.33493137,632180000
2020-06-11,9.11891742,9.22978943,8.75615455,8.76636982,8.76636982,583652000
2020-06-12,9.13137701,9.15604269,8.67368655,8.90215778,8.90215778,570908000
2020-06-15,8.78530500,9.15105793,8.71404711,9.14258671,9.14258671,400004000
2020-06-16,9.19366607,9.23527422,8.80872754,9.03769684,9.03769684,535716000
2020-06-17,9.08279081,9.26741084,9.03943768,9.20462513,9.20462513,408304000
2020-06-18,9.19565672,9.25096822,9.08353869,9.18668747,9.18668747,254408000
2020-06-19,9.21110419,9.41291570,9.19590578,9.22978973,9.22978973,524160000
2020-06-22,9.26840847,9.49887273,9.24174877,9.49438763,9.49438763,398468000
2020-06-23,9.51855491,9.60974437,9.37554301,9.41789818,9.41789818,375108000
2020-06-24,9.44405884,9.52403697,9.11343588,9.20412731,9.20412731,449372000
2020-06-25,9.32396813,9.47271115,9.15105746,9.45776176,9.45776176,376072000
2020-06-26,9.46772773,9.46772773,9.09400164,9.12389946,9.12389946,592084000
2020-06-29,9.13860106,9.17323300,8.86976680,9.16874790,9.16874790,342248000
2020-06-30,9.28235870,9.49388740,9.23502041,9.46548462,9.46548462,367892000
2020-07-01,9.48840709,9.54322055,9.38102318,9.49762535,9.49762535,326648000
2020-07-02,9.60625622,9.70442186,9.54571258,9.57959747,9.57959747,364056000
2020-07-06,9.70865660,9.87508911,9.67950582,9.80582523,9.80582523,315892000
2020-07-07,9.91246380,10.03579317,9.81728821,9.83821678,9.83821678,357800000
2020-07-08,9.95979947,10.19026464,9.93164570,10.18129444,10.18129444,365480000
2020-07-09,10.34498845,10.53409359,10.19873651,10.47330093,10.47330093,494548000
2020-07-10,10.55278108,10.61905490,10.34349439,10.44365311,10.44365311,497676000
2020-07-13,10.55901130,10.75559070,9.99094683,10.01810455,10.01810455,457076000
2020-07-14,10.04077597,10.36741283,9.75225913,10.34175014,10.34175014,542676000
2020-07-15,10.37887277,10.39755832,10.02159013,10.19250774,10.19250774,403984000
2020-07-16,9.98098043,10.17207865,9.86188620,10.10032368,10.10032368,344964000
2020-07-17,10.19076300,10.21368464,10.05348128,10.16684437,10.16684437,266284000
2020-07-20,10.23934693,10.49547384,10.12224579,10.47504330,10.47504330,284852000
2020-07-21,10.47728614,10.52412736,10.25180504,10.29341316,10.29341316,277036000
2020-07-22,10.33228376,10.56648517,10.25654171,10.40329170,10.40329170,367292000
2020-07-23,10.41449949,10.51117008,9.99717224,10.09533787,10.09533787,411660000
2020-07-24,9.84145364,10.32953982,9.74378699,10.15986824,10.15986824,473292000
2020-07-27,10.19748987,10.40627753,10.18303851,10.38609695,10.38609695,292132000
2020-07-28,10.33900883,10.34673206,10.17456938,10.18079758,10.18079758,271636000
2020-07-29,10.35544994,10.48052331,10.31184876,10.42994595,10.42994595,284508000
2020-07-30,10.33975725,10.58691496,10.26027809,10.57794571,10.57794571,308880000
2020-07-31,10.52736706,10.72992752,10.39755953,10.57869244,10.57869244,386080000
2020-08-03,10.69604052,11.06104636,10.67884906,10.97284698,10.97284698,412720000
2020-08-04,11.01246183,11.18960762,10.86895096,11.18960762,11.18960762,310336000
2020-08-05,11.20580318,11.33311865,11.12831710,11.24840736,11.24840736,249924000
2020-08-06,11.31119656,11.31941877,11.14077789,11.29699516,11.29699516,244316000
2020-08-07,11.27407217,11.46566936,11.00000671,11.16145611,11.16145611,342516000
2020-08-10,11.29574884,11.36949688,10.81962095,11.12707329,11.12707329,427796000
2020-08-11,11.03613283,11.09891950,10.75907730,10.81314373,10.81314373,354512000
2020-08-12,10.95341502,11.42804691,10.92102516,11.40138817,11.40138817,464412000
2020-08-13,11.50677787,11.68193158,11.31717471,11.40412807,11.40412807,374460000
2020-08-14,11.49083148,11.66498817,11.40163605,11.52471638,11.52471638,366436000
2020-08-17,11.81098784,12.36759075,11.77710390,12.29508781,12.29508781,621300000
2020-08-18,12.40770517,12.45354938,12.04519138,12.21909809,12.21909809,503448000
2020-08-19,12.25473140,12.27316794,12.05690504,12.09726810,12.09726810,622624000
2020-08-20,11.93432074,12.33296154,11.83839717,12.09975624,12.09975624,921388000
2020-08-21,12.16030210,12.76524055,12.15382393,12.64041615,12.64041615,999868000
2020-08-24,12.83998260,12.86863535,12.46501049,12.67703819,12.67703819,490564000
2020-08-25,12.58784367,12.71790021,12.53103714,12.70668888,12.70668888,289076000
2020-08-26,12.75577020,12.82478507,12.63468293,12.72960949,12.72960949,321244000
2020-08-27,12.73808303,12.80635086,12.52381320,12.58535385,12.58535385,317604000
2020-08-28,12.63194271,13.10333549,12.59955285,13.10308647,13.10308647,537160000
2020-08-31,13.13796808,13.52888567,12.99346114,13.32906723,13.32906723,500840000
2020-09-01,13.43822768,13.95038574,13.39486253,13.77817154,13.77817154,511316000
2020-09-02,14.65818321,14.68111265,13.85692397,14.30204105,14.30204105,874012000
2020-09-03,13.78589674,13.84147388,12.83884082,12.97516727,12.97516727,945128000
2020-09-04,12.74413591,13.13417413,11.66847994,12.58338642,12.58338642,1463684000
2020-09-08,11.69813729,12.51111049,11.66798143,11.87608433,11.87608433,795728000
2020-09-09,12.36157468,12.76955676,12.19384597,12.67559910,12.67559910,736200000
2020-09-10,12.94899900,13.02476370,12.12929663,12.27359867,12.27359867,698684000
2020-09-11,12.44680972,12.61329203,11.85888698,12.12680435,12.12680435,636928000
2020-09-14,13.04046410,13.27373822,12.59210787,12.83236027,12.83236027,1201744000
2020-09-15,13.23884476,13.25753684,12.78799676,12.95074081,12.95074081,727556000
2020-09-16,12.91709743,13.05217749,12.47497219,12.47571945,12.47571945,556384000
2020-09-17,12.09465348,12.55073620,11.99745577,12.42487717,12.42487717,792512000
2020-09-18,12.55472238,12.59335199,11.95159771,12.15147591,12.15147591,698460000
2020-09-21,11.88804668,12.48369497,11.86761002,12.47846127,12.47846127,721044000
2020-09-22,12.53603163,12.60880536,12.11783220,12.59858704,12.59858704,646452000
2020-09-23,12.53653061,12.68756184,12.04181918,12.08618069,12.08618069,647012000
2020-09-24,12.03484339,12.53055222,11.97677345,12.30973816,12.30973816,731240000
2020-09-25,12.40892702,12.84357578,12.20780241,12.83385563,12.83385563,588016000
2020-09-28,12.99984163,13.01130636,12.71049122,12.99460793,12.99460793,573808000
2020-09-29,12.89740721,13.40109144,12.89317081,13.18476391,13.18476391,621460000
2020-09-30,13.11672783,13.58028704,13.10950046,13.48857212,13.48857212,689184000
2020-10-01,13.71536609,13.72010067,13.41903648,13.57231045,13.57231045,525004000
2020-10-02,13.18401926,13.47760607,13.01055771,13.02177334,13.02177334,552496000
2020-10-05,13.19498522,13.60197002,13.18177593,13.60022545,13.60022545,479820000
2020-10-06,13.78714293,14.09817636,13.62265428,13.69393253,13.69393253,784420000
2020-10-07,13.95636925,14.07549911,13.82054095,13.92072964,13.92072964,418084000
2020-10-08,14.03138190,14.04085296,13.71536483,13.79586411,13.79586411,378900000
2020-10-09,13.72434062,13.78141324,13.61842004,13.72010326,13.72010326,346892000
2020-10-12,13.94614932,14.30254157,13.86938826,14.18191624,14.18191624,434744000
2020-10-13,14.25219747,14.30403638,13.97530816,14.20409679,14.20409679,344604000
2020-10-14,14.24621637,14.29830436,13.91674087,14.05157185,14.05157185,276100000
2020-10-15,13.76795335,13.96234878,13.72508638,13.92671013,13.92671013,267224000
2020-10-16,13.99325381,14.07774137,13.74976038,13.76870155,13.76870155,242392000
2020-10-19,13.85991688,13.94016707,13.36520452,13.45592308,13.45592308,298068000
2020-10-20,13.54140612,13.75698640,13.46514325,13.60321426,13.60321426,229212000
2020-10-21,13.58277725,13.74876138,13.43573431,13.48283768,13.48283768,219596000
2020-10-22,13.48059387,13.56956690,13.19074440,13.31959438,13.31959438,290480000
2020-10-23,13.40832300,13.55112958,13.25006533,13.54813862,13.54813862,233484000
2020-10-26,13.38538975,13.65031612,12.99809350,13.10052490,13.10052490,336896000
2020-10-27,13.26476942,13.40034864,13.15062417,13.35523891,13.35523891,250520000
2020-10-28,13.15710125,13.21890939,12.56992673,12.58787060,12.58787060,376520000
2020-10-29,12.79871536,13.15186755,12.71048959,12.98364067,12.98364067,320080000
2020-10-30,12.81017989,12.89641106,12.26188408,12.49515915,12.49515915,416820000
2020-11-02,12.61852435,12.79696954,12.35658893,12.54176331,12.54176331,299652000
2020-11-03,12.66911845,13.06438940,12.56369607,12.97915459,12.97915459,272900000
2020-11-04,13.34775830,13.78465076,13.29567031,13.75150299,13.75150299,410228000
2020-11-05,14.11861503,14.29456748,13.94764625,14.11612225,14.11612225,319028000
2020-11-06,14.06602623,14.54354199,13.85194236,14.51687527,14.51687527,383348000
2020-11-09,14.50740527,14.64597448,13.56857394,13.58851147,13.58851147,582976000
2020-11-10,13.56433474,13.56433474,12.58911667,12.73042774,12.73042774,644068000
2020-11-11,13.01329859,13.39336754,12.90812530,13.37642002,13.37642002,404744000
2020-11-12,13.43723078,13.72334111,13.27473578,13.41504955,13.41504955,365812000
2020-11-13,13.58502385,13.62639535,13.01878403,13.25579739,13.25579739,346312000
2020-11-16,13.13167929,13.60720135,13.11523091,13.47336769,13.47336769,413776000
2020-11-17,13.51050452,13.55411876,13.26252559,13.38065815,13.38065815,312028000
2020-11-18,13.42352333,13.56358801,13.14414218,13.38713646,13.38713646,510924000
2020-11-19,13.17180561,13.44570395,13.05940496,13.39860058,13.39860058,565936000
2020-11-20,13.41230763,13.45268181,13.02451222,13.04719257,13.04719257,341088000
2020-11-23,13.13043256,13.34102725,12.97516496,13.09927940,13.09927940,361356000
2020-11-24,13.10177392,13.12121327,12.84507216,12.91759682,12.91759682,346500000
2020-11-25,12.99211425,13.22837933,12.97965317,13.19373703,13.19373703,259916000
2020-11-27,13.33355368,13.36595324,13.12968719,13.22015572,13.22015572,167276000
2020-11-30,13.22389368,13.37093664,12.93205052,13.35997009,13.35997009,286952000
2020-12-01,13.45043825,13.48682511,13.18725549,13.34850502,13.34850502,296948000
2020-12-02,13.30912912,13.63112815,13.19323932,13.50252819,13.50252819,283360000
2020-12-03,13.54939738,13.62169430,13.29162312,13.35843468,13.35843468,199520000
2020-12-04,13.41078542,13.52197347,13.35120337,13.52022839,13.52022839,202244000
2020-12-07,13.56310670,13.69274225,13.46214095,13.56859112,13.56859112,223244000
2020-12-08,13.54690068,13.56061219,13.24425167,13.31256008,13.31256008,271920000
2020-12-09,13.26320343,13.37638481,12.83216550,12.89449024,12.89449024,401300000
2020-12-10,12.83291302,13.03210282,12.81346697,12.93587303,12.93587303,207764000
2020-12-11,12.93088652,12.98348918,12.78704112,12.97675800,12.97675800,209264000
2020-12-14,13.05129825,13.35120465,13.04082774,13.27142906,13.27142906,270156000
2020-12-15,13.40205856,13.42624058,13.14976878,13.32303143,13.32303143,193016000
2020-12-16,13.38486074,13.39956986,13.17544957,13.20536613,13.20536613,223116000
2020-12-17,13.32926657,13.34198144,13.14154487,13.30383873,13.30383873,231384000
2020-12-18,13.34148156,13.36740867,13.03384734,13.23478222,13.23478222,342064000
2020-12-21,13.03808421,13.33250617,12.93113476,13.29486179,13.29486179,302332000
2020-12-22,13.28189605,13.29984521,13.01738974,13.24101067,13.24101067,185580000
2020-12-23,13.21882575,13.23777252,12.96853017,12.97276783,12.97276783,179144000
2020-12-24,13.00068959,13.09567261,12.90246651,12.95731163,12.95731163,97884000
2020-12-28,13.02586953,13.02586953,12.72745906,12.86382484,12.86382484,212564000
2020-12-29,12.88875548,13.03584189,12.80623721,12.90695381,12.90695381,170372000
2020-12-30,12.95382236,13.17669587,12.86058537,13.10888672,13.10888672,225396000
2020-12-31,13.09966120,13.11412020,12.87878197,13.01838970,13.01838970,192424000
2021-01-04,13.06750031,13.61421299,12.92614750,13.07672405,13.07672405,560640000
2021-01-05,13.06301390,13.40579992,13.05029998,13.36715889,13.36715889,322760000
2021-01-06,13.18541820,13.20785514,12.55070382,12.57912350,12.57912350,580424000
2021-01-07,12.93113342,13.34023357,12.85036120,13.30657768,13.30657768,461480000
2021-01-08,13.32502732,13.38336260,13.00542573,13.23951721,13.23951721,292528000
2021-01-11,13.38112179,13.92185187,13.32502990,13.58330345,13.58330345,518344000
2021-01-12,13.71393169,13.71592689,13.30757518,13.44693279,13.44693279,291476000
2021-01-13,13.45217110,13.58679276,13.34746600,13.49380398,13.49380398,210028000
2021-01-14,13.53693205,13.56161240,13.14353854,13.16323280,13.16323280,283120000
2021-01-15,13.19090798,13.28788527,12.81247267,12.82344151,12.82344151,277780000
2021-01-19,12.97974631,13.05727847,12.80797958,12.98872185,12.98872185,226188000
2021-01-20,13.07497969,13.39283619,13.02013458,13.32826805,13.32826805,258572000
2021-01-21,13.38086831,13.95999009,13.21583276,13.82860947,13.82860947,337780000
2021-01-22,13.70146860,13.80293363,13.58903473,13.67404556,13.67404556,246820000
2021-01-25,13.74310318,13.78972215,13.19938222,13.61496353,13.61496353,251112000
2021-01-26,13.54241455,13.60648436,13.34995596,13.39757252,13.39757252,163980000
2021-01-27,13.19289760,13.19564029,12.75787128,12.88152409,12.88152409,371272000
2021-01-28,12.95980548,13.30234236,12.92415534,13.01440144,13.01440144,228316000
2021-01-29,13.03833228,13.29735421,12.87529097,12.95332146,12.95332146,271552000
2021-02-01,13.01664291,13.23353267,12.86656468,13.19987774,13.19987774,217204000
2021-02-02,13.36117611,13.53393951,13.24824297,13.51873302,13.51873302,220440000
2021-02-03,13.59776095,13.89268221,13.47859685,13.49255753,13.49255753,245408000
2021-02-04,13.49305518,13.63515549,13.30034740,13.62593174,13.62593174,201340000
2021-02-05,13.68651004,13.69872564,13.50776202,13.55288506,13.55288506,169152000
2021-02-08,13.68875700,14.43316373,13.68875700,14.39826202,14.39826202,434624000
2021-02-09,14.30053244,14.54235267,14.18261417,14.22325039,14.22325039,287560000
2021-02-10,14.42269049,14.86320125,14.30128204,14.72284603,14.72284603,485352000
2021-02-11,14.93824327,15.22942427,14.88314803,15.20798397,15.20798397,450828000
2021-02-12,15.00779632,15.24836983,14.73356692,14.91929531,14.91929531,374756000
2021-02-16,15.02200619,15.32939221,14.90807639,15.28726006,15.28726006,321960000
2021-02-17,15.12845493,15.18080842,14.73855163,14.86419868,14.86419868,274756000
2021-02-18,14.68769555,14.83154095,14.53412713,14.78741550,14.78741550,233868000
2021-02-19,14.98236832,15.13444083,14.80511713,14.88464355,14.88464355,271724000
2021-02-22,14.73331829,15.09081346,14.28482954,14.31549358,14.31549358,325884000
2021-02-23,14.03577831,14.19882059,13.35195136,14.10234165,14.10234165,391780000
2021-02-24,14.08314365,14.46606656,13.71742146,14.45833778,14.45833778,448320000
2021-02-25,14.00611200,14.33443902,13.17918808,13.27018166,13.27018166,824436000
2021-02-26,13.71393133,13.81564551,13.32352975,13.67603874,13.67603874,500932000
2021-03-01,13.83608839,13.88594836,13.51524103,13.80293179,13.80293179,353184000
2021-03-02,13.86101725,13.88145994,13.35843100,13.36865234,13.36865234,264116000
2021-03-03,13.38860087,13.41377955,12.76285996,12.76884365,12.76884365,377592000
2021-03-04,12.76485558,12.93861758,12.04986609,12.33556271,12.33556271,573344000
2021-03-05,12.51480652,12.51480652,11.64649792,12.42655468,12.42655468,542840000
2021-03-08,12.41508648,12.43627666,11.53406397,11.56073952,11.56073952,543112000
2021-03-09,12.10040767,12.58571059,12.02958224,12.48944855,12.48944855,521824000
2021-03-10,12.80891207,12.94806856,12.42685483,12.43757820,12.43757820,384376000
2021-03-11,12.91814252,13.01415627,12.70317277,12.96153545,12.96153545,299916000
2021-03-12,12.61713494,12.85704376,12.55902876,12.82437420,12.82437420,243964000
2021-03-15,12.83310336,13.17426206,12.73584335,13.15880013,13.15880013,221988000
2021-03-16,13.32364243,13.47925881,13.08448231,13.25855350,13.25855350,272128000
2021-03-17,13.00767298,13.42015562,12.95754654,13.30843163,13.30843163,243864000
2021-03-18,13.10418422,13.15156703,12.68571585,12.69120216,12.69120216,293896000
2021-03-19,12.71863460,12.88971291,12.58147304,12.81414890,12.81414890,299208000
2021-03-22,12.88098011,13.36154436,12.87499435,13.15380669,13.15380669,297804000
2021-03-23,13.22164215,13.31167013,12.98921556,13.03859425,13.03859425,222048000
2021-03-24,13.11889541,13.12687610,12.60566151,12.61189556,12.61189556,245840000
2021-03-25,12.46875116,12.68347165,12.24181085,12.50441265,12.50441265,295144000
2021-03-26,12.52361351,12.82462134,12.34305904,12.80766296,12.80766296,363968000
2021-03-29,12.78870983,13.03036430,12.66875591,12.91639519,12.91639519,273520000
2021-03-30,12.81040644,12.94332886,12.67374340,12.84008312,12.84008312,200204000
2021-03-31,12.98348080,13.43736138,12.95056199,13.31541252,13.31541252,314776000
2021-04-01,13.53886110,13.83587812,13.47801035,13.77777195,13.77777195,308276000
2021-04-05,13.83338504,13.97952427,13.69921542,13.95308971,13.95308971,255672000
2021-04-06,13.96530853,14.01967408,13.73961545,13.82739830,13.82739830,191744000
2021-04-07,13.84659942,14.20845702,13.67776629,14.10870361,14.10870361,251284000
2021-04-08,14.21768926,14.43590114,14.21394768,14.28178120,14.28178120,244416000
2021-04-09,14.17903402,14.37255703,14.14013040,14.36457634,14.36457634,195172000
2021-04-12,14.25459514,15.31473047,14.10446509,15.17158318,15.17158318,869324000
2021-04-13,15.19402946,15.66137707,15.08853953,15.64092731,15.64092731,676212000
2021-04-14,15.58656345,15.68182852,15.19004124,15.23941994,15.23941994,385500000
2021-04-15,15.62397062,16.17436350,15.59304674,16.09755325,16.09755325,598480000
2021-04-16,16.01350743,16.12598106,15.82621945,15.87335396,15.87335396,335208000
2021-04-19,15.49827786,15.76861107,15.19552434,15.32395744,15.32395744,404420000
2021-04-20,15.28555385,15.45887634,14.92619056,15.13392830,15.13392830,334132000
2021-04-21,15.08155408,15.32470497,15.06509515,15.32271004,15.32271004,216776000
2021-04-22,15.33717570,15.40051988,14.74713058,14.81371689,14.81371689,277788000
2021-04-23,14.89751225,15.29727658,14.86359644,15.22769833,15.22769833,227500000
2021-04-26,15.14764387,15.44092028,15.08779106,15.43992233,15.43992233,197796000
2021-04-27,15.54017299,15.63194666,15.31672411,15.34390736,15.34390736,164572000
2021-04-28,15.32670465,15.49404236,15.17807101,15.23917007,15.23917007,209416000
2021-04-29,15.36211193,15.39852210,15.03442032,15.28704739,15.28704739,173196000
2021-04-30,15.13717212,15.32720281,14.96010803,14.97257710,14.97257710,201912000
2021-05-03,15.08779090,15.20924126,14.75112156,14.80025005,14.80025005,203912000
2021-05-04,14.60123843,14.60148767,13.97578116,14.31594181,14.31594181,405324000
2021-05-05,14.67281225,14.77705593,14.35210339,14.42292881,14.42292881,292024000
2021-05-06,14.45958956,14.53540281,14.18302230,14.48727131,14.48727131,193380000
2021-05-07,14.77181942,14.93391907,14.63565488,14.77580929,14.77580929,229328000
2021-05-10,14.75087042,14.76957448,14.21494258,14.23065376,14.23065376,268904000
2021-05-11,13.79098748,14.31943406,13.71617218,14.27105331,14.27105331,285584000
2021-05-12,13.97503522,14.22516890,13.67552475,13.72465324,13.72465324,303408000
2021-05-13,13.99922506,14.04611032,13.42588906,13.63163185,13.63163185,285404000
2021-05-14,13.85583073,14.29275297,13.71467835,14.20796204,14.20796204,258616000
2021-05-17,14.12217324,14.13439305,13.81942063,14.13065243,14.13065243,216980000
2021-05-18,14.23189909,14.36881136,13.96954566,13.98126698,13.98126698,186256000
2021-05-19,13.53312388,14.04486230,13.50993145,14.03114605,14.03114605,344000000
2021-05-20,14.26731553,14.64762803,14.23539466,14.57655334,14.57655334,321592000
2021-05-21,15.12644414,15.18455126,14.83291852,14.95486736,14.95486736,672992000
2021-05-24,15.17507511,15.70626537,15.13866493,15.57359314,15.57359314,554816000
2021-05-25,15.72721382,15.77958444,15.44441154,15.60925484,15.60925484,435408000
2021-05-26,15.69554296,15.75489632,15.54790728,15.66137695,15.66137695,370440000
2021-05-27,15.66112590,15.71125233,15.42196582,15.44989681,15.44989681,581476000
2021-05-28,15.46286852,16.23745811,15.46286852,16.20453835,16.20453835,644536000
2021-06-01,16.22997266,16.34793163,15.86412423,16.22448540,16.22448540,472804000
2021-06-02,16.21226223,16.87712241,16.19555311,16.73696709,16.73696709,594168000
2021-06-03,16.65966596,17.21654307,16.54220546,16.92800331,16.92800331,580008000
2021-06-04,17.07040160,17.61755232,17.05344513,17.53500748,17.53500748,617120000
2021-06-07,17.52802579,17.76868140,17.15045691,17.57565689,17.57565689,575756000
2021-06-08,17.48413352,17.57815140,17.20856226,17.41405678,17.41405678,323848000
2021-06-09,17.47666306,17.53578072,17.21724305,17.31951332,17.31951332,381656000
2021-06-10,17.31128643,17.45296977,17.13767490,17.38611794,17.38611794,287772000
2021-06-11,17.44049362,17.89921879,17.40482396,17.78547287,17.78547287,416308000
2021-06-14,17.86604482,17.99924607,17.62333771,17.97854233,17.97854233,321376000
2021-06-15,17.87502288,17.97604664,17.68843991,17.74880409,17.74880409,243032000
2021-06-16,17.75105440,17.91468803,17.54526346,17.77050972,17.77050972,307124000
2021-06-17,17.73483614,18.79296883,17.71662735,18.61561584,18.61561584,809656000
2021-06-18,18.74208655,19.33176743,18.54253206,18.59716034,18.59716034,968856000
2021-06-21,18.39410522,18.49513085,17.78297297,18.38612366,18.38612366,672384000
2021-06-22,18.43028036,18.92143232,18.34497044,18.84460258,18.84460258,580144000
2021-06-23,18.96533377,19.11001066,18.86555654,19.01472282,19.01472282,332356000
2021-06-24,19.18484491,19.37666521,19.04565463,19.16264343,19.16264343,320924000
2021-06-25,19.23747847,19.30233397,18.85234010,18.98853493,18.98853493,278364000
2021-06-28,19.31804423,20.03394378,19.27588883,19.94040298,19.94040298,495436000
2021-06-29,19.83813241,20.05389932,19.61313550,19.98206139,19.98206139,367632000
2021-06-30,19.95462380,20.11750949,19.81942620,19.95786667,19.95786667,326568000
2021-07-01,20.08008727,20.41034796,19.97432293,20.16689301,20.16689301,480136000
2021-07-02,20.39463748,20.45949296,20.24247763,20.44128227,20.44128227,342764000
2021-07-06,20.69122386,20.79549048,20.30483900,20.65231133,20.65231133,446708000
2021-07-07,20.80696754,20.82841920,20.28663159,20.32629204,20.32629204,418428000
2021-07-08,19.81219312,20.08807494,19.65679038,19.85833931,19.85833931,503300000
2021-07-09,19.91795285,20.03544025,19.71016752,20.00550652,20.00550652,296624000
2021-07-12,20.19483717,20.48693335,20.14270385,20.46673012,20.46673012,321984000
2021-07-13,20.35498036,20.41559577,20.06912059,20.20481682,20.20481682,290708000
2021-07-14,20.31231875,20.37218432,19.70866935,19.79722023,19.79722023,380100000
2021-07-15,19.76753957,19.80271062,18.81641591,18.92392540,18.92392540,550564000
2021-07-16,18.98803273,19.11424961,18.03266899,18.12047195,18.12047195,688224000
2021-07-19,17.87526988,18.99950439,17.82562963,18.73784065,18.73784065,749060000
2021-07-20,18.68820179,18.79596058,18.12346489,18.57046509,18.57046509,434687000
2021-07-21,18.83986609,19.48342728,18.70017910,19.36668777,19.36668777,371017000
2021-07-22,19.59817094,19.84262318,19.23298651,19.55027771,19.55027771,323826000
2021-07-23,19.61213750,19.65603994,19.20704336,19.51435661,19.51435661,195672000
2021-07-26,19.26791022,19.39861652,18.87179482,19.25094795,19.25094795,203943000
2021-07-27,19.22201217,19.57821593,18.69918124,19.16514015,19.16514015,248863000
2021-07-28,19.27589464,19.60216468,18.95261816,19.45948410,19.45948410,202191000
2021-07-29,19.47544535,19.80870162,19.28487156,19.61812782,19.61812782,190781000
2021-07-30,19.37466958,19.58619641,19.22001667,19.45549011,19.45549011,183497000
2021-08-02,19.65604114,19.91645841,19.31779690,19.70592880,19.70592880,217444000
2021-08-03,19.69595478,20.17687966,19.17711457,19.77078819,19.77078819,301811000
2021-08-04,19.94538934,20.27265838,19.78375021,20.22875595,20.22875595,231309000
2021-08-05,20.45425658,20.68673647,20.29660820,20.59095001,20.59095001,211435000
2021-08-06,20.47820120,20.52409808,20.16490080,20.32055283,20.32055283,178497000
2021-08-09,20.40037795,20.46223988,20.09805454,20.24971581,20.24971581,146443000
2021-08-10,20.27665215,20.38441095,19.79073747,19.89151382,19.89151382,179238000
2021-08-11,19.99827684,20.00426397,19.38664568,19.65504456,19.65504456,185925000
2021-08-12,19.82566251,19.98430621,19.57622037,19.86058426,19.86058426,151652000
2021-08-13,19.86058065,20.16889110,19.80670031,20.14294815,20.14294815,183063000
2021-08-16,20.09006797,20.24172920,19.40958877,19.90548134,19.90548134,210876000
2021-08-17,19.64107405,19.72588537,19.22400751,19.41458130,19.41458130,204585000
2021-08-18,19.45648736,19.59018913,18.95760307,18.99751472,18.99751472,285913000
2021-08-19,19.45049795,20.44926554,18.72013109,19.75382042,19.75382042,766555000
2021-08-20,19.94638501,20.81843503,19.88851578,20.76954460,20.76954460,675741000
2021-08-23,20.92420158,21.94791102,20.90324853,21.90899849,21.90899849,575807000
2021-08-24,21.70445975,21.90999945,21.48694580,21.74436951,21.74436951,297299000
2021-08-25,21.68849726,22.41986150,21.67353134,22.16343498,22.16343498,347701000
2021-08-26,22.15046420,22.29015120,21.74137922,22.01875877,22.01875877,237940000
2021-08-27,22.13449821,22.67129781,22.11753595,22.58548927,22.58548927,304722000
2021-08-30,22.77905247,22.99157648,22.50067575,22.63736916,22.63736916,262580000
2021-08-31,22.64834961,22.64834961,22.07453267,22.33898735,22.33898735,259850000
2021-09-01,22.43878285,22.65034698,22.31104569,22.39487267,22.39487267,201767000
2021-09-02,22.47171311,22.54655970,22.24917192,22.34996414,22.34996414,187834000
2021-09-03,22.27910857,22.93874909,22.15436552,22.79604340,22.79604340,280532000
2021-09-07,22.78606359,22.85192790,22.47570207,22.61541557,22.61541557,198107000
2021-09-08,22.46672532,22.56352606,21.93182586,22.29308319,22.29308319,254434000
2021-09-09,22.26613906,22.49167436,22.08551134,22.13141632,22.13141632,196856000
2021-09-10,22.30206128,22.57948971,22.22422250,22.43179512,22.43179512,248376000
2021-09-13,22.63737234,22.91679748,21.81307000,22.10646629,22.10646629,297500000
2021-09-14,22.22921264,22.36393537,22.04060196,22.19628143,22.19628143,199755000
2021-09-15,22.26314256,22.32102390,21.92084720,22.29507637,22.29507637,166538000
2021-09-16,22.13740269,22.23120934,21.88192839,22.19628143,22.19628143,156033000
2021-09-17,22.25416559,22.27512234,21.78513228,21.85498810,21.85498810,294503000
2021-09-20,21.10253418,21.38894490,20.61952979,21.06960297,21.06960297,349440000
2021-09-21,21.37298152,21.38096450,20.90694229,21.20233345,21.20233345,204688000
2021-09-22,21.32207815,21.91485696,21.15242754,21.89589691,21.89589691,268726000
2021-09-23,22.09449300,22.48868158,21.84500685,22.43579102,22.43579102,248555000
2021-09-24,22.02463313,22.10347121,21.81606311,22.03561020,22.03561020,217655000
2021-09-27,21.66537307,21.75419083,21.28116613,21.61547661,21.61547661,245215000
2021-09-28,21.17039488,21.37497342,20.60855051,20.65645218,20.65645218,343069000
2021-09-29,20.89695960,20.97380100,20.42493035,20.47482872,20.47482872,218394000
2021-09-30,20.72531121,21.02269900,20.64547572,20.67341805,20.67341805,221009000
2021-10-01,20.70734859,20.81612380,20.16147206,20.69936562,20.69936562,240978000
2021-10-04,20.46185307,20.49977507,19.51480437,19.69144058,19.69144058,345635000
2021-10-05,19.90899077,20.60555588,19.81318744,20.40896034,20.40896034,279282000
2021-10-06,20.07864205,20.67740716,20.03872336,20.65744972,20.65744972,297202000
2021-10-07,21.04864250,21.27817116,20.92889024,21.03167915,21.03167915,256919000
2021-10-08,21.05762871,21.16241244,20.73229856,20.78818321,20.78818321,151258000
2021-10-11,20.53270783,21.01970369,20.46883830,20.65246010,20.65246010,163388000
2021-10-12,20.78518639,21.01371576,20.48580381,20.62850952,20.62850952,162134000
2021-10-13,20.87499930,20.94685180,20.67042078,20.89595604,20.89595604,180652000
2021-10-14,21.24424094,21.71028004,21.07858180,21.70129967,21.70129967,243589000
2021-10-15,21.76516731,21.88591888,21.61747273,21.81706047,21.81706047,226994000
2021-10-18,21.70429561,22.24518135,21.59950999,22.17632294,22.17632294,189494000
2021-10-19,22.23020952,22.33299844,21.99170238,22.24418259,22.24418259,161473000
2021-10-20,22.25914820,22.38688533,21.93681223,22.05756378,22.05756378,146276000
2021-10-21,22.05157895,22.66431717,22.03760779,22.64535522,22.64535522,187590000
2021-10-22,22.77608578,23.08245393,22.51462521,22.67928505,22.67928505,249384000
2021-10-25,22.92577743,23.30699218,22.72319559,23.11838150,23.11838150,230235000
2021-10-26,23.93969253,25.20708259,23.87482561,24.66619492,24.66619492,485898000
2021-10-27,24.42369311,25.03842610,24.23208644,24.40073967,24.40073967,245990000
2021-10-28,24.82686594,24.89871845,24.47259606,24.88973618,24.88973618,234204000
2021-10-29,24.94960969,25.65615457,24.94861230,25.51444626,25.51444626,292503000
2021-11-01,25.59628070,25.84077606,25.17514721,25.77391434,25.77391434,265740000
2021-11-02,25.76892090,26.62316030,25.74696486,26.34672928,26.34672928,294112000
2021-11-03,26.61517793,26.72894391,26.18107263,26.54332542,26.54332542,239910000
2021-11-04,27.17302873,31.30052653,27.06225683,29.73974228,29.73974228,1153631000
2021-11-05,30.12494694,31.33545281,29.34954374,29.69084167,29.69084167,851260000
2021-11-08,30.08703015,31.03607562,29.84552699,30.74068451,30.74068451,503101000
2021-11-09,32.21564233,32.24358465,29.90240644,30.59398079,30.59398079,646746000
2021-11-10,29.29566002,30.78658860,28.71884707,29.39844704,29.39844704,636206000
2021-11-11,30.40537633,30.52712531,29.71579663,30.32753563,30.32753563,332172000
2021-11-12,29.94831752,30.61694048,29.56909751,30.32753563,30.32753563,413054000
2021-11-15,30.48919684,30.58100678,29.18687912,29.96327972,29.96327972,384909000
2021-11-16,29.69783301,30.32753464,29.64494054,30.14091873,30.14091873,264484000
2021-11-17,30.35547669,30.44629115,28.74080237,29.20085526,29.20085526,428508000
2021-11-18,32.30046694,32.69265684,31.25661567,31.60988808,31.60988808,781711000
2021-11-19,32.17672282,33.01998710,31.83941825,32.91719818,32.91719818,533867000
2021-11-22,33.44810640,34.57578483,31.83443136,31.89031601,31.89031601,754335000
2021-11-23,31.47017935,32.29348432,30.81652502,31.68074608,31.68074608,532163000
2021-11-24,31.39632486,32.78745826,30.86441963,32.60683060,32.60683060,435162000
2021-11-26,32.53298911,32.64276361,31.28556039,31.43824577,31.43824577,283069000
2021-11-29,32.29946624,33.34331360,31.97014280,33.30738831,33.30738831,454964000
2021-11-30,33.10081224,33.28443590,31.79849657,32.60882568,32.60882568,622066000
2021-12-01,33.15477686,33.22464122,31.31932974,31.37422371,31.37422371,484368000
2021-12-02,31.15364560,32.41520148,30.96500997,32.06388092,32.06388092,472890000
2021-12-03,31.93813760,32.06688983,30.07175185,30.63366508,30.63366508,544325000
2021-12-06,29.82223156,30.18253369,27.98379368,29.97892952,29.97892952,658938000
2021-12-07,30.89715193,32.38626804,30.59174185,32.36430740,32.36430740,593053000
2021-12-08,31.93713693,32.22757470,31.36025335,31.76447105,31.76447105,475551000
2021-12-09,31.67264165,32.14273355,30.36916704,30.43104744,30.43104744,488507000
2021-12-10,31.08977511,31.24447612,29.80326767,30.13961601,30.13961601,488825000
2021-12-13,30.19051638,30.23542945,28.06163905,28.10655212,28.10655212,598344000
2021-12-14,27.64544623,28.62255353,27.19731492,28.28221321,28.28221321,667035000
2021-12-15,28.34509288,30.44103325,27.78417914,30.40011215,30.40011215,698297000
2021-12-16,31.09177266,31.09975661,28.03868677,28.33211708,28.33211708,707366000
2021-12-17,27.93089771,28.86608650,27.70633232,27.74725342,27.74725342,713758000
2021-12-20,27.25220806,28.08958471,27.09251756,27.66540718,27.66540718,461847000
2021-12-21,28.31913876,29.06369664,27.34801860,29.01878357,29.01878357,524385000
2021-12-22,28.83514206,29.49785782,28.39399529,29.34315681,29.34315681,395184000
2021-12-23,29.69746861,30.00088169,29.37409565,29.58269119,29.58269119,343022000
2021-12-27,29.60265458,31.02689564,29.58269279,30.88516998,30.88516998,403686000
2021-12-28,31.25145998,31.26942483,29.95397233,30.26337433,30.26337433,420591000
2021-12-29,30.21447430,30.48894226,29.30922630,29.94299889,29.94299889,343139000
2021-12-30,29.76933233,30.39811536,29.48288847,29.52879906,29.52879906,308864000
2021-12-31,29.61662944,29.97194206,29.27429217,29.35413742,29.35413742,266530000
2022-01-03,29.75735509,30.65162264,29.72741241,30.06276321,30.06276321,391547000
2022-01-04,30.21846693,30.40909766,28.29419477,29.23337555,29.23337555,527154000
2022-01-05,28.89302746,29.35912549,27.47976679,27.55062866,27.55062866,498064000
2022-01-06,27.58655996,28.38301744,27.01267282,28.12351990,28.12351990,454186000
2022-01-07,28.08659323,28.36705009,27.00468749,27.19432068,27.19432068,409939000
2022-01-10,26.52960626,27.41588985,25.59441764,27.34702301,27.34702301,594681000
2022-01-11,27.27017355,28.01073954,26.78711006,27.76321793,27.76321793,404089000
2022-01-12,28.01273551,28.53971456,27.55462329,27.94486809,27.94486809,383413000
2022-01-13,28.32413373,28.42493830,26.44676981,26.52362251,26.52362251,540171000
2022-01-14,26.24915079,27.14441779,26.15932464,26.88990974,26.88990974,395832000
2022-01-18,26.20922875,26.58649817,25.72017635,25.85291862,25.85291862,424270000
2022-01-19,26.02858405,26.49168583,25.00356904,25.01853943,25.01853943,488315000
2022-01-20,25.25507780,25.52954573,24.03144643,24.10330772,24.10330772,435181000
2022-01-21,23.46155202,24.77500768,23.21802428,23.32880974,23.32880974,718958000
2022-01-24,22.28682569,23.33479479,20.84761431,23.32681084,23.32681084,913982000
2022-01-25,22.50241470,22.89864850,21.95747067,22.28084373,22.28084373,664616000
2022-01-26,23.19506956,24.01048948,22.25688634,22.72797394,22.72797394,755959000
2022-01-27,23.52243590,23.94861041,21.63309415,21.90157509,21.90157509,573353000
2022-01-28,21.96944289,22.81380797,21.25482755,22.79584312,22.79584312,543774000
2022-01-31,23.13718354,24.46161973,23.00743569,24.43866348,24.43866348,564680000
2022-02-01,25.05546308,25.09638417,23.84380957,24.59036446,24.59036446,518925000
2022-02-02,25.74413395,25.76708829,24.50553200,25.19320107,25.19320107,543419000
2022-02-03,24.41071326,25.02851598,23.73402461,23.90169907,23.90169907,410178000
2022-02-04,23.92565484,24.58737316,23.58631201,24.27198410,24.27198410,354829000
2022-02-07,24.32487844,25.13331184,24.15520704,24.68019104,24.68019104,376868000
2022-02-08,24.31190529,25.18122165,23.93363832,25.05945778,25.05945778,410359000
2022-02-09,25.57246171,26.67332978,25.30398269,26.65336800,26.65336800,524282000
2022-02-10,25.94474540,26.87294585,25.55050858,25.77407455,25.77407455,513200000
2022-02-11,25.86589665,26.10144045,23.72704009,23.90269852,23.90269852,605472000
2022-02-14,23.88772686,24.82690755,23.70907208,24.22008324,24.22008324,440424000
2022-02-15,24.90076459,26.49367966,24.73608458,26.44377708,26.44377708,699869000
2022-02-16,26.20823181,26.53060728,25.50259799,26.45974350,26.45974350,732676000
2022-02-17,25.58044957,25.73515059,24.11828355,24.45962143,24.45962143,810595000
2022-02-18,24.62030399,24.93768994,23.05533681,23.59628868,23.59628868,761255000
2022-02-22,22.99046674,24.01747672,22.95553456,23.34477997,23.34477997,633422000
2022-02-23,23.75598485,24.10830305,22.25788720,22.34371948,22.34371948,566511000
2022-02-24,20.97436791,23.75398309,20.84960959,23.70208359,23.70208359,735801000
2022-02-25,23.67514026,24.17017972,23.33579744,24.11029625,24.11029625,528866000
2022-02-28,23.94560893,24.61730793,23.66116017,24.33784866,24.33784866,477319000
2022-03-01,24.24403547,24.32986964,23.08727592,23.43160820,23.43160820,412056000
2022-03-02,23.71410938,24.36595776,23.37371109,24.17728996,24.17728996,389642000
2022-03-03,24.21922195,24.28311019,23.42762084,23.67218971,23.67218971,365095000
2022-03-04,23.34277323,23.63825089,22.44236309,22.89556313,22.89556313,431415000
2022-03-07,22.77676506,22.99238569,21.29238765,21.31434822,21.31434822,450821000
2022-03-08,21.27142623,22.33354928,20.61358784,21.47606468,21.47606468,557467000
2022-03-09,22.34752212,23.17905340,22.20776960,22.97341728,22.97341728,492742000
2022-03-10,22.49127274,22.74781956,21.84341692,22.61804962,22.61804962,428066000
2022-03-11,22.98140654,23.10419076,22.00712761,22.06103325,22.06103325,367209000
2022-03-14,21.83043610,22.22274275,21.12168902,21.29238701,21.29238701,385354000
2022-03-15,21.48005877,22.99737913,21.28440521,22.93249321,22.93249321,491996000
2022-03-16,23.45856243,24.55362821,23.13114168,24.45280647,24.45280647,671422000
2022-03-17,24.07746558,24.79819056,23.86384227,24.72232628,24.72232628,471941000
2022-03-18,24.75527563,26.52215532,24.58058494,26.40635872,26.40635872,730719000
2022-03-21,26.46026579,27.10412905,25.92121694,26.68686485,26.68686485,591727000
2022-03-22,26.67986931,27.18996981,26.02602555,26.47722816,26.47722816,547007000
2022-03-23,26.07992962,26.56507268,25.52990255,25.58879852,25.58879852,502120000
2022-03-24,26.11986545,28.27006693,25.86132134,28.10036659,28.10036659,877379000
2022-03-25,27.83682948,28.30799735,27.22291411,27.64317131,27.64317131,579016000
2022-03-28,27.70705802,28.20018643,27.15802670,28.16924095,28.16924095,425494000
2022-03-29,28.64439954,28.89495638,27.93066020,28.60546875,28.60546875,488984000
2022-03-30,28.25409196,28.44575284,27.45450378,27.64117432,27.64117432,463487000
2022-03-31,27.73301407,28.19819202,27.22191771,27.23788834,27.23788834,523440000
2022-04-01,27.32673285,27.44751979,26.22068665,26.66490173,26.66490173,517235000
2022-04-04,26.68087058,27.50940695,26.56607359,27.31175613,27.31175613,397120000
2022-04-05,27.20594396,27.27082988,25.77447245,25.88527679,25.88527679,436615000
2022-04-06,24.89003723,25.25539113,23.96067898,24.36396599,24.36396599,703833000
2022-04-07,24.39790845,24.67841316,23.43660695,24.16531944,24.16531944,557992000
2022-04-08,23.87482891,23.88081885,23.02133692,23.07823563,23.07823563,524781000
2022-04-11,22.17483030,22.28064238,21.62180632,21.87835312,21.87835312,575207000
2022-04-12,22.49725707,22.68492526,21.24446918,21.46607780,21.46607780,662258000
2022-04-13,21.68968796,22.46032606,21.41716862,22.16384888,22.16384888,516943000
2022-04-14,22.46531919,22.73684087,21.12568630,21.22051811,21.22051811,569097000
2022-04-18,21.16261859,22.04905135,21.04183166,21.74459076,21.74459076,525701000
2022-04-19,21.68170518,22.33355377,21.27642085,22.15886307,22.15886307,512781000
2022-04-20,22.47729520,22.63002529,21.16261808,21.44412041,21.44412041,468974000
2022-04-21,21.67072163,22.35251791,19.96473536,20.14741325,20.14741325,656209000
2022-04-22,20.26719757,20.44987543,19.46561407,19.48058701,19.48058701,624713000
2022-04-25,19.16814251,19.90983248,19.06233042,19.86690903,19.86690903,641566000
2022-04-26,19.68322981,19.75310607,18.63707751,18.75486946,18.75486946,653143000
2022-04-27,18.56520812,19.13320512,18.25775252,18.38253212,18.38253212,499460000
2022-04-28,18.93355455,20.00166942,18.45739636,19.74711800,19.74711800,570327000
2022-04-29,19.36779143,20.09251120,18.48435160,18.51429939,18.51429939,500435000
2022-05-02,18.50830668,19.53948421,18.35857156,19.49855804,19.49855804,572049000
2022-05-03,19.36578895,19.79004063,19.09925959,19.56743240,19.56743240,475751000
2022-05-04,19.88786696,20.36402508,18.71793285,20.29814148,20.29814148,648855000
2022-05-05,19.83196678,19.88986316,18.46737679,18.81077003,18.81077003,626331000
2022-05-06,18.70296595,19.47759683,17.95828096,18.64207268,18.64207268,633297000
2022-05-09,18.00220081,18.22280989,16.79732840,16.92011261,16.92011261,644455000
2022-05-10,17.65780658,18.16590979,16.99497791,17.56397247,17.56397247,761474000
2022-05-11,17.31641226,17.72169650,16.53878654,16.60067558,16.60067558,670167000
2022-05-12,16.19040361,16.75840063,15.53955370,16.14648056,16.14648056,708728000
2022-05-13,16.75839383,17.89638279,16.56373802,17.67477417,17.67477417,670437000
2022-05-16,17.47812169,17.75662897,17.07583254,17.23355293,17.23355293,521446000
2022-05-17,18.04212994,18.33860713,17.60290715,18.14494896,18.14494896,585830000
2022-05-18,17.67378028,18.08605214,16.83426363,16.90813255,16.90813255,545161000
2022-05-19,16.90713855,17.65581623,16.70449544,17.09380913,17.09380913,621310000
2022-05-20,17.30143767,17.37929924,15.72721792,16.66456223,16.66456223,739105000
2022-05-23,16.24530204,16.88517243,16.15047026,16.86820221,16.86820221,639889000
2022-05-24,16.48088815,16.56773463,15.75217486,16.12551498,16.12551498,588550000
2022-05-25,15.99175419,17.08083015,15.97178899,16.94507027,16.94507027,781132000
2022-05-26,16.00772275,18.06009712,15.99374749,17.81952286,17.81952286,996575000
2022-05-27,18.15393407,18.84770830,18.06808527,18.77783203,18.77783203,738379000
2022-05-31,18.94653179,19.16614508,18.31764352,18.63907623,18.63907623,664100000
2022-06-01,18.69098377,19.01940219,18.09004412,18.28769493,18.28769493,544514000
2022-06-02,18.25974438,19.58440406,18.16591027,19.55745125,19.55745125,648656000
2022-06-03,19.04835385,19.29791303,18.48933991,18.68699074,18.68699074,598779000
2022-06-06,19.10525646,19.30290733,18.53126947,18.75287819,18.75287819,422406000
2022-06-07,18.43942966,18.96649855,18.15593002,18.89262962,18.89262962,388914000
2022-06-08,18.76981563,19.15022467,18.50622554,18.61905098,18.61905098,363252000
2022-06-09,18.45231168,18.90360968,18.01299419,18.01998329,18.01998329,395574000
2022-06-10,17.57268253,17.66953209,16.84281625,16.94765472,16.94765472,465248000
2022-06-13,15.97516388,16.28667985,15.58177541,15.62271214,15.62271214,604153000
2022-06-14,15.70658197,16.04106202,15.38807689,15.81141949,15.81141949,469680000
2022-06-15,16.07001604,16.84181688,15.90127870,16.50134659,16.50134659,563936000
2022-06-16,15.83538194,15.91725539,15.37709476,15.57678413,15.57678413,545749000
2022-06-17,15.62370932,15.97017080,15.30420637,15.85534954,15.85534954,630334000
2022-06-21,16.44942866,16.98160040,16.38153341,16.54028702,16.54028702,483089000
2022-06-22,16.20081528,16.63613939,16.15488715,16.33460808,16.33460808,437135000
2022-06-23,16.49335618,16.55925371,15.82839062,16.19981384,16.19981384,463680000
2022-06-24,16.47438711,17.11339303,16.28468151,17.09941483,17.09941483,472153000
2022-06-27,17.28512465,17.30309636,16.60018879,16.84281158,16.84281158,427968000
2022-06-28,16.87376572,17.17529697,15.92024825,15.95719147,15.95719147,461149000
2022-06-29,15.78945185,15.79544210,15.14645148,15.51787376,15.51787376,482352000
2022-06-30,15.33715458,15.54283512,14.83892960,15.13546848,15.13546848,686070000
2022-07-01,14.87587358,15.03961857,14.36966059,14.50045681,14.50045681,577610000
2022-07-05,14.15299721,14.94776116,14.03318360,14.94077206,14.94077206,651397000
2022-07-06,14.98670037,15.29522072,14.76604275,15.10651398,15.10651398,529066000
2022-07-07,15.43200904,15.92024936,15.36511265,15.83338451,15.83338451,492903000
2022-07-08,15.40604886,16.01210698,15.36511214,15.81341553,15.81341553,467972000
2022-07-11,15.50189997,15.50289882,15.01465755,15.12848091,15.12848091,437321000
2022-07-12,15.24429917,15.40704625,14.85390633,15.05858803,15.05858803,458483000
2022-07-13,14.56735348,15.35113485,14.44254751,15.14046192,15.14046192,521918000
2022-07-14,15.08454866,15.44898187,14.70513839,15.34813881,15.34813881,456235000
2022-07-15,15.63469376,15.75750203,15.42102524,15.73753357,15.73753357,385935000
2022-07-18,16.27669800,16.87077382,15.97716438,16.07600975,16.07600975,670517000
2022-07-19,16.46040880,17.08344071,16.14689705,16.96562386,16.96562386,702366000
2022-07-20,16.92069234,17.90516176,16.77491908,17.77935600,17.77935600,760538000
2022-07-21,17.85723740,18.11583423,17.51776503,18.02198029,18.02198029,557049000
2022-07-22,17.86522259,17.93910712,17.11039568,17.29211426,17.29211426,536671000
2022-07-25,16.99258055,17.09741900,16.62315596,16.99757385,16.99757385,480748000
2022-07-26,16.86277812,16.89273223,16.45241694,16.50733185,16.50733185,397865000
2022-07-27,17.00555978,17.90815768,16.88674503,17.76238441,17.76238441,569776000
2022-07-28,17.94709840,18.11184128,17.41292901,17.95608330,17.95608330,474646000
2022-07-29,17.78535234,18.21568315,17.66453986,18.13480949,18.13480949,435460000
2022-08-01,18.15377576,18.81674651,17.96207436,18.41237450,18.41237450,476469000
2022-08-02,18.09386789,18.90860115,18.06391378,18.49724007,18.49724007,489527000
2022-08-03,18.15577136,18.93855468,18.10884344,18.86367035,18.86367035,418146000
2022-08-04,18.81974382,19.24408338,18.73088126,19.18517494,19.18517494,409652000
2022-08-05,18.78080305,19.19915331,18.63702746,18.95952606,18.95952606,386068000
2022-08-08,17.47483221,18.21068767,17.21523559,17.76537895,17.76537895,981859000
2022-08-09,17.22522530,17.41992236,16.69804489,17.05948257,17.05948257,668263000
2022-08-10,17.67052788,18.08987600,17.29011878,18.06890869,18.06890869,597422000
2022-08-11,18.10285603,18.67796213,17.84825080,17.91414833,17.91414833,509327000
2022-08-12,18.13181260,18.68894706,17.92513317,18.67996025,18.67996025,478094000
2022-08-15,18.67196922,19.13424981,18.58410648,19.00245476,19.00245476,457666000
2022-08-16,18.89063002,19.11228552,18.47227982,18.84969330,18.84969330,451240000
2022-08-17,18.49424743,18.65899031,18.11683394,18.30653763,18.30653763,446799000
2022-08-18,18.27259279,18.83571649,18.15477592,18.74386024,18.74386024,415447000
2022-08-19,18.37742939,18.49125275,17.74241694,17.82129478,17.82129478,441588000
2022-08-22,17.46284644,17.53074166,16.93965979,17.00755501,17.00755501,409593000
2022-08-23,16.96262980,17.43789078,16.94365828,17.15433121,17.15433121,369986000
2022-08-24,16.98559360,17.37898305,16.86877653,17.19526863,17.19526863,522661000
2022-08-25,16.81785568,17.91914431,16.80687307,17.88519669,17.88519669,770691000
2022-08-26,17.82927933,17.89617476,16.21179337,16.23475838,16.23475838,769127000
2022-08-29,15.99513102,16.31263625,15.74252352,15.77647018,15.77647018,496132000
2022-08-30,15.93522467,16.01410156,15.15843252,15.44398880,15.44398880,530181000
2022-08-31,15.36011980,15.51587778,14.93577932,15.07056999,15.07056999,573710000
2022-09-01,14.18694429,14.35767934,13.24940263,13.91536713,13.91536713,1178865000
2022-09-02,14.07811323,14.14900217,13.56990256,13.62581635,13.62581635,743157000
2022-09-06,13.70968633,13.75761216,13.33027606,13.44409943,13.44409943,535751000
2022-09-07,13.54597072,13.82062602,13.32924317,13.69678116,13.69678116,512657000
2022-09-08,13.44210154,13.99041300,13.35221534,13.97243500,13.97243500,624873000
2022-09-09,14.13922200,14.45582432,14.10826175,14.36893368,14.36893368,486612000
2022-09-12,14.35095793,14.52873392,14.18017217,14.48678684,14.48678684,484159000
2022-09-13,13.78466942,13.90451863,13.08255208,13.11451149,13.11451149,714956000
2022-09-14,13.23735724,13.27331229,12.89678581,13.11151600,13.11151600,588507000
2022-09-15,12.99865892,13.21638466,12.77394104,12.91276646,12.91276646,523625000
2022-09-16,12.72600112,13.19541127,12.60115807,13.18142891,13.18142891,670751000
2022-09-19,12.99566373,13.44609772,12.99366639,13.36519909,13.36519909,569685000
2022-09-20,13.19840875,13.46607193,13.04060713,13.15945721,13.15945721,524818000
2022-09-21,13.19641131,14.01338415,13.09353999,13.24435043,13.24435043,807679000
2022-09-22,13.05358872,13.13249000,12.41239558,12.54522800,12.54522800,759162000
2022-09-23,12.40440786,12.59516806,12.24161238,12.50028706,12.50028706,663309000
2022-09-26,12.47531676,12.64310604,12.19866412,12.21264648,12.21264648,547343000
2022-09-27,12.49129796,12.72001056,12.24261098,12.39741611,12.39741611,553854000
2022-09-28,12.39441982,12.80690143,12.33849037,12.72001076,12.72001076,542414000
2022-09-29,12.43237001,12.48430476,11.93100047,12.20465660,12.20465660,532763000
2022-09-30,12.07182356,12.61713849,12.05983854,12.12375832,12.12375832,565638000
2022-10-03,12.33149742,12.66208215,12.08980069,12.49629021,12.49629021,547478000
2022-10-04,12.86282843,13.20340082,12.86282843,13.15046692,13.15046692,584182000
2022-10-05,12.89478907,13.30427412,12.60515324,13.19241428,13.19241428,507131000
2022-10-06,13.20340205,13.63885451,13.08654837,13.11351490,13.11351490,644157000
2022-10-07,12.48929900,12.65409179,12.00690565,12.06083775,12.06083775,672478000
2022-10-10,12.02188470,12.10877534,11.39367483,11.65534592,11.65534592,698699000
2022-10-11,11.54648201,11.83112397,11.26883123,11.57145119,11.57145119,667482000
2022-10-12,11.56446266,11.72026598,11.33075625,11.48556137,11.48556137,492590000
2022-10-13,10.95722579,12.06283632,10.79942417,11.94498444,11.94498444,850103000
2022-10-14,12.04186178,12.09579388,11.18993309,11.21290398,11.21290398,713432000
2022-10-17,11.50353732,11.93299771,11.50253913,11.87307262,11.87307262,580774000
2022-10-18,12.32850040,12.47631433,11.60341215,11.95197392,11.95197392,659362000
2022-10-19,11.86408467,12.33449397,11.81914110,12.03586864,12.03586864,523131000
2022-10-20,12.09779038,12.75296682,12.08980005,12.17868900,12.17868900,652398000
2022-10-21,12.08280899,12.48230731,11.87207444,12.45034695,12.45034695,609494000
2022-10-24,12.49229698,12.69404304,12.04885416,12.58318233,12.58318233,517457000
2022-10-25,12.67806287,13.28330198,12.64809985,13.24435043,13.24435043,505482000
2022-10-26,12.85284190,13.37118934,12.69204380,12.87980747,12.87980747,532953000
2022-10-27,13.61288768,13.82062672,13.10552510,13.15945721,13.15945721,583113000
2022-10-28,13.08754647,13.83261007,13.04460024,13.81662941,13.81662941,521040000
2022-10-31,13.76069929,13.82062437,13.28030332,13.48005199,13.48005199,486341000
2022-11-01,13.79365840,13.90751557,13.50202522,13.52599525,13.52599525,432817000
2022-11-02,13.83261035,14.19215799,13.19441274,13.20240211,13.20240211,672628000
2022-11-03,13.02662249,13.76369572,12.93973184,13.40414715,13.40414715,500065000
2022-11-04,13.96843988,14.21113481,13.67980222,14.13822651,14.13822651,612576000
2022-11-07,14.21013556,14.39390456,13.93648037,14.28304386,14.28304386,410061000
2022-11-08,14.78241732,14.87230448,14.19815174,14.58366776,14.58366776,595292000
2022-11-09,14.14421826,14.19315748,13.74172438,13.75870323,13.75870323,454414000
2022-11-10,14.78141850,15.75319645,14.52873588,15.73022556,15.73022556,700819000
2022-11-11,15.78715474,16.36842382,15.46256296,16.30650139,16.30650139,655487000
2022-11-14,16.19763696,16.51923316,15.90200814,16.27453995,16.27453995,527852000
2022-11-15,16.70100237,16.97665487,16.36142916,16.64507294,16.64507294,545876000
2022-11-16,16.14170957,16.34145733,15.85307189,15.89002514,15.89002514,649547000
2022-11-17,15.69526860,16.24557737,15.51549430,15.65731621,15.65731621,710894000
2022-11-18,15.94595207,15.98190807,15.10101462,15.38965225,15.38965225,492072000
2022-11-21,15.12798385,15.45756947,15.06106758,15.29777050,15.29777050,404739000
2022-11-22,15.30875196,16.03783575,15.10301031,16.01786041,16.01786041,472866000
2022-11-23,16.07778579,16.50624796,16.02784934,16.49825668,16.49825668,427241000
2022-11-25,16.29751665,16.46630322,16.15170002,16.24957657,16.24957657,167934000
2022-11-28,16.00587943,16.33646516,15.70525863,15.80712986,15.80712986,303741000
2022-11-29,15.80712746,15.91199612,15.50051372,15.61936378,15.61936378,298384000
2022-11-30,15.68129994,16.91306749,15.58140053,16.90607452,16.90607452,565298000
2022-12-01,16.98199904,17.24773184,16.61836278,17.11786270,17.11786270,470977000
2022-12-02,16.64234306,16.91606926,16.42855634,16.85912514,16.85912514,371389000
2022-12-05,16.66232075,16.97800471,16.45552703,16.59338951,16.59338951,352255000
2022-12-06,16.51347225,16.55642852,15.80318274,15.97101498,15.97101498,352694000
2022-12-07,15.75622929,16.16981582,15.65133379,16.10388184,16.10388184,372388000
2022-12-08,16.25672681,17.16182090,15.94303975,17.15183067,17.15183067,515456000
2022-12-09,17.14283873,17.56541604,16.95802428,16.98399734,16.98399734,465338000
2022-12-12,17.01996438,17.52046285,16.78020460,17.51746559,17.51746559,457328000
2022-12-13,18.51247096,18.77121276,17.69329119,18.05393028,18.05393028,656589000
2022-12-14,17.96901109,18.23374736,17.40257870,17.65632439,17.65632439,496888000
2022-12-15,17.12885146,17.30267722,16.68329838,16.93504524,16.93504524,478542000
2022-12-16,16.84713627,17.02395932,16.39358980,16.55442810,16.55442810,478232000
2022-12-19,16.55542612,16.59238787,16.12885314,16.23774338,16.23774338,354039000
2022-12-20,16.04793360,16.29368787,15.83614668,16.06891251,16.06891251,403260000
2022-12-21,16.09788683,16.61037434,16.08589780,16.48449898,16.48449898,325025000
2022-12-22,16.07790297,16.12185959,14.86711529,15.32365799,15.32365799,565045000
2022-12-23,15.18080281,15.32365945,14.86811611,15.19079304,15.19079304,349326000
2022-12-27,15.05892426,15.08489828,14.04194180,14.10687733,14.10687733,464902000
2022-12-28,13.91307287,14.24773790,13.87011565,14.02196407,14.02196407,351066000
2022-12-29,14.38759782,14.66831599,14.21277264,14.58839607,14.58839607,354923000
2022-12-30,14.31966553,14.61437061,14.21876670,14.59938622,14.59938622,310490000
2023-01-03,14.83614721,14.98100266,14.08190218,14.30068302,14.30068302,401277000
2023-01-04,14.55243287,14.83814616,14.22675867,14.73425007,14.73425007,431324000
2023-01-05,14.47650815,14.54943509,14.13385076,14.25073433,14.25073433,389168000
2023-01-06,14.45952393,14.99498810,14.01996441,14.84413910,14.84413910,405044000
2023-01-09,15.26871467,16.03994194,15.12585708,15.61237049,15.61237049,504231000
2023-01-10,15.49149185,15.94603674,15.45652701,15.89309025,15.89309025,384101000
2023-01-11,15.82415851,16.01197022,15.54743512,15.98499680,15.98499680,353285000
2023-01-12,16.08389763,16.62035928,15.47650498,16.49448586,16.49448586,551409000
2023-01-13,16.26171994,16.90507687,16.14883399,16.88209915,16.88209915,447287000
2023-01-17,16.88210471,17.71027636,16.88210471,17.68430138,17.68430138,511102000
2023-01-18,17.64933195,17.85512532,17.26471674,17.35962296,17.35962296,439624000
2023-01-19,17.01896463,17.17980485,16.71427121,16.74823570,16.74823570,452932000
2023-01-20,16.99398827,17.83814447,16.80817536,17.82116127,17.82116127,564967000
2023-01-23,18.04593277,19.22575328,17.80018042,19.17380524,19.17380524,655163000
2023-01-24,18.80817343,19.47550663,18.80118046,19.24573517,19.24573517,496204000
2023-01-25,18.89408490,19.35062858,18.56141775,19.30367470,19.30367470,449537000
2023-01-26,19.68129912,20.14583427,19.25872179,19.78219795,19.78219795,489535000
2023-01-27,19.44253448,20.60736864,19.38559228,20.34463120,20.34463120,542142000
2023-01-30,19.93004760,20.11985620,19.13084658,19.14283562,19.14283562,488611000
2023-01-31,19.15082823,19.66731138,18.93104894,19.51746178,19.51746178,498017000
2023-02-01,19.67130928,21.17080775,19.59138935,20.92205811,20.92205811,660477000
2023-02-02,20.97899957,21.92704996,20.67930034,21.68729019,21.68729019,564276000
2023-02-03,20.97899901,21.72325481,20.76820958,21.07889938,21.07889938,429366000
2023-02-06,20.78519133,21.54842718,20.76521087,21.06790924,21.06790924,452197000
2023-02-07,21.36061436,22.23673802,21.12884605,22.15082359,22.15082359,664150000
2023-02-08,22.36460985,22.85511993,21.98598918,22.18279266,22.18279266,559651000
2023-02-09,22.58339108,22.99697657,22.09787710,22.31465912,22.31465912,523876000
2023-02-10,21.66831245,22.05592306,20.79019166,21.24373627,21.24373627,550737000
2023-02-13,21.51646057,22.02595077,20.94103640,21.76621056,21.76621056,474919000
2023-02-14,21.55642187,23.02595159,21.34463397,22.94803047,22.94803047,675474000
2023-02-15,22.52644869,22.83214242,22.08389285,22.74123383,22.74123383,420575000
2023-02-16,22.11086524,22.52744804,21.90507188,21.97999763,21.97999763,412026000
2023-02-17,21.60936657,21.71825681,20.95402252,21.36660957,21.36660957,465888000
2023-02-21,20.97899839,21.47250383,20.59738045,20.63434410,20.63434410,410015000
2023-02-22,20.68629387,21.08289623,20.40057866,20.73324585,20.73324585,513184000
2023-02-23,23.41655628,23.86410816,23.00197045,23.64033127,23.64033127,1117995000
2023-02-24,23.20177456,23.45052610,22.92405269,23.26271248,23.26271248,589716000
2023-02-27,23.64632872,23.85611779,23.43054512,23.47749710,23.47749710,452994000
2023-02-28,23.34862749,23.80117551,23.18279313,23.19278336,23.19278336,455963000
2023-03-01,23.16880995,23.23274704,22.48549386,22.67530441,22.67530441,460026000
2023-03-02,22.46550597,23.35661199,22.40956033,23.29067802,23.29067802,389415000
2023-03-03,23.29667642,23.87609626,23.10686591,23.86610603,23.86610603,412393000
2023-03-06,23.86710797,24.22374939,23.46351076,23.53044510,23.53044510,437429000
2023-03-07,23.58040075,24.10496436,23.22169774,23.26865959,23.26865959,515154000
2023-03-08,23.46749526,24.17990442,23.40454785,24.16091919,24.16091919,513573000
2023-03-09,24.15492688,24.43369646,23.36358466,23.41654205,23.41654205,501257000
2023-03-10,23.38956009,23.60737946,22.70712673,22.94592857,22.94592857,474866000
2023-03-13,22.73310694,23.27865305,22.27848486,22.94692802,22.94692802,421890000
2023-03-14,23.47648973,24.19888894,23.44051842,24.04301834,24.04301834,474910000
2023-03-15,23.74126689,24.26583051,23.34060084,24.20788002,24.20788002,524486000
2023-03-16,24.00704796,25.56675060,23.87415708,25.51979065,25.51979065,583253000
2023-03-17,25.96042463,26.37707817,25.64668430,25.70363808,25.70363808,848547000
2023-03-20,25.59373106,26.00239185,25.10913315,25.87849426,25.87849426,432747000
2023-03-21,26.15826086,26.37008472,25.35992455,26.17724419,26.17724419,547408000
2023-03-22,26.40305466,27.56608948,26.21521106,26.44602013,26.44602013,797295000
2023-03-23,27.09248179,27.47616367,26.66783549,27.16841888,27.16841888,564889000
2023-03-24,27.00855694,27.14444371,26.33311762,26.75676537,26.75676537,454920000
2023-03-27,26.81471400,26.97757875,26.34310584,26.50896835,26.50896835,361026000
2023-03-28,26.42504099,26.49098618,25.82853657,26.38807106,26.38807106,356104000
2023-03-29,26.80272526,27.05551353,26.57491395,26.96159172,26.96159172,393694000
2023-03-30,27.20638857,27.47616481,27.07949322,27.36026001,27.36026001,364516000
2023-03-31,27.11746091,27.81088482,27.08249013,27.75393295,27.75393295,433933000
2023-04-03,27.48615559,27.97674706,27.31329893,27.94177628,27.94177628,398716000
2023-04-04,27.94277893,27.97675109,27.28432571,27.43020439,27.43020439,368592000
2023-04-05,26.80672005,26.97557842,26.37308045,26.85867691,26.85867691,515015000
2023-04-06,26.56192440,27.05751282,26.40505519,27.01454926,27.01454926,397654000
2023-04-10,26.80072806,27.59806579,26.64685660,27.55610085,27.55610085,395279000
2023-04-11,27.70097801,27.76692319,27.10347313,27.14643860,27.14643860,314378000
2023-04-12,27.34727101,27.44518920,26.42603581,26.47299767,26.47299767,446259000
2023-04-13,26.71179773,26.86467054,26.30713528,26.44102287,26.44102287,353615000
2023-04-14,26.48199192,26.86067692,26.19822734,26.73578072,26.73578072,395660000
2023-04-17,26.54293876,26.98357250,26.41104841,26.97957611,26.97957611,321471000
2023-04-18,27.51013820,28.08665874,27.33428375,27.64402580,27.64402580,604812000
2023-04-19,27.33828002,27.97674934,27.20938743,27.90780640,27.90780640,358660000
2023-04-20,27.64802199,28.00672504,26.97757965,27.08149338,27.08149338,427713000
2023-04-21,26.92962207,27.16043118,26.69981349,27.09648323,27.09648323,345103000
2023-04-24,26.99056935,27.34327496,26.64885238,27.01954460,27.01954460,339282000
2023-04-25,27.05551455,27.22437484,26.20322412,26.21920967,26.21920967,378527000
2023-04-26,26.97958179,27.30730857,26.68282749,26.93361855,26.93361855,406337000
2023-04-27,27.34028122,27.47217159,26.60289312,27.20339394,27.20339394,377161000
2023-04-28,27.20239283,27.73494927,27.04851948,27.72595787,27.72595787,292216000
2023-05-01,27.81688092,29.03386986,27.75693128,28.88599205,28.88599205,570329000
2023-05-02,28.65618589,28.81205649,28.05968149,28.18657494,28.18657494,402730000
2023-05-03,27.81688014,28.34344291,27.44918572,27.77891159,27.77891159,383387000
2023-05-04,27.62804081,27.83586829,27.21738276,27.53911591,27.53911591,321850000
2023-05-05,27.80289235,28.73111982,27.70797193,28.65618324,28.65618324,361494000
2023-05-08,28.49831363,29.19573394,28.32645749,29.12679100,29.12679100,344979000
2023-05-09,28.87500036,28.94893831,28.42637383,28.54727173,28.54727173,314869000
2023-05-10,28.98091461,29.08882664,28.43736761,28.86101532,28.86101532,369350000
2023-05-11,28.87200654,28.92596255,28.22254664,28.55426979,28.55426979,322149000
2023-05-12,28.50530952,28.75610245,28.02271079,28.31646729,28.31646729,274222000
2023-05-15,28.48432681,28.94494445,28.12862343,28.92895699,28.92895699,293926000
2023-05-16,28.81704896,29.84519567,28.80805756,29.18873978,29.18873978,449405000
2023-05-17,29.55943038,30.17391940,29.40555895,30.15293694,30.15293694,432535000
2023-05-18,30.38474667,31.80156840,30.29482126,31.65169334,31.65169334,748725000
2023-05-19,31.50981059,31.55377468,30.89032653,31.23803711,31.23803711,473908000
2023-05-22,30.87533899,31.49382636,30.65452374,31.15011215,31.15011215,372000000
2023-05-23,30.97426068,31.26202166,30.60556757,30.66251945,30.66251945,356253000
2023-05-24,30.18490948,30.58158103,29.78124567,30.51263809,30.51263809,721419000
2023-05-25,38.49100797,39.44721397,36.60457534,37.94845963,37.94845963,1543911000
2023-05-26,37.85853530,39.13747116,37.51881748,38.91365814,38.91365814,714397000
2023-05-30,40.56129321,41.90317656,39.91582971,40.07769394,40.07769394,923401000
2023-05-31,39.45520761,40.26153668,37.79059072,37.80258179,37.80258179,1002580000
2023-06-01,38.45703829,40.01674290,38.30816375,39.73697662,39.73697662,635873000
2023-06-02,40.06369530,40.46636045,39.02555684,39.29433441,39.29433441,482731000
2023-06-05,38.87669004,39.53214352,38.67485812,39.13847351,39.13847351,396094000
2023-06-06,38.79775499,39.12747896,38.11631835,38.62189865,38.62189865,388729000
2023-06-07,38.88670550,39.47028050,37.32883714,37.44775009,37.44775009,511998000
2023-06-08,37.69657437,38.83574500,37.47773562,38.48200226,38.48200226,417772000
2023-06-09,39.00861400,39.68212370,38.53895834,38.74180984,38.74180984,427717000
2023-06-12,39.17150019,39.50125828,38.58992261,39.45329285,39.45329285,388701000
2023-06-13,40.15678530,41.07112100,39.71111040,40.99217606,40.99217606,613208000
2023-06-14,40.79432339,42.96874019,40.52251796,42.96574402,42.96574402,740465000
2023-06-15,42.57103621,43.25753715,42.11636510,42.62199783,42.62199783,568622000
2023-06-16,43.41840945,43.68921232,42.62998165,42.66096115,42.66096115,655709000
2023-06-20,42.96674107,43.95802045,42.64297531,43.77614975,43.77614975,451153000
2023-06-21,43.46937599,43.58329535,42.04941138,43.01370621,43.01370621,551603000
2023-06-22,42.22227910,43.39442663,42.20329572,42.99372101,42.99372101,417737000
2023-06-23,42.43312989,42.77787649,41.98445500,42.17831421,42.17831421,358140000
2023-06-26,42.43012378,42.73290486,40.07084048,40.60245514,40.60245514,594322000
2023-06-27,40.76934141,41.90951082,40.41859864,41.84555817,41.84555817,462175000
2023-06-28,40.63044012,41.81458000,40.48854506,41.08710861,41.08710861,582639000
2023-06-29,41.52778911,41.56975840,40.57048532,40.79232407,40.79232407,380514000
2023-06-30,41.64969842,42.51906485,41.47082770,42.27124405,42.27124405,501148000
2023-07-03,42.48608466,42.86680816,42.17131507,42.38216019,42.38216019,198209000
2023-07-05,42.10436891,43.14561126,42.05440602,42.28623962,42.28623962,323618000
2023-07-06,41.81358093,42.14833647,41.31594188,42.07239151,42.07239151,303582000
2023-07-07,42.29122733,43.18258089,42.14933229,42.47209549,42.47209549,355881000
2023-07-10,42.62598835,42.77987571,41.61871797,42.14933395,42.14933395,353908000
2023-07-11,42.45011335,42.72691239,42.03641670,42.37416840,42.37416840,298244000
2023-07-12,43.00171515,43.90305981,42.74590075,43.87008286,43.87008286,481277000
2023-07-13,44.48563784,46.12144500,44.45965577,45.94357681,45.94357681,478204000
2023-07-14,46.54913209,48.05303895,45.02724057,45.43594360,45.43594360,772075000
2023-07-17,46.25535117,46.46219761,45.22909733,46.42722321,46.42722321,510488000
2023-07-18,46.66704238,47.86117315,45.70074646,47.45946503,47.45946503,569164000
2023-07-19,47.42949773,47.78324049,46.70802245,47.04277802,47.04277802,427502000
2023-07-20,46.47318993,47.05277011,45.02924074,45.48690796,45.48690796,537865000
2023-07-21,45.75470382,45.83265003,44.06793151,44.27677917,44.27677917,963769000
2023-07-24,44.69847610,45.07620343,44.00798043,44.57956314,44.57956314,382516000
2023-07-25,44.90832770,46.14942147,44.89033923,45.64579010,45.64579010,348081000
2023-07-26,45.98754335,46.01952158,44.59755574,45.41895676,45.41895676,364237000
2023-07-27,46.48518000,47.36054257,45.71673808,45.86663055,45.86663055,455976000
2023-07-28,46.63406993,46.99281009,46.34727984,46.71601105,46.71601105,331194000
2023-07-31,46.72000975,47.09573583,46.47218895,46.69502640,46.69502640,251055000
2023-08-01,46.42622359,46.86590616,45.99353972,46.47319031,46.47319031,237858000
2023-08-02,45.79768107,45.80667340,43.35545767,44.23681641,44.23681641,530142000
2023-08-03,43.76815893,45.08520160,43.76815893,44.48263931,44.48263931,324176000
2023-08-04,44.95229673,45.60881678,44.36072806,44.64751816,44.64751816,362666000
2023-08-07,45.07820252,45.50689147,44.53060060,45.38397980,45.38397980,322154000
2023-08-08,44.82039637,45.20911354,44.02397483,44.63153458,44.63153458,353843000
2023-08-09,44.24180664,44.27978102,42.10336324,42.52305984,42.52305984,586449000
2023-08-10,42.12935427,43.54232791,41.80458974,42.35718918,42.35718918,492705000
2023-08-11,41.72064294,41.98745091,40.60945194,40.82529449,40.82529449,533085000
2023-08-14,40.45656458,43.76815430,40.28169258,43.72118759,43.72118759,690286000
2023-08-15,44.52760636,45.23509183,43.67822202,43.90805435,43.90805435,676512000
2023-08-16,44.48763248,44.64251857,43.37444018,43.45438385,43.45438385,527451000
2023-08-17,43.93803674,44.02996892,42.96973940,43.31249237,43.31249237,452395000
2023-08-18,42.60400218,43.54631740,41.62971254,43.26752090,43.26752090,583768000
2023-08-21,44.46165201,47.03078203,44.18985040,46.93285370,46.93285370,692573000
2023-08-22,48.10000155,48.15196570,45.30004062,45.63479614,45.63479614,755293000
2023-08-23,45.83265768,47.16568753,45.17513509,47.08174896,47.08174896,779046000
2023-08-24,50.17948958,50.22945246,47.12471299,47.12870789,47.12870789,1156044000
2023-08-25,46.97781961,47.77024231,44.99126227,45.98454285,45.98454285,925341000
2023-08-28,46.44820131,46.94584031,44.85536235,46.80094528,46.80094528,685192000
2023-08-29,46.63207123,49.04531629,46.35726965,48.74853134,48.74853134,701397000
2023-08-30,49.00833867,49.89069606,48.38978927,49.22817993,49.22817993,735206000
2023-08-31,49.34410185,49.70783564,48.92240776,49.31911850,49.31911850,528570000
2023-09-01,49.72582712,49.76379770,48.10700202,48.47373581,48.47373581,463830000
2023-09-05,48.18794226,48.81548788,47.82520720,48.51270676,48.51270676,382653000
2023-09-06,48.40977397,48.51770225,46.54997362,47.03066254,47.03066254,468670000
2023-09-07,45.49564752,46.31411968,45.12288693,46.21118546,46.21118546,433330000
2023-09-08,45.91238585,46.57595546,45.24181696,45.54262161,45.54262161,473069000
2023-09-11,46.11824436,46.13323408,44.28342961,45.14887238,45.14887238,473966000
2023-09-12,44.70914960,45.64354804,44.50228236,44.84106445,44.84106445,349256000
2023-09-13,44.57124919,45.90039369,44.47431159,45.45568085,45.45568085,398355000
2023-09-14,45.92037827,45.95735316,45.10190601,45.55161667,45.55161667,370097000
2023-09-15,45.31176939,45.56960248,43.77975673,43.87170029,43.87170029,506831000
2023-09-18,42.72043939,44.21347561,41.97292056,43.93765259,43.93765259,500271000
2023-09-19,43.80474514,43.93765883,42.97427952,43.49194717,43.49194717,373064000
2023-09-20,43.57189180,43.87469787,42.19578058,42.21176910,42.21176910,367108000
2023-09-21,41.55619180,42.07285679,40.95357991,40.99055481,40.99055481,450736000
2023-09-22,41.54519814,42.08785117,41.20441837,41.58317566,41.58317566,479236000
2023-09-25,41.56418475,42.50857517,41.15045020,42.19477844,42.19477844,419091000
2023-09-26,41.97392957,42.79240197,41.62815190,41.88398743,41.88398743,402282000
2023-09-27,42.30271651,42.84436697,41.60216816,42.44062424,42.44062424,444935000
2023-09-28,42.43261845,43.41798268,42.08784351,43.06121445,43.06121445,424663000
2023-09-29,43.79874254,44.11553949,43.27907734,43.47095490,43.47095490,397830000
2023-10-02,44.00161019,45.14587241,43.83272044,44.75312805,44.75312805,433298000
2023-10-03,44.77911313,45.10090796,43.21811980,43.48894501,43.48894501,470850000
2023-10-04,43.71380055,44.11454301,43.26408990,44.01260757,44.01260757,361821000
2023-10-05,44.02160570,44.87106010,43.85971137,44.65919495,44.65919495,393483000
2023-10-06,44.16450946,45.75948119,43.99761731,45.73249817,45.73249817,434436000
2023-10-09,44.81308688,45.57559542,44.33939347,45.24380875,45.24380875,409675000
2023-10-10,45.28078645,46.22917206,45.05892947,45.76847076,45.76847076,368582000
2023-10-11,46.16621437,46.82878892,46.02030860,46.77582169,46.77582169,378137000
2023-10-12,46.74683913,47.57830340,46.30012875,46.91473007,46.91473007,481325000
2023-10-13,46.92972043,47.08562189,45.25080335,45.43168640,45.43168640,474115000
2023-10-16,45.03395227,46.19520200,44.88304863,46.06528854,46.06528854,375099000
2023-10-17,43.97163591,44.72515146,42.45261530,43.90967560,43.90967560,812333000
2023-10-18,42.56354235,43.19113966,41.79803733,42.16879654,42.16879654,627294000
2023-10-19,42.78340153,43.26908828,41.85499958,42.07386017,42.07386017,501233000
2023-10-20,41.86299514,42.44262308,41.05151832,41.36032104,41.36032104,477266000
2023-10-23,41.20242326,43.22012279,40.91860593,42.94729614,42.94729614,478530000
2023-10-24,43.04922879,43.66882803,42.66347987,43.63484955,43.63484955,401463000
2023-10-25,43.37002736,43.62186766,41.52821673,41.75207138,41.75207138,398379000
2023-10-26,41.82601906,42.22875913,39.85429143,40.30000305,40.30000305,541001000
2023-10-27,41.10348716,41.17943838,39.98920425,40.47389221,40.47389221,416784000
2023-10-30,41.06051828,41.73907766,40.45490608,41.13446808,41.13446808,388028000
2023-10-31,40.42393019,40.85265454,39.20471527,40.75371552,40.75371552,517969000
2023-11-01,40.85764871,42.35368553,40.84265899,42.29772186,42.29772186,437593000
2023-11-02,43.30006061,43.85570185,42.86634235,43.47794724,43.47794724,409172000
2023-11-03,43.99162090,45.27978753,43.69481149,44.97598648,44.97598648,424610000
2023-11-06,45.25580503,45.90538751,44.87005230,45.72150421,45.72150421,400733000
2023-11-07,45.68952517,46.18820019,45.12888605,45.92537308,45.92537308,343165000
2023-11-08,46.07027480,46.83678237,45.93835994,46.54397202,46.54397202,346719000
2023-11-09,47.43639611,48.19890468,46.71985932,46.91973114,46.91973114,540496000
2023-11-10,47.46937982,48.44075336,47.25252065,48.30384064,48.30384064,421245000
2023-11-13,48.28884774,49.08433599,48.06798955,48.58865356,48.58865356,384136000
2023-11-14,49.64796808,49.80186811,49.00838134,49.62398148,49.62398148,416954000
2023-11-15,49.90281326,49.92779486,48.16893103,48.85648727,48.85648727,475497000
2023-11-16,48.64761874,49.49307402,48.29884471,49.44810104,49.44810104,339756000
2023-11-17,49.49207616,49.68495255,48.97541111,49.26622391,49.26622391,325205000
2023-11-20,49.28021008,50.51541332,49.14929401,50.37650299,50.37650299,414120000
2023-11-21,50.09368608,50.48443287,49.19026951,49.91180420,49.91180420,565747000
2023-11-22,49.81985852,50.30254500,47.65924994,48.68458939,48.68458939,899420000
2023-11-24,48.43875008,48.88945951,47.71421524,47.74519730,47.74519730,294645000
2023-11-27,47.76918296,48.49871188,47.62127957,48.21089935,48.21089935,395662000
2023-11-28,48.20489443,48.29184013,47.44238597,47.79016113,47.79016113,401491000
2023-11-29,48.34781882,48.73057138,47.82915234,48.10897064,48.10897064,382005000
2023-11-30,47.99304239,48.07898930,46.39207765,46.73985291,46.73985291,526247000
2023-12-01,46.49501249,47.16957663,46.15722910,46.73485565,46.73485565,369317000
2023-12-04,46.04729530,46.04729530,44.98098182,45.48065948,45.48065948,437543000
2023-12-05,45.44067988,46.57404723,45.24578877,46.54006958,46.54006958,371718000
2023-12-06,47.18870569,47.36061079,45.38670839,45.47765732,45.47765732,380590000
2023-12-07,45.67455962,46.60304330,45.57861240,46.57006073,46.57006073,350823000
2023-12-08,46.56905361,47.71441534,46.52407669,47.47954559,47.47954559,359224000
2023-12-11,47.46455721,47.50453204,45.80448279,46.60103607,46.60103607,509728000
2023-12-12,46.02035971,47.63945651,46.02035971,47.63046265,47.63046265,372387000
2023-12-13,47.60248938,48.56695238,47.58150117,48.06123352,48.06123352,447792000
2023-12-14,48.36305680,48.64289968,47.39559726,48.32307816,48.32307816,391232000
2023-12-15,48.16716609,49.37649146,48.09320598,48.86277771,48.86277771,479948000
2023-12-18,49.37249684,50.40491882,49.12263603,50.04911804,50.04911804,412587000
2023-12-19,49.39647400,49.67232126,48.86776928,49.57637405,49.57637405,464444000
2023-12-20,49.62734445,49.97115463,48.07121238,48.08420563,48.08420563,397894000
2023-12-21,48.78381780,49.06766003,48.39203400,48.96271896,48.96271896,300425000
2023-12-22,49.16761297,49.35550804,48.44001760,48.80281830,48.80281830,252507000
2023-12-26,48.94072877,49.57237678,48.93273380,49.25155640,49.25155640,244200000
2023-12-27,49.48343001,49.65233462,49.05766474,49.38948059,49.38948059,233648000
2023-12-28,49.61536155,49.85622469,49.38448736,49.49442673,49.49442673,246587000
2023-12-29,49.78526507,49.96916455,48.72385609,49.49442673,49.49442673,389293000
2024-01-02,49.21657530,49.26754559,47.56849537,48.14117432,48.14117432,411254000
2024-01-03,47.45855813,48.15716638,47.29364910,47.54251099,47.54251099,320896000
2024-01-04,47.74040115,48.47299471,47.48154649,47.97127533,47.97127533,306535000
2024-01-05,48.43501923,49.51941421,48.27910405,49.06966400,49.06966400,415039000
2024-01-08,49.48442893,52.24589076,49.45144636,52.22389984,52.22389984,642510000
2024-01-09,52.37182564,54.29475420,51.66121915,53.11041260,53.11041260,773100000
2024-01-10,53.58615159,54.56960111,53.45921958,54.31974030,54.31974030,533796000
2024-01-11,54.96837679,55.31518370,53.53017885,54.79147339,54.79147339,596759000
2024-01-12,54.58958487,54.93939227,54.29974925,54.67953491,54.67953491,352994000
2024-01-16,54.98736983,56.80335573,54.86943550,56.35060883,56.35060883,449580000
2024-01-17,56.31562840,56.43955991,54.70952467,56.02179337,56.02179337,474394000
2024-01-18,57.22811381,57.56792464,56.07575596,57.07519913,57.07519913,491650000
2024-01-19,57.95670795,59.46686816,57.19313344,59.45787430,59.45787430,543501000
2024-01-22,60.01556529,60.29740977,59.03711029,59.62078476,59.62078476,452955000
2024-01-23,59.53683176,59.87664261,58.55237959,59.83966446,59.83966446,294654000
2024-01-24,60.27042174,62.81400277,59.90462441,61.32783127,61.32783127,560271000
2024-01-25,62.31527708,62.68407489,60.81611240,61.58268738,61.58268738,482777000
2024-01-26,60.92605729,61.74860092,60.53927555,60.99701691,60.99701691,390309000
2024-01-29,61.19790261,62.45420264,60.87308663,62.43021774,62.43021774,348733000
2024-01-30,62.86497729,63.45764560,62.22533046,62.73904419,62.73904419,410735000
2024-01-31,61.40578347,62.23432419,60.66619770,61.49273682,61.49273682,453795000
2024-02-01,62.06542320,63.15581918,61.61567679,62.99190903,62.99190903,369146000
2024-02-02,63.93838137,66.56291879,63.65453909,66.12316895,66.12316895,476578000
2024-02-05,68.18701013,69.45830504,67.16758143,69.29339600,69.29339600,680078000
2024-02-06,69.59122708,69.71515858,66.26308703,68.18501282,68.18501282,683111000
2024-02-07,68.28095195,70.18089422,67.56235061,70.05995941,70.05995941,495575000
2024-02-08,70.03498384,70.75458420,69.41633280,69.60222626,69.60222626,414422000
2024-02-09,70.49373429,72.14481511,70.17291383,72.09284973,72.09284973,436637000
2024-02-12,72.55956501,74.56944660,71.21031839,72.20776367,72.20776367,613710000
2024-02-13,70.36081744,73.40911526,69.58125280,72.08785248,72.08785248,602580000
2024-02-14,73.16124678,74.19466766,71.89795060,73.85885620,73.85885620,504917000
2024-02-15,73.82787028,73.93380644,72.35968651,72.61753845,72.61753845,420122000
2024-02-16,74.05873462,74.36056840,72.46062603,72.57256317,72.57256317,495327000
2024-02-20,71.90693589,71.91593356,67.69628440,69.41333008,69.41333008,704833000
2024-02-21,67.96813994,68.84965274,66.21112295,67.43444061,67.43444061,673755000
2024-02-22,74.98322595,78.53124466,74.17867389,78.49427032,78.49427032,865100000
2024-02-23,80.74501810,82.34812129,77.52680973,78.77311707,78.77311707,829388000
2024-02-26,79.65562925,80.60110940,78.46129479,79.04797363,79.04797363,503973000
2024-02-27,79.33679482,79.43574634,77.11903628,78.65717316,78.65717316,391705000
2024-02-28,77.57679091,78.88905586,77.08206373,77.61976624,77.61976624,393110000
2024-02-29,79.04996730,79.94546456,78.30637821,79.06795502,79.06795502,507289000
2024-03-01,79.95544706,82.25416921,79.39075927,82.23317719,82.23317719,479135000
2024-03-04,84.08314367,87.64616070,83.67237708,85.18952942,85.18952942,615616000
2024-03-05,85.22652719,86.05310908,83.37447500,85.92017365,85.92017365,520639000
2024-03-06,87.97712182,89.67824985,86.98562324,88.65476990,88.65476990,582520000
2024-03-07,90.11201372,92.71968421,89.55629754,92.62173462,92.62173462,608119000
2024-03-08,95.08948807,97.35033567,86.46188588,87.48336792,87.48336792,1142269000
2024-03-11,86.38492753,88.75171622,84.12308103,85.73026276,85.73026276,678364000
2024-03-12,88.00410652,91.91310775,86.10607277,91.86613464,91.86613464,668075000
2024-03-13,91.00857421,91.45734278,88.38990733,90.84165955,90.84165955,635713000
2024-03-14,89.53132518,90.59978030,86.55583824,87.89915466,87.89915466,602318000
2024-03-15,86.88567065,89.50033395,86.21301732,87.79220581,87.79220581,642086000
2024-03-18,90.34191763,92.35788759,87.04060021,88.40990448,88.40990448,668976000
2024-03-19,86.65578708,90.49782872,84.96665402,89.35241699,89.35241699,672171000
2024-03-20,89.75120115,90.36389511,88.17800638,90.32591248,90.32591248,479063000
2024-03-21,92.25293875,92.60076088,90.35890075,91.38837433,91.38837433,480372000
2024-03-22,91.09452365,94.72967008,90.78768099,94.24092102,94.24092102,586719000
2024-03-25,93.89308875,96.71664486,93.46230882,94.95354462,94.95354462,552136000
2024-03-26,95.80212497,96.32585986,92.45483355,92.51380157,92.51380157,513648000
2024-03-27,93.06451961,93.19245269,89.07755527,90.20397949,90.20397949,586067000
2024-03-28,89.95410762,91.25344778,89.14751991,90.30992889,90.30992889,435212000
2024-04-01,90.25295469,92.17796739,89.15851188,90.31691742,90.31691742,452441000
2024-04-02,88.40289389,90.04805823,87.57532083,89.40638733,89.40638733,433064000
2024-04-03,88.43888154,90.32791718,88.35492474,88.91863251,88.91863251,370067000
2024-04-04,90.35988689,90.58777506,85.83619439,85.86118317,85.86118317,434965000
2024-04-05,86.82170354,88.43588552,85.88218804,87.96312714,87.96312714,399678000
2024-04-08,88.65475650,88.78469507,86.68776556,87.08856201,87.08856201,283220000
2024-04-09,87.39739525,87.59029759,82.97965182,85.31045532,85.31045532,501700000
2024-04-10,83.88320960,87.35543727,83.66631738,86.99462128,86.99462128,431929000
2024-04-11,87.37542414,90.69273208,86.88168036,90.56979370,90.56979370,431637000
2024-04-12,89.65326610,90.12902897,87.48537321,88.14103699,88.14103699,426805000
2024-04-15,89.05255868,90.56678541,85.88517619,85.95713806,85.95713806,443077000
2024-04-16,86.38891335,88.07305147,86.02010589,87.37041473,87.37041473,370453000
2024-04-17,88.29493864,88.72972196,83.90717837,83.99214172,83.99214172,495400000
2024-04-18,84.92667401,86.14605314,82.35998267,84.62782288,84.62782288,447260000
2024-04-19,83.10760102,84.28099834,75.56744920,76.16114044,76.16114044,875198000
2024-04-22,78.06417461,80.03217247,76.36104865,79.47745514,79.47745514,596341000
2024-04-23,80.72781777,82.72679808,80.22307798,82.38097382,82.38097382,438559000
2024-04-24,83.90719166,84.03912814,79.14262402,79.63637543,79.63637543,512208000
2024-04-25,78.82777848,83.28050854,78.18311074,82.58986664,82.58986664,424641000
2024-04-26,83.77526671,88.28596627,83.34448670,87.69026947,87.69026947,551011000
2024-04-29,87.55032981,87.94712290,85.22251517,87.71224976,87.71224976,388971000
2024-04-30,87.19552619,88.77372365,86.25601055,86.35795593,86.35795593,363709000
2024-05-01,85.03361435,85.95614015,81.21355734,82.99864960,82.99864960,559863000
2024-05-02,84.40593290,86.19302313,83.15756928,85.77323914,85.77323914,377898000
2024-05-03,87.74423099,89.23546687,86.99561241,88.74372101,88.74372101,398341000
2024-05-06,89.34440499,92.17296334,89.00957677,92.09300232,92.09300232,376203000
2024-05-07,91.05154909,91.73419949,88.96561526,90.50782776,90.50782776,437342000
2024-05-08,89.43737856,91.14750474,89.37440714,90.36590576,90.36590576,325721000
2024-05-09,90.48283301,91.02555537,88.18600838,88.70174408,88.70174408,378013000
2024-05-10,90.25894513,91.35438685,89.18149198,89.83216095,89.83216095,335325000
2024-05-13,90.43185974,90.95159885,88.48385609,90.35290527,90.35290527,289680000
2024-05-14,89.55331737,91.60427312,88.88865550,91.30942535,91.30942535,296507000
2024-05-15,92.42484466,94.81362528,91.55228874,94.58174133,94.58174133,417735000
2024-05-16,94.86160409,95.77013712,94.05500878,94.31088257,94.31088257,323952000
2024-05-17,94.32087446,94.69167982,91.75917807,92.43183136,92.43183136,359691000
2024-05-20,93.70220057,95.15145822,93.39236107,94.73167419,94.73167419,318764000
2024-05-21,93.55126534,95.35134937,93.13248030,95.33735657,95.33735657,328946000
2024-05-22,95.41033162,95.97104262,93.20145926,94.90158844,94.90158844,548648000
2024-05-23,101.97597777,106.26578918,101.46823355,103.74607849,103.74607849,835065000
2024-05-24,104.39573677,106.42070464,102.94747815,106.41471100,106.41471100,429494000
2024-05-28,110.18778556,114.88039109,109.82696959,113.84291840,113.84291840,652728000
2024-05-29,112.99235262,115.43310102,110.84444644,114.76644135,114.76644135,557442000
2024-05-30,114.59153448,115.75993705,109.60707814,110.44364929,110.44364929,484553000
2024-05-31,112.46261620,112.65952196,106.88546755,109.57709503,109.57709503,613263000
2024-06-03,113.56305830,114.94135284,111.94587959,114.94135284,114.94135284,438392000
2024-06-04,115.65700669,116.54055105,113.98685339,116.37763214,116.37763214,403324000
2024-06-05,118.31064562,122.38656158,117.40810617,122.37757111,122.37757111,528402000
2024-06-06,123.98474236,125.52295907,118.25966634,120.93630219,120.93630219,664696000
2024-06-07,119.70892125,121.62994584,117.96181915,120.82635498,120.82635498,412386000
2024-06-10,120.30862356,123.03722721,116.95033629,121.72789764,121.72789764,313434100
2024-06-11,121.71790911,122.81744468,118.68920643,120.85828400,120.85828400,222551200
2024-06-12,123.00734716,126.82571250,122.51755894,125.14643097,125.14643097,299595000
2024-06-13,129.33464307,129.74447132,127.10560139,129.55455017,129.55455017,260704500
2024-06-14,129.90441625,132.78317396,128.26511837,131.82359314,131.82359314,309320400
2024-06-17,132.93311538,133.67278907,129.52457044,130.92396545,130.92396545,288504400
2024-06-18,131.08390008,136.27168234,130.63409564,135.52200317,135.52200317,294335100
2024-06-20,139.74020619,140.69978703,129.46460449,130.72406006,130.72406006,517768400
2024-06-21,127.06561398,130.57411435,124.24682084,126.51584625,126.51584625,649445800
2024-06-24,123.18725776,124.40673689,117.98948613,118.05945587,118.05945587,476060900
2024-06-25,121.14813435,126.44586948,119.26894156,126.03604126,126.03604126,414192600
2024-06-26,126.07603562,128.06518211,122.54754706,126.34592438,126.34592438,362975900
2024-06-27,124.04689660,126.35591334,122.86740121,123.93694305,123.93694305,252571700
2024-06-28,124.52670042,127.65535851,122.69748156,123.48714447,123.48714447,315516700
2024-07-01,123.41718700,124.78659611,118.77917237,124.24683380,124.24683380,284885500
2024-07-02,121.07817352,123.35720446,120.97821782,122.61751556,122.61751556,218374000
2024-07-03,121.60795023,128.22511292,121.30807554,128.22511292,128.22511292,215749000
2024-07-05,127.32550112,128.79488107,125.62623147,125.77616882,125.77616882,214176700
2024-07-08,127.43544632,130.71404925,126.98564192,128.14514160,128.14514160,237677300
2024-07-09,130.29424857,133.76276549,128.59496355,131.32380676,131.32380676,285366600
2024-07-10,133.97266647,135.04221609,132.36335455,134.85229492,134.85229492,248978600
2024-07-11,135.69192330,136.09174607,126.99564839,127.34549713,127.34549713,374782700
2024-07-12,128.20513112,131.86356921,127.16558269,129.18472290,129.18472290,252680500
2024-07-15,130.50414372,131.33379048,127.12559244,128.38505554,128.38505554,208326200
2024-07-16,128.38505064,128.98478479,124.52670150,126.30593872,126.30593872,214769500
2024-07-17,121.29808499,121.79787109,116.67006845,117.93952179,117.93952179,390086200
2024-07-18,121.79786975,122.34763750,116.51013195,121.03819275,121.03819275,320979500
2024-07-19,120.29850996,121.54797518,117.31978914,117.87954712,117.87954712,217223800
2024-07-22,120.29850687,124.01691649,119.80871865,123.48714447,123.48714447,258068900
2024-07-23,122.72746540,124.63665183,122.04775604,122.53754425,122.53754425,173911000
2024-07-24,119.11901163,119.89867669,113.39146747,114.20111847,114.20111847,327776900
2024-07-25,112.99164111,116.58010161,106.25452669,112.23196411,112.23196411,460067000
2024-07-26,116.14029297,116.15028320,111.53226466,113.01162720,113.01162720,293399100
2024-07-29,113.64135918,116.23024737,111.25238238,111.54225159,111.54225159,248152100
2024-07-30,111.47228356,111.94208369,102.49612986,103.68562317,103.68562317,486833300
2024-07-31,112.85168535,118.28935209,110.83254555,116.96991730,116.96991730,473174200
2024-08-01,117.47971689,120.10859660,106.76430192,109.16327667,109.16327667,523462300
2024-08-02,103.71562031,108.67349782,101.32664320,107.22411346,107.22411346,482027500
2024-08-05,92.02061074,103.36576088,90.65120176,100.40702057,100.40702057,552842400
2024-08-06,103.79557791,107.66392523,100.50699195,104.20540619,104.20540619,409012100
2024-08-07,107.76386930,108.75345120,98.64777632,98.86768341,98.86768341,411440400
2024-08-08,101.95635655,105.45485898,97.47827008,104.92508698,104.92508698,391910000
2024-08-09,105.59480356,106.55439193,103.38574998,104.70518494,104.70518494,290844200
2024-08-12,106.27452370,111.02249199,106.21455180,108.97336578,108.97336578,325559900
2024-08-13,112.39189523,116.18027460,111.53226257,116.09030914,116.09030914,312646700
2024-08-14,118.47929971,118.54926946,114.02120831,118.02949524,118.02949524,339246400
2024-08-15,118.70919720,123.18727640,117.41974814,122.80744171,122.80744171,318086700
2024-08-16,121.88783296,124.94652136,121.12815597,124.52670288,124.52670288,302589900
2024-08-19,124.22681311,129.94436646,123.36718054,129.94436646,129.94436646,318333600
2024-08-20,128.34506622,129.82444407,125.83614545,127.19556427,127.19556427,300087400
2024-08-21,127.26552713,129.29466502,126.60581347,128.44502258,128.44502258,257883600
2024-08-22,129.96437709,130.69406050,123.04733192,123.68705750,123.68705750,376189100
2024-08-23,125.80614369,129.54454879,125.16641816,129.31463623,129.31463623,323230300
2024-08-26,129.51458463,131.20384893,124.31680432,126.40590668,126.40590668,331964700
2024-08-27,124.99650752,129.14472607,123.82700224,128.24511719,128.24511719,303134600
2024-08-28,128.06518756,128.27510444,122.58753608,125.55626678,125.55626678,448101100
2024-08-29,121.30807947,124.37676574,116.66006734,117.53968811,117.53968811,453023300
2024-08-30,119.47885916,121.69791058,117.16984991,119.31893158,119.31893158,333751600
2024-09-03,115.96036356,116.16027493,107.24409347,107.95378876,107.95378876,477155100
2024-09-04,105.36490526,113.22153543,104.07545625,106.16455841,106.16455841,372470300
2024-09-05,104.94507973,109.60308969,104.71518240,107.16413116,107.16413116,306850700
2024-09-06,107.99377295,108.10372650,100.90680264,102.78600311,102.78600311,413638100
2024-09-09,104.83512997,106.50442134,103.64564423,106.42445374,106.42445374,273912000
2024-09-10,107.76386463,109.35318822,104.90508784,108.05374146,108.05374146,268283700
2024-09-11,109.34319841,117.13986434,107.37404002,116.85998535,116.85998535,441422400
2024-09-12,116.80000447,120.74865704,115.34050511,119.09922028,119.09922028,366052700
2024-09-13,119.03923719,119.91893320,117.55974048,119.05922699,119.05922699,238358300
2024-09-16,116.75001946,118.13954301,114.32085104,116.74002075,116.74002075,248772300
2024-09-17,118.12954900,118.75933824,114.79069593,115.55043030,115.55043030,231925900
2024-09-18,115.85031817,117.65969598,113.18123422,113.33118439,113.33118439,310318900
2024-09-19,117.30982463,119.61903900,117.20986039,117.82965088,117.82965088,293506400
2024-09-20,117.01993138,118.57940263,115.35050481,115.96029663,115.96029663,382462400
2024-09-23,116.51010886,116.94995307,114.82068490,116.22020721,116.22020721,206228500
2024-09-24,116.48011146,121.75831050,115.34050229,120.82862854,120.82862854,354966800
2024-09-25,121.97822462,124.89723079,121.56836895,123.46772003,123.46772003,284692900
2024-09-26,126.75660075,127.62629808,121.75831220,123.99754333,123.99754333,302582900
2024-09-27,123.92756415,123.98754117,119.21917738,121.35844421,121.35844421,271009200
2024-09-30,118.26949648,121.45840689,118.10955522,121.39842987,121.39842987,226553700
2024-10-01,121.72831728,122.39809375,115.75036838,116.95995331,116.95995331,302094500
2024-10-02,116.40013993,119.33912825,115.10058192,118.80931091,118.80931091,221845900
2024-10-03,120.87860561,124.31743049,120.29880232,122.80794525,122.80794525,277118000
2024-10-04,124.89723284,124.99719708,121.78829685,124.87723541,124.87723541,243678100
2024-10-07,124.94720840,130.59527569,124.90722118,127.67627716,127.67627716,346250200
2024-10-08,130.21539331,133.43429200,129.37568459,132.84449768,132.84449768,285722500
2024-10-09,134.06409065,134.47395395,131.33502948,132.60458374,132.60458374,246191600
2024-10-10,131.86485369,134.95379239,130.95516150,134.76385498,134.76385498,242311300
2024-10-11,133.96412235,135.73352074,133.61425131,134.75386047,134.75386047,170209500
2024-10-14,136.42329238,139.55222597,136.25335239,138.02275085,138.02275085,232347700
2024-10-15,137.82280509,138.52257769,128.69594047,131.55496216,131.55496216,377831000
2024-10-16,133.93412840,136.57322400,131.53495612,135.67353821,135.67353821,264879700
2024-10-17,139.29231185,140.84178447,136.82315591,136.88313293,136.88313293,306435900
2024-10-18,138.62252760,138.85244459,137.23300404,137.95275879,137.95275879,176090200
2024-10-21,138.08272067,143.66081238,137.95276029,143.66081238,143.66081238,264554500
2024-10-22,142.86110304,144.37058086,141.73148482,143.54086304,143.54086304,226311600
2024-10-23,141.98137796,142.38123493,137.41295033,139.51222229,139.51222229,285930000
2024-10-24,140.77180179,141.30161914,138.41260905,140.36193848,140.36193848,172354900
2024-10-25,140.88175481,144.08067171,140.75180968,141.49154663,141.49154663,205122100
2024-10-28,142.95105547,143.09100694,140.00206822,140.47190857,140.47190857,173586700
2024-10-29,140.24196683,142.21129365,138.85244329,141.20164490,141.20164490,157593600
2024-10-30,139.49222585,140.28196396,136.76316466,139.29229736,139.29229736,179418100
2024-10-31,137.55292462,137.56291571,132.06479760,132.71456909,132.71456909,270039600
2024-11-01,134.65389558,137.26300291,134.52395045,135.35365295,135.35365295,207127800
2024-11-04,137.16303982,138.91244080,135.52360180,136.00343323,136.00343323,187528200
2024-11-05,137.40294178,140.32194030,137.28298774,139.86210632,139.86210632,160537400
2024-11-06,142.91106349,146.43985375,141.91140585,145.56015015,145.56015015,242043900
2024-11-07,146.33988741,148.87901121,146.11996150,148.82904053,148.82904053,207323300
2024-11-08,148.71907692,149.71873459,146.20992638,147.57946777,147.57946777,175665800
2024-11-11,148.62909348,148.79904870,143.52085748,145.21026611,145.21026611,182325600
2024-11-12,146.72973462,149.59874692,145.95999403,148.23921204,148.23921204,198634700
2024-11-13,149.01896932,149.27887482,145.85004123,146.21992493,146.21992493,191903300
2024-11-14,147.58945090,148.94898588,145.50017013,146.70974731,146.70974731,194463300
2024-11-15,144.82039107,145.19027475,140.03203789,141.93138123,141.93138123,250132900
2024-11-18,139.45223367,141.50153478,137.10303224,140.10200500,140.10200500,221205300
2024-11-19,141.27163160,147.07964032,140.94174273,146.95967102,146.95967102,227834900
2024-11-20,147.35954131,147.50948386,142.68113546,145.84005737,145.84005737,309871700
2024-11-21,149.29888739,152.83766903,140.65183891,146.61979675,146.61979675,400946600
2024-11-22,145.88003081,147.10962068,141.05169787,141.90139771,141.90139771,236406200
2024-11-25,141.94140762,142.00138464,135.77352121,135.97344971,135.97344971,344941900
2024-11-26,137.65287026,139.25232877,135.62356623,136.87313843,136.87313843,190287700
2024-11-27,134.96376656,137.17301656,131.75487422,135.29365540,135.29365540,226370900
2024-11-29,136.73318440,139.30231211,136.00343852,138.20268250,138.20268250,141863200
2024-12-02,138.78246325,140.40190365,137.77281459,138.58253479,138.58253479,171682800
2024-12-03,138.21267486,140.49189331,137.90278340,140.21199036,140.21199036,164414000
2024-12-04,141.95139223,145.74008817,140.24197087,145.09031677,145.09031677,231224300
2024-12-05,145.07032935,146.49993108,143.91064282,145.02033997,145.02033997,172621200
2024-12-06,144.56047517,145.66016530,141.27136605,142.40106201,142.40106201,188505600
2024-12-09,138.93199359,139.91172130,137.09250049,138.77203369,138.77203369,189308600
2024-12-10,138.97197540,141.78121968,133.75340184,135.03306580,135.03306580,210020900
2024-12-11,137.32243274,140.13166176,135.17302686,139.27189636,139.27189636,184905200
2024-12-12,137.04252104,138.40214979,135.76287224,137.30244446,137.30244446,159211400
2024-12-13,138.90200724,139.56183042,132.50374827,134.21328735,134.21328735,231514900
2024-12-16,134.14327864,134.36321966,130.38431293,131.96388245,131.96388245,237951100
2024-12-17,129.05469208,131.55400837,126.82530622,130.35433960,130.35433960,259410300
2024-12-18,133.82339933,136.66261913,128.24492324,128.87475586,128.87475586,277444500
2024-12-19,131.72394770,133.99333094,129.51456085,130.64424133,130.64424133,209719200
2024-12-20,129.77450005,135.24300546,128.18493851,134.66316223,134.66316223,306528600
2024-12-23,136.24273303,139.75176772,135.08304657,139.63180542,139.63180542,176053500
2024-12-24,139.96171483,141.86118914,138.61207790,140.18165588,140.18165588,105157000
2024-12-26,139.66180604,140.81150081,137.69234337,139.89173889,139.89173889,116205600
2024-12-27,138.51210624,138.98197890,134.67316023,136.97251892,136.97251892,170582600
2024-12-30,134.79311661,140.23163084,133.98334064,137.45239258,137.45239258,167734700
2024-12-31,137.99226368,138.03226128,133.79341494,134.25328064,134.25328064,155659200
2025-01-02,135.96280523,138.84202245,134.59318479,138.27217102,138.27217102,198247200
2025-01-03,139.97170908,144.86037131,139.69178687,144.43049622,144.43049622,229322500
2025-01-06,148.54936301,152.11839408,147.77958455,149.38912964,149.38912964,265377400
2025-01-07,152.98814312,153.08812187,139.97169999,140.10166931,140.10166931,351782200
2025-01-08,142.54101156,143.91063203,137.52238007,140.07168579,140.07168579,227349900
2025-01-10,137.41242079,139.88174676,134.18330808,135.87284851,135.87284851,207602500
2025-01-13,129.95446852,133.45351168,129.47458876,133.19357300,133.19357300,204808900
2025-01-14,136.01278832,136.34269988,130.01442954,131.72395325,131.72395325,195590500
2025-01-15,133.61345528,136.41269283,131.25409987,136.20275879,136.20275879,185217300
2025-01-16,138.60209911,138.71206965,133.45351308,133.53349304,133.53349304,209235600
2025-01-17,136.65262268,138.46212527,135.42296332,137.67234802,137.67234802,201188800
2025-01-21,139.12194718,141.79121517,137.05250594,140.79148865,140.79148865,197749000
2025-01-22,144.62047062,147.74960488,143.63073568,147.02981567,147.02981567,237651400
2025-01-23,145.01034368,147.18974031,143.68070550,147.17974854,147.17974854,155915500
2025-01-24,148.32942123,148.92926326,141.84120578,142.58099365,142.58099365,234657600
2025-01-27,124.76587944,128.36488595,116.66808809,118.38761902,118.38761902,818830900
2025-01-28,121.77668295,128.96471895,116.21820603,128.95472717,128.95472717,579666400
2025-01-29,126.46541334,126.85530610,120.01717990,123.66617584,123.66617584,467120600
2025-01-30,123.06633422,124.96581615,118.06770157,124.61591339,124.61591339,392925500
2025-01-31,123.74615511,127.81504200,119.15741376,120.03717041,120.03717041,388161100
2025-02-03,114.71862376,118.53757894,112.97910166,116.62810516,116.62810516,371235700
2025-02-04,116.92801344,121.16685177,116.66808241,118.61755371,118.61755371,256550000
2025-02-05,121.72670770,124.96581960,120.72698114,124.79586792,124.79586792,262230800
2025-02-06,127.38515594,128.73479289,125.17576117,128.64480591,128.64480591,251483600
2025-02-07,129.18464838,130.33432766,124.96580170,129.80447388,129.80447388,228186300
2025-02-10,130.05443339,134.96309480,129.92447930,133.53349304,133.53349304,216989100
2025-02-11,132.54376131,134.44323585,130.98419017,132.76370239,132.76370239,178902400
2025-02-12,129.98446749,132.20386195,129.04472197,131.10415649,131.10415649,160278600
2025-02-13,131.52401517,136.46266649,131.13412245,135.25299072,135.25299072,197430000
2025-02-14,136.44266486,139.21191147,135.46293719,138.81202698,138.81202698,195479600
2025-02-18,141.23137650,143.40078132,137.89227817,139.36187744,139.36187744,219176600
2025-02-19,139.47184727,141.32134751,137.18248015,139.19192505,139.19192505,167536000
2025-02-20,139.99170584,140.62153844,136.75258636,140.07168579,140.07168579,143903600
2025-02-21,140.00170087,141.42132601,133.99334973,134.39323425,134.39323425,228217600
2025-02-24,136.52266681,138.55211066,130.04444249,130.24438477,130.24438477,251381100
2025-02-25,129.94444977,130.16439083,124.40597152,126.59536743,126.59536743,271428700
2025-02-26,129.95446947,133.69343729,128.45487954,131.24411011,131.24411011,322553800
2025-02-27,134.96307887,134.97307065,119.97718062,120.11714172,120.11714172,443175800
2025-02-28,117.98772651,125.05579306,116.36817434,124.88584137,124.88584137,389091100
2025-03-03,123.47622913,123.66617199,112.24929654,114.02880859,114.02880859,411381400
2025-03-04,110.61974626,119.27737437,110.07989300,115.95828247,115.95828247,398163300
2025-03-05,117.54784365,118.24764915,114.47868360,117.26792145,117.26792145,284337900
2025-03-06,113.49895408,115.31845610,110.18986164,110.53976440,110.53976440,321181900
2025-03-07,111.21957864,113.44897221,107.53058524,112.65918732,112.65918732,341755500
2025-03-10,109.86995202,111.81941579,105.43116359,106.95075226,106.95075226,366487400
2025-03-11,106.96074247,112.20930691,104.74134829,108.73026276,108.73026276,354865700
2025-03-12,114.09930053,116.73882101,112.85951998,115.71900177,115.71900177,323857500
2025-03-13,117.00876246,117.73863335,113.76935252,115.55902863,115.55902863,299033100
2025-03-14,118.58847644,121.85787968,118.12856083,121.64791870,121.64791870,277593500
2025-03-17,122.71772500,122.86769930,118.00858061,119.50830841,119.50830841,255501500
2025-03-18,117.97858323,118.99839475,114.51921213,115.40904999,115.40904999,299686900
2025-03-19,117.24871785,120.42814114,115.65901002,117.49867249,117.49867249,273426200
2025-03-20,116.52884756,120.17817893,116.44886025,118.50848389,118.50848389,248829700
2025-03-21,116.91877807,117.96858292,115.39904968,117.67863464,117.67863464,266498500
2025-03-24,119.85824123,122.19782053,119.31833831,121.38796997,121.38796997,228452500
2025-03-25,120.52812447,121.26798803,118.89841541,120.66809845,120.66809845,167447200
2025-03-26,118.70845626,118.81842928,112.68954450,113.73935699,113.73935699,293463300
2025-03-27,111.32979509,114.42923110,110.63992548,111.40978241,111.40978241,236902100
2025-03-28,111.46977020,112.84952471,109.05021109,109.65010071,109.65010071,229872500
2025-03-31,105.11091848,110.93986229,103.63119134,108.36032867,108.36032867,299212700
2025-04-01,108.50029591,110.17999123,106.45067265,110.13000488,110.13000488,222614000
2025-04-02,107.27052662,111.95967778,106.77061738,110.39995575,110.39995575,220601200
2025-04-03,103.49121335,105.61082365,101.58155638,101.78152466,101.78152466,338769400
2025-04-04,98.89205625,100.11182847,92.09328707,94.29288483,94.29288483,532273800
2025-04-07,87.44412382,101.73153089,86.60427995,97.62227631,97.62227631,611041300
2025-04-08,103.79115551,105.83078616,94.44285411,96.28252411,96.28252411,476243400
2025-04-09,98.87204994,115.07910676,97.51229618,114.30924988,114.30924988,612918300
2025-04-10,109.35015243,110.83987986,99.13200611,107.55047607,107.55047607,437812400
2025-04-11,108.48030708,111.52975655,107.46049556,110.90986633,110.90986633,313417300
2025-04-14,114.08928762,114.26925526,109.05020156,110.68990326,110.68990326,264705000
2025-04-15,110.94986160,113.59938218,110.47994567,112.17963409,112.17963409,228966900
2025-04-16,104.53103312,106.77062455,100.43177094,104.47103882,104.47103882,397016900
2025-04-17,104.43103459,104.45103523,100.03183949,101.47157288,101.47157288,292517500
2025-04-21,98.75207337,99.42195758,95.02275450,96.89241791,96.89241791,288501100
2025-04-22,98.76206678,99.79187858,97.26233908,98.87204742,98.87204742,241004800
2025-04-23,104.50102958,104.78098517,102.00148325,102.69136047,102.69136047,247526000
2025-04-24,103.46122117,106.52066332,103.09128558,106.41068268,106.41068268,220815000
2025-04-25,106.83061166,111.89969146,105.71081976,110.98986053,110.98986053,251064700
2025-04-28,109.67009863,110.34997555,106.00075877,108.71027374,108.71027374,207708500
2025-04-29,107.65046012,110.17999980,107.42050613,109.00021362,109.00021362,170444300
2025-04-30,104.45104108,108.90023041,104.06111248,108.90023041,108.90023041,235044600
2025-05-01,113.05947900,114.91914204,111.27980327,111.58974457,111.58974457,236121500
2025-05-02,114.15928352,115.37906339,113.34943293,114.47922516,114.47922516,190194800
2025-05-05,112.88951601,114.64919116,112.63956137,113.79934692,113.79934692,133163200
2025-05-06,111.45977773,114.71918079,110.79989381,113.51940155,113.51940155,158525600
2025-05-07,113.02949042,117.65864757,112.25962586,117.03875732,117.03875732,206758800
2025-05-08,118.22854671,118.65846900,115.82898060,117.34870911,117.34870911,198428100
2025-05-09,117.32869986,118.20854502,115.18908887,116.62882996,116.62882996,132972200
2025-05-12,121.94787212,122.97768402,120.25817629,122.97768402,122.97768402,225023300
2025-05-13,124.95732667,131.19619233,124.44741707,129.90641785,129.90641785,330430100
2025-05-14,133.17581875,135.41541764,131.65609038,135.31542969,135.31542969,281180800
2025-05-15,134.26561621,136.27526111,132.63592247,134.80552673,134.80552673,226632600
2025-05-16,136.19528579,136.32526709,133.43579205,135.37542725,135.37542725,226542500
2025-05-19,132.36596429,135.84532823,132.36596429,135.54539490,135.54539490,193154600
2025-05-20,134.26561083,134.55556671,132.59591587,134.35560608,134.35560608,161514200
2025-05-21,133.03584305,137.37505154,130.56629021,131.77607727,131.77607727,270608700
2025-05-22,132.20599574,134.22563338,131.52612649,132.80589294,132.80589294,187344000
2025-05-23,129.97641506,132.65592153,129.13657112,131.26617432,131.26617432,198821300
2025-05-27,134.12564179,135.63537745,133.28579794,135.47540283,135.47540283,192953600
2025-05-28,136.00531758,137.22509745,134.76553708,134.78553772,134.78553772,304021100
2025-05-29,142.22419153,143.46397205,137.88498260,139.16474915,139.16474915,369241900
2025-05-30,138.69482890,139.59465948,132.89587833,135.10548401,135.10548401,333170900
2025-06-02,135.46541564,138.09492796,135.37542038,137.35507202,137.35507202,197663100
2025-06-03,138.75480693,141.97422365,137.92495577,141.19436646,141.19436646,225578800
2025-06-04,142.16419660,142.36415725,139.51466839,141.89424133,141.89424133,167120800
2025-06-05,142.14419665,143.97386637,138.80480647,139.96459961,139.96459961,231397900
2025-06-06,142.48412478,143.24399658,141.48430631,141.69427490,141.69427490,153986200
2025-06-09,143.16402193,144.97369108,141.91424873,142.60412598,142.60412598,185114500
2025-06-10,142.66410985,144.26381036,141.50431668,143.93388367,143.93388367,155881900
2025-06-11,144.59379466,144.97375696,141.85409623,142.81399536,142.81399536,167694000
2025-06-12,141.95409019,144.98374939,141.83410852,144.98374939,144.98374939,162365000
2025-06-13,142.46402364,143.56390643,140.83421674,141.95408630,141.95408630,180820600
2025-06-16,143.33393623,146.16360555,143.18394389,144.67378235,144.67378235,183133700
2025-06-17,144.47380495,145.20371883,143.76387784,144.10383606,144.10383606,139108000
2025-06-18,143.99384768,145.63366319,143.10394808,145.46368408,145.46368408,161494100
2025-06-20,145.43368902,146.18360493,142.63399990,143.83387756,143.83387756,242956200
2025-06-23,142.48402812,144.76377135,142.01407958,144.15383911,144.15383911,154308900
2025-06-24,145.54367367,147.94341368,145.48368284,147.88340759,147.88340759,187566100
2025-06-25,149.25328072,154.43269306,149.24327208,154.29270935,154.29270935,269146500
2025-06-26,155.96250834,156.70243087,153.98273460,155.00262451,155.00262451,198145700
2025-06-27,156.02250005,158.69221415,155.24258872,157.73231506,157.73231506,263234500
2025-06-30,158.38224777,158.64222840,155.94253395,157.97230530,157.97230530,194580300
2025-07-01,156.27249234,157.18239410,151.47304203,153.28283691,153.28283691,213143600
2025-07-02,152.96285039,157.58234297,152.95285700,157.23237610,157.23237610,171224100
2025-07-03,158.35225101,160.96195920,157.75232739,159.32214355,159.32214355,143716100
2025-07-07,158.18227072,159.29214695,157.32236647,158.22227478,158.22227478,140139000
2025-07-08,159.31214783,160.20204749,158.37225072,159.98207092,159.98207092,138133000
2025-07-09,161.20193770,164.40157611,161.14194686,162.86175537,162.86175537,183656400
2025-07-10,164.30159583,164.48156834,161.59189277,164.08161926,164.08161926,167704100
2025-07-11,163.70165728,167.87118822,163.45168529,164.90151978,164.90151978,193633300
2025-07-14,165.35146259,165.47145952,162.00184717,164.05162048,164.05162048,136975800
2025-07-15,171.17081299,172.38066881,169.18103057,170.68086243,170.68086243,230627400
2025-07-16,171.04083673,171.73076188,168.88107501,171.35079956,171.35079956,158831500
2025-07-17,172.00073538,174.14049506,170.81086624,172.98062134,172.98062134,160841100
2025-07-18,173.62054395,174.23047621,171.24080573,172.39068604,172.39068604,146456400
2025-07-21,172.73065100,173.36058531,170.98084701,171.36080933,171.36080933,123126100
2025-07-22,171.32080634,171.37080380,164.56156895,167.01129150,167.01129150,193114300
2025-07-23,169.51100431,171.24080621,167.95118154,170.76086426,170.76086426,154082200
2025-07-24,172.42067791,173.81052153,171.28080628,173.72053528,173.72053528,128984600
2025-07-25,173.59054859,174.70042483,172.94062752,173.48056030,173.48056030,122316800
2025-07-28,174.00050428,176.98016608,173.95050683,176.73019409,176.73019409,140023500
2025-07-29,177.94006357,179.35990261,175.00039060,175.49032593,175.49032593,154077500
2025-07-30,176.49022310,179.86984938,176.02027452,179.24992371,179.24992371,174312200
2025-07-31,182.87950237,183.27946671,175.91028205,177.85006714,177.85006714,221685400
2025-08-01,174.07048465,176.52020701,170.87084636,173.70053101,173.70053101,204529000
2025-08-04,175.14037395,180.17980242,174.50044628,179.97982788,179.97982788,148174600
2025-08-05,179.59986898,180.23979666,175.88028458,178.24002075,178.24002075,156407600
2025-08-06,176.31023710,179.87982901,176.23024424,179.39988708,179.39988708,137192300
2025-08-07,181.54965397,183.85939259,178.77996021,180.74974060,180.74974060,151878400
2025-08-08,181.52965465,183.27945851,180.37977439,182.67951965,182.67951965,123396700
2025-08-11,182.02960317,183.81939588,180.22980182,182.03959656,182.03959656,138323200
2025-08-12,182.93950605,184.45932475,179.43989823,183.13948059,183.13948059,145485700
2025-08-13,182.59952444,183.94937921,179.32990197,181.56964111,181.56964111,179871700
2025-08-14,179.72985342,182.99949119,179.43989264,181.99960327,181.99960327,129554000
2025-08-15,181.85962677,181.87961354,178.02004541,180.42977905,180.42977905,156602200
2025-08-18,180.57976314,182.91949720,180.56975450,181.98959351,181.98959351,132008000
2025-08-19,182.40954789,182.47954737,175.47033846,175.62031555,175.62031555,185229200
2025-08-20,175.15037062,175.98027945,168.78108925,175.38034058,175.38034058,215142700
2025-08-21,174.83041313,176.88017121,173.79052112,174.96038818,174.96038818,140040900
2025-08-22,172.59066019,178.56998587,171.18081451,177.97006226,177.97006226,172789400
2025-08-25,178.33002804,181.88962683,176.55022865,179.78985596,179.78985596,163012800
2025-08-26,180.03981871,182.36955943,178.78995880,181.74963379,181.74963379,168688200
2025-08-27,181.95959791,182.46955051,179.07993110,181.57965088,181.57965088,235518900
2025-08-28,180.79974712,184.44933204,176.39023758,180.14981079,180.14981079,281787800
2025-08-29,178.09004428,178.13003309,173.13059331,174.16047668,174.16047668,243257900
2025-09-02,169.98095287,172.36069109,167.20126557,170.76086426,170.76086426,231164900
2025-09-03,171.04084429,172.39069923,168.86109570,170.60089111,170.60089111,164424900
2025-09-04,170.55090333,171.84075214,169.39102959,171.64077759,171.64077759,141670100
2025-09-05,168.01117838,169.01106637,164.05163047,167.00129700,167.00129700,224441400
2025-09-08,167.53122835,170.94084991,167.33125381,168.29113770,168.29113770,163769100
2025-09-09,169.07104895,170.96083655,166.72132143,170.74085999,170.74085999,157548400
2025-09-10,176.62020975,179.26990676,175.45034266,177.31013489,177.31013489,226852000
2025-09-11,179.66999585,180.26996857,176.47017694,177.16014099,177.16014099,151159300
2025-09-12,177.76010410,178.59005971,176.44017029,177.81010437,177.81010437,124911000
2025-09-15,175.66021110,178.84004186,174.50027206,177.74009705,177.74009705,147061600
2025-09-16,176.99014688,177.49011904,174.37029761,174.87026978,174.87026978,140737800
2025-09-17,172.63039292,173.19035931,168.40063257,170.28051758,170.28051758,211843800
2025-09-18,173.97031014,177.09014683,172.95037791,176.23019409,176.23019409,191763300
2025-09-19,175.76021249,178.07008136,175.17023376,176.66015625,176.66015625,237182100
2025-09-22,175.29024236,184.53972732,174.70027888,183.59977722,183.59977722,269637000
2025-09-23,181.95987067,182.40984257,176.20019683,178.42005920,178.42005920,192559600
2025-09-24,179.75999114,179.76998509,175.39022417,176.96014404,176.96014404,143564100
2025-09-25,174.47028666,180.24996380,173.12037093,177.68011475,177.68011475,191586700
2025-09-26,178.16008107,179.75999812,174.92025592,178.18008423,178.18008423,148573700
2025-09-29,180.41995510,183.98976382,180.30997586,181.83988953,181.83988953,193063500
2025-09-30,182.06986122,187.33957198,181.46988853,186.56961060,186.56961060,236981000
2025-10-01,185.22969506,188.12952754,183.88975805,187.22958374,187.22958374,173844900
2025-10-02,189.58945328,191.03936952,188.04953045,188.87948608,188.87948608,136805800
2025-10-03,189.17946271,190.34939569,185.36967740,187.60954285,187.60954285,137596900
2025-10-06,185.48967203,187.21957143,183.31979468,185.52966309,185.52966309,157678100
2025-10-07,186.21962981,189.04947411,183.98975821,185.02969360,185.02969360,140088000
2025-10-08,186.55962017,189.58945026,186.52960781,189.09947205,189.09947205,130168900
2025-10-09,192.21928774,195.28912405,191.04935474,192.55928040,192.55928040,182997200
2025-10-10,193.49922566,195.60910885,182.03987195,183.14981079,183.14981079,268774400
2025-10-13,187.95953792,190.09941818,185.94965529,188.30952454,188.30952454,153482800
2025-10-14,184.75971530,184.78971241,179.68999030,180.01997375,180.01997375,205641400
2025-10-15,184.78971664,184.85970481,177.28012490,179.81999207,179.81999207,214450500
2025-10-16,182.21985578,183.26980041,179.76000121,181.79988098,181.79988098,179723300
2025-10-17,180.16996893,184.08976428,179.74000017,183.20980835,183.20980835,173135200
2025-10-20,183.11981526,185.18969215,181.71988401,182.62983704,182.62983704,128544700
2025-10-21,182.77981648,182.77981648,179.78999271,181.14991760,181.14991760,124240200
2025-10-22,181.12991121,183.42978617,176.75015026,180.26995850,180.26995850,162249600
2025-10-23,180.40994800,183.01980322,179.77997821,182.14985657,182.14985657,111363700
2025-10-24,183.82975517,187.45955784,183.48977777,186.24961853,186.24961853,131296700
2025-10-27,189.97942315,191.98930570,188.41949722,191.47933960,191.47933960,153452700
2025-10-28,193.03926234,203.13869125,191.89932638,201.01881409,201.01881409,297986200
2025-10-29,207.96842304,212.17819549,204.76860415,207.02847290,207.02847290,308829600
2025-10-30,205.13857662,206.14853017,201.39879452,202.87870789,202.87870789,178864400
2025-10-31,206.43850018,207.95841981,202.05875447,202.47872925,202.47872925,179802200
2025-11-03,208.06841462,211.32822759,205.54855068,206.86848450,206.86848450,180267300
2025-11-04,202.98869741,203.95864462,197.91897237,198.67893982,198.67893982,188919300
2025-11-05,198.75894189,202.90870482,194.63916081,195.19914246,195.19914246,171350300
2025-11-06,196.40906648,197.60899664,186.36963197,188.06953430,188.06953430,223029800
2025-11-07,184.88970718,188.30953034,178.90005019,188.13952637,188.13952637,264942300
2025-11-10,195.09914201,199.92887503,193.77920814,199.03892517,199.03892517,198897100
2025-11-11,195.14913483,195.40911486,191.28934919,193.14924622,193.14924622,176483300
2025-11-12,195.70910638,195.87909509,191.11936555,193.78921509,193.78921509,154935300
2025-11-13,191.03936321,191.42934088,183.83976724,186.84959412,186.84959412,207423100
2025-11-14,182.84981807,190.99935813,180.56994625,190.15940857,190.15940857,186591900
2025-11-17,185.95964507,188.98947512,184.30974306,186.58961487,186.58961487,173628900
2025-11-18,183.36979106,184.78971013,179.63998782,181.34989929,181.34989929,213598900
2025-11-19,184.77969843,187.84953472,182.81981617,186.50961304,186.50961304,247246400
2025-11-20,195.93908916,195.98908943,179.83999454,180.62994385,180.62994385,343504800
2025-11-21,181.22991005,184.54971718,172.92036011,178.87004089,178.87004089,346926200
2025-11-24,179.48001349,183.48978476,176.47017128,182.53984070,182.53984070,256618300
2025-11-25,174.90026277,178.15008177,169.54056066,177.81010437,177.81010437,320600300
2025-11-26,181.61988829,182.89981578,178.23007772,180.24995422,180.24995422,183852000
2025-11-28,179.00002539,179.28000858,176.49017067,176.99014282,176.99014282,121332800
2025-12-01,174.75027182,180.28997214,173.67033007,179.90998840,179.90998840,188131000
2025-12-02,181.74987649,185.64966854,179.98997996,181.44990540,181.44990540,182632200
2025-12-03,181.06992440,182.43984328,179.10003282,179.58000183,179.58000183,165138000
2025-12-04,181.61999512,184.52000427,179.96000671,183.38000488,183.38000488,167364900
2025-12-05,183.88999939,184.66000366,180.91000366,182.41000366,182.41000366,143971100
2025-12-08,182.63999939,188.00000000,182.39999390,185.55000305,185.55000305,204378100
2025-12-09,185.55999756,185.72000122,183.32000732,184.97000122,184.97000122,144719700
2025-12-10,184.97000122,185.47999573,182.03999329,183.77999878,183.77999878,162785400
2025-12-11,180.27999878,181.32000732,176.61999512,180.92999268,180.92999268,182136600
2025-12-12,181.11000061,182.82000732,174.61999512,175.02000427,175.02000427,204274900
2025-12-15,177.94000244,178.41999817,175.02999878,176.28999329,176.28999329,164775600
2025-12-16,176.25999451,178.49000549,174.89999390,177.72000122,177.72000122,148588100
2025-12-17,176.10000610,176.13000488,170.30999756,170.94000244,170.94000244,222775500
2025-12-18,174.52999878,176.14999390,171.82000732,174.13999939,174.13999939,176096000
2025-12-19,176.66999817,181.44999695,176.33999634,180.99000549,180.99000549,324925900
2025-12-22,183.91999817,184.16000366,182.35000610,183.69000244,183.69000244,129064400
2025-12-23,182.97000122,189.33000183,182.89999390,189.21000671,189.21000671,174873600
2025-12-24,187.94000244,188.91000366,186.58999634,188.61000061,188.61000061,65528500
2025-12-26,189.91999817,192.69000244,188.00000000,190.52999878,190.52999878,139740300
2025-12-29,187.71000671,188.75999451,185.91000366,188.22000122,188.22000122,120006100
2025-12-30,188.24000549,188.99000549,186.92999268,187.53999329,187.53999329,97687300
2025-12-31,189.57000732,190.55999756,186.49000549,186.50000000,186.50000000,120100500
2026-01-02,189.83999634,192.92999268,188.25999451,188.85000610,188.85000610,148240500
2026-01-05,191.75999451,193.63000488,186.14999390,188.11999512,188.11999512,183529700
2026-01-06,190.52000427,192.16999817,186.82000732,187.24000549,187.24000549,176862600
2026-01-07,188.57000732,191.36999512,186.55999756,189.11000061,189.11000061,153543200
2026-01-08,189.11000061,189.55000305,183.71000671,185.03999329,185.03999329,172457000
2026-01-09,185.08000183,186.33999634,183.66999817,184.86000061,184.86000061,131327500
2026-01-12,183.22000122,187.11999512,183.02000427,184.94000244,184.94000244,137968500
2026-01-13,185.00000000,188.11000061,183.39999390,185.80999756,185.80999756,160128900
2026-01-14,184.32000732,184.46000671,180.80000305,183.13999939,183.13999939,159586100
2026-01-15,186.50000000,189.69999695,186.33000183,187.05000305,187.05000305,206188600
2026-01-16,189.08000183,190.44000244,186.08000183,186.22999573,186.22999573,187967200
2026-01-20,181.89999390,182.38000488,177.61000061,178.07000732,178.07000732,223345300
2026-01-21,179.05000305,185.38000488,178.39999390,183.32000732,183.32000732,200381000
2026-01-22,184.75000000,186.16999817,183.92999268,184.83999634,184.83999634,139636600
2026-01-23,187.50000000,189.60000610,186.82000732,187.66999817,187.66999817,142748100
2026-01-26,187.16000366,189.11999512,185.99000549,186.47000122,186.47000122,124799600
2026-01-27,187.24000549,190.00000000,185.69999695,188.52000427,188.52000427,143711600
2026-01-28,191.27000427,192.35000610,189.83999634,191.52000427,191.52000427,148552700
2026-01-29,191.33999634,193.47999573,186.05999756,192.50999451,192.50999451,171764400
2026-01-30,191.21000671,194.49000549,189.47000122,191.13000488,191.13000488,179489500
2026-02-02,187.19999695,190.30000305,184.88000488,185.61000061,185.61000061,165794100
2026-02-03,186.24000549,186.27000427,176.22999573,180.33999634,180.33999634,204019600
2026-02-04,179.46000671,179.58000183,171.91000366,174.19000244,174.19000244,207014100
2026-02-05,174.92999268,176.82000732,171.02999878,171.88000488,171.88000488,206312900
2026-02-06,176.69000244,187.00000000,174.60000610,185.41000366,185.41000366,231346200
2026-02-09,184.25999451,193.66000366,183.94999695,190.03999329,190.03999329,196387400
2026-02-10,191.38000488,192.47999573,188.11999512,188.53999329,188.53999329,136764800
2026-02-11,192.44999695,193.25999451,188.77000427,190.05000305,190.05000305,144192700
2026-02-12,193.02999878,193.61000061,186.50999451,186.94000244,186.94000244,189932500
2026-02-13,187.47999573,187.50000000,181.58999634,182.80999756,182.80999756,161888000
2026-02-17,181.75000000,187.14999390,179.17999268,184.97000122,184.97000122,162276900
2026-02-18,188.75000000,190.36999512,186.75999451,187.97999573,187.97999573,164749100
2026-02-19,187.05999756,188.42999268,185.66000366,187.89999390,187.89999390,126554500
2026-02-20,186.57000732,190.33000183,185.94000244,189.82000732,189.82000732,178422300
2026-02-23,191.39999390,193.94999695,189.58000183,191.55000305,191.55000305,171584800
2026-02-24,191.49000549,193.77000427,187.39999390,192.85000610,192.85000610,175123600
2026-02-25,194.44999695,197.63000488,193.78999329,195.55999756,195.55999756,250637100
2026-02-26,194.21000671,194.21000671,184.31500244,184.88999939,184.88999939,357990754
