Date,Open,High,Low,Close,Adj Close,Volume
2018-01-02,4.89449978,4.98750019,4.86250019,4.98374987,4.92853403,355616000
2018-01-03,5.10249996,5.34250021,5.09375000,5.31174994,5.25289774,914704000
2018-01-04,5.39400005,5.45125008,5.31724977,5.33974981,5.28058910,583268000
2018-01-05,5.35475016,5.42275000,5.27699995,5.38500023,5.32533741,580124000
2018-01-08,5.51000023,5.62500000,5.46449995,5.55000019,5.48851061,881216000
2018-01-09,5.55550003,5.59549999,5.46600008,5.54850006,5.48702621,497000000
2018-01-10,5.45499992,5.59549999,5.40000010,5.59200001,5.53004313,582664000
2018-01-11,5.62500000,5.65675020,5.58024979,5.60200024,5.53993416,406032000
2018-01-12,5.59000015,5.62475014,5.53350019,5.57450008,5.51273727,359916000
2018-01-16,5.60125017,5.68774986,5.41725016,5.50274992,5.44178391,702348000
2018-01-17,5.51749992,5.62799978,5.42250013,5.61800003,5.55575562,538408000
2018-01-18,5.59849977,5.66599989,5.56699991,5.61100006,5.54883289,408632000
2018-01-19,5.70225000,5.77724981,5.67500019,5.75274992,5.68901157,609380000
2018-01-22,5.76074982,5.84399986,5.70249987,5.84224987,5.77752113,550944000
2018-01-23,5.89624977,5.99574995,5.87750006,5.97275019,5.90657473,475228000
2018-01-24,5.97599983,6.01224995,5.83874989,5.89499998,5.82968760,579972000
2018-01-25,5.94999981,5.99375010,5.89375019,5.90875006,5.84328461,409884000
2018-01-26,5.95300007,6.08349991,5.94000006,6.08325005,6.01585007,516356000
2018-01-29,6.06850004,6.20275021,6.01525021,6.17124987,6.10287714,455116000
2018-01-30,6.02775002,6.16050005,5.96024990,6.06799984,6.00077057,570832000
2018-01-31,6.14424992,6.23175001,6.11124992,6.14499998,6.07691765,478576000
2018-02-01,5.96299982,6.17250013,5.95149994,6.01249981,5.94588423,519224000
2018-02-02,5.92500019,5.94925022,5.77925014,5.83799982,5.77331829,718464000
2018-02-05,5.67500019,5.83074999,5.12500000,5.34250021,5.28330803,1165204000
2018-02-06,5.11000013,5.64249992,5.09999990,5.63950014,5.57701874,1114800000
2018-02-07,5.73950005,5.87424994,5.66750002,5.71999979,5.65662670,802932000
2018-02-08,5.84700012,5.88049984,5.43774986,5.43800020,5.37775087,1144000000
2018-02-09,5.95625019,5.97224998,5.43800020,5.80200005,5.73771763,1674604000
2018-02-12,5.88399982,5.88700008,5.62575006,5.70074987,5.63758802,1093172000
2018-02-13,5.66400003,5.86250019,5.63124990,5.81575012,5.75131559,625524000
2018-02-14,5.77500010,6.06475019,5.76375008,6.03550005,5.96863127,744988000
2018-02-15,6.11975002,6.20924997,6.03800011,6.16249990,6.09422302,698900000
2018-02-16,6.13500023,6.25000000,6.08675003,6.09600019,6.02846146,637656000
2018-02-20,6.11875010,6.29675007,6.11499977,6.22700024,6.15800858,686240000
2018-02-21,6.29225016,6.29925013,6.03399992,6.03774977,5.97085476,892292000
2018-02-22,6.06825018,6.14074993,5.98750019,6.05375004,5.99039888,534364000
2018-02-23,6.11425018,6.14825010,6.06300020,6.14825010,6.08390903,415300000
2018-02-26,6.19500017,6.19950008,6.10150003,6.16450024,6.09998989,469312000
2018-02-27,6.13749981,6.22275019,6.12825012,6.15150023,6.08712530,455436000
2018-02-28,6.16249990,6.20249987,6.03824997,6.05000019,5.98668814,523116000
2018-03-01,6.04775000,6.10225010,5.70300007,5.80525017,5.74449873,1040120000
2018-03-02,5.69649982,5.92000008,5.54624987,5.91349983,5.85161543,913428000
2018-03-05,5.86275005,5.93125010,5.73799992,5.89125013,5.82959938,620776000
2018-03-06,5.97749996,6.07350016,5.93400002,6.05399990,5.99064636,636808000
2018-03-07,5.94999981,6.09875011,5.94875002,6.04600000,5.98272991,581208000
2018-03-08,6.07375002,6.07375002,5.98474979,6.02950001,5.96640205,411912000
2018-03-09,6.07749987,6.14624977,6.06125021,6.13325024,6.06906796,505524000
2018-03-12,6.17500019,6.32499981,6.16674995,6.24399996,6.17865801,605060000
2018-03-13,6.28725004,6.36250019,6.15100002,6.19274998,6.12794447,619772000
2018-03-14,6.23624992,6.26375008,6.15549994,6.21850014,6.15342331,505496000
2018-03-15,6.23225021,6.31549978,6.19099998,6.23350000,6.16826820,401952000
2018-03-16,6.25000000,6.28125000,6.21199989,6.26200008,6.19646978,399456000
2018-03-19,6.20450020,6.23374987,5.92500019,6.02500010,5.96194935,713772000
2018-03-20,6.02799988,6.27874994,6.02799988,6.23950005,6.17420340,554696000
2018-03-21,6.23299980,6.30000019,6.18324995,6.21400023,6.14897203,438688000
2018-03-22,6.15000010,6.19700003,6.00850010,6.04624987,5.98297644,551196000
2018-03-23,6.05999994,6.06250000,5.81300020,5.82425022,5.76330090,735620000
2018-03-26,5.94999981,6.11324978,5.89750004,6.11199999,6.04803991,611424000
2018-03-27,6.19374990,6.25000000,5.49625015,5.63800001,5.57899904,1409000000
2018-03-28,5.60325003,5.73474979,5.42500019,5.53375006,5.47584009,945904000
2018-03-29,5.60274982,5.88749981,5.51749992,5.78975010,5.72916174,916628000
2018-04-02,5.71850014,5.86625004,5.43750000,5.52624989,5.46841908,922092000
2018-04-03,5.69500017,5.75874996,5.53375006,5.63374996,5.57479239,667432000
2018-04-04,5.37524986,5.66650009,5.34999990,5.65600014,5.59681034,789168000
2018-04-05,5.71500015,5.72825003,5.46225023,5.53450012,5.47658253,701240000
2018-04-06,5.43074989,5.53999996,5.32674980,5.35624981,5.30019903,662988000
2018-04-09,5.42000008,5.54925013,5.36499977,5.38525009,5.32889557,499524000
2018-04-10,5.61800003,5.72499990,5.56024981,5.69775009,5.63812447,761676000
2018-04-11,5.68275023,5.72450018,5.62300014,5.65600014,5.59681034,460244000
2018-04-12,5.75000000,5.88299990,5.70524979,5.86499977,5.80362320,593920000
2018-04-13,5.92924976,5.93774986,5.73874998,5.78749990,5.72693539,503036000
2018-04-16,5.79425001,5.82100010,5.69199991,5.78725004,5.72668791,350792000
2018-04-17,5.84000015,5.96000004,5.78375006,5.93849993,5.87635469,447224000
2018-04-18,5.88749981,5.98124981,5.81925011,5.90924978,5.84741163,391364000
2018-04-19,5.79374981,5.82749987,5.67000008,5.72599983,5.66607761,471996000
2018-04-20,5.71724987,5.80249977,5.68625021,5.71775007,5.65791368,386200000
2018-04-23,5.73575020,5.78749990,5.57075024,5.59700012,5.53842831,427508000
2018-04-24,5.62300014,5.71999979,5.46400023,5.53000021,5.47213078,414596000
2018-04-25,5.50000000,5.53950024,5.25750017,5.41650009,5.35981846,588492000
2018-04-26,5.57999992,5.63875008,5.51324987,5.63049984,5.57157755,375824000
2018-04-27,5.73750019,5.75750017,5.61549997,5.65824986,5.59903765,400848000
2018-04-30,5.67474985,5.72499990,5.60300016,5.62249994,5.56366158,327844000
2018-05-01,5.61425018,5.68125010,5.55499983,5.67850018,5.61907578,253788000
2018-05-02,5.67500019,5.71999979,5.63124990,5.65775013,5.59854269,268248000
2018-05-03,5.69000006,5.85125017,5.64424992,5.82474995,5.76379538,443144000
2018-05-04,5.79575014,5.97975016,5.77825022,5.97650003,5.91395855,400660000
2018-05-07,6.08225012,6.27475023,6.07224989,6.21700001,6.15194082,687616000
2018-05-08,6.21724987,6.26275015,6.16774988,6.26000023,6.19448996,506616000
2018-05-09,6.28025007,6.39674997,6.25274992,6.39449978,6.32758093,596760000
2018-05-10,6.44799995,6.51249981,6.42999983,6.50325012,6.43519306,994080000
2018-05-11,6.31949997,6.49475002,6.26350021,6.36324978,6.29665899,1214456000
2018-05-14,6.40175009,6.46225023,6.36000013,6.38399982,6.31719303,523140000
2018-05-15,6.31974983,6.32250023,6.03749990,6.13899994,6.07475567,963528000
2018-05-16,6.09999990,6.21299982,6.06274986,6.15024996,6.08588934,553828000
2018-05-17,6.15199995,6.28749990,6.13574982,6.19274998,6.12794447,519784000
2018-05-18,6.24525023,6.30924988,6.14349985,6.14849997,6.08415508,483716000
2018-05-21,6.24700022,6.25075006,6.01224995,6.10599995,6.04210138,640624000
2018-05-22,6.11950016,6.14499998,6.00624990,6.06750011,6.00400448,518264000
2018-05-23,6.00699997,6.18975019,6.00624990,6.18849993,6.12752533,442956000
2018-05-24,6.18475008,6.23500013,6.13100004,6.19224977,6.13123846,437372000
2018-05-25,6.20499992,6.24849987,6.16900015,6.23199987,6.17059660,292112000
2018-05-29,6.21374989,6.28350019,6.16750002,6.21474981,6.15351772,352684000
2018-05-30,6.24875021,6.33349991,6.22375011,6.32474995,6.26243305,390996000
2018-05-31,6.29250002,6.38000011,6.28175020,6.30474997,6.24263000,493868000
2018-06-01,6.34999990,6.44675016,6.34124994,6.44049978,6.37704229,421968000
2018-06-04,6.47499990,6.64349985,6.44250011,6.62125015,6.55601120,642024000
2018-06-05,6.62449980,6.66475010,6.57924986,6.62674999,6.56145763,391712000
2018-06-06,6.53574991,6.63199997,6.51924992,6.62874985,6.56343842,371356000
2018-06-07,6.62500000,6.63700008,6.48124981,6.57250023,6.50774336,369448000
2018-06-08,6.49900007,6.59999990,6.48000002,6.55700016,6.49239492,360456000
2018-06-11,6.54425001,6.58624983,6.50250006,6.51550007,6.45130301,265372000
2018-06-12,6.54225016,6.57674980,6.49149990,6.56449986,6.49981976,319160000
2018-06-13,6.56599998,6.64174986,6.55074978,6.55999994,6.49536514,338208000
2018-06-14,6.60550022,6.73000002,6.59049988,6.67275000,6.60700321,430016000
2018-06-15,6.61499977,6.68699980,6.58374977,6.63149977,6.56616163,432260000
2018-06-18,6.58699989,6.64499998,6.55950022,6.62725019,6.56195354,356268000
2018-06-19,6.52299976,6.59100008,6.37550020,6.50425005,6.44016457,594932000
2018-06-20,6.54575014,6.61124992,6.50699997,6.55775023,6.49313688,369780000
2018-06-21,6.59000015,6.60850000,6.42000008,6.42775011,6.36441803,359516000
2018-06-22,6.44875002,6.46225023,6.25825024,6.27374983,6.21193600,434160000
2018-06-25,6.16625023,6.17000008,5.88850021,5.97800016,5.91910028,665816000
2018-06-26,6.09250021,6.14125013,5.99774981,6.04974985,5.99014235,478884000
2018-06-27,6.09375000,6.16074991,5.88749981,5.89300013,5.83493757,453892000
2018-06-28,5.88299990,6.03350019,5.87524986,6.02150011,5.96217012,338012000
2018-06-29,6.08725023,6.09999990,5.92124987,5.92250013,5.86414576,392300000
2018-07-02,5.85225010,6.05975008,5.83150005,6.05600023,5.99633026,357572000
2018-07-03,6.09100008,6.09700012,5.91249990,5.92100000,5.86265993,222732000
2018-07-05,5.97674990,6.07324982,5.93750000,6.06825018,6.00846052,306216000
2018-07-06,6.04349995,6.19175005,6.02199984,6.18324995,6.12232828,296352000
2018-07-09,6.25825024,6.26800013,6.15175009,6.23124981,6.16985464,303880000
2018-07-10,6.24375010,6.35349989,6.20300007,6.33125019,6.26886988,360016000
2018-07-11,6.23750019,6.27250004,6.17749977,6.18825006,6.12727785,367508000
2018-07-12,6.23400021,6.32924986,6.22399998,6.28074980,6.21886635,345508000
2018-07-13,6.29949999,6.29949999,6.19049978,6.23299980,6.17158699,246988000
2018-07-16,6.20499992,6.25850010,6.19250011,6.20499992,6.14386225,197036000
2018-07-17,6.15525007,6.35750008,6.12949991,6.34224987,6.27976131,362136000
2018-07-18,6.33475018,6.34875011,6.24100018,6.29250002,6.23050117,277640000
2018-07-19,6.27349997,6.33475018,6.25825024,6.30074978,6.23866940,235752000
2018-07-20,6.29825020,6.33750010,6.26125002,6.27225018,6.21045065,222352000
2018-07-23,6.24550009,6.24725008,6.08199978,6.23525000,6.17381525,301584000
2018-07-24,6.28375006,6.37125015,6.19999981,6.21775007,6.15648794,354620000
2018-07-25,6.22725010,6.30950022,6.16874981,6.29675007,6.23470879,319112000
2018-07-26,6.27650023,6.40824986,6.25950003,6.37099981,6.30822659,325124000
2018-07-27,6.40799999,6.41499996,6.24599981,6.30049992,6.23842144,295420000
2018-07-30,6.31475019,6.32075024,6.06799984,6.10325003,6.04311466,340340000
2018-07-31,6.09275007,6.19700003,6.05350018,6.12150002,6.06118584,283988000
2018-08-01,6.15325022,6.20900011,6.09724998,6.16174984,6.10103989,283556000
2018-08-02,6.08974981,6.26949978,6.03025007,6.26550007,6.20376778,269668000
2018-08-03,6.29024982,6.32649994,6.27325010,6.30249977,6.24040270,214288000
2018-08-06,6.28975010,6.35424995,6.24275017,6.35074997,6.28817797,207508000
2018-08-07,6.40000010,6.44250011,6.37300014,6.42374992,6.36045837,258132000
2018-08-08,6.42500019,6.50600004,6.38975000,6.46049976,6.39684486,262100000
2018-08-09,6.47849989,6.48124981,6.40374994,6.41149998,6.34832716,204280000
2018-08-10,6.32875013,6.40250015,6.31750011,6.36975002,6.30698824,256396000
2018-08-13,6.37849998,6.52500010,6.37674999,6.40299988,6.33991289,375208000
2018-08-14,6.50950003,6.55000019,6.42549992,6.53574991,6.47135305,466220000
2018-08-15,6.55674982,6.59100008,6.39750004,6.47700024,6.41318321,591136000
2018-08-16,6.54750013,6.55000019,6.37524986,6.43599987,6.37258577,801260000
2018-08-17,6.32350016,6.32425022,6.09324980,6.12050009,6.06019449,1143188000
2018-08-20,6.07950020,6.32999992,5.96799994,6.19600010,6.13495111,854388000
2018-08-21,6.21250010,6.33750010,6.19250011,6.33300018,6.27060318,673988000
2018-08-22,6.30000019,6.57550001,6.29650021,6.57049990,6.50576258,749856000
2018-08-23,6.53149986,6.73699999,6.51749992,6.67100000,6.60527277,720684000
2018-08-24,6.67950010,6.82025003,6.67500019,6.80550003,6.73844528,531512000
2018-08-27,6.83549976,6.97249985,6.80375004,6.89750004,6.82953978,505776000
2018-08-28,6.89150000,6.91450024,6.73824978,6.85949993,6.79191399,475384000
2018-08-29,6.84800005,6.98750019,6.82700014,6.96225023,6.89742374,420108000
2018-08-30,6.93074989,7.04300022,6.90799999,6.94525003,6.88058233,346608000
2018-08-31,6.92500019,7.03000021,6.91499996,7.01700020,6.95166302,306592000
2018-09-04,7.00374985,7.13049984,6.97499990,7.09250021,7.02646017,391720000
2018-09-05,7.07474995,7.11049986,6.87874985,6.96049976,6.89568901,393156000
2018-09-06,6.94399977,6.94649982,6.78474998,6.81799984,6.75451422,322796000
2018-09-07,6.72499990,6.92325020,6.67974997,6.79650021,6.73321581,295420000
2018-09-10,6.81925011,6.89825010,6.77500010,6.86824989,6.80429745,220140000
2018-09-11,6.82149982,6.90999985,6.80049992,6.82000017,6.75649834,243112000
2018-09-12,6.77974987,6.79949999,6.54799986,6.70499992,6.64256907,419092000
2018-09-13,6.77150011,6.87500000,6.75400019,6.78350019,6.72033691,305536000
2018-09-14,6.87475014,6.97749996,6.83750010,6.91074991,6.84640169,386936000
2018-09-17,6.88500023,6.93450022,6.82875013,6.84824991,6.78448486,205528000
2018-09-18,6.85225010,6.95599985,6.76875019,6.77549982,6.71241188,299520000
2018-09-19,6.75675011,6.81750011,6.70625019,6.79949999,6.73618698,224860000
2018-09-20,6.67624998,6.71899986,6.60249996,6.65700006,6.59501457,430584000
2018-09-21,6.66900015,6.71500015,6.55275011,6.58624983,6.52492380,435128000
2018-09-24,6.55499983,6.64599991,6.46700001,6.64249992,6.58064985,293912000
2018-09-25,6.70924997,6.73549986,6.62274981,6.71024990,6.64776993,280388000
2018-09-26,6.71525002,6.75600004,6.65700006,6.67299986,6.61086559,268548000
2018-09-27,6.70849991,6.73000002,6.65325022,6.68499994,6.62275410,214428000
2018-09-28,6.81825018,7.04799986,6.78999996,7.02549982,6.96008396,709396000
2018-10-01,7.10400009,7.30149984,7.06500006,7.23400021,7.16664267,622060000
2018-10-02,7.20625019,7.31899977,7.13950014,7.16200018,7.09531260,383964000
2018-10-03,7.23299980,7.24049997,7.06325006,7.16825008,7.10150433,320552000
2018-10-04,7.13175011,7.15625000,6.90450001,6.98225021,6.91723728,391220000
2018-10-05,6.95725012,7.01999998,6.68849993,6.74650002,6.68368149,426636000
2018-10-08,6.66249990,6.77899981,6.50199986,6.64424992,6.58238459,408612000
2018-10-09,6.62349987,6.71899986,6.57000017,6.63850021,6.57668734,273500000
2018-10-10,6.53149986,6.57775021,6.13999987,6.14225006,6.08505630,684940000
2018-10-11,6.05424976,6.18900013,5.85650015,5.87825012,5.82351685,725436000
2018-10-12,6.13775015,6.23850012,5.99125004,6.16349983,6.10610914,608236000
2018-10-15,6.15000010,6.15000010,5.88350010,5.88450003,5.82970858,449760000
2018-10-16,5.99825001,6.15700006,5.94850016,6.14575005,6.08852482,408712000
2018-10-17,6.20849991,6.24700022,6.02699995,6.07649994,6.01991987,329668000
2018-10-18,6.14650011,6.18524981,5.92724991,5.98824978,5.93249130,524020000
2018-10-19,6.04400015,6.06374979,5.69250011,5.72924995,5.67590284,613608000
2018-10-22,5.78200006,5.88299990,5.67675018,5.78049994,5.72667599,368844000
2018-10-23,5.51074982,5.60475016,5.41774988,5.52650023,5.47504187,626436000
2018-10-24,5.48775005,5.53474998,4.97125006,4.98525000,4.93883181,884288000
2018-10-25,4.88675022,5.24375010,4.84200001,5.19600010,5.14761829,951720000
2018-10-26,4.95774984,5.12099981,4.82800007,4.95725012,4.91109133,664784000
2018-10-29,5.09975004,5.10325003,4.40024996,4.64050007,4.59729147,758016000
2018-10-30,4.66375017,5.08500004,4.64050007,5.07499981,5.02774525,807192000
2018-10-31,5.24125004,5.31475019,5.10024977,5.27075005,5.22167301,745772000
2018-11-01,5.30749989,5.46225023,5.17974997,5.45275021,5.40197849,566528000
2018-11-02,5.44325018,5.55000019,5.25524998,5.37300014,5.32297182,452960000
2018-11-05,5.35974979,5.38325024,5.13199997,5.29425001,5.24495316,379332000
2018-11-06,5.28625011,5.37125015,5.23899984,5.27650023,5.22736883,299012000
2018-11-07,5.34375000,5.43524981,5.27950001,5.34474993,5.29498339,483812000
2018-11-08,5.28499985,5.28574991,5.09574986,5.14975023,5.10179996,511352000
2018-11-09,5.05999994,5.23299980,5.02600002,5.14174986,5.09387302,413240000
2018-11-12,5.04949999,5.07175016,4.71649981,4.73850012,4.69437933,617116000
2018-11-13,4.83725023,5.10524988,4.83099985,4.98274994,4.93635416,644712000
2018-11-14,5.15749979,5.17199993,4.82075024,4.92974997,4.88384914,526580000
2018-11-15,4.92374992,5.13250017,4.88749981,5.05975008,5.01263666,840708000
2018-11-16,4.08300018,4.26650000,4.04024982,4.11075020,4.07247448,1963520000
2018-11-19,4.04475021,4.04549980,3.61575007,3.61750007,3.58381701,1697820000
2018-11-20,3.35150003,3.85649991,3.33275008,3.72700000,3.69229698,1692032000
2018-11-21,3.86549997,3.88249993,3.59025002,3.61774993,3.58406425,1025496000
2018-11-23,3.58275008,3.73974991,3.56975007,3.62500000,3.59124589,411968000
2018-11-26,3.74725008,3.83675003,3.66400003,3.82625008,3.79062247,814832000
2018-11-27,3.79999995,3.92525005,3.76375008,3.84325004,3.80746531,738060000
2018-11-28,3.96199989,4.00699997,3.82824993,4.00174999,3.96448898,804524000
2018-11-29,4.00000000,4.03749990,3.90350008,3.93400002,3.90126896,549172000
2018-11-30,3.94374990,4.09649992,3.89299989,4.08575010,4.05175781,729564000
2018-12-03,4.31500006,4.36700010,4.18349981,4.25099993,4.21563196,890804000
2018-12-04,4.20599985,4.21099997,3.91249990,3.92775011,3.89507127,812112000
2018-12-06,3.78600001,3.96224999,3.77025008,3.95725012,3.92432594,692308000
2018-12-07,3.96149993,3.97175002,3.64050007,3.69024992,3.65954757,681676000
2018-12-10,3.64499998,3.82150006,3.64124990,3.79649997,3.76491332,629472000
2018-12-11,3.88899994,3.89724994,3.62500000,3.70475006,3.67392612,671912000
2018-12-12,3.71050000,3.81949997,3.62050009,3.72250009,3.69152856,654136000
2018-12-13,3.76975012,3.83450007,3.68600011,3.72224998,3.69128084,471384000
2018-12-14,3.68024993,3.76475000,3.63750005,3.66125011,3.63078880,471820000
2018-12-17,3.63100004,3.70374990,3.53099990,3.58949995,3.55963564,662868000
2018-12-18,3.63374996,3.75825000,3.60625005,3.67350006,3.64293623,564372000
2018-12-19,3.63949990,3.69350004,3.41074991,3.46274996,3.43394017,745364000
2018-12-20,3.45425010,3.54500008,3.31725001,3.37750006,3.34939933,749588000
2018-12-21,3.40424991,3.43750000,3.21149993,3.23924994,3.21229887,863740000
2018-12-24,3.16225004,3.24950004,3.11249995,3.17700005,3.15056705,463840000
2018-12-26,3.22350001,3.32850003,3.11150002,3.32750010,3.29981542,695100000
2018-12-27,3.27474999,3.30949998,3.12949991,3.27924991,3.25196671,637044000
2018-12-28,3.29999995,3.43475008,3.25775003,3.34124994,3.31345081,628728000
2018-12-31,3.38499999,3.41774988,3.30649996,3.33750010,3.30973196,465140000
2019-01-02,3.26600003,3.46199989,3.25125003,3.40549994,3.37716627,508752000
2019-01-03,3.34474993,3.37899995,3.19225001,3.19974995,3.17312837,705552000
2019-01-04,3.27349997,3.44324994,3.24250007,3.40475011,3.37642312,585620000
2019-01-07,3.46250010,3.62225008,3.41074991,3.58500004,3.55517316,709160000
2019-01-08,3.66724992,3.66950011,3.42249990,3.49574995,3.46666551,786016000
2019-01-09,3.54749990,3.61225009,3.49650002,3.56450009,3.53484368,617260000
2019-01-10,3.54500008,3.63949990,3.48399997,3.63074994,3.60054255,523156000
2019-01-11,3.60824990,3.74375010,3.58025002,3.72075009,3.68979406,874764000
2019-01-14,3.66799998,3.78649998,3.64424992,3.76099992,3.72970819,730168000
2019-01-15,3.79399991,3.83375001,3.72825003,3.74675012,3.71557689,617012000
2019-01-16,3.77425003,3.80749989,3.71550012,3.72099996,3.69004202,470104000
2019-01-17,3.68775010,3.83325005,3.66024995,3.79299998,3.76144218,493436000
2019-01-18,3.84325004,3.94950008,3.79124999,3.92324996,3.89060807,651336000
2019-01-22,3.89275002,3.90450001,3.68875003,3.71924996,3.68830538,661552000
2019-01-23,3.77500010,3.86450005,3.70075011,3.73224998,3.70119786,591020000
2019-01-24,3.81750011,3.96374989,3.81275010,3.94600010,3.91316915,708972000
2019-01-25,3.88599992,4.02199984,3.78250003,4.00374985,3.97043896,1154572000
2019-01-28,3.41374993,3.54099989,3.27500010,3.45024991,3.42154360,2511528000
2019-01-29,3.40374994,3.45250010,3.27524996,3.28999996,3.26262712,1153932000
2019-01-30,3.36675000,3.44924998,3.28649998,3.43475008,3.40617275,974228000
2019-01-31,3.43149996,3.62975001,3.40949988,3.59375000,3.56385016,842852000
2019-02-01,3.61249995,3.66974998,3.56450009,3.61824989,3.58814502,625048000
2019-02-04,3.63424993,3.76699996,3.61199999,3.72950006,3.69847083,528592000
2019-02-05,3.74149990,3.78574991,3.70749998,3.74874997,3.71756101,542424000
2019-02-06,3.78224993,3.89000010,3.77675009,3.82500005,3.79317594,702464000
2019-02-07,3.77824998,3.78049994,3.64225006,3.68549991,3.65483665,637120000
2019-02-08,3.61774993,3.71499991,3.60325003,3.70425010,3.67343068,461604000
2019-02-11,3.65974998,3.71449995,3.61249995,3.66125011,3.63078880,495180000
2019-02-12,3.70000005,3.79500008,3.68549991,3.77924991,3.74780703,591060000
2019-02-13,3.80900002,3.89575005,3.79524994,3.82200003,3.79020095,605372000
2019-02-14,3.82100010,3.89175010,3.77749991,3.86325002,3.83110738,827264000
2019-02-15,4.07375002,4.09674978,3.91050005,3.93350005,3.90077376,1516748000
2019-02-19,3.92275000,3.99725008,3.90350008,3.91599989,3.88341856,551892000
2019-02-20,3.94549990,4.03149986,3.93425012,3.96374989,3.93077159,540988000
2019-02-21,3.97650003,4.00124979,3.87949991,3.89424992,3.86185026,448548000
2019-02-22,3.94650006,3.99874997,3.93274999,3.97974992,3.94663763,401740000
2019-02-25,4.06400013,4.13199997,3.95849991,3.96725011,3.93424177,656020000
2019-02-26,3.96250010,4.01900005,3.89374995,3.92750001,3.89482307,488464000
2019-02-27,3.91300011,3.93974996,3.82774997,3.88525009,3.85292530,500256000
2019-02-28,3.87500000,3.89750004,3.83400011,3.85649991,3.82835579,324944000
2019-03-01,3.90674996,3.95374990,3.84800005,3.91125011,3.88270664,357188000
2019-03-04,3.95000005,3.97300005,3.86249995,3.91950011,3.89089632,409992000
2019-03-05,3.90374994,3.95149994,3.84899998,3.91300011,3.88444281,362924000
2019-03-06,3.90400004,3.91249990,3.79850006,3.80124998,3.77350855,403524000
2019-03-07,3.77749991,3.78725004,3.68499994,3.73149991,3.70426846,450104000
2019-03-08,3.64150000,3.77675009,3.61999989,3.76600003,3.73851562,422416000
2019-03-11,3.78975010,4.05149984,3.74224997,4.02850008,3.99910116,859728000
2019-03-12,4.05649996,4.10974979,3.97974992,4.06300020,4.03335094,579576000
2019-03-13,4.10074997,4.24499989,4.09324980,4.21549988,4.18473434,768900000
2019-03-14,4.22475004,4.23675013,4.13124990,4.13899994,4.10879469,519384000
2019-03-15,4.18249989,4.28824997,4.17899990,4.24525023,4.21426630,661484000
2019-03-18,4.27699995,4.33125019,4.19649982,4.22375011,4.19292641,486992000
2019-03-19,4.31899977,4.43750000,4.30200005,4.39274979,4.36069107,854972000
2019-03-20,4.42199993,4.47574997,4.32499981,4.36000013,4.32818079,719148000
2019-03-21,4.38325024,4.62500000,4.37825012,4.59849977,4.56494093,824312000
2019-03-22,4.57100010,4.61999989,4.42350006,4.43750000,4.40511608,747644000
2019-03-25,4.39650011,4.46124983,4.27775002,4.34450006,4.31279421,525212000
2019-03-26,4.48724985,4.54374981,4.36499977,4.42175007,4.38947868,703508000
2019-03-27,4.44750023,4.49424982,4.34250021,4.41249990,4.38029814,474372000
2019-03-28,4.43874979,4.49749994,4.37774992,4.43125010,4.39891148,480264000
2019-03-29,4.49849987,4.51350021,4.44775009,4.48899984,4.45623922,456896000
2019-04-01,4.58150005,4.58750010,4.50925016,4.55700016,4.52374220,483824000
2019-04-02,4.58125019,4.61975002,4.53800011,4.57499981,4.54161024,440920000
2019-04-03,4.62500000,4.77500010,4.61999989,4.71549988,4.68108702,783504000
2019-04-04,4.69999981,4.74924994,4.64324999,4.70650005,4.67215157,457376000
2019-04-05,4.75000000,4.79125023,4.71325016,4.77374983,4.73891163,481744000
2019-04-08,4.74300003,4.82000017,4.71875000,4.79475021,4.75975704,424192000
2019-04-09,4.76100016,4.77225018,4.68900013,4.73150015,4.69696903,439972000
2019-04-10,4.73075008,4.82849979,4.72625017,4.80249977,4.76745129,444772000
2019-04-11,4.80499983,4.83675003,4.73874998,4.78849983,4.75355339,374600000
2019-04-12,4.82749987,4.83150005,4.74149990,4.75024986,4.71558285,471708000
2019-04-15,4.74249983,4.74749994,4.57749987,4.61749983,4.58380175,440092000
2019-04-16,4.65700006,4.72424984,4.62400007,4.70524979,4.67091084,394964000
2019-04-17,4.74049997,4.76149988,4.65974998,4.68225002,4.64807892,351004000
2019-04-18,4.68900013,4.72324991,4.62949991,4.65749979,4.62351084,380988000
2019-04-22,4.63374996,4.72749996,4.60200024,4.71175003,4.67736435,279936000
2019-04-23,4.72499990,4.79825020,4.71525002,4.76674986,4.73196268,346856000
2019-04-24,4.77724981,4.82025003,4.71600008,4.77925014,4.74437141,318204000
2019-04-25,4.73874998,4.76125002,4.59250021,4.67275000,4.63864851,499296000
2019-04-26,4.51774979,4.52225018,4.33249998,4.45225000,4.41975784,868988000
2019-04-29,4.46024990,4.51125002,4.38749981,4.48325014,4.45053244,391920000
2019-04-30,4.45074987,4.55074978,4.43149996,4.52500010,4.49197674,362920000
2019-05-01,4.57775021,4.62025023,4.51149988,4.51175022,4.47882271,354280000
2019-05-02,4.52150011,4.62174988,4.47800016,4.57975006,4.54632711,394684000
2019-05-03,4.58825016,4.59824991,4.51324987,4.57525015,4.54185963,336824000
2019-05-06,4.38749981,4.50850010,4.34999990,4.49625015,4.46343708,422176000
2019-05-07,4.44750023,4.44750023,4.27925014,4.32775021,4.29616690,555220000
2019-05-08,4.30000019,4.42875004,4.28800011,4.34800005,4.31626892,419168000
2019-05-09,4.27850008,4.28824997,4.13500023,4.25474977,4.22369814,660248000
2019-05-10,4.22375011,4.28975010,4.09999990,4.22049999,4.18969917,569500000
2019-05-13,4.08750010,4.11075020,3.94525003,3.96125007,3.93234110,656912000
2019-05-14,4.00124979,4.08650017,3.96224999,4.05100012,4.02143431,524880000
2019-05-15,3.99499989,4.02624989,3.93525004,3.98950005,3.96038508,502320000
2019-05-16,3.98399997,4.04775000,3.94125009,4.00474977,3.97552323,781088000
2019-05-17,3.96250010,4.09275007,3.87350011,3.91324997,3.88469124,1022068000
2019-05-20,3.81375003,3.86925006,3.76874995,3.79375005,3.76606297,572064000
2019-05-21,3.85500002,3.89249992,3.81599998,3.87649989,3.84820962,361848000
2019-05-22,3.83750010,3.86374998,3.79399991,3.80500007,3.77723122,325868000
2019-05-23,3.74224997,3.74224997,3.62275004,3.68300009,3.65612197,591844000
2019-05-24,3.70199990,3.73749995,3.62199998,3.62875009,3.60226750,357584000
2019-05-28,3.64650011,3.67950010,3.58124995,3.58325005,3.55709887,428356000
2019-05-29,3.53524995,3.57049990,3.47350001,3.50850010,3.48289537,559800000
2019-05-30,3.50775003,3.54375005,3.43924999,3.47775006,3.45631003,394300000
2019-05-31,3.42849994,3.49624991,3.38474989,3.38649988,3.36562228,389720000
2019-06-03,3.39774990,3.43674994,3.31500006,3.34450006,3.32388186,478644000
2019-06-04,3.40899992,3.58025002,3.38674998,3.57500005,3.55296087,641836000
2019-06-05,3.64925003,3.65475011,3.49550009,3.53200006,3.51022506,511616000
2019-06-06,3.53625011,3.61925006,3.53375006,3.59450006,3.57234073,408140000
2019-06-07,3.60050011,3.67199993,3.58124995,3.63750005,3.61507487,348856000
2019-06-10,3.69400001,3.77975011,3.69400001,3.71075010,3.68787360,402780000
2019-06-11,3.77099991,3.80900002,3.72900009,3.76874995,3.74551582,383872000
2019-06-12,3.72499990,3.73125005,3.63975000,3.65499997,3.63246703,358892000
2019-06-13,3.67724991,3.72499990,3.65949988,3.70650005,3.68364930,308080000
2019-06-14,3.61275005,3.63724995,3.57100010,3.61599994,3.59370756,394428000
2019-06-17,3.61424994,3.66300011,3.59124994,3.62575006,3.60339785,276040000
2019-06-18,3.68750000,3.87774992,3.67650008,3.82200003,3.79843783,581920000
2019-06-19,3.85750008,3.86899996,3.80174994,3.82800007,3.80440068,331644000
2019-06-20,3.91925001,3.93324995,3.83800006,3.85249996,3.82874942,350168000
2019-06-21,3.83750010,3.88700008,3.78749990,3.79399991,3.77060914,434428000
2019-06-24,3.81550002,3.84625006,3.76799989,3.81649995,3.79297185,282948000
2019-06-25,3.82150006,3.89700007,3.78425002,3.78699994,3.76365328,311868000
2019-06-26,3.91525006,4.04300022,3.90225005,3.98149991,3.95695424,584072000
2019-06-27,4.06774998,4.09999990,4.03149986,4.08074999,4.05559301,445440000
2019-06-28,4.12500000,4.13425016,4.05875015,4.10575008,4.08043909,397668000
2019-07-01,4.31424999,4.34875011,4.11649990,4.15425014,4.12863922,709756000
2019-07-02,4.13749981,4.15875006,4.04250002,4.05574989,4.03074694,400228000
2019-07-03,4.07924986,4.08500004,4.00850010,4.06874990,4.04366732,246636000
2019-07-05,4.01000023,4.01450014,3.94199991,4.00575018,3.98105526,396552000
2019-07-08,3.94575000,3.96475005,3.90000010,3.93024993,3.90602040,329788000
2019-07-09,3.88774991,3.96099997,3.87500000,3.93274999,3.90850520,342860000
2019-07-10,3.97650003,4.05924988,3.96250010,4.00150013,3.97683215,452076000
2019-07-11,4.07499981,4.19799995,4.03749990,4.15700006,4.13137436,682560000
2019-07-12,4.18499994,4.26175022,4.18499994,4.19024992,4.16441774,506392000
2019-07-15,4.21150017,4.22774982,4.15325022,4.18174982,4.15596962,289840000
2019-07-16,4.16674995,4.20424986,4.12099981,4.17700005,4.15124941,341444000
2019-07-17,4.17875004,4.24975014,4.14925003,4.24275017,4.21659327,348204000
2019-07-18,4.25325012,4.31774998,4.19624996,4.25449991,4.22827101,442192000
2019-07-19,4.29300022,4.29949999,4.20499992,4.21099997,4.18503952,344896000
2019-07-22,4.23250008,4.29600000,4.22499990,4.28299999,4.25659513,315940000
2019-07-23,4.32250023,4.39349985,4.30674982,4.39150000,4.36442709,428176000
2019-07-24,4.43499994,4.47224998,4.35850000,4.46649981,4.43896389,366236000
2019-07-25,4.42474985,4.43750000,4.31099987,4.33449984,4.30777740,392700000
2019-07-26,4.36175013,4.42374992,4.36175013,4.37674999,4.34976816,274160000
2019-07-29,4.36950016,4.38675022,4.28175020,4.37050009,4.34355736,248160000
2019-07-30,4.32375002,4.39849997,4.30924988,4.38625002,4.35921049,197772000
2019-07-31,4.35449982,4.35550022,4.17549992,4.21799994,4.19199657,359416000
2019-08-01,4.22849989,4.31949997,4.07049990,4.12300014,4.09758329,421212000
2019-08-02,4.02974987,4.09950018,3.98200011,4.02974987,4.00490665,428348000
2019-08-05,3.84500003,3.84625006,3.72250009,3.76975012,3.74651027,589156000
2019-08-06,3.84500003,3.89074993,3.76075006,3.80874991,3.78526926,361272000
2019-08-07,3.74749994,3.85925007,3.73000002,3.84724998,3.82353258,372560000
2019-08-08,3.90525007,3.95775008,3.84750009,3.95650005,3.93210888,309300000
2019-08-09,3.91525006,3.91875005,3.80375004,3.85450006,3.83073807,341816000
2019-08-12,3.80200005,3.85450006,3.76425004,3.78625011,3.76290846,279200000
2019-08-13,3.78474998,3.94749999,3.74550009,3.90124989,3.87719917,351956000
2019-08-14,3.81250000,3.82375002,3.70775008,3.75174999,3.72862053,419880000
2019-08-15,3.77075005,3.79075003,3.68475008,3.71924996,3.69632149,477200000
2019-08-16,3.98375010,4.03849983,3.92199993,3.98900008,3.96440840,1007960000
2019-08-19,4.10300016,4.28550005,4.08675003,4.26949978,4.24317789,815112000
2019-08-20,4.26399994,4.26450014,4.17549992,4.19675016,4.17087746,463188000
2019-08-21,4.26324987,4.33624983,4.24149990,4.28074980,4.25436020,427244000
2019-08-22,4.29050016,4.33325005,4.24749994,4.28700018,4.26057196,303488000
2019-08-23,4.21000004,4.26475000,4.04099989,4.06099987,4.03596449,568056000
2019-08-26,4.14025021,4.16450024,4.09775019,4.13625002,4.11075115,318208000
2019-08-27,4.17474985,4.17749977,4.01550007,4.04500008,4.02006388,290968000
2019-08-28,4.01450014,4.08349991,3.97499990,4.03049994,4.00961685,255612000
2019-08-29,4.12249994,4.20749998,4.11899996,4.17500019,4.15336943,357976000
2019-08-30,4.22149992,4.27150011,4.16949987,4.18774986,4.16605186,290616000
2019-09-03,4.11450005,4.14774990,4.08125019,4.10424995,4.08298635,296140000
2019-09-04,4.16524982,4.22650003,4.16524982,4.21899986,4.19714165,227728000
2019-09-05,4.32175016,4.49975014,4.32000017,4.49350023,4.47021818,695676000
2019-09-06,4.46999979,4.52724981,4.42799997,4.46624994,4.44310999,376976000
2019-09-09,4.49749994,4.59950018,4.49599981,4.51249981,4.48912096,417524000
2019-09-10,4.47949982,4.60624981,4.46974993,4.57950020,4.55577374,352812000
2019-09-11,4.59425020,4.65675020,4.56500006,4.60825014,4.58437347,361512000
2019-09-12,4.65500021,4.71000004,4.59875011,4.60675001,4.58288145,327840000
2019-09-13,4.53975010,4.57700014,4.50449991,4.54850006,4.52493429,324592000
2019-09-16,4.47300005,4.53999996,4.46250010,4.50524998,4.48190737,231832000
2019-09-17,4.51200008,4.53100014,4.46525002,4.52675009,4.50329685,223048000
2019-09-18,4.51975012,4.53550005,4.41249990,4.49949980,4.47618723,258152000
2019-09-19,4.50549984,4.52400017,4.41274977,4.42350006,4.40058184,245476000
2019-09-20,4.42250013,4.44624996,4.30700016,4.31724977,4.29488182,350244000
2019-09-23,4.31750011,4.41674995,4.31374979,4.37099981,4.34835339,249712000
2019-09-24,4.40250015,4.43225002,4.27750015,4.31325006,4.29090261,317268000
2019-09-25,4.31274986,4.47550011,4.26774979,4.45574999,4.43266535,308432000
2019-09-26,4.44600010,4.45475006,4.38224983,4.43349981,4.41053009,234564000
2019-09-27,4.39150000,4.44250011,4.23299980,4.29400015,4.27175331,362056000
2019-09-30,4.32000017,4.36199999,4.28849983,4.35174990,4.32920313,186184000
2019-10-01,4.37500000,4.52500010,4.34525013,4.34999990,4.32746077,366008000
2019-10-02,4.32800007,4.34000015,4.25325012,4.32600021,4.30358744,293372000
2019-10-03,4.33050013,4.53900003,4.30000019,4.53275013,4.50926495,450588000
2019-10-04,4.53499985,4.57875013,4.46950006,4.54925013,4.52568150,265524000
2019-10-07,4.61450005,4.70849991,4.60575008,4.60825014,4.58437347,480984000
2019-10-08,4.51599979,4.51599979,4.41249990,4.43074989,4.40779352,444436000
2019-10-09,4.50799990,4.56750011,4.47900009,4.51774979,4.49434376,292412000
2019-10-10,4.51550007,4.62699986,4.51025009,4.57574987,4.55204201,309124000
2019-10-11,4.66025019,4.73350000,4.64125013,4.64975023,4.62565899,446404000
2019-10-14,4.64099979,4.68424988,4.60974979,4.66324997,4.63909006,200040000
2019-10-15,4.75400019,4.98225021,4.73999977,4.90924978,4.88381481,664124000
2019-10-16,4.87500000,4.98050022,4.84375000,4.85524988,4.83009434,428944000
2019-10-17,4.90000010,4.94525003,4.80249977,4.85725021,4.83208418,263436000
2019-10-18,4.85774994,4.89050007,4.68750000,4.76224995,4.73757744,307440000
2019-10-21,4.82399988,4.91375017,4.80499983,4.90024996,4.87486076,261868000
2019-10-22,4.95749998,5.06325006,4.88250017,4.89025021,4.86491299,328720000
2019-10-23,4.80775023,4.89150000,4.77575016,4.87725019,4.85198212,279916000
2019-10-24,4.91874981,4.95524979,4.88450003,4.92150021,4.89600134,232020000
2019-10-25,5.00250006,5.13450003,4.99475002,5.11350012,5.08700848,423092000
2019-10-28,5.15749979,5.22249985,5.12799978,5.16975021,5.14296532,330792000
2019-10-29,5.15574980,5.16225004,5.05350018,5.07299995,5.04671669,211236000
2019-10-30,5.09999990,5.10575008,5.00649977,5.07499981,5.04870653,205960000
2019-10-31,5.05399990,5.07499981,4.94525003,5.02549982,4.99946260,209732000
2019-11-01,4.98999977,5.09724998,4.96474981,5.06475019,5.03850842,283640000
2019-11-04,5.14624977,5.27500010,5.12300014,5.26249981,5.23523426,376716000
2019-11-05,5.26224995,5.28849983,5.19199991,5.24025011,5.21310043,300868000
2019-11-06,5.21600008,5.24174976,5.10274982,5.19075012,5.16385555,269012000
2019-11-07,5.27775002,5.29250002,5.16349983,5.20849991,5.18151426,280340000
2019-11-08,5.19150019,5.22625017,5.15374994,5.19449997,5.16758728,189100000
2019-11-11,5.19374990,5.22774982,5.10699987,5.20450020,5.17753601,243436000
2019-11-12,5.24300003,5.29650021,5.20774984,5.24025011,5.21310043,283504000
2019-11-13,5.20874977,5.23649979,5.14750004,5.21425009,5.18723488,300188000
2019-11-14,5.22324991,5.24700022,5.16300011,5.24475002,5.21757603,518080000
2019-11-15,5.24249983,5.29449987,5.01599979,5.10475016,5.07830143,1053628000
2019-11-18,5.09724998,5.33374977,5.09425020,5.30700016,5.27950478,574588000
2019-11-19,5.27575016,5.29949999,5.14125013,5.19974995,5.17280817,414564000
2019-11-20,5.17675018,5.36374998,5.16400003,5.27950001,5.25214624,472588000
2019-11-21,5.27500010,5.33099985,5.23274994,5.25449991,5.22727633,288388000
2019-11-22,5.27724981,5.32399988,5.24849987,5.27225018,5.24493361,224100000
2019-11-25,5.40100002,5.53525019,5.38800001,5.53025007,5.50159597,506476000
2019-11-26,5.51249981,5.51725006,5.41849995,5.42500019,5.39689302,385244000
2019-11-27,5.46675014,5.50124979,5.42950010,5.45599985,5.43173599,215784000
2019-11-29,5.42500019,5.45349979,5.39449978,5.41849995,5.39440393,141556000
2019-12-02,5.41149998,5.42500019,5.21600008,5.23124981,5.20798731,372036000
2019-12-03,5.04675007,5.19549990,5.00925016,5.19150019,5.16841364,465232000
2019-12-04,5.27549982,5.29799986,5.20674992,5.23549986,5.21221638,273424000
2019-12-05,5.25750017,5.27325010,5.18774986,5.21850014,5.19529247,184884000
2019-12-06,5.28800011,5.33725023,5.27799988,5.30424976,5.28066111,232236000
2019-12-09,5.28125000,5.35925007,5.27250004,5.30424976,5.28066111,211880000
2019-12-10,5.33449984,5.40150023,5.28149986,5.34950018,5.32571125,256388000
2019-12-11,5.36000013,5.43900013,5.35750008,5.43349981,5.40933657,233796000
2019-12-12,5.40450001,5.61999989,5.39550018,5.60174990,5.57683754,404348000
2019-12-13,5.60475016,5.72450018,5.54549980,5.59975004,5.57484770,454704000
2019-12-16,5.64750004,5.70149994,5.61924982,5.62874985,5.60371828,320976000
2019-12-17,5.64750004,5.73000002,5.63800001,5.70725012,5.68186951,321196000
2019-12-18,5.74224997,5.79850006,5.73374987,5.73775005,5.71223402,343548000
2019-12-19,5.77250004,5.90000010,5.76749992,5.88649988,5.86032248,445360000
2019-12-20,5.95324993,6.00974989,5.93400002,5.98425007,5.95763731,603044000
2019-12-23,6.01300001,6.04524994,5.95975018,5.97049999,5.94394779,355060000
2019-12-24,5.95499992,5.98274994,5.92049980,5.96549988,5.93897009,138864000
2019-12-26,5.96899986,6.00799990,5.94999981,5.97975016,5.95315790,182852000
2019-12-27,5.99499989,6.00850010,5.89524984,5.92175007,5.89541578,254644000
2019-12-30,5.89975023,5.90500021,5.77650023,5.80800009,5.78217173,258056000
2019-12-31,5.77250004,5.89200020,5.75325012,5.88250017,5.85634041,231004000
2020-01-02,5.96875000,5.99774981,5.91800022,5.99774981,5.97107649,237536000
2020-01-03,5.87750006,5.94575024,5.85249996,5.90175009,5.87550449,205384000
2020-01-06,5.80800009,5.93174982,5.78175020,5.92649984,5.90014505,262636000
2020-01-07,5.95499992,6.04425001,5.90974998,5.99825001,5.97157526,314856000
2020-01-08,5.99399996,6.05100012,5.95375013,6.00950003,5.98277617,277108000
2020-01-09,6.09625006,6.14825010,6.02150011,6.07550001,6.04848099,255112000
2020-01-10,6.18324995,6.21374989,6.09375000,6.10799980,6.08083582,316296000
2020-01-13,6.19150019,6.32474995,6.16874981,6.29949999,6.27148581,319840000
2020-01-14,6.25649977,6.28200006,6.16874981,6.18200016,6.15450859,359088000
2020-01-15,6.19474983,6.21724987,6.11324978,6.13924980,6.11194801,263104000
2020-01-16,6.19299984,6.22924995,6.16949987,6.22324991,6.19557524,284192000
2020-01-17,6.24249983,6.25000000,6.18424988,6.23199987,6.20428610,253792000
2020-01-21,6.19525003,6.23225021,6.16424990,6.19850016,6.17093515,217916000
2020-01-22,6.24399996,6.33974981,6.22499990,6.25274992,6.22494316,239240000
2020-01-23,6.29300022,6.32999992,6.20375013,6.32149982,6.29338837,244516000
2020-01-24,6.43750000,6.48750019,6.20749998,6.26200008,6.23415279,373512000
2020-01-27,5.95599985,6.05625010,5.80574989,6.00500011,5.97829533,470536000
2020-01-28,6.07124996,6.23175001,6.01774979,6.19925022,6.17168188,310976000
2020-01-29,6.18475008,6.22100019,6.09849977,6.13850021,6.11120272,258848000
2020-01-30,6.04024982,6.15875006,5.98500013,6.14524984,6.11792088,290504000
2020-01-31,6.09924984,6.11124992,5.86875010,5.91074991,5.88446474,370420000
2020-02-03,5.89249992,6.02775002,5.88625002,6.00825024,5.98153067,255564000
2020-02-04,6.15075016,6.19750023,6.10050011,6.17824984,6.15077543,271544000
2020-02-05,6.29974985,6.30999994,6.18524981,6.26900005,6.24112082,208220000
2020-02-06,6.30350018,6.35624981,6.22200012,6.35624981,6.32798290,218284000
2020-02-07,6.31599998,6.33825016,6.26424980,6.28975010,6.26177883,189752000
2020-02-10,6.31250000,6.57499981,6.30749989,6.57425022,6.54501295,529608000
2020-02-11,6.68300009,6.81250000,6.62074995,6.69724989,6.66746759,638556000
2020-02-12,6.75024986,6.82000017,6.71124983,6.81349993,6.78319931,374644000
2020-02-13,6.75524998,6.83699989,6.72774982,6.76949978,6.73939610,528016000
2020-02-14,7.18149996,7.37424994,7.15000010,7.24475002,7.21253252,1041924000
2020-02-18,7.14099979,7.43275023,7.12150002,7.41424990,7.38127899,620164000
2020-02-19,7.53725004,7.88525009,7.53725004,7.86749983,7.83251286,694332000
2020-02-20,7.81925011,7.90799999,7.40875006,7.71750021,7.68317938,810052000
2020-02-21,7.60475016,7.63000011,7.26650000,7.35174990,7.31905746,768180000
2020-02-24,6.75474977,7.04675007,6.69999981,6.83199978,6.80161858,856916000
2020-02-25,6.90749979,6.96974993,6.44899988,6.55124998,6.52211666,1055496000
2020-02-26,6.55149984,6.88625002,6.55000019,6.69124985,6.66149378,747732000
2020-02-27,6.37249994,6.67500019,6.22224998,6.31500006,6.29067755,906416000
2020-02-28,6.06150007,6.81150007,6.04475021,6.75174999,6.72574425,1133252000
2020-03-02,6.92250013,6.93975019,6.52500010,6.91074991,6.88413286,890744000
2020-03-03,6.96675014,7.02675009,6.56150007,6.64725018,6.62164783,652792000
2020-03-04,6.75500011,7.12225008,6.67999983,7.11275005,7.08535528,597408000
2020-03-05,6.91249990,7.07999992,6.78749990,6.83225012,6.80593491,540328000
2020-03-06,6.65199995,6.70975018,6.44999981,6.65100002,6.62538338,515412000
2020-03-09,5.99749994,6.48500013,5.95450020,6.13600016,6.11236668,614160000
2020-03-10,6.41349983,6.52699995,6.14975023,6.52699995,6.50186110,580648000
2020-03-11,6.38649988,6.41499996,6.06424999,6.16174984,6.13801718,499964000
2020-03-12,5.63649988,5.90299988,5.39499998,5.40775013,5.38692188,816540000
2020-03-13,5.76249981,6.02549982,5.49025011,6.02099991,5.99780893,634836000
2020-03-16,5.31024981,5.65250015,4.84999990,4.90999985,4.89108944,726972000
2020-03-17,5.02274990,5.52150011,4.77500010,5.43174982,5.41082954,833632000
2020-03-18,5.00250006,5.24849987,4.51700020,5.07049990,5.05097055,874268000
2020-03-19,5.04899979,5.41825008,4.83475018,5.32425022,5.30374241,765512000
2020-03-20,5.47499990,5.75799990,5.12825012,5.14375019,5.12393951,804636000
2020-03-23,5.14274979,5.41200018,4.96299982,5.31724977,5.29677057,643876000
2020-03-24,5.72499990,6.31650019,5.70125008,6.22949982,6.20550728,1101644000
2020-03-25,6.34499979,6.54549980,6.09149981,6.14050007,6.11684847,793432000
2020-03-26,6.34849977,6.55550003,6.25000000,6.43100023,6.40623045,696108000
2020-03-27,6.25000000,6.57800007,6.21700001,6.31825018,6.29391479,638828000
2020-03-30,6.38399982,6.64900017,6.33974981,6.63975000,6.61417675,602252000
2020-03-31,6.67999983,6.88500023,6.44374990,6.59000015,6.56461811,949960000
2020-04-01,6.39125013,6.53824997,6.03200006,6.07674980,6.05334473,656912000
2020-04-02,6.10599995,6.40000010,6.05775023,6.38675022,6.36215210,675764000
2020-04-03,6.34899998,6.39074993,5.95975018,6.09775019,6.07426310,663212000
2020-04-06,6.38100004,6.74700022,6.32324982,6.71000004,6.68415642,727884000
2020-04-07,6.93249989,6.95625019,6.43249989,6.47574997,6.45080757,784520000
2020-04-08,6.58524990,6.69875002,6.51499987,6.67374992,6.64804506,542444000
2020-04-09,6.80000019,6.82299995,6.51049995,6.57375002,6.54843044,525564000
2020-04-13,6.51375008,6.75500011,6.42500019,6.74625015,6.72026682,398408000
2020-04-14,6.87500000,7.13299990,6.84724998,7.09875011,7.07140827,530948000
2020-04-15,6.92999983,7.10424995,6.88450003,7.02099991,6.99395752,366148000
2020-04-16,7.17700005,7.47499990,7.16375017,7.36749983,7.33912277,745620000
2020-04-17,7.44999981,7.47149992,7.17350006,7.30800009,7.27985287,539120000
2020-04-20,7.18100023,7.33750010,7.13175011,7.17624998,7.14861059,449388000
2020-04-21,7.05775023,7.11924982,6.67775011,6.73775005,6.71179962,735160000
2020-04-22,6.93074989,7.19675016,6.88500023,7.15374994,7.12619686,483356000
2020-04-23,7.19600010,7.32849979,7.07499981,7.10024977,7.07290268,424160000
2020-04-24,7.09000015,7.24174976,7.01499987,7.23974991,7.21186495,352328000
2020-04-27,7.37475014,7.58750010,7.34999990,7.42700005,7.39839363,479388000
2020-04-28,7.57499981,7.60500002,7.27850008,7.28399992,7.25594473,442904000
2020-04-29,7.41925001,7.51450014,7.34375000,7.46150017,7.43276072,379160000
2020-04-30,7.40724993,7.46150017,7.29300022,7.30700016,7.27885723,375916000
2020-05-01,7.10874987,7.22249985,7.02099991,7.06949997,7.04227209,342096000
2020-05-04,7.02199984,7.29600000,7.02199984,7.28224993,7.25420094,317556000
2020-05-05,7.38675022,7.50675011,7.28224993,7.34350014,7.31521606,368896000
2020-05-06,7.42325020,7.55000019,7.38525009,7.44474983,7.41607475,323464000
2020-05-07,7.58449984,7.68524981,7.53299999,7.62174988,7.59239340,373732000
2020-05-08,7.69374990,7.81874990,7.65974998,7.81250000,7.78240919,339216000
2020-05-11,7.80749989,8.11250019,7.77874994,8.06550026,8.03443718,469060000
2020-05-12,8.12349987,8.17249966,7.79274988,7.80249977,7.77244806,493060000
2020-05-13,7.91750002,8.07849979,7.59474993,7.78000021,7.75003529,625852000
2020-05-14,7.84175014,8.03600025,7.68750000,8.03050041,7.99957037,602312000
2020-05-15,7.88975000,8.50049973,7.87400007,8.49075031,8.45804691,987660000
2020-05-18,8.76049995,8.91650009,8.68050003,8.75024986,8.71654701,774460000
2020-05-19,8.79024982,9.08749962,8.76274967,8.80550003,8.77158833,717320000
2020-05-20,8.99100018,9.04300022,8.88875008,8.97000027,8.93545341,587536000
2020-05-21,9.05150032,9.05249977,8.73750019,8.77525043,8.74145222,761068000
2020-05-22,8.82524967,9.09300041,8.71325016,9.02624989,8.99148273,1038764000
2020-05-26,9.15674973,9.18175030,8.67199993,8.71774960,8.68417072,770780000
2020-05-27,8.62500000,8.63274956,7.99674988,8.52525043,8.49241352,1175892000
2020-05-28,8.41224957,8.76049995,8.37924957,8.48700047,8.45430851,734896000
2020-05-29,8.55449963,8.87549973,8.48499966,8.87549973,8.84131432,745256000
2020-06-01,8.83325005,8.84074974,8.68949986,8.80624962,8.77233410,389876000
2020-06-02,8.79625034,8.83724976,8.65799999,8.82524967,8.79125881,391320000
2020-06-03,8.82225037,8.86625004,8.69999981,8.76949978,8.73572254,365440000
2020-06-04,8.72799969,8.94324970,8.67749977,8.76650047,8.73672104,424280000
2020-06-05,8.79450035,8.99699974,8.70800018,8.92000008,8.88969994,481748000
2020-06-08,8.87724972,8.88974953,8.68575001,8.80500031,8.77509117,387736000
2020-06-09,8.80000019,9.10974979,8.75125027,9.04599953,9.01526928,468488000
2020-06-10,9.16775036,9.50000000,9.15349960,9.36674976,9.33493042,632180000
2020-06-11,9.14999962,9.26124954,8.78600025,8.79625034,8.76636791,583652000
2020-06-12,9.16250038,9.18725014,8.70324993,8.93249989,8.90215683,570908000
2020-06-15,8.81525040,9.18225002,8.74374962,9.17374992,9.14258766,400004000
2020-06-16,9.22500038,9.26675034,8.83874989,9.06849957,9.03769302,535716000
2020-06-17,9.11375046,9.29899979,9.07024956,9.23600006,9.20462418,408304000
2020-06-18,9.22700024,9.28250027,9.11450005,9.21800041,9.18668747,254408000
2020-06-19,9.24250031,9.44499969,9.22725010,9.26124954,9.22978783,524160000
2020-06-22,9.30000019,9.53125000,9.27324963,9.52674961,9.49438667,398468000
2020-06-23,9.55099964,9.64249992,9.40750027,9.44999981,9.41789818,375108000
2020-06-24,9.47624969,9.55650043,9.14449978,9.23550034,9.20412731,449372000
2020-06-25,9.35575008,9.50500011,9.18225002,9.48999977,9.45776176,376072000
2020-06-26,9.50000000,9.50000000,9.12500000,9.15499973,9.12390232,592084000
2020-06-29,9.16975021,9.20450020,8.89999962,9.19999981,9.16874790,342248000
2020-06-30,9.31400013,9.52624989,9.26650047,9.49775028,9.46548748,367892000
2020-07-01,9.52075005,9.57575035,9.41300011,9.52999973,9.49762630,326648000
2020-07-02,9.63899994,9.73750019,9.57824993,9.61225033,9.57959747,364056000
2020-07-06,9.74174976,9.90874958,9.71249962,9.83924961,9.80582619,315892000
2020-07-07,9.94624996,10.06999969,9.85074997,9.87174988,9.83821583,357800000
2020-07-08,9.99374962,10.22500038,9.96549988,10.21599960,10.18129635,365480000
2020-07-09,10.38024998,10.56999969,10.23349953,10.50899982,10.47330093,494548000
2020-07-10,10.58874989,10.65524960,10.37874985,10.47924995,10.44365311,497676000
2020-07-13,10.59500027,10.79224968,10.02499962,10.05224991,10.01810265,457076000
2020-07-14,10.07499981,10.40275002,9.78549957,10.37699986,10.34174824,542676000
2020-07-15,10.41425037,10.43299961,10.05574989,10.22725010,10.19250774,403984000
2020-07-16,10.01500034,10.20674992,9.89550018,10.13475037,10.10032177,344964000
2020-07-17,10.22550011,10.24849987,10.08775043,10.20149994,10.16684437,266284000
2020-07-20,10.27425003,10.53125000,10.15674973,10.51074982,10.47504807,284852000
2020-07-21,10.51299953,10.56000042,10.28674984,10.32849979,10.29341602,277036000
2020-07-22,10.36750031,10.60249996,10.29150009,10.43875027,10.40328884,367292000
2020-07-23,10.44999981,10.54699993,10.03125000,10.12975025,10.09533978,411660000
2020-07-24,9.87500000,10.36474991,9.77700043,10.19449997,10.15987015,473292000
2020-07-27,10.23225021,10.44174957,10.21774960,10.42150021,10.38609982,292132000
2020-07-28,10.37425041,10.38199997,10.20925045,10.21549988,10.18079853,271636000
2020-07-29,10.39074993,10.51624966,10.34700012,10.46549988,10.42995167,284508000
2020-07-30,10.37500000,10.62300014,10.29524994,10.61400032,10.57794666,308880000
2020-07-31,10.56324959,10.76650047,10.43299961,10.61474991,10.57869339,386080000
2020-08-03,10.73250008,11.09875011,10.71525002,11.01025009,10.97284889,412720000
2020-08-04,11.05000019,11.22774982,10.90600014,11.22774982,11.18960953,310336000
2020-08-05,11.24400043,11.37174988,11.16625023,11.28674984,11.24841022,249924000
2020-08-06,11.34974957,11.35799980,11.17875004,11.33549976,11.29699612,244316000
2020-08-07,11.31250000,11.50475025,11.03750038,11.19950008,11.16145515,342516000
2020-08-10,11.33425045,11.40824986,10.85649967,11.16499996,11.12707043,427796000
2020-08-11,11.07374954,11.13675022,10.79574966,10.85000038,10.81314373,354512000
2020-08-12,10.99075031,11.46700001,10.95825005,11.44025040,11.40138721,464412000
2020-08-13,11.54599953,11.72175026,11.35575008,11.44299984,11.40412807,374460000
2020-08-14,11.52999973,11.70475006,11.44050026,11.56400013,11.52471828,366436000
2020-08-17,11.85124969,12.40974998,11.81725025,12.33699989,12.29509068,621300000
2020-08-18,12.44999981,12.49600029,12.08625031,12.26074982,12.21910000,503448000
2020-08-19,12.29650021,12.31499958,12.09799957,12.13850021,12.09726334,622624000
2020-08-20,11.97500038,12.37500000,11.87874985,12.14099979,12.09975815,921388000
2020-08-21,12.20174980,12.80875015,12.19524956,12.68350029,12.64041424,999868000
2020-08-24,12.88374996,12.91250038,12.50749969,12.72025013,12.67703915,490564000
2020-08-25,12.63074970,12.76124954,12.57374954,12.75000000,12.70668793,289076000
2020-08-26,12.79924965,12.86849976,12.67774963,12.77299976,12.72960949,321244000
2020-08-27,12.78149986,12.85000038,12.56649971,12.62825012,12.58535290,317604000
2020-08-28,12.67500019,13.14799976,12.64249992,13.14774990,13.10308552,537160000
2020-08-31,13.18274975,13.57499981,13.03775024,13.37450027,13.32906628,500840000
2020-09-01,13.47999954,13.99374962,13.43649960,13.82100010,13.77817154,511316000
2020-09-02,14.70374966,14.72675037,13.89999962,14.34650040,14.30204296,874012000
2020-09-03,13.82874966,13.88449955,12.87874985,13.01550007,12.97516727,945128000
2020-09-04,12.78374958,13.17500019,11.70475006,12.62250042,12.58338547,1463684000
2020-09-08,11.73449993,12.55000019,11.70425034,11.91300011,11.87608337,795728000
2020-09-09,12.39999962,12.80924988,12.23174953,12.71500015,12.67559624,736200000
2020-09-10,12.98925018,13.06525040,12.16699982,12.31175041,12.27359676,698684000
2020-09-11,12.48550034,12.65250015,11.89575005,12.16450024,12.12680435,636928000
2020-09-14,13.08100033,13.31499958,12.63125038,12.87224960,12.83235931,1201744000
2020-09-15,13.27999973,13.29874992,12.82775021,12.99100018,12.95074272,727556000
2020-09-16,12.95724964,13.09274960,12.51375008,12.51449966,12.47571945,556384000
2020-09-17,12.13224983,12.58975029,12.03474998,12.46350002,12.42488003,792512000
2020-09-18,12.59375000,12.63249969,11.98875046,12.18924999,12.15147781,698460000
2020-09-21,11.92500019,12.52250004,11.90450001,12.51725006,12.47846031,721044000
2020-09-22,12.57499981,12.64799976,12.15550041,12.63774967,12.59858894,646452000
2020-09-23,12.57549953,12.72700024,12.07925034,12.12374973,12.08617973,647012000
2020-09-24,12.07225037,12.56949997,12.01399994,12.34799957,12.30973434,731240000
2020-09-25,12.44750023,12.88350010,12.24575043,12.87374973,12.83385658,588016000
2020-09-28,13.04024982,13.05175018,12.75000000,13.03499985,12.99460697,573808000
2020-09-29,12.93750000,13.44274998,12.93325043,13.22574997,13.18476391,621460000
2020-09-30,13.15750027,13.62250042,13.15025043,13.53050041,13.48857117,689184000
2020-10-01,13.75800037,13.76274967,13.46074963,13.61450005,13.57231140,525004000
2020-10-02,13.22500038,13.51949978,13.05099964,13.06225014,13.02177334,552496000
2020-10-05,13.23600006,13.64424992,13.22274971,13.64249992,13.60022259,479820000
2020-10-06,13.82999992,14.14200020,13.66499996,13.73649979,13.69393349,784420000
2020-10-07,13.99975014,14.11925030,13.86349964,13.96399975,13.92072868,418084000
2020-10-08,14.07499981,14.08450031,13.75800037,13.83874989,13.79586506,378900000
2020-10-09,13.76700020,13.82425022,13.66075039,13.76274967,13.72010136,346892000
2020-10-12,13.98950005,14.34700012,13.91250038,14.22599983,14.18191528,434744000
2020-10-13,14.29650021,14.34850025,14.01875019,14.24825001,14.20409870,344604000
2020-10-14,14.29049969,14.34274960,13.96000004,14.09525013,14.05157089,276100000
2020-10-15,13.81075001,14.00574970,13.76774979,13.97000027,13.92671013,267224000
2020-10-16,14.03674984,14.12150002,13.79249954,13.81149960,13.76870060,242392000
2020-10-19,13.90299988,13.98349953,13.40674973,13.49775028,13.45592403,298068000
2020-10-20,13.58349991,13.79975033,13.50699997,13.64550018,13.60321522,229212000
2020-10-21,13.62500000,13.79150009,13.47749996,13.52474976,13.48284054,219596000
2020-10-22,13.52250004,13.61174965,13.23174953,13.36100006,13.31959629,290480000
2020-10-23,13.44999981,13.59325027,13.29125023,13.59025002,13.54813576,233484000
2020-10-26,13.42700005,13.69274998,13.03849983,13.14124966,13.10052776,336896000
2020-10-27,13.30599976,13.44200039,13.19149971,13.39675045,13.35523510,250520000
2020-10-28,13.19799995,13.26000023,12.60900021,12.62699986,12.58787251,376520000
2020-10-29,12.83850002,13.19274998,12.75000000,13.02400017,12.98363876,320080000
2020-10-30,12.85000038,12.93649960,12.30000019,12.53400040,12.49515820,416820000
2020-11-02,12.65775013,12.83675003,12.39500046,12.58075047,12.54176426,299652000
2020-11-03,12.70849991,13.10499954,12.60274982,13.01949978,12.97915554,272900000
2020-11-04,13.38924980,13.82750034,13.33699989,13.79424953,13.75150299,410228000
2020-11-05,14.16250038,14.33899975,13.99100018,14.15999985,14.11612225,319028000
2020-11-06,14.10974979,14.58874989,13.89500046,14.56200027,14.51687622,383348000
2020-11-09,14.55249977,14.69149971,13.61075020,13.63074970,13.58850861,582976000
2020-11-10,13.60649967,13.60649967,12.62825012,12.77000046,12.73042774,644068000
2020-11-11,13.05375004,13.43500042,12.94824982,13.41800022,13.37642097,404744000
2020-11-12,13.47900009,13.76599979,13.31599998,13.45674992,13.41504955,365812000
2020-11-13,13.62724972,13.66874981,13.05924988,13.29699993,13.25579453,346312000
2020-11-16,13.17249966,13.64949989,13.15600014,13.51525021,13.47336674,413776000
2020-11-17,13.55249977,13.59624958,13.30375004,13.42224979,13.38065529,312028000
2020-11-18,13.46525002,13.60575008,13.18500042,13.42875004,13.38713551,510924000
2020-11-19,13.21275043,13.48750019,13.10000038,13.44025040,13.39860249,565936000
2020-11-20,13.45400047,13.49450016,13.06499958,13.08775043,13.04719353,341088000
2020-11-23,13.17125034,13.38249969,13.01550007,13.14000034,13.09928417,361356000
2020-11-24,13.14249992,13.16199970,12.88500023,12.95775032,12.91759586,346500000
2020-11-25,13.03250027,13.26949978,13.02000046,13.23474979,13.19373894,259916000
2020-11-27,13.37500000,13.40750027,13.17049980,13.26124954,13.22015572,167276000
2020-11-30,13.26500034,13.41250038,12.97224998,13.40149975,13.35997009,286952000
2020-12-01,13.49225044,13.52875042,13.22824955,13.39000034,13.34850693,296948000
2020-12-02,13.35050011,13.67350006,13.23425007,13.54450035,13.50252914,283360000
2020-12-03,13.58749962,13.65999985,13.32900047,13.39599991,13.35843277,199520000
2020-12-04,13.44849968,13.56000042,13.38875008,13.55825043,13.52022839,202244000
2020-12-07,13.60124969,13.73124981,13.50000000,13.60674953,13.56859303,223244000
2020-12-08,13.58500004,13.59875011,13.28149986,13.35000038,13.31256294,271920000
2020-12-09,13.30049992,13.41399956,12.86824989,12.93074989,12.89448643,401300000
2020-12-10,12.86900043,13.06875038,12.84949970,12.97224998,12.93587303,207764000
2020-12-11,12.96724987,13.02000046,12.82299995,13.01325035,12.97675800,209264000
2020-12-14,13.08800030,13.38875008,13.07750034,13.30875015,13.27142906,270156000
2020-12-15,13.43974972,13.46399975,13.18675041,13.36050034,13.32303238,193016000
2020-12-16,13.42249966,13.43725014,13.21249962,13.24250031,13.20536613,223116000
2020-12-17,13.36674976,13.37950039,13.17850018,13.34125042,13.30383778,231384000
2020-12-18,13.37899971,13.40499973,13.07050037,13.27200031,13.23478222,342064000
2020-12-21,13.07474995,13.36999989,12.96749973,13.33224964,13.29486275,302332000
2020-12-22,13.31925011,13.33724976,13.05399990,13.27824974,13.24101257,185580000
2020-12-23,13.25599957,13.27499962,13.00500011,13.00924969,12.97276783,179144000
2020-12-24,13.03724957,13.13249969,12.93875027,12.99374962,12.95731163,97884000
2020-12-28,13.06250000,13.06250000,12.76325035,12.89999962,12.86382484,212564000
2020-12-29,12.92500019,13.07250023,12.84224987,12.94324970,12.90695190,170372000
2020-12-30,12.99024963,13.21374989,12.89675045,13.14575005,13.10888767,225396000
2020-12-31,13.13650036,13.15100002,12.91499996,13.05500031,13.01839161,192424000
2021-01-04,13.10424995,13.65250015,12.96249962,13.11349964,13.07672596,560640000
2021-01-05,13.09974957,13.44349957,13.08699989,13.40474987,13.36715889,322760000
2021-01-06,13.22249985,13.24499989,12.58600044,12.61450005,12.57912350,580424000
2021-01-07,12.96749973,13.37775040,12.88650036,13.34399986,13.30657864,461480000
2021-01-08,13.36250019,13.42099953,13.04199982,13.27674961,13.23951817,292528000
2021-01-11,13.41874981,13.96100044,13.36250019,13.62150002,13.58330250,518344000
2021-01-12,13.75249958,13.75450039,13.34500027,13.48474979,13.44693661,291476000
2021-01-13,13.48999977,13.62500000,13.38500023,13.53174973,13.49380207,210028000
2021-01-14,13.57499981,13.59974957,13.18050003,13.20024967,13.16323376,283120000
2021-01-15,13.22799969,13.32524967,12.84850025,12.85949993,12.82343960,277780000
2021-01-19,13.01624966,13.09399986,12.84399986,13.02525043,12.98872089,226188000
2021-01-20,13.11174965,13.43050003,13.05675030,13.36575031,13.32826996,258572000
2021-01-21,13.41849995,13.99925041,13.25300026,13.86750031,13.82861137,337780000
2021-01-22,13.73999977,13.84175014,13.62724972,13.71249962,13.67404461,246820000
2021-01-25,13.78174973,13.82849979,13.23649979,13.65324974,13.61496067,251112000
2021-01-26,13.58049965,13.64474964,13.38749981,13.43525028,13.39757442,163980000
2021-01-27,13.22999954,13.23274994,12.79374981,12.91775036,12.88152695,371272000
2021-01-28,12.99625015,13.33975029,12.96049976,13.05099964,13.01440144,228316000
2021-01-29,13.07499981,13.33475018,12.91149998,12.98974991,12.95332050,271552000
2021-02-01,13.05325031,13.27075005,12.90275002,13.23700047,13.19988060,217204000
2021-02-02,13.39875031,13.57199955,13.28549957,13.55675030,13.51873302,220440000
2021-02-03,13.63599968,13.93175030,13.51650047,13.53050041,13.49255562,245408000
2021-02-04,13.53100014,13.67350006,13.33775043,13.66425037,13.62593269,201340000
2021-02-05,13.72500038,13.73725033,13.54574966,13.59099960,13.55288792,169152000
2021-02-08,13.72725010,14.47375011,13.72725010,14.43875027,14.39826012,434624000
2021-02-09,14.34074974,14.58325005,14.22249985,14.26325035,14.22325230,287560000
2021-02-10,14.46325016,14.90499973,14.34150028,14.76424980,14.72284603,485352000
2021-02-11,14.98025036,15.27225018,14.92500019,15.25074959,15.20798302,450828000
2021-02-12,15.05000019,15.29125023,14.77499962,14.96125031,14.91929531,374756000
2021-02-16,15.06424999,15.37250042,14.94999981,15.33024979,15.28726101,321960000
2021-02-17,15.17099953,15.22350025,14.77999973,14.90600014,14.86419868,274756000
2021-02-18,14.72900009,14.87325001,14.57499981,14.82900047,14.78741741,233868000
2021-02-19,15.02449989,15.17700005,14.84675026,14.92650032,14.88464069,271724000
2021-02-22,14.77474976,15.13325024,14.32499981,14.35575008,14.31549358,325884000
2021-02-23,14.07524967,14.23875046,13.38949966,14.14200020,14.10233974,391780000
2021-02-24,14.12275028,14.50675011,13.75599957,14.49899960,14.45833969,448320000
2021-02-25,14.04549980,14.37475014,13.21625042,13.30749989,13.27018070,824436000
2021-02-26,13.75249958,13.85449982,13.36100006,13.71450043,13.67604065,500932000
2021-03-01,13.87500000,13.92500019,13.55325031,13.84175014,13.80293560,353184000
2021-03-02,13.89999962,13.92049980,13.39599991,13.40625000,13.36865616,264116000
2021-03-03,13.42625046,13.45149994,12.79874992,12.80475044,12.76884270,377592000
2021-03-04,12.80074978,12.97500038,12.08374977,12.37024975,12.33556080,573344000
2021-03-05,12.55000019,12.55000019,11.67924976,12.46150017,12.42655468,542840000
2021-03-08,12.44999981,12.47124958,11.56649971,11.59325027,11.56074047,543112000
2021-03-09,12.13024998,12.61674976,12.05924988,12.52025032,12.48944950,521824000
2021-03-10,12.84049988,12.97999954,12.45750046,12.46825027,12.43757915,384376000
2021-03-11,12.94999981,13.04625034,12.73449993,12.99349976,12.96153450,299916000
2021-03-12,12.64824963,12.88875008,12.59000015,12.85599995,12.82437229,243964000
2021-03-15,12.86474991,13.20674992,12.76725006,13.19124985,13.15879726,221988000
2021-03-16,13.35649967,13.51249981,13.11674976,13.29125023,13.25855160,272128000
2021-03-17,13.03975010,13.45324993,12.98950005,13.34125042,13.30843067,243864000
2021-03-18,13.13650036,13.18400002,12.71700001,12.72249985,12.69120026,293896000
2021-03-19,12.75000000,12.92150021,12.61250019,12.84574986,12.81414795,299208000
2021-03-22,12.91275024,13.39449978,12.90674973,13.18624973,13.15380955,297804000
2021-03-23,13.25424957,13.34449959,13.02124977,13.07075024,13.03859520,222048000
2021-03-24,13.15124989,13.15925026,12.63675022,12.64299965,12.61189747,245840000
2021-03-25,12.49950027,12.71475029,12.27200031,12.53524971,12.50441170,295144000
2021-03-26,12.55449963,12.85624981,12.37349987,12.83924961,12.80766392,363968000
2021-03-29,12.82024956,13.06250000,12.69999981,12.94824982,12.91639709,273520000
2021-03-30,12.84200001,12.97525024,12.70499992,12.87174988,12.84008217,200204000
2021-03-31,13.01550007,13.47049999,12.98250008,13.34825039,13.31541157,314776000
2021-04-01,13.57225037,13.86999989,13.51124954,13.81175041,13.77777100,308276000
2021-04-05,13.86750031,14.01399994,13.73299980,13.98750019,13.95308971,255672000
2021-04-06,13.99975014,14.05424976,13.77350044,13.86149979,13.82739830,191744000
2021-04-07,13.88074970,14.24349976,13.71150017,14.14350033,14.10870552,251284000
2021-04-08,14.25275040,14.47150040,14.24899960,14.31700039,14.28177738,244416000
2021-04-09,14.21399975,14.40799999,14.17500019,14.39999962,14.36457539,195172000
2021-04-12,14.28975010,15.35249996,14.13924980,15.20899963,15.17158508,869324000
2021-04-13,15.23149967,15.69999981,15.12574959,15.67949963,15.64092541,676212000
2021-04-14,15.62500000,15.72049999,15.22749996,15.27700043,15.23941803,385500000
2021-04-15,15.66250038,16.21425056,15.63150024,16.13725090,16.09755325,598480000
2021-04-16,16.05299950,16.16575050,15.86524963,15.91250038,15.87335300,335208000
2021-04-19,15.53649998,15.80749989,15.23299980,15.36174965,15.32395744,404420000
2021-04-20,15.32324982,15.49699974,14.96300030,15.17125034,15.13392830,334132000
2021-04-21,15.11874962,15.36250019,15.10225010,15.36050034,15.32271194,216776000
2021-04-22,15.37500000,15.43850040,14.78349972,14.85025024,14.81371593,277788000
2021-04-23,14.93424988,15.33500004,14.90025043,15.26525021,15.22769642,227500000
2021-04-26,15.18500042,15.47900009,15.12500000,15.47799969,15.43992233,197796000
2021-04-27,15.57849979,15.67049980,15.35449982,15.38175011,15.34390926,164572000
2021-04-28,15.36450005,15.53225040,15.21549988,15.27674961,15.23916721,209416000
2021-04-29,15.39999962,15.43649960,15.07149982,15.32474995,15.28705120,173196000
2021-04-30,15.17450047,15.36499977,14.99699974,15.00949955,14.97257614,201912000
2021-05-03,15.12500000,15.24674988,14.78750038,14.83675003,14.80025291,203912000
2021-05-04,14.63724995,14.63749981,14.01025009,14.35124969,14.31594563,405324000
2021-05-05,14.70899963,14.81350040,14.38749981,14.45849991,14.42292881,292024000
2021-05-06,14.49524975,14.57124996,14.21800041,14.52299976,14.48727131,193380000
2021-05-07,14.80825043,14.97074986,14.67175007,14.81225014,14.77581215,229328000
2021-05-10,14.78724957,14.80599976,14.25000000,14.26574993,14.23065662,268904000
2021-05-11,13.82499981,14.35474968,13.75000000,14.30624962,14.27105427,285584000
2021-05-12,14.00949955,14.26025009,13.70925045,13.75850010,13.72465420,303408000
2021-05-13,14.03374958,14.08075047,13.45899963,13.66524982,13.63163280,285404000
2021-05-14,13.89000034,14.32800007,13.74849987,14.24300003,14.20796013,258616000
2021-05-17,14.15699959,14.16924953,13.85350037,14.16549969,14.13065243,216980000
2021-05-18,14.26700020,14.40425014,14.00399971,14.01574993,13.98126984,186256000
2021-05-19,13.56649971,14.07950020,13.54325008,14.06575012,14.03114700,344000000
2021-05-20,14.30249977,14.68375015,14.27050018,14.61250019,14.57655334,321592000
2021-05-21,15.16374969,15.22200012,14.86950016,14.99174976,14.95487022,672992000
2021-05-24,15.21249962,15.74499989,15.17599964,15.61200047,15.57359314,554816000
2021-05-25,15.76599979,15.81849957,15.48250008,15.64774990,15.60925388,435408000
2021-05-26,15.73425007,15.79374981,15.58625031,15.69999981,15.66137505,370440000
2021-05-27,15.69974995,15.75000000,15.46000004,15.48799992,15.44989681,581476000
2021-05-28,15.50100040,16.27750015,15.50100040,16.24449921,16.20453453,644536000
2021-06-01,16.27000046,16.38825035,15.90324974,16.26449966,16.22448921,472804000
2021-06-02,16.25225067,16.91875076,16.23550034,16.77824974,16.73697662,594168000
2021-06-03,16.70075035,17.25900078,16.58300018,16.96974945,16.92800140,580008000
2021-06-04,17.11249924,17.66099930,17.09550095,17.57825089,17.53499985,617120000
2021-06-07,17.57125092,17.81250000,17.19275093,17.61899948,17.57565689,575756000
2021-06-08,17.52725029,17.62150002,17.25099945,17.45700073,17.41405487,323848000
2021-06-09,17.51575089,17.57500076,17.25575066,17.35824966,17.31951523,381656000
2021-06-10,17.35000038,17.49200058,17.17600060,17.42499924,17.38611603,287772000
2021-06-11,17.47949982,17.93925095,17.44375038,17.82525063,17.78547096,416308000
2021-06-14,17.90600014,18.03949928,17.66275024,18.01874924,17.97854233,321376000
2021-06-15,17.91500092,18.01625061,17.72800064,17.78849983,17.74880219,243032000
2021-06-16,17.79075050,17.95475006,17.58449936,17.81024933,17.77050209,307124000
2021-06-17,17.77449989,18.83499908,17.75625038,18.65724945,18.61561394,809656000
2021-06-18,18.78400040,19.37500000,18.58399963,18.63875008,18.59715843,968856000
2021-06-21,18.43524933,18.53650093,17.82275009,18.42724991,18.38612747,672384000
2021-06-22,18.47150040,18.96375084,18.38599968,18.88674927,18.84460831,580144000
2021-06-23,19.00774956,19.15275002,18.90774918,19.05724907,19.01472282,332356000
2021-06-24,19.22775078,19.42000008,19.08824921,19.20549965,19.16264343,320924000
2021-06-25,19.28050041,19.34550095,18.89450073,19.03100014,18.98853111,278364000
2021-06-28,19.36124992,20.07875061,19.31900024,19.98500061,19.94040489,495436000
2021-06-29,19.88249969,20.09874916,19.65699959,20.02675056,19.98205948,367632000
2021-06-30,19.99925041,20.16250038,19.86375046,20.00250053,19.95786476,326568000
2021-07-01,20.12500000,20.45599937,20.01899910,20.21199989,20.16689491,480136000
2021-07-02,20.44025040,20.50525093,20.28775024,20.48699951,20.44127846,342764000
2021-07-06,20.73749924,20.84199905,20.35025024,20.69849968,20.65230942,446708000
2021-07-07,20.85350037,20.87500000,20.33200073,20.37174988,20.32629204,418428000
2021-07-08,19.85650063,20.13299942,19.70075035,19.90275002,19.85833549,503300000
2021-07-09,19.96249962,20.08024979,19.75424957,20.05024910,20.00550461,296624000
2021-07-12,20.23999977,20.53274918,20.18774986,20.51250076,20.46672821,321984000
2021-07-13,20.40049934,20.46125031,20.11400032,20.25000000,20.20481491,290708000
2021-07-14,20.35774994,20.41774940,19.75275040,19.84149933,19.79722214,380100000
2021-07-15,19.81175041,19.84700012,18.85849953,18.96624947,18.92392731,550564000
2021-07-16,19.03050041,19.15699959,18.07299995,18.16099930,18.12047005,688224000
2021-07-19,17.91525078,19.04199982,17.86549950,18.77975082,18.73784447,749060000
2021-07-20,18.72999954,18.83799934,18.16399956,18.61199951,18.57046700,434687000
2021-07-21,18.88199997,19.52700043,18.74200058,19.40999985,19.36669159,371017000
2021-07-22,19.64200020,19.88699913,19.27599907,19.59399986,19.55027390,323826000
2021-07-23,19.65600014,19.70000076,19.25000000,19.55800056,19.51435471,195672000
2021-07-26,19.31100082,19.44199944,18.91399956,19.29400063,19.25094795,203943000
2021-07-27,19.26499939,19.62199974,18.74099922,19.20800018,19.16514015,248863000
2021-07-28,19.31900024,19.64599991,18.99500084,19.50300026,19.45947456,202191000
2021-07-29,19.51899910,19.85300064,19.32799911,19.66200066,19.61812782,190781000
2021-07-30,19.41799927,19.62999916,19.26300049,19.49900055,19.45548820,183497000
2021-08-02,19.70000076,19.96100044,19.36100006,19.75000000,19.70592499,217444000
2021-08-03,19.73999977,20.22200012,19.21999931,19.81500053,19.77078247,301811000
2021-08-04,19.98999977,20.31800079,19.82799911,20.27400017,20.22875595,231309000
2021-08-05,20.50000000,20.73299980,20.34199905,20.63699913,20.59094810,211435000
2021-08-06,20.52400017,20.56999969,20.20999908,20.36599922,20.32055473,178497000
2021-08-09,20.44599915,20.50799942,20.14299965,20.29500008,20.24971390,146443000
2021-08-10,20.32200050,20.43000031,19.83499908,19.93600082,19.89151382,179238000
2021-08-11,20.04299927,20.04899979,19.43000031,19.69899940,19.65503883,185925000
2021-08-12,19.87000084,20.02899933,19.62000084,19.90500069,19.86058235,151652000
2021-08-13,19.90500069,20.21400070,19.85099983,20.18799973,20.14295197,183063000
2021-08-16,20.13500023,20.28700066,19.45299911,19.95000076,19.90547943,210876000
2021-08-17,19.68499947,19.77000046,19.26700020,19.45800018,19.41457939,204585000
2021-08-18,19.50000000,19.63400078,19.00000000,19.04000092,18.99751472,285913000
2021-08-19,19.49399948,20.49500084,18.76199913,19.79800034,19.75382233,766555000
2021-08-20,19.99099922,20.86499977,19.93300056,20.81599998,20.76954842,675741000
2021-08-23,20.97100067,21.99699974,20.95000076,21.95800018,21.90899658,575807000
2021-08-24,21.75300026,21.95899963,21.53499985,21.79299927,21.74436760,297299000
2021-08-25,21.73699951,22.46999931,21.72200012,22.21299934,22.16343117,347701000
2021-08-26,22.20000076,22.34000015,21.79000092,22.06800079,22.01875114,237940000
2021-08-27,22.18400002,22.72200012,22.16699982,22.63599968,22.58548927,304722000
2021-08-30,22.82999992,23.04299927,22.55100060,22.68799973,22.63737488,262580000
2021-08-31,22.69499969,22.69499969,22.12000084,22.38500023,22.33898544,259850000
2021-09-01,22.48500061,22.69700050,22.35700035,22.44099998,22.39487076,201767000
2021-09-02,22.51799965,22.59300041,22.29500008,22.39599991,22.34996414,187834000
2021-09-03,22.32500076,22.98600006,22.20000076,22.84300041,22.79604721,280532000
2021-09-07,22.83300018,22.89900017,22.52199936,22.66200066,22.61541748,198107000
2021-09-08,22.51300049,22.61000061,21.97699928,22.33900070,22.29308701,254434000
2021-09-09,22.31200027,22.53800011,22.13100052,22.17700005,22.13141441,196856000
2021-09-10,22.34799957,22.62599945,22.27000046,22.47800064,22.43179321,248376000
2021-09-13,22.68400002,22.96400070,21.85799980,22.15200043,22.10646820,297500000
2021-09-14,22.27499962,22.40999985,22.08600044,22.24200058,22.19628143,199755000
2021-09-15,22.30900002,22.36700058,21.96599960,22.34099960,22.29507828,166538000
2021-09-16,22.18300056,22.27700043,21.92700005,22.24200058,22.19628143,156033000
2021-09-17,22.29999924,22.32099915,21.82999992,21.89999962,21.85498428,294503000
2021-09-20,21.14599991,21.43300056,20.66200066,21.11300087,21.06960297,349440000
2021-09-21,21.41699982,21.42499924,20.95000076,21.24600029,21.20232773,204688000
2021-09-22,21.36599922,21.95999908,21.19599915,21.94099998,21.89589882,268726000
2021-09-23,22.13999939,22.53499985,21.88999939,22.48200035,22.43578529,248555000
2021-09-24,22.06999969,22.14900017,21.86100006,22.08099937,22.03560829,217655000
2021-09-27,21.70999908,21.79899979,21.32500076,21.65999985,21.61547470,245215000
2021-09-28,21.21400070,21.41900063,20.65099907,20.69899940,20.65645027,343069000
2021-09-29,20.94000053,21.01700020,20.46699905,20.51700020,20.47482491,218394000
2021-09-30,20.76799965,21.06599998,20.68799973,20.71599960,20.67342186,221009000
2021-10-01,20.75000000,20.85899925,20.20299911,20.74200058,20.69936562,240978000
2021-10-04,20.50399971,20.54199982,19.55500031,19.73200035,19.69144249,345635000
2021-10-05,19.95000076,20.64800072,19.85400009,20.45100021,20.40896416,279282000
2021-10-06,20.12000084,20.71999931,20.07999992,20.70000076,20.65744972,297202000
2021-10-07,21.09199905,21.32200050,20.97200012,21.07500076,21.03168488,256919000
2021-10-08,21.10099983,21.20599937,20.77499962,20.83099937,20.78817940,151258000
2021-10-11,20.57500076,21.06299973,20.51099968,20.69499969,20.65245819,163388000
2021-10-12,20.82799911,21.05699921,20.52799988,20.67099953,20.62851143,162134000
2021-10-13,20.91799927,20.98999977,20.71299934,20.93899918,20.89595795,180652000
2021-10-14,21.28800011,21.75499916,21.12199974,21.74600029,21.70130157,243589000
2021-10-15,21.80999947,21.93099976,21.66200066,21.86199951,21.81706047,226994000
2021-10-18,21.74900055,22.29100037,21.64399910,22.22200012,22.17632103,189494000
2021-10-19,22.27599907,22.37899971,22.03700066,22.29000092,22.24418449,161473000
2021-10-20,22.30500031,22.43300056,21.98200035,22.10300064,22.05756760,146276000
2021-10-21,22.09700012,22.71100044,22.08300018,22.69199944,22.64535141,187590000
2021-10-22,22.82299995,23.12999916,22.56100082,22.72599983,22.67928505,249384000
2021-10-25,22.97299957,23.35499954,22.77000046,23.16600037,23.11838150,230235000
2021-10-26,23.98900032,25.25900078,23.92399979,24.71699905,24.66618729,485898000
2021-10-27,24.47400093,25.09000015,24.28199959,24.45100021,24.40073967,245990000
2021-10-28,24.87800026,24.95000076,24.52300072,24.94099998,24.88973045,234204000
2021-10-29,25.00099945,25.70899963,25.00000000,25.56699944,25.51444244,292503000
2021-11-01,25.64900017,25.89399910,25.22699928,25.82699966,25.77391052,265740000
2021-11-02,25.82200050,26.67799950,25.79999924,26.40099907,26.34673309,294112000
2021-11-03,26.67000008,26.78400040,26.23500061,26.59799957,26.54332733,239910000
2021-11-04,27.22900009,31.36499977,27.11800003,29.80100060,29.73974419,1153631000
2021-11-05,30.18700027,31.39999962,29.40999985,29.75200081,29.69084358,851260000
2021-11-08,30.14900017,31.10000038,29.90699959,30.80400085,30.74068069,503101000
2021-11-09,32.28200150,32.31000137,29.96400070,30.65699959,30.59398460,646746000
2021-11-10,29.35600090,30.85000038,28.77799988,29.45899963,29.39844513,636206000
2021-11-11,30.46800041,30.59000015,29.77700043,30.38999939,30.32752991,332172000
2021-11-12,30.01000023,30.68000031,29.62999916,30.38999939,30.32752991,413054000
2021-11-15,30.55200005,30.64399910,29.24699974,30.02499962,29.96328163,384909000
2021-11-16,29.75900078,30.38999939,29.70599937,30.20299911,30.14091873,264484000
2021-11-17,30.41799927,30.50900078,28.79999924,29.26099968,29.20084953,428508000
2021-11-18,32.36700058,32.75999832,31.32099915,31.67499924,31.60989571,781711000
2021-11-19,32.24300003,33.08800125,31.90500069,32.98500061,32.91719818,533867000
2021-11-22,33.51699829,34.64699936,31.89999962,31.95599937,31.89031410,754335000
2021-11-23,31.53499985,32.36000061,30.87999916,31.74600029,31.68074799,532163000
2021-11-24,31.46100044,32.85499954,30.92799950,32.67399979,32.60683441,435162000
2021-11-26,32.59999847,32.70999908,31.35000038,31.50300026,31.43824387,283069000
2021-11-29,32.36600113,33.41199875,32.03599930,33.37599945,33.30739594,454964000
2021-11-30,33.16899872,33.35300064,31.86400032,32.67599869,32.60882187,622066000
2021-12-01,33.21900177,33.28900146,31.37999916,31.43499947,31.37422180,484368000
2021-12-02,31.21400070,32.47800064,31.02499962,32.12599945,32.06388474,472890000
2021-12-03,32.00000000,32.12900162,30.12999916,30.69300079,30.63366127,544325000
2021-12-06,29.87999916,30.24099922,28.03800011,30.03700066,29.97892761,658938000
2021-12-07,30.95700073,32.44900131,30.65099907,32.42699814,32.36430359,593053000
2021-12-08,31.99900055,32.29000092,31.42099953,31.82600021,31.76446915,475551000
2021-12-09,31.73399925,32.20500183,30.42799950,30.48999977,30.43105316,488507000
2021-12-10,31.14999962,31.30500031,29.86100006,30.19799995,30.13961601,488825000
2021-12-13,30.24900055,30.29400063,28.11599922,28.16099930,28.10655212,598344000
2021-12-14,27.69899940,28.67799950,27.25000000,28.33699989,28.28221321,667035000
2021-12-15,28.39999962,30.50000000,27.83799934,30.45899963,30.40011215,698297000
2021-12-16,31.15200043,31.15999985,28.09300041,28.38699913,28.33211708,707366000
2021-12-17,27.98500061,28.92200089,27.76000023,27.80100060,27.74725151,713758000
2021-12-20,27.30500031,28.14399910,27.14500046,27.71899986,27.66541100,461847000
2021-12-21,28.37400055,29.12000084,27.40099907,29.07500076,29.01878738,524385000
2021-12-22,28.89100075,29.55500031,28.44899940,29.39999962,29.34316063,395184000
2021-12-23,29.75499916,30.05900002,29.43099976,29.63999939,29.58269310,343022000
2021-12-27,29.65999985,31.08699989,29.63999939,30.94499969,30.88516998,403686000
2021-12-28,31.31200027,31.32999992,30.01199913,30.32200050,30.26337814,420591000
2021-12-29,30.27300072,30.54800034,29.36599922,30.00099945,29.94299889,343139000
2021-12-30,29.82699966,30.45700073,29.54000092,29.58600044,29.52879906,308864000
2021-12-31,29.67399979,30.03000069,29.33099937,29.41099930,29.35414124,266530000
2022-01-03,29.81500053,30.71100044,29.78499985,30.12100029,30.06276512,391547000
2022-01-04,30.27700043,30.46800041,28.34900093,29.29000092,29.23337364,527154000
2022-01-05,28.94899940,29.41600037,27.53300095,27.60400009,27.55063248,498064000
2022-01-06,27.63999939,28.43799973,27.06500053,28.17799950,28.12352180,454186000
2022-01-07,28.14100075,28.42200089,27.05699921,27.24699974,27.19432068,409939000
2022-01-10,26.58099937,27.46899986,25.64399910,27.39999962,27.34702682,594681000
2022-01-11,27.32299995,28.06500053,26.83900070,27.81699944,27.76321793,404089000
2022-01-12,28.06699944,28.59499931,27.60799980,27.99900055,27.94486618,383413000
2022-01-13,28.37899971,28.47999954,26.49799919,26.57500076,26.52362633,540171000
2022-01-14,26.29999924,27.19700050,26.20999908,26.94199944,26.88991165,395832000
2022-01-18,26.26000023,26.63800049,25.77000046,25.90299988,25.85291862,424270000
2022-01-19,26.07900047,26.54299927,25.05200005,25.06699944,25.01853752,488315000
2022-01-20,25.30400085,25.57900047,24.07799911,24.14999962,24.10330582,435181000
2022-01-21,23.50699997,24.82299995,23.26300049,23.37400055,23.32881355,718958000
2022-01-24,22.32999992,23.37999916,20.88800049,23.37199974,23.32681274,913982000
2022-01-25,22.54599953,22.94300079,22.00000000,22.32399940,22.28083992,664616000
2022-01-26,23.23999977,24.05699921,22.29999924,22.77199936,22.72797585,755959000
2022-01-27,23.56800079,23.99500084,21.67499924,21.94400024,21.90157700,573353000
2022-01-28,22.01199913,22.85799980,21.29599953,22.84000015,22.79584503,543774000
2022-01-31,23.18199921,24.50900078,23.05200005,24.48600006,24.43866158,564680000
2022-02-01,25.10400009,25.14500046,23.88999939,24.63800049,24.59036446,518925000
2022-02-02,25.79400063,25.81699944,24.55299950,25.24200058,25.19319725,543419000
2022-02-03,24.45800018,25.07699966,23.78000069,23.94799995,23.90169907,410178000
2022-02-04,23.97200012,24.63500023,23.63199997,24.31900024,24.27198219,354829000
2022-02-07,24.37199974,25.18199921,24.20199966,24.72800064,24.68019485,376868000
2022-02-08,24.35899925,25.22999954,23.97999954,25.10799980,25.05945396,410359000
2022-02-09,25.62199974,26.72500038,25.35300064,26.70499992,26.65336990,524282000
2022-02-10,25.99500084,26.92499924,25.60000038,25.82399940,25.77407265,513200000
2022-02-11,25.91600037,26.15200043,23.77300072,23.94899940,23.90269470,605472000
2022-02-14,23.93400002,24.87500000,23.75499916,24.26700020,24.22008324,440424000
2022-02-15,24.94899940,26.54500008,24.78400040,26.49500084,26.44377708,699869000
2022-02-16,26.25900078,26.58200073,25.55200005,26.51099968,26.45974731,732676000
2022-02-17,25.62999916,25.78499985,24.16500092,24.50699997,24.45961952,810595000
2022-02-18,24.66799927,24.98600006,23.10000038,23.64200020,23.59629631,761255000
2022-02-22,23.03499985,24.06399918,23.00000000,23.38999939,23.34477806,633422000
2022-02-23,23.80200005,24.15500069,22.30100060,22.38699913,22.34371376,566511000
2022-02-24,21.01499939,23.79999924,20.88999939,23.74799919,23.70208931,735801000
2022-02-25,23.72100067,24.21699905,23.38100052,24.15699959,24.11029625,528866000
2022-02-28,23.99200058,24.66500092,23.70700073,24.38500023,24.33785057,477319000
2022-03-01,24.29100037,24.37700081,23.13199997,23.47699928,23.43161011,412056000
2022-03-02,23.75600052,24.40900040,23.41500092,24.21999931,24.17728996,389642000
2022-03-03,24.26199913,24.32600021,23.46899986,23.71400070,23.67218399,365095000
2022-03-04,23.38400078,23.68000031,22.48200035,22.93600082,22.89555931,431415000
2022-03-07,22.81699944,23.03300095,21.32999992,21.35199928,21.31435013,450821000
2022-03-08,21.30900002,22.37299919,20.64999962,21.51399994,21.47606277,557467000
2022-03-09,22.38699913,23.21999931,22.24699974,23.01399994,22.97341728,492742000
2022-03-10,22.53100014,22.78800011,21.88199997,22.65800095,22.61804962,428066000
2022-03-11,23.02199936,23.14500046,22.04599953,22.10000038,22.06102943,367209000
2022-03-14,21.86899948,22.26199913,21.15900040,21.32999992,21.29238892,385354000
2022-03-15,21.51799965,23.03800011,21.32200050,22.97299957,22.93249321,491996000
2022-03-16,23.50000000,24.59700012,23.17200089,24.49600029,24.45280457,671422000
2022-03-17,24.12000084,24.84199905,23.90600014,24.76600075,24.72233200,471941000
2022-03-18,24.79899979,26.56900024,24.62400055,26.45299911,26.40635300,730719000
2022-03-21,26.50699997,27.15200043,25.96699905,26.73399925,26.68685913,591727000
2022-03-22,26.72699928,27.23800087,26.07200050,26.52400017,26.47722816,547007000
2022-03-23,26.12599945,26.61199951,25.57500076,25.63400078,25.58880043,502120000
2022-03-24,26.16600037,28.31999969,25.90699959,28.14999962,28.10036278,877379000
2022-03-25,27.88599968,28.35799980,27.27099991,27.69199944,27.64316750,579016000
2022-03-28,27.75600052,28.25000000,27.20599937,28.21899986,28.16924286,425494000
2022-03-29,28.69499969,28.94599915,27.97999954,28.65600014,28.60547256,488984000
2022-03-30,28.30400085,28.49600029,27.50300026,27.69000053,27.64117432,463487000
2022-03-31,27.78199959,28.24799919,27.27000046,27.28599930,27.23788452,523440000
2022-04-01,27.37500000,27.49600029,26.26700020,26.71199989,26.66489792,517235000
2022-04-04,26.72800064,27.55800056,26.61300087,27.36000061,27.31175613,397120000
2022-04-05,27.25399971,27.31900024,25.81999969,25.93099976,25.88527298,436615000
2022-04-06,24.93400002,25.29999924,24.00300026,24.40699959,24.36395836,703833000
2022-04-07,24.44099998,24.72200012,23.47800064,24.20800018,24.16531372,557992000
2022-04-08,23.91699982,23.92300034,23.06200027,23.11899948,23.07823563,524781000
2022-04-11,22.21400070,22.31999969,21.65999985,21.91699982,21.87835693,575207000
2022-04-12,22.53700066,22.72500038,21.28199959,21.50399971,21.46607780,662258000
2022-04-13,21.72800064,22.50000000,21.45499992,22.20299911,22.16384888,516943000
2022-04-14,22.50499916,22.77700043,21.16300011,21.25799942,21.22051620,569097000
2022-04-18,21.20000076,22.08799934,21.07900047,21.78300095,21.74458885,525701000
2022-04-19,21.71999931,22.37299919,21.31399918,22.19799995,22.15885925,512781000
2022-04-20,22.51700020,22.67000008,21.20000076,21.48200035,21.44412041,468974000
2022-04-21,21.70899963,22.39200020,20.00000000,20.18300056,20.14741135,656209000
2022-04-22,20.30299950,20.48600006,19.50000000,19.51499939,19.48058891,624713000
2022-04-25,19.20199966,19.94499969,19.09600067,19.90200043,19.86690521,641566000
2022-04-26,19.71800041,19.78800011,18.67000008,18.78800011,18.75487328,653143000
2022-04-27,18.59799957,19.16699982,18.29000092,18.41500092,18.38253021,499460000
2022-04-28,18.96699905,20.03700066,18.48999977,19.78199959,19.74712181,570327000
2022-04-29,19.40200043,20.12800026,18.51700020,18.54700089,18.51429939,500435000
2022-05-02,18.54100037,19.57399940,18.39100075,19.53300095,19.49855995,572049000
2022-05-03,19.39999962,19.82500076,19.13299942,19.60199928,19.56744003,475751000
2022-05-04,19.92300034,20.39999962,18.75099945,20.33399963,20.29814529,648855000
2022-05-05,19.86700058,19.92499924,18.50000000,18.84399986,18.81077194,626331000
2022-05-06,18.73600006,19.51199913,17.98999977,18.67499924,18.64206886,633297000
2022-05-09,18.03400040,18.25499916,16.82699966,16.95000076,16.92010880,644455000
2022-05-10,17.68899918,18.19799995,17.02499962,17.59499931,17.56397629,761474000
2022-05-11,17.34700012,17.75300026,16.56800079,16.62999916,16.60067749,670167000
2022-05-12,16.21899986,16.78800011,15.56700039,16.17499924,16.14647675,708728000
2022-05-13,16.78800011,17.92799950,16.59300041,17.70599937,17.67477989,670437000
2022-05-16,17.50900078,17.78800011,17.10600090,17.26399994,17.23355484,521446000
2022-05-17,18.07399940,18.37100029,17.63400078,18.17700005,18.14494896,585830000
2022-05-18,17.70499992,18.11800003,16.86400032,16.93799973,16.90813255,545161000
2022-05-19,16.93700027,17.68700027,16.73399925,17.12400055,17.09380722,621310000
2022-05-20,17.33200073,17.40999985,15.75500011,16.69400024,16.66456223,739105000
2022-05-23,16.27400017,16.91500092,16.17900085,16.89800072,16.86820221,639889000
2022-05-24,16.51000023,16.59700012,15.77999973,16.15399933,16.12551308,588550000
2022-05-25,16.02000046,17.11100006,16.00000000,16.97500038,16.94506454,781132000
2022-05-26,16.03599930,18.09199905,16.02199936,17.85099983,17.81952095,996575000
2022-05-27,18.18600082,18.88100052,18.10000038,18.81100082,18.77783203,738379000
2022-05-31,18.97999954,19.20000076,18.35000038,18.67200089,18.63907242,664100000
2022-06-01,18.72400093,19.05299950,18.12199974,18.31999969,18.28769112,544514000
2022-06-02,18.29199982,19.61899948,18.19799995,19.59199905,19.55745125,648656000
2022-06-03,19.08200073,19.33200073,18.52199936,18.71999931,18.68698883,598779000
2022-06-06,19.13899994,19.33699989,18.56399918,18.78599930,18.75287437,422406000
2022-06-07,18.47200012,19.00000000,18.18799973,18.92600060,18.89262962,388914000
2022-06-08,18.79899979,19.18000031,18.53499985,18.64800072,18.61905289,363252000
2022-06-09,18.48100090,18.93300056,18.04100037,18.04800034,18.01998329,395574000
2022-06-10,17.60000038,17.69700050,16.86899948,16.97400093,16.94765091,465248000
2022-06-13,16.00000000,16.31200027,15.60599995,15.64700031,15.62271214,604153000
2022-06-14,15.73099995,16.06599998,15.41199970,15.83600044,15.81141758,469680000
2022-06-15,16.09499931,16.86800003,15.92599964,16.52700043,16.50134850,563936000
2022-06-16,15.85999966,15.94200039,15.40100002,15.60099983,15.57678318,545749000
2022-06-17,15.64799976,15.99499989,15.32800007,15.88000011,15.85534954,630334000
2022-06-21,16.47500038,17.00799942,16.40699959,16.56599998,16.54028702,483089000
2022-06-22,16.22599983,16.66200066,16.18000031,16.36000061,16.33460617,437135000
2022-06-23,16.51899910,16.58499908,15.85299969,16.22500038,16.19981384,463680000
2022-06-24,16.50000000,17.13999939,16.30999947,17.12599945,17.09941483,472153000
2022-06-27,17.31200027,17.32999992,16.62599945,16.86899948,16.84281158,427968000
2022-06-28,16.89999962,17.20199966,15.94499969,15.98200035,15.95719147,461149000
2022-06-29,15.81400013,15.81999969,15.17000008,15.54199982,15.51787472,482352000
2022-06-30,15.36100006,15.56700039,14.86200047,15.15900040,15.13546944,686070000
2022-07-01,14.89900017,15.06299973,14.39200020,14.52299976,14.50045586,577610000
2022-07-05,14.17500019,14.97099972,14.05500031,14.96399975,14.94077396,651397000
2022-07-06,15.01000023,15.31900024,14.78899956,15.13000011,15.10651493,529066000
2022-07-07,15.45600033,15.94499969,15.38899994,15.85799980,15.83338356,492903000
2022-07-08,15.43000031,16.03700066,15.38899994,15.83800030,15.81341743,467972000
2022-07-11,15.52600002,15.52700043,15.03800011,15.15200043,15.12848091,437321000
2022-07-12,15.26799965,15.43099976,14.87699986,15.08199978,15.05858803,458483000
2022-07-13,14.59000015,15.37500000,14.46500015,15.16399956,15.14045906,521918000
2022-07-14,15.10799980,15.47299957,14.72799969,15.37199974,15.34813786,456235000
2022-07-15,15.65900040,15.78199959,15.44499969,15.76200008,15.73753262,385935000
2022-07-18,16.30200005,16.89699936,16.00200081,16.10099983,16.07600403,670517000
2022-07-19,16.48600006,17.11000061,16.17200089,16.99200058,16.96562576,702366000
2022-07-20,16.94700050,17.93300056,16.80100060,17.80699921,17.77935982,760538000
2022-07-21,17.88500023,18.14399910,17.54500008,18.04999924,18.02197838,557049000
2022-07-22,17.89299965,17.96699905,17.13699913,17.31900024,17.29211807,536671000
2022-07-25,17.01899910,17.12400055,16.64900017,17.02400017,16.99757195,480748000
2022-07-26,16.88899994,16.91900063,16.47800064,16.53300095,16.50733757,397865000
2022-07-27,17.03199959,17.93600082,16.91300011,17.79000092,17.76238823,569776000
2022-07-28,17.97500038,18.13999939,17.44000053,17.98399925,17.95608139,474646000
2022-07-29,17.81299973,18.24399948,17.69199944,18.16300011,18.13480568,435460000
2022-08-01,18.18199921,18.84600067,17.98999977,18.44099998,18.41237068,476469000
2022-08-02,18.12199974,18.93799973,18.09199905,18.52599907,18.49724388,489527000
2022-08-03,18.18400002,18.96800041,18.13699913,18.89299965,18.86367226,418146000
2022-08-04,18.84900093,19.27400017,18.76000023,19.21500015,19.18517303,409652000
2022-08-05,18.80999947,19.22900009,18.66600037,18.98900032,18.95952988,386068000
2022-08-08,17.50200081,18.23900032,17.24200058,17.79299927,17.76538086,981859000
2022-08-09,17.25200081,17.44700050,16.72400093,17.08600044,17.05947876,668263000
2022-08-10,17.69799995,18.11800003,17.31699944,18.09700012,18.06890869,597422000
2022-08-11,18.13100052,18.70700073,17.87599945,17.94199944,17.91414833,509327000
2022-08-12,18.15999985,18.71800041,17.95299911,18.70899963,18.67995834,478094000
2022-08-15,18.70100021,19.16399956,18.61300087,19.03199959,19.00245857,457666000
2022-08-16,18.92000008,19.14200020,18.50099945,18.87899971,18.84969521,451240000
2022-08-17,18.52300072,18.68799973,18.14500046,18.33499908,18.30653954,446799000
2022-08-18,18.30100060,18.86499977,18.18300056,18.77300072,18.74385834,415447000
2022-08-19,18.40600014,18.52000046,17.77000046,17.84900093,17.82129478,441588000
2022-08-22,17.48999977,17.55800056,16.96599960,17.03400040,17.00756073,409593000
2022-08-23,16.98900032,17.46500015,16.96999931,17.18099976,17.15433121,369986000
2022-08-24,17.01199913,17.40600014,16.89500046,17.22200012,17.19526672,522661000
2022-08-25,16.84399986,17.94700050,16.83300018,17.91300011,17.88519096,770691000
2022-08-26,17.85700035,17.92399979,16.23699951,16.26000023,16.23475838,769127000
2022-08-29,16.02000046,16.33799934,15.76700020,15.80099964,15.77647305,496132000
2022-08-30,15.96000004,16.03899956,15.18200016,15.46800041,15.44398689,530181000
2022-08-31,15.38399982,15.53999996,14.95899963,15.09399986,15.07056999,573710000
2022-09-01,14.20899963,14.38000011,13.27000046,13.93700027,13.91536713,1178865000
2022-09-02,14.10000038,14.17099953,13.59099960,13.64700031,13.62581635,743157000
2022-09-06,13.73099995,13.77900028,13.35099983,13.46500015,13.44409943,535751000
2022-09-07,13.56299973,13.83800030,13.34599972,13.71399975,13.69678116,512657000
2022-09-08,13.45899963,14.00800037,13.36900043,13.98999977,13.97243500,624873000
2022-09-09,14.15699959,14.47399998,14.12600040,14.38700008,14.36893463,486612000
2022-09-12,14.36900043,14.54699993,14.19799995,14.50500011,14.48678684,484159000
2022-09-13,13.80200005,13.92199993,13.09899998,13.13099957,13.11451340,714956000
2022-09-14,13.25399971,13.28999996,12.91300011,13.12800026,13.11151695,588507000
2022-09-15,13.01500034,13.23299980,12.78999996,12.92899990,12.91276741,523625000
2022-09-16,12.74199963,13.21199989,12.61699963,13.19799995,13.18142891,670751000
2022-09-19,13.01200008,13.46300030,13.01000023,13.38199997,13.36519718,569685000
2022-09-20,13.21500015,13.48299980,13.05700016,13.17599964,13.15945625,524818000
2022-09-21,13.21300030,14.03100014,13.10999966,13.26099968,13.24435043,807679000
2022-09-22,13.06999969,13.14900017,12.42800045,12.56099987,12.54522800,759162000
2022-09-23,12.42000008,12.61100006,12.25699997,12.51599979,12.50028610,663309000
2022-09-26,12.49100018,12.65900040,12.21399975,12.22799969,12.21264553,547343000
2022-09-27,12.50699997,12.73600006,12.25800037,12.41300011,12.39741421,553854000
2022-09-28,12.40999985,12.82299995,12.35400009,12.73600006,12.72001076,542414000
2022-09-29,12.44799995,12.50000000,11.94600010,12.22000027,12.20465755,532763000
2022-09-30,12.08699989,12.63300037,12.07499981,12.13899994,12.12375927,565638000
2022-10-03,12.34700012,12.67800045,12.10499954,12.51200008,12.49628925,547478000
2022-10-04,12.87899971,13.22000027,12.87899971,13.16699982,13.15046787,584182000
2022-10-05,12.91100025,13.32100010,12.62100029,13.20899963,13.19241428,507131000
2022-10-06,13.22000027,13.65600014,13.10299969,13.13000011,13.11351490,644157000
2022-10-07,12.50500011,12.67000008,12.02200031,12.07600021,12.06083775,672478000
2022-10-10,12.03699970,12.12399960,11.40799999,11.67000008,11.65534782,698699000
2022-10-11,11.56099987,11.84599972,11.28299999,11.58600044,11.57145405,667482000
2022-10-12,11.57900047,11.73499966,11.34500027,11.50000000,11.48556137,492590000
2022-10-13,10.97099972,12.07800007,10.81299973,11.96000004,11.94498253,850103000
2022-10-14,12.05700016,12.11100006,11.20400047,11.22700024,11.21290302,713432000
2022-10-17,11.51799965,11.94799995,11.51700020,11.88799953,11.87307262,580774000
2022-10-18,12.34399986,12.49199963,11.61800003,11.96700001,11.95197392,659362000
2022-10-19,11.87899971,12.35000038,11.83399963,12.05099964,12.03586864,523131000
2022-10-20,12.11299992,12.76900005,12.10499954,12.19400024,12.17868996,652398000
2022-10-21,12.09799957,12.49800014,11.88700008,12.46599960,12.45034981,609494000
2022-10-24,12.50800037,12.71000004,12.06400013,12.59899998,12.58318138,517457000
2022-10-25,12.69400024,13.30000019,12.66399956,13.26099968,13.24435043,505482000
2022-10-26,12.86900043,13.38799953,12.70800018,12.89599991,12.87980747,532953000
2022-10-27,13.63000011,13.83800030,13.12199974,13.17599964,13.15945625,583113000
2022-10-28,13.10400009,13.85000038,13.06099987,13.83399963,13.81662941,521040000
2022-10-31,13.77799988,13.83800030,13.29699993,13.49699974,13.48005295,486341000
2022-11-01,13.81099987,13.92500019,13.51900005,13.54300022,13.52599621,432817000
2022-11-02,13.85000038,14.21000004,13.21100044,13.21899986,13.20240307,672628000
2022-11-03,13.04300022,13.78100014,12.95600033,13.42099953,13.40414906,500065000
2022-11-04,13.98600006,14.22900009,13.69699955,14.15600014,14.13822651,612576000
2022-11-07,14.22799969,14.41199970,13.95400047,14.30099964,14.28304291,410061000
2022-11-08,14.80099964,14.89099979,14.21599960,14.60200024,14.58366776,595292000
2022-11-09,14.16199970,14.21100044,13.75899982,13.77600002,13.75870132,454414000
2022-11-10,14.80000019,15.77299976,14.54699993,15.75000000,15.73022366,700819000
2022-11-11,15.80700016,16.38899994,15.48200035,16.32699966,16.30650139,655487000
2022-11-14,16.21800041,16.54000092,15.92199993,16.29500008,16.27454567,527852000
2022-11-15,16.72200012,16.99799919,16.38199997,16.66600037,16.64507294,545876000
2022-11-16,16.16200066,16.36199951,15.87300014,15.90999985,15.89002323,649547000
2022-11-17,15.71500015,16.26600075,15.53499985,15.67700005,15.65731525,710894000
2022-11-18,15.96599960,16.00200081,15.11999989,15.40900040,15.38965321,492072000
2022-11-21,15.14700031,15.47700024,15.07999992,15.31700039,15.29776669,404739000
2022-11-22,15.32800007,16.05800056,15.12199974,16.03800011,16.01786423,472866000
2022-11-23,16.09799957,16.52700043,16.04800034,16.51899910,16.49825859,427241000
2022-11-25,16.31800079,16.48699951,16.17200089,16.27000046,16.24957275,167934000
2022-11-28,16.02599907,16.35700035,15.72500038,15.82699966,15.80712605,303741000
2022-11-29,15.82699966,15.93200016,15.52000046,15.63899994,15.61936378,298384000
2022-11-30,15.69699955,16.93000031,15.59700012,16.92300034,16.90607452,565298000
2022-12-01,16.99900055,17.26499939,16.63500023,17.13500023,17.11786461,470977000
2022-12-02,16.65900040,16.93300056,16.44499969,16.87599945,16.85912323,371389000
2022-12-05,16.67900085,16.99500084,16.47200012,16.61000061,16.59338570,352255000
2022-12-06,16.53000069,16.57299995,15.81900024,15.98700047,15.97101307,352694000
2022-12-07,15.77200031,16.18600082,15.66699982,16.12000084,16.10387802,372388000
2022-12-08,16.27300072,17.17900085,15.95899963,17.16900063,17.15182877,515456000
2022-12-09,17.15999985,17.58300018,16.97500038,17.00099945,16.98399734,465338000
2022-12-12,17.03700066,17.53800011,16.79700089,17.53499985,17.51746368,457328000
2022-12-13,18.53100014,18.79000092,17.71100044,18.07200050,18.05393028,656589000
2022-12-14,17.98699951,18.25200081,17.42000008,17.67399979,17.65632820,496888000
2022-12-15,17.14599991,17.31999969,16.70000076,16.95199966,16.93504524,478542000
2022-12-16,16.86400032,17.04100037,16.40999985,16.57099915,16.55442810,478232000
2022-12-19,16.57200050,16.60899925,16.14500046,16.25399971,16.23774529,354039000
2022-12-20,16.06399918,16.30999947,15.85200024,16.08499908,16.06891251,403260000
2022-12-21,16.11400032,16.62700081,16.10199928,16.50099945,16.48449707,325025000
2022-12-22,16.09399986,16.13800049,14.88199997,15.33899975,15.32365894,565045000
2022-12-23,15.19600010,15.33899975,14.88300037,15.20600033,15.19079494,349326000
2022-12-27,15.07400036,15.10000038,14.05599976,14.12100029,14.10687923,464902000
2022-12-28,13.92700005,14.26200008,13.88399982,14.03600025,14.02196217,351066000
2022-12-29,14.40200043,14.68299961,14.22700024,14.60299969,14.58839798,354923000
2022-12-30,14.33399963,14.62899971,14.23299980,14.61400032,14.59938717,310490000
2023-01-03,14.85099983,14.99600029,14.09599972,14.31499958,14.30068302,401277000
2023-01-04,14.56700039,14.85299969,14.24100018,14.74899960,14.73424911,431324000
2023-01-05,14.49100018,14.56400013,14.14799976,14.26500034,14.25073528,389168000
2023-01-06,14.47399998,15.01000023,14.03400040,14.85900021,14.84414101,405044000
2023-01-09,15.28400040,16.05599976,15.14099979,15.62800026,15.61236954,504231000
2023-01-10,15.50699997,15.96199989,15.47200012,15.90900040,15.89308929,384101000
2023-01-11,15.84000015,16.02799988,15.56299973,16.00099945,15.98499775,353285000
2023-01-12,16.10000038,16.63699913,15.49199963,16.51099968,16.49448586,551409000
2023-01-13,16.27799988,16.92200089,16.16500092,16.89900017,16.88210106,447287000
2023-01-17,16.89900017,17.72800064,16.89900017,17.70199966,17.68429756,511102000
2023-01-18,17.66699982,17.87299919,17.28199959,17.37700081,17.35962296,439624000
2023-01-19,17.03599930,17.19700050,16.73100090,16.76499939,16.74823380,452932000
2023-01-20,17.01099968,17.85600090,16.82500076,17.83900070,17.82116127,564967000
2023-01-23,18.06399918,19.24500084,17.81800079,19.19300079,19.17380905,655163000
2023-01-24,18.82699966,19.49500084,18.81999969,19.26499939,19.24573326,496204000
2023-01-25,18.91300011,19.37000084,18.57999992,19.32299995,19.30367661,449537000
2023-01-26,19.70100021,20.16600037,19.27799988,19.80200005,19.78219414,489535000
2023-01-27,19.46199989,20.62800026,19.40500069,20.36499977,20.34463501,542142000
2023-01-30,19.95000076,20.13999939,19.14999962,19.16200066,19.14283562,488611000
2023-01-31,19.17000008,19.68700027,18.95000076,19.53700066,19.51746368,498017000
2023-02-01,19.69099998,21.19199944,19.61100006,20.94300079,20.92205620,660477000
2023-02-02,21.00000000,21.94899940,20.70000076,21.70899963,21.68729019,564276000
2023-02-03,21.00000000,21.74500084,20.78899956,21.10000038,21.07889938,429366000
2023-02-06,20.80599976,21.56999969,20.78599930,21.08900070,21.06791306,452197000
2023-02-07,21.38199997,22.25900078,21.14999962,22.17300034,22.15082550,664150000
2023-02-08,22.38699913,22.87800026,22.00799942,22.20499992,22.18279648,559651000
2023-02-09,22.60600090,23.02000046,22.12000084,22.33699989,22.31466293,523876000
2023-02-10,21.69000053,22.07799911,20.81100082,21.26499939,21.24373055,550737000
2023-02-13,21.53800011,22.04800034,20.96199989,21.78800011,21.76621246,474919000
2023-02-14,21.57799911,23.04899979,21.36599922,22.97100067,22.94803047,675474000
2023-02-15,22.54899979,22.85499954,22.10600090,22.76399994,22.74123573,420575000
2023-02-16,22.13299942,22.54999924,21.92700005,22.00200081,21.97999763,412026000
2023-02-17,21.63100052,21.73999977,20.97500038,21.38800049,21.36660957,465888000
2023-02-21,21.00000000,21.49399948,20.61800003,20.65500069,20.63434601,410015000
2023-02-22,20.70700073,21.10400009,20.42099953,20.75399971,20.73324394,513184000
2023-02-23,23.44000053,23.88800049,23.02499962,23.66399956,23.64033508,1117995000
2023-02-24,23.22500038,23.47400093,22.94700050,23.28599930,23.26270866,589716000
2023-02-27,23.67000008,23.87999916,23.45400047,23.50099945,23.47749329,452994000
2023-02-28,23.37199974,23.82500076,23.20599937,23.21599960,23.19278336,455963000
2023-03-01,23.19199944,23.25600052,22.50799942,22.69799995,22.67529869,460026000
2023-03-02,22.48800087,23.37999916,22.43199921,23.31399918,23.29068375,389415000
2023-03-03,23.31999969,23.89999962,23.12999916,23.88999939,23.86610603,412393000
2023-03-06,23.89100075,24.24799919,23.48699951,23.55400085,23.53044891,437429000
2023-03-07,23.60000038,24.12500000,23.24099922,23.28800011,23.26865959,515154000
2023-03-08,23.48699951,24.20000076,23.42399979,24.18099976,24.16091919,513573000
2023-03-09,24.17499924,24.45400047,23.38299942,23.43600082,23.41653824,501257000
2023-03-10,23.40900040,23.62700081,22.72599983,22.96500015,22.94593048,474866000
2023-03-13,22.75200081,23.29800034,22.29700089,22.96599960,22.94692993,421890000
2023-03-14,23.49600029,24.21899986,23.45999908,24.06299973,24.04302025,474910000
2023-03-15,23.76099968,24.28599930,23.36000061,24.22800064,24.20788193,524486000
2023-03-16,24.02700043,25.58799934,23.89399910,25.54100037,25.51979065,583253000
2023-03-17,25.98200035,26.39900017,25.66799927,25.72500038,25.70363998,848547000
2023-03-20,25.61499977,26.02400017,25.12999916,25.89999962,25.87849426,432747000
2023-03-21,26.18000031,26.39200020,25.38100052,26.19899940,26.17723846,547408000
2023-03-22,26.42499924,27.58900070,26.23699951,26.46800041,26.44602203,797295000
2023-03-23,27.11499977,27.49900055,26.69000053,27.19099998,27.16841888,564889000
2023-03-24,27.03100014,27.16699982,26.35499954,26.77899933,26.75675774,454920000
2023-03-27,26.83699989,27.00000000,26.36499977,26.53100014,26.50897026,361026000
2023-03-28,26.44700050,26.51300049,25.85000038,26.40999985,26.38806725,356104000
2023-03-29,26.82500076,27.07799911,26.59700012,26.98399925,26.96159172,393694000
2023-03-30,27.22900009,27.49900055,27.10199928,27.38299942,27.36025810,364516000
2023-03-31,27.13999939,27.83399963,27.10499954,27.77700043,27.75393295,433933000
2023-04-03,27.50900078,28.00000000,27.33600044,27.96500015,27.94177818,398716000
2023-04-04,27.96599960,28.00000000,27.30699921,27.45299911,27.43020058,368592000
2023-04-05,26.82900047,26.99799919,26.39500046,26.88100052,26.85867691,515015000
2023-04-06,26.58399963,27.07999992,26.42700005,27.03700066,27.01455307,397654000
2023-04-10,26.82299995,27.62100029,26.66900063,27.57900047,27.55610085,395279000
2023-04-11,27.72400093,27.79000092,27.12599945,27.16900063,27.14643669,314378000
2023-04-12,27.37000084,27.46800041,26.44799995,26.49500084,26.47299767,446259000
2023-04-13,26.73399925,26.88699913,26.32900047,26.46299934,26.44102859,353615000
2023-04-14,26.50399971,26.88299942,26.21999931,26.75799942,26.73577690,395660000
2023-04-17,26.56500053,27.00600052,26.43300056,27.00200081,26.97957611,321471000
2023-04-18,27.53300095,28.11000061,27.35700035,27.66699982,27.64402771,604812000
2023-04-19,27.36100006,28.00000000,27.23200035,27.93099976,27.90780640,358660000
2023-04-20,27.67099953,28.03000069,27.00000000,27.10400009,27.08149147,427713000
2023-04-21,26.95199966,27.18300056,26.72200012,27.11899948,27.09648132,345103000
2023-04-24,27.01300049,27.36599922,26.67099953,27.04199982,27.01954842,339282000
2023-04-25,27.07799911,27.24699974,26.22500038,26.24099922,26.21920967,378527000
2023-04-26,27.00200081,27.32999992,26.70499992,26.95599937,26.93361664,406337000
2023-04-27,27.36300087,27.49500084,26.62500000,27.22599983,27.20339203,377161000
2023-04-28,27.22500038,27.75799942,27.07099915,27.74900055,27.72595596,292216000
2023-05-01,27.84000015,29.05800056,27.78000069,28.90999985,28.88599014,570329000
2023-05-02,28.68000031,28.83600044,28.08300018,28.20999908,28.18657112,402730000
2023-05-03,27.84000015,28.36700058,27.47200012,27.80200005,27.77891350,383387000
2023-05-04,27.65099907,27.85899925,27.23999977,27.56200027,27.53911209,321850000
2023-05-05,27.82600021,28.75499916,27.73100090,28.68000031,28.65618324,361494000
2023-05-08,28.52199936,29.21999931,28.35000038,29.15099907,29.12679100,344979000
2023-05-09,28.89900017,28.97299957,28.45000076,28.57099915,28.54727364,314869000
2023-05-10,29.00499916,29.11300087,28.46100044,28.88500023,28.86101151,369350000
2023-05-11,28.89599991,28.95000076,28.24600029,28.57799911,28.55426979,322149000
2023-05-12,28.52899933,28.78000069,28.04599953,28.34000015,28.31646729,274222000
2023-05-15,28.50799942,28.96899986,28.15200043,28.95299911,28.92895317,293926000
2023-05-16,28.84099960,29.87000084,28.83200073,29.21299934,29.18873787,449405000
2023-05-17,29.58399963,30.19899940,29.43000031,30.17799950,30.15293884,432535000
2023-05-18,30.40999985,31.82799911,30.31999969,31.67799950,31.65169716,748725000
2023-05-19,31.53599930,31.57999992,30.91600037,31.26399994,31.23804092,473908000
2023-05-22,30.90099907,31.52000046,30.68000031,31.17600060,31.15011024,372000000
2023-05-23,31.00000000,31.28800011,30.63100052,30.68799973,30.66251755,356253000
2023-05-24,30.20999908,30.60700035,29.80599976,30.53800011,30.51264000,721419000
2023-05-25,38.52299881,39.47999954,36.63499832,37.97999954,37.94845963,1543911000
2023-05-26,37.88999939,39.16999817,37.54999924,38.94599915,38.91365814,714397000
2023-05-30,40.59500122,41.93799973,39.94900131,40.11100006,40.07769012,923401000
2023-05-31,39.48799896,40.29499817,37.82199860,37.83399963,37.80258560,1002580000
2023-06-01,38.48899841,40.04999924,38.34000015,39.77000046,39.73698044,635873000
2023-06-02,40.09700012,40.50000000,39.05799866,39.32699966,39.29433823,482731000
2023-06-05,38.90900040,39.56499863,38.70700073,39.17100143,39.13847733,396094000
2023-06-06,38.83000183,39.15999985,38.14799881,38.65399933,38.62190247,388729000
2023-06-07,38.91500092,39.49900055,37.35599899,37.47499847,37.44775009,511998000
2023-06-08,37.72399902,38.86399841,37.50500107,38.50999832,38.48200607,417772000
2023-06-09,39.03699875,39.71099854,38.56700134,38.77000046,38.74181366,427717000
2023-06-12,39.20000076,39.52999878,38.61800003,39.48199844,39.45329285,388701000
2023-06-13,40.18600082,41.10100174,39.74000168,41.02199936,40.99217224,613208000
2023-06-14,40.82400131,43.00000000,40.55199814,42.99700165,42.96574402,740465000
2023-06-15,42.60200119,43.28900146,42.14699936,42.65299988,42.62199783,568622000
2023-06-16,43.45000076,43.72100067,42.66099930,42.69200134,42.66096497,655709000
2023-06-20,42.99800110,43.99000168,42.67399979,43.80799866,43.77615356,451153000
2023-06-21,43.50099945,43.61500168,42.08000183,43.04499817,43.01370239,551603000
2023-06-22,42.25299835,43.42599869,42.23400116,43.02500153,42.99372101,417737000
2023-06-23,42.46400070,42.80899811,42.01499939,42.20899963,42.17831421,358140000
2023-06-26,42.46099854,42.76399994,40.09999847,40.63199997,40.60245514,594322000
2023-06-27,40.79899979,41.93999863,40.44800186,41.87599945,41.84555435,462175000
2023-06-28,40.65999985,41.84500122,40.51800156,41.11700058,41.08711243,582639000
2023-06-29,41.55799866,41.59999847,40.59999847,40.82199860,40.79232025,380514000
2023-06-30,41.68000031,42.54999924,41.50099945,42.30199814,42.27124405,501148000
2023-07-03,42.51699829,42.89799881,42.20199966,42.41299820,42.38216400,198209000
2023-07-05,42.13499832,43.17699814,42.08499908,42.31700134,42.28623962,323618000
2023-07-06,41.84400177,42.17900085,41.34600067,42.10300064,42.07239532,303582000
2023-07-07,42.32199860,43.21400070,42.18000031,42.50299835,42.47210312,355881000
2023-07-10,42.65700150,42.81100082,41.64899826,42.18000031,42.14933395,353908000
2023-07-11,42.48099899,42.75799942,42.06700134,42.40499878,42.37416458,298244000
2023-07-12,43.03300095,43.93500137,42.77700043,43.90200043,43.87008667,481277000
2023-07-13,44.51800156,46.15499878,44.49200058,45.97700119,45.94357300,478204000
2023-07-14,46.58300018,48.08800125,45.06000137,45.46900177,45.43594742,772075000
2023-07-17,46.28900146,46.49599838,45.26200104,46.46099854,46.42721939,510488000
2023-07-18,46.70100021,47.89599991,45.73400116,47.49399948,47.45947266,569164000
2023-07-19,47.46400070,47.81800079,46.74200058,47.07699966,47.04277420,427502000
2023-07-20,46.50699997,47.08700180,45.06200027,45.52000046,45.48690796,537865000
2023-07-21,45.78799820,45.86600113,44.09999847,44.30899811,44.27678299,963769000
2023-07-24,44.73099899,45.10900116,44.04000092,44.61199951,44.57957077,382516000
2023-07-25,44.94100189,46.18299866,44.92300034,45.67900085,45.64579391,348081000
2023-07-26,46.02099991,46.05300140,44.63000107,45.45199966,45.41895676,364237000
2023-07-27,46.51900101,47.39500046,45.75000000,45.90000153,45.86663437,455976000
2023-07-28,46.66799927,47.02700043,46.38100052,46.75000000,46.71601486,331194000
2023-07-31,46.75400162,47.13000107,46.50600052,46.72900009,46.69503021,251055000
2023-08-01,46.45999908,46.90000153,46.02700043,46.50699997,46.47318649,237858000
2023-08-02,45.83100128,45.84000015,43.38700104,44.26900101,44.23682022,530142000
2023-08-03,43.79999924,45.11800003,43.79999924,44.51499939,44.48263550,324176000
2023-08-04,44.98500061,45.64199829,44.39300156,44.68000031,44.64751816,362666000
2023-08-07,45.11100006,45.54000092,44.56299973,45.41699982,45.38397980,322154000
2023-08-08,44.85300064,45.24200058,44.05599976,44.66400146,44.63153458,353843000
2023-08-09,44.27399826,44.31200027,42.13399887,42.55400085,42.52306366,586449000
2023-08-10,42.15999985,43.57400131,41.83499908,42.38800049,42.35717773,492705000
2023-08-11,41.75099945,42.01800156,40.63899994,40.85499954,40.82529449,533085000
2023-08-14,40.48600006,43.79999924,40.31100082,43.75299835,43.72119141,690286000
2023-08-15,44.56000137,45.26800156,43.70999908,43.93999863,43.90805817,676512000
2023-08-16,44.52000046,44.67499924,43.40599823,43.48600006,43.45438385,527451000
2023-08-17,43.97000122,44.06200027,43.00099945,43.34400177,43.31248856,452395000
2023-08-18,42.63499832,43.57799911,41.65999985,43.29899979,43.26752090,583768000
2023-08-21,44.49399948,47.06499863,44.22200012,46.96699905,46.93285370,692573000
2023-08-22,48.13499832,48.18700027,45.33300018,45.66799927,45.63479614,755293000
2023-08-23,45.86600113,47.20000076,45.20800018,47.11600113,47.08174515,779046000
2023-08-24,50.21599960,50.26599884,47.15900040,47.16299820,47.12871170,1156044000
2023-08-25,47.01200104,47.80500031,45.02399826,46.01800156,45.98454666,925341000
2023-08-28,46.48199844,46.97999954,44.88800049,46.83499908,46.80094910,685192000
2023-08-29,46.66600037,49.08100128,46.39099884,48.78400040,48.74853134,701397000
2023-08-30,49.04399872,49.92699814,48.42499924,49.26399994,49.22818756,735206000
2023-08-31,49.38000107,49.74399948,48.95800018,49.35499954,49.31912231,528570000
2023-09-01,49.76200104,49.79999924,48.14199829,48.50899887,48.47373581,463830000
2023-09-05,48.22299957,48.85100174,47.86000061,48.54800034,48.51270294,382653000
2023-09-06,48.44100189,48.54899979,46.58000183,47.06100082,47.03065872,468670000
2023-09-07,45.52500153,46.34400177,45.15200043,46.24100113,46.21119308,433330000
2023-09-08,45.94200134,46.60599899,45.27099991,45.57199860,45.54261398,473069000
2023-09-11,46.14799881,46.16299820,44.31200027,45.17800140,45.14887238,473966000
2023-09-12,44.73799896,45.67300034,44.53099823,44.86999893,44.84107208,349256000
2023-09-13,44.59999847,45.93000031,44.50299835,45.48500061,45.45567703,398355000
2023-09-14,45.95000076,45.98699951,45.13100052,45.58100128,45.55161285,370097000
2023-09-15,45.34099960,45.59899902,43.80799866,43.90000153,43.87169647,506831000
2023-09-18,42.74800110,44.24200058,42.00000000,43.96599960,43.93765259,500271000
2023-09-19,43.83300018,43.96599960,43.00199890,43.52000046,43.49194336,373064000
2023-09-20,43.59999847,43.90299988,42.22299957,42.23899841,42.21176910,367108000
2023-09-21,41.58300018,42.09999847,40.97999954,41.01699829,40.99055099,450736000
2023-09-22,41.57199860,42.11500168,41.23099899,41.61000061,41.58317947,479236000
2023-09-25,41.59099960,42.53599930,41.17699814,42.22200012,42.19477844,419091000
2023-09-26,42.00099945,42.81999969,41.65499878,41.91099930,41.88398361,402282000
2023-09-27,42.33000183,42.87200165,41.62900162,42.46799850,42.44061661,444935000
2023-09-28,42.45999908,43.44599915,42.11500168,43.08900070,43.06121826,424663000
2023-09-29,43.82699966,44.14400101,43.30699921,43.49900055,43.47095871,397830000
2023-10-02,44.02999878,45.17499924,43.86100006,44.78200150,44.75313187,433298000
2023-10-03,44.80799866,45.13000107,43.24599838,43.51699829,43.48894501,470850000
2023-10-04,43.74200058,44.14300156,43.29199982,44.04100037,44.01261139,361821000
2023-10-05,44.04999924,44.90000153,43.88800049,44.68799973,44.65919113,393483000
2023-10-06,44.19300079,45.78900146,44.02600098,45.76200104,45.73250198,434436000
2023-10-09,44.84199905,45.60499954,44.36800003,45.27299881,45.24381256,409675000
2023-10-10,45.31000137,46.25899887,45.08800125,45.79800034,45.76847076,368582000
2023-10-11,46.19599915,46.85900116,46.04999924,46.80599976,46.77582550,378137000
2023-10-12,46.77700043,47.60900116,46.33000183,46.94499969,46.91473770,481325000
2023-10-13,46.95999908,47.11600113,45.27999878,45.46099854,45.43169022,474115000
2023-10-16,45.06299973,46.22499847,44.91199875,46.09500122,46.06528854,375099000
2023-10-17,44.00000000,44.75400162,42.47999954,43.93799973,43.90967560,812333000
2023-10-18,42.59099960,43.21900177,41.82500076,42.19599915,42.16879272,627294000
2023-10-19,42.81100082,43.29700089,41.88199997,42.10100174,42.07386398,501233000
2023-10-20,41.88999939,42.47000122,41.07799911,41.38700104,41.36032104,477266000
2023-10-23,41.22900009,43.24800110,40.94499969,42.97499847,42.94729614,478530000
2023-10-24,43.07699966,43.69699860,42.69100189,43.66299820,43.63484955,401463000
2023-10-25,43.39799881,43.65000153,41.55500031,41.77899933,41.75206757,398379000
2023-10-26,41.85300064,42.25600052,39.88000107,40.32600021,40.30000305,541001000
2023-10-27,41.13000107,41.20600128,40.01499939,40.50000000,40.47388840,416784000
2023-10-30,41.08700180,41.76599884,40.48099899,41.16099930,41.13446426,388028000
2023-10-31,40.45000076,40.87900162,39.22999954,40.77999878,40.75371170,517969000
2023-11-01,40.88399887,42.38100052,40.86899948,42.32500076,42.29771423,437593000
2023-11-02,43.32799911,43.88399887,42.89400101,43.50600052,43.47795105,409172000
2023-11-03,44.02000046,45.30899811,43.72299957,45.00500107,44.97598267,424610000
2023-11-06,45.28499985,45.93500137,44.89899826,45.75099945,45.72150040,400733000
2023-11-07,45.71900177,46.21799850,45.15800095,45.95500183,45.92537308,343165000
2023-11-08,46.09999847,46.86700058,45.96799850,46.57400131,46.54397583,346719000
2023-11-09,47.46699905,48.22999954,46.75000000,46.95000076,46.91973114,540496000
2023-11-10,47.50000000,48.47200012,47.28300095,48.33499908,48.30384064,421245000
2023-11-13,48.31999969,49.11600113,48.09899902,48.61999893,48.58864975,384136000
2023-11-14,49.68000031,49.83399963,49.04000092,49.65599823,49.62398148,416954000
2023-11-15,49.93500137,49.95999908,48.20000076,48.88800049,48.85648346,475497000
2023-11-16,48.67900085,49.52500153,48.33000183,49.47999954,49.44810104,339756000
2023-11-17,49.52399826,49.71699905,49.00699997,49.29800034,49.26622009,325205000
2023-11-20,49.31200027,50.54800034,49.18099976,50.40900040,50.37649918,414120000
2023-11-21,50.12599945,50.51699829,49.22200012,49.94400024,49.91180038,565747000
2023-11-22,49.85200119,50.33499908,47.68999863,48.71599960,48.68458939,899420000
2023-11-24,48.47000122,48.92100143,47.74499893,47.77600098,47.74520111,294645000
2023-11-27,47.79999924,48.52999878,47.65200043,48.24200058,48.21089935,395662000
2023-11-28,48.23600006,48.32300186,47.47299957,47.82099915,47.79016876,401491000
2023-11-29,48.37900162,48.76200104,47.86000061,48.13999939,48.10896683,382005000
2023-11-30,48.02399826,48.11000061,46.42200089,46.77000046,46.73985672,526247000
2023-12-01,46.52500153,47.20000076,46.18700027,46.76499939,46.73485565,369317000
2023-12-04,46.07699966,46.07699966,45.00999832,45.50999832,45.48065948,437543000
2023-12-05,45.46599960,46.59999847,45.27099991,46.56600189,46.54007721,371718000
2023-12-06,47.21500015,47.38700104,45.41199875,45.50299835,45.47765732,380590000
2023-12-07,45.70000076,46.62900162,45.60400009,46.59600067,46.57005692,350823000
2023-12-08,46.59500122,47.74100113,46.54999924,47.50600052,47.47954559,359224000
2023-12-11,47.49100113,47.53099823,45.83000183,46.62699890,46.60103607,509728000
2023-12-12,46.04600143,47.66600037,46.04600143,47.65700150,47.63047028,372387000
2023-12-13,47.62900162,48.59400177,47.60800171,48.08800125,48.06122589,447792000
2023-12-14,48.38999939,48.66999817,47.42200089,48.34999847,48.32307434,391232000
2023-12-15,48.19400024,49.40399933,48.11999893,48.88999939,48.86277771,479948000
2023-12-18,49.40000153,50.43299866,49.15000153,50.07699966,50.04911423,412587000
2023-12-19,49.42399979,49.70000076,48.89500046,49.60400009,49.57637405,464444000
2023-12-20,49.65499878,49.99900055,48.09799957,48.11100006,48.08420944,397894000
2023-12-21,48.81100082,49.09500122,48.41899872,48.99000168,48.96272278,300425000
2023-12-22,49.19499969,49.38299942,48.46699905,48.83000183,48.80280685,252507000
2023-12-26,48.96799850,49.59999847,48.95999908,49.27899933,49.25155640,244200000
2023-12-27,49.51100159,49.68000031,49.08499908,49.41699982,49.38948822,233648000
2023-12-28,49.64300156,49.88399887,49.41199875,49.52199936,49.49442291,246587000
2023-12-29,49.81299973,49.99700165,48.75099945,49.52199936,49.49442291,389293000
2024-01-02,49.24399948,49.29499817,47.59500122,48.16799927,48.14117432,411254000
2024-01-03,47.48500061,48.18399811,47.31999969,47.56900024,47.54251480,320896000
2024-01-04,47.76699829,48.50000000,47.50799942,47.99800110,47.97127533,306535000
2024-01-05,48.46200180,49.54700089,48.30599976,49.09700012,49.06966400,415039000
2024-01-08,49.51200104,52.27500153,49.47900009,52.25299835,52.22391129,642510000
2024-01-09,52.40100098,54.32500076,51.68999863,53.13999939,53.11041641,773100000
2024-01-10,53.61600113,54.59999847,53.48899841,54.34999847,54.31974030,533796000
2024-01-11,54.99900055,55.34600067,53.56000137,54.82199860,54.79147339,596759000
2024-01-12,54.61999893,54.97000122,54.33000183,54.70999908,54.67953491,352994000
2024-01-16,55.01800156,56.83499908,54.90000153,56.38199997,56.35060501,449580000
2024-01-17,56.34700012,56.47100067,54.74000168,56.05300140,56.02178955,474394000
2024-01-18,57.25999832,57.59999847,56.10699844,57.10699844,57.07520676,491650000
2024-01-19,57.98899841,59.50000000,57.22499847,59.49100113,59.45787430,543501000
2024-01-22,60.04899979,60.33100128,59.06999969,59.65399933,59.62078476,452955000
2024-01-23,59.56999969,59.90999985,58.58499908,59.87300110,59.83966064,294654000
2024-01-24,60.30400085,62.84899902,59.93799973,61.36199951,61.32783508,560271000
2024-01-25,62.34999847,62.71900177,60.84999847,61.61700058,61.58269501,482777000
2024-01-26,60.95999908,61.78300095,60.57300186,61.03099823,60.99701309,390309000
2024-01-29,61.23199844,62.48899841,60.90700150,62.46500015,62.43022156,348733000
2024-01-30,62.90000153,63.49300003,62.25999832,62.77399826,62.73904419,410735000
2024-01-31,61.43999863,62.26900101,60.70000076,61.52700043,61.49274063,453795000
2024-02-01,62.09999847,63.19100189,61.65000153,63.02700043,62.99190140,369146000
2024-02-02,63.97399902,66.59999847,63.68999863,66.16000366,66.12316132,476578000
2024-02-05,68.22499847,69.49700165,67.20500183,69.33200073,69.29340363,680078000
2024-02-06,69.62999725,69.75399780,66.30000305,68.22299957,68.18501282,683111000
2024-02-07,68.31900024,70.22000122,67.59999847,70.09899902,70.05995941,495575000
2024-02-08,70.07399750,70.79399872,69.45500183,69.64099884,69.60221100,414422000
2024-02-09,70.53299713,72.18499756,70.21199799,72.13300323,72.09285736,436637000
2024-02-12,72.59999847,74.61100006,71.25000000,72.24800110,72.20776367,613710000
2024-02-13,70.40000153,73.44999695,69.62000275,72.12799835,72.08785248,602580000
2024-02-14,73.20200348,74.23600006,71.93800354,73.90000153,73.85885620,504917000
2024-02-15,73.86900330,73.97499847,72.40000153,72.65799713,72.61753845,420122000
2024-02-16,74.09999847,74.40200043,72.50099945,72.61299896,72.57256317,495327000
2024-02-20,71.94699860,71.95600128,67.73400116,69.45200348,69.41333008,704833000
2024-02-21,68.00599670,68.88800049,66.24800110,67.47200012,67.43443298,673755000
2024-02-22,75.02500153,78.57499695,74.22000122,78.53800201,78.49427795,865100000
2024-02-23,80.79000092,82.39399719,77.56999969,78.81700134,78.77311707,829388000
2024-02-26,79.69999695,80.64600372,78.50499725,79.09200287,79.04796600,503973000
2024-02-27,79.38099670,79.48000336,77.16200256,78.70099640,78.65718079,391705000
2024-02-28,77.62000275,78.93299866,77.12500000,77.66300201,77.61975861,393110000
2024-02-29,79.09400177,79.98999786,78.34999847,79.11199951,79.06794739,507289000
2024-03-01,80.00000000,82.30000305,79.43499756,82.27899933,82.23317719,479135000
2024-03-04,84.12999725,87.69499969,83.71900177,85.23699951,85.18954468,615616000
2024-03-05,85.26999664,86.09700012,83.41699982,85.96399689,85.92017365,520639000
2024-03-06,88.02200317,89.72399902,87.02999878,88.69999695,88.65476227,582520000
2024-03-07,90.15799713,92.76699829,89.60199738,92.66899872,92.62174225,608119000
2024-03-08,95.13800049,97.40000153,86.50599670,87.52799988,87.48336029,1142269000
2024-03-11,86.42900085,88.79699707,84.16600037,85.77400208,85.73026276,678364000
2024-03-12,88.04900360,91.95999908,86.15000153,91.91300201,91.86612701,668075000
2024-03-13,91.05500031,91.50399780,88.43499756,90.88800049,90.84165955,635713000
2024-03-14,89.57700348,90.64600372,86.59999847,87.94400024,87.89914703,602318000
2024-03-15,86.93000031,89.54599762,86.25700378,87.83699799,87.79222107,642086000
2024-03-18,90.38800049,92.40499878,87.08499908,88.45500183,88.40989685,668976000
2024-03-19,86.69999695,90.54399872,85.01000214,89.39800262,89.35241699,672171000
2024-03-20,89.79699707,90.41000366,88.22299957,90.37200165,90.32592010,479063000
2024-03-21,92.30000305,92.64800262,90.40499878,91.43499756,91.38837433,480372000
2024-03-22,91.14099884,94.77799988,90.83399963,94.28900146,94.24092102,586719000
2024-03-25,93.94100189,96.76599884,93.51000214,95.00199890,94.95354462,552136000
2024-03-26,95.85099792,96.37500000,92.50199890,92.56099701,92.51380920,513648000
2024-03-27,93.11199951,93.23999786,89.12300110,90.25000000,90.20397949,586067000
2024-03-28,90.00000000,91.30000305,89.19300079,90.35600281,90.30992126,435212000
2024-04-01,90.29900360,92.22499847,89.20400238,90.36299896,90.31691742,452441000
2024-04-02,88.44799805,90.09400177,87.62000275,89.45200348,89.40637970,433064000
2024-04-03,88.48400116,90.37400055,88.40000153,88.96399689,88.91863251,370067000
2024-04-04,90.40599823,90.63400269,85.87999725,85.90499878,85.86119080,434965000
2024-04-05,86.86599731,88.48100281,85.92600250,88.00800323,87.96313477,399678000
2024-04-08,88.69999695,88.83000183,86.73200226,87.13300323,87.08856201,283220000
2024-04-09,87.44200134,87.63500214,83.02200317,85.35399628,85.31045532,501700000
2024-04-10,83.92600250,87.40000153,83.70899963,87.03900146,86.99461365,431929000
2024-04-11,87.41999817,90.73899841,86.92600250,90.61599731,90.56978607,431637000
2024-04-12,89.69899750,90.17500305,87.52999878,88.18599701,88.14102936,426805000
2024-04-15,89.09799957,90.61299896,85.92900085,86.00099945,85.95714569,443077000
2024-04-16,86.43299866,88.11799622,86.06400299,87.41500092,87.37042236,370453000
2024-04-17,88.33999634,88.77500153,83.94999695,84.03500366,83.99214172,495400000
2024-04-18,84.97000122,86.19000244,82.40200043,84.67099762,84.62782288,447260000
2024-04-19,83.15000153,84.32399750,75.60600281,76.19999695,76.16114807,875198000
2024-04-22,78.10399628,80.07299805,76.40000153,79.51799774,79.47744751,596341000
2024-04-23,80.76899719,82.76899719,80.26399994,82.42299652,82.38097382,438559000
2024-04-24,83.94999695,84.08200073,79.18299866,79.67700195,79.63637543,512208000
2024-04-25,78.86799622,83.32299805,78.22299957,82.63200378,82.58986664,424641000
2024-04-26,83.81800079,88.33100128,83.38700104,87.73500061,87.69027710,551011000
2024-04-29,87.59500122,87.99199677,85.26599884,87.75700378,87.71224213,388971000
2024-04-30,87.23999786,88.81900024,86.30000305,86.40200043,86.35794830,363709000
2024-05-01,85.07700348,86.00000000,81.25499725,83.04100037,82.99864197,559863000
2024-05-02,84.44899750,86.23699951,83.19999695,85.81700134,85.77323914,377898000
2024-05-03,87.78900146,89.28099823,87.04000092,88.78900146,88.74372101,398341000
2024-05-06,89.38999939,92.22000122,89.05500031,92.13999939,92.09300995,376203000
2024-05-07,91.09799957,91.78099823,89.01100159,90.55400085,90.50782776,437342000
2024-05-08,89.48300171,91.19400024,89.41999817,90.41200256,90.36589813,325721000
2024-05-09,90.52899933,91.07199860,88.23100281,88.74700165,88.70175171,378013000
2024-05-10,90.30500031,91.40100098,89.22699738,89.87799835,89.83217621,335325000
2024-05-13,90.47799683,90.99800110,88.52899933,90.39900208,90.35290527,289680000
2024-05-14,89.59899902,91.65100098,88.93399811,91.35600281,91.30941772,296507000
2024-05-15,92.47200012,94.86199951,91.59899902,94.62999725,94.58174896,417735000
2024-05-16,94.91000366,95.81900024,94.10299683,94.35900116,94.31088257,323952000
2024-05-17,94.36900330,94.73999786,91.80599976,92.47899628,92.43183899,359691000
2024-05-20,93.75000000,95.19999695,93.44000244,94.77999878,94.73166656,318764000
2024-05-21,93.59899902,95.40000153,93.18000031,95.38600159,95.33736420,328946000
2024-05-22,95.45899963,96.01999664,93.24900055,94.94999695,94.90158081,548648000
2024-05-23,102.02799988,106.31999969,101.51999664,103.79900360,103.74607849,835065000
2024-05-24,104.44899750,106.47499847,103.00000000,106.46900177,106.41471100,429494000
2024-05-28,110.24400330,114.93900299,109.88300323,113.90100098,113.84291077,652728000
2024-05-29,113.05000305,115.49199677,110.90100098,114.82499695,114.76643372,557442000
2024-05-30,114.65000153,115.81900024,109.66300201,110.50000000,110.44364929,484553000
2024-05-31,112.51999664,112.71700287,106.94000244,109.63300323,109.57709503,613263000
2024-06-03,113.62100220,115.00000000,112.00299835,115.00000000,114.94135284,438392000
2024-06-04,115.71600342,116.59999847,114.04499817,116.43699646,116.37761688,403324000
2024-06-05,118.37100220,122.44899750,117.46800232,122.44000244,122.37757874,528402000
2024-06-06,124.04799652,125.58699799,118.31999969,120.99800110,120.93630981,664696000
2024-06-07,119.76999664,121.69200134,118.02200317,120.88800049,120.82636261,412386000
2024-06-10,120.37000275,123.09999847,117.01000214,121.79000092,121.72789764,313434100
2024-06-11,121.76999664,122.87000275,118.73999786,120.91000366,120.85827637,222551200
2024-06-12,123.05999756,126.87999725,122.56999969,125.19999695,125.14644623,299595000
2024-06-13,129.38999939,129.80000305,127.16000366,129.61000061,129.55455017,260704500
2024-06-14,129.96000671,132.83999634,128.32000732,131.88000488,131.82359314,309320400
2024-06-17,132.99000549,133.72999573,129.58000183,130.97999573,130.92396545,288504400
2024-06-18,131.13999939,136.33000183,130.69000244,135.58000183,135.52198792,294335100
2024-06-20,139.80000305,140.75999451,129.52000427,130.77999878,130.72406006,517768400
2024-06-21,127.12000275,130.63000488,124.30000305,126.56999969,126.51585388,649445800
2024-06-24,123.23999786,124.45999908,118.04000092,118.11000061,118.05947113,476060900
2024-06-25,121.19999695,126.50000000,119.31999969,126.08999634,126.03604889,414192600
2024-06-26,126.12999725,128.11999512,122.59999847,126.40000153,126.34593201,362975900
2024-06-27,124.09999847,126.41000366,122.91999817,123.98999786,123.93695831,252571700
2024-06-28,124.58000183,127.70999908,122.75000000,123.54000092,123.48715210,315516700
2024-07-01,123.47000122,124.83999634,118.83000183,124.30000305,124.24682617,284885500
2024-07-02,121.12999725,123.41000366,121.02999878,122.66999817,122.61752319,218374000
2024-07-03,121.66000366,128.27999878,121.36000061,128.27999878,128.22511292,215749000
2024-07-05,127.37999725,128.85000610,125.68000031,125.83000183,125.77617645,214176700
2024-07-08,127.48999786,130.77000427,127.04000092,128.19999695,128.14515686,237677300
2024-07-09,130.35000610,133.82000732,128.64999390,131.38000488,131.32380676,285366600
2024-07-10,134.02999878,135.10000610,132.41999817,134.91000366,134.85227966,248978600
2024-07-11,135.75000000,136.14999390,127.05000305,127.40000153,127.34549713,374782700
2024-07-12,128.25999451,131.91999817,127.22000122,129.24000549,129.18472290,252680500
2024-07-15,130.55999756,131.38999939,127.18000031,128.44000244,128.38504028,208326200
2024-07-16,128.44000244,129.03999329,124.58000183,126.36000061,126.30593872,214769500
2024-07-17,121.34999847,121.84999847,116.72000122,117.98999786,117.93951416,390086200
2024-07-18,121.84999847,122.40000153,116.55999756,121.08999634,121.03820038,320979500
2024-07-19,120.34999847,121.59999847,117.37000275,117.93000031,117.87954712,217223800
2024-07-22,120.34999847,124.06999969,119.86000061,123.54000092,123.48715210,258068900
2024-07-23,122.77999878,124.69000244,122.09999847,122.58999634,122.53755188,173911000
2024-07-24,119.16999817,119.94999695,113.44000244,114.25000000,114.20111847,327776900
2024-07-25,113.04000092,116.62999725,106.30000305,112.27999878,112.23195648,460067000
2024-07-26,116.19000244,116.19999695,111.58000183,113.05999756,113.01161957,293399100
2024-07-29,113.69000244,116.27999878,111.30000305,111.58999634,111.54225159,248152100
2024-07-30,111.51999664,111.98999786,102.54000092,103.73000336,103.68562317,486833300
2024-07-31,112.90000153,118.33999634,110.87999725,117.01999664,116.96993256,473174200
2024-08-01,117.52999878,120.16000366,106.80999756,109.20999908,109.16327667,523462300
2024-08-02,103.76000214,108.72000122,101.37000275,107.26999664,107.22410583,482027500
2024-08-05,92.05999756,103.41000366,90.69000244,100.44999695,100.40702057,552842400
2024-08-06,103.83999634,107.70999908,100.55000305,104.25000000,104.20539856,409012100
2024-08-07,107.80999756,108.80000305,98.69000244,98.91000366,98.86768341,411440400
2024-08-08,102.00000000,105.50000000,97.51999664,104.97000122,104.92508698,391910000
2024-08-09,105.63999939,106.59999847,103.43000031,104.75000000,104.70519257,290844200
2024-08-12,106.31999969,111.06999969,106.26000214,109.01999664,108.97335815,325559900
2024-08-13,112.44000244,116.23000336,111.58000183,116.13999939,116.09030914,312646700
2024-08-14,118.52999878,118.59999847,114.06999969,118.08000183,118.02947235,339246400
2024-08-15,118.76000214,123.23999786,117.47000122,122.86000061,122.80744171,318086700
2024-08-16,121.94000244,125.00000000,121.18000031,124.58000183,124.52670288,302589900
2024-08-19,124.27999878,130.00000000,123.41999817,130.00000000,129.94438171,318333600
2024-08-20,128.39999390,129.88000488,125.88999939,127.25000000,127.19556427,300087400
2024-08-21,127.31999969,129.35000610,126.66000366,128.50000000,128.44502258,257883600
2024-08-22,130.02000427,130.75000000,123.09999847,123.73999786,123.68705750,376189100
2024-08-23,125.86000061,129.60000610,125.22000122,129.36999512,129.31463623,323230300
2024-08-26,129.57000732,131.25999451,124.37000275,126.45999908,126.40589142,331964700
2024-08-27,125.05000305,129.19999695,123.87999725,128.30000305,128.24511719,303134600
2024-08-28,128.11999512,128.33000183,122.63999939,125.61000061,125.55626678,448101100
2024-08-29,121.36000061,124.43000031,116.70999908,117.58999634,117.53968811,453023300
2024-08-30,119.52999878,121.75000000,117.22000122,119.37000275,119.31893158,333751600
2024-09-03,116.01000214,116.20999908,107.29000092,108.00000000,107.95378876,477155100
2024-09-04,105.41000366,113.26999664,104.12000275,106.20999908,106.16455841,372470300
2024-09-05,104.98999786,109.65000153,104.76000214,107.20999908,107.16413116,306850700
2024-09-06,108.04000092,108.15000153,100.94999695,102.83000183,102.78601074,413638100
2024-09-09,104.87999725,106.55000305,103.69000244,106.47000122,106.42445374,273912000
2024-09-10,107.80999756,109.40000153,104.94999695,108.09999847,108.05374146,268283700
2024-09-11,109.38999939,117.19000244,107.41999817,116.91000366,116.85999298,441422400
2024-09-12,116.83999634,120.79000092,115.37999725,119.13999939,119.09921265,366052700
2024-09-13,119.08000183,119.95999908,117.59999847,119.09999847,119.05923462,238358300
2024-09-16,116.79000092,118.18000031,114.36000061,116.77999878,116.74002838,248772300
2024-09-17,118.16999817,118.80000305,114.83000183,115.58999634,115.55043030,231925900
2024-09-18,115.88999939,117.69999695,113.22000122,113.37000275,113.33119202,310318900
2024-09-19,117.34999847,119.66000366,117.25000000,117.87000275,117.82965088,293506400
2024-09-20,117.05999756,118.62000275,115.38999939,116.00000000,115.96029663,382462400
2024-09-23,116.55000305,116.98999786,114.86000061,116.26000214,116.22020721,206228500
2024-09-24,116.51999664,121.80000305,115.37999725,120.87000275,120.82862854,354966800
2024-09-25,122.01999664,124.94000244,121.61000061,123.51000214,123.46772003,284692900
2024-09-26,126.80000305,127.66999817,121.80000305,124.04000092,123.99753571,302582900
2024-09-27,123.97000122,124.02999878,119.26000214,121.40000153,121.35844421,271009200
2024-09-30,118.30999756,121.50000000,118.15000153,121.44000244,121.39842987,226553700
2024-10-01,121.76999664,122.44000244,115.79000092,117.00000000,116.95994568,302094500
2024-10-02,116.44000244,119.37999725,115.13999939,118.84999847,118.80931854,221845900
2024-10-03,120.91999817,124.36000061,120.33999634,122.84999847,122.80794525,277118000
2024-10-04,124.94000244,125.04000092,121.83000183,124.91999817,124.87723541,243678100
2024-10-07,124.98999786,130.63999939,124.94999695,127.72000122,127.67628479,346250200
2024-10-08,130.25999451,133.47999573,129.41999817,132.88999939,132.84449768,285722500
2024-10-09,134.11000061,134.52000427,131.38000488,132.64999390,132.60458374,246191600
2024-10-10,131.91000366,135.00000000,131.00000000,134.80999756,134.76385498,242311300
2024-10-11,134.00999451,135.77999878,133.66000366,134.80000305,134.75386047,170209500
2024-10-14,136.47000122,139.60000610,136.30000305,138.07000732,138.02275085,232347700
2024-10-15,137.86999512,138.57000732,128.74000549,131.60000610,131.55496216,377831000
2024-10-16,133.97999573,136.61999512,131.58000183,135.72000122,135.67352295,264879700
2024-10-17,139.33999634,140.88999939,136.86999512,136.92999268,136.88311768,306435900
2024-10-18,138.66999817,138.89999390,137.27999878,138.00000000,137.95275879,176090200
2024-10-21,138.13000488,143.71000671,138.00000000,143.71000671,143.66081238,264554500
2024-10-22,142.91000366,144.41999817,141.77999878,143.58999634,143.54084778,226311600
2024-10-23,142.02999878,142.42999268,137.46000671,139.55999756,139.51222229,285930000
2024-10-24,140.82000732,141.35000610,138.46000671,140.41000366,140.36193848,172354900
2024-10-25,140.92999268,144.13000488,140.80000305,141.53999329,141.49154663,205122100
2024-10-28,143.00000000,143.13999939,140.05000305,140.52000427,140.47190857,173586700
2024-10-29,140.28999329,142.25999451,138.89999390,141.25000000,141.20164490,157593600
2024-10-30,139.53999329,140.33000183,136.80999756,139.33999634,139.29229736,179418100
2024-10-31,137.60000610,137.61000061,132.11000061,132.75999451,132.71455383,270039600
2024-11-01,134.69999695,137.30999756,134.57000732,135.39999390,135.35365295,207127800
2024-11-04,137.21000671,138.96000671,135.57000732,136.05000305,136.00343323,187528200
2024-11-05,137.44999695,140.36999512,137.33000183,139.91000366,139.86210632,160537400
2024-11-06,142.96000671,146.49000549,141.96000671,145.61000061,145.56016541,242043900
2024-11-07,146.38999939,148.92999268,146.16999817,148.88000488,148.82905579,207323300
2024-11-08,148.77000427,149.77000427,146.25999451,147.63000488,147.57945251,175665800
2024-11-11,148.67999268,148.85000610,143.57000732,145.25999451,145.21026611,182325600
2024-11-12,146.77999878,149.64999390,146.00999451,148.28999329,148.23922729,198634700
2024-11-13,149.07000732,149.33000183,145.89999390,146.27000427,146.21992493,191903300
2024-11-14,147.63999939,149.00000000,145.55000305,146.75999451,146.70976257,194463300
2024-11-15,144.86999512,145.24000549,140.08000183,141.97999573,141.93138123,250132900
2024-11-18,139.50000000,141.55000305,137.14999390,140.14999390,140.10200500,221205300
2024-11-19,141.32000732,147.13000488,140.99000549,147.00999451,146.95967102,227834900
2024-11-20,147.41000366,147.55999756,142.72999573,145.88999939,145.84005737,309871700
2024-11-21,149.35000610,152.88999939,140.69999695,146.66999817,146.61979675,400946600
2024-11-22,145.92999268,147.16000366,141.10000610,141.94999695,141.90139771,236406200
2024-11-25,141.99000549,142.05000305,135.82000732,136.02000427,135.97343445,344941900
2024-11-26,137.69999695,139.30000305,135.66999817,136.91999817,136.87313843,190287700
2024-11-27,135.00999451,137.22000122,131.80000305,135.33999634,135.29365540,226370900
2024-11-29,136.77999878,139.35000610,136.05000305,138.25000000,138.20268250,141863200
2024-12-02,138.83000183,140.44999695,137.82000732,138.63000488,138.58255005,171682800
2024-12-03,138.25999451,140.53999329,137.94999695,140.25999451,140.21199036,164414000
2024-12-04,142.00000000,145.78999329,140.28999329,145.13999939,145.09033203,231224300
2024-12-05,145.11000061,146.53999329,143.94999695,145.05999756,145.02033997,172621200
2024-12-06,144.60000610,145.69999695,141.30999756,142.44000244,142.40106201,188505600
2024-12-09,138.97000122,139.94999695,137.13000488,138.80999756,138.77203369,189308600
2024-12-10,139.00999451,141.82000732,133.78999329,135.07000732,135.03306580,210020900
2024-12-11,137.36000061,140.16999817,135.21000671,139.30999756,139.27189636,184905200
2024-12-12,137.08000183,138.44000244,135.80000305,137.33999634,137.30242920,159211400
2024-12-13,138.94000244,139.60000610,132.53999329,134.25000000,134.21328735,231514900
2024-12-16,134.17999268,134.39999390,130.41999817,132.00000000,131.96389771,237951100
2024-12-17,129.08999634,131.58999634,126.86000061,130.38999939,130.35433960,259410300
2024-12-18,133.86000061,136.69999695,128.27999878,128.91000366,128.87475586,277444500
2024-12-19,131.75999451,134.02999878,129.55000305,130.67999268,130.64424133,209719200
2024-12-20,129.80999756,135.27999878,128.22000122,134.69999695,134.66316223,306528600
2024-12-23,136.27999878,139.78999329,135.11999512,139.66999817,139.63179016,176053500
2024-12-24,140.00000000,141.89999390,138.64999390,140.22000122,140.18165588,105157000
2024-12-26,139.69999695,140.85000610,137.72999573,139.92999268,139.89173889,116205600
2024-12-27,138.55000305,139.02000427,134.71000671,137.00999451,136.97253418,170582600
2024-12-30,134.83000183,140.27000427,134.02000427,137.49000549,137.45239258,167734700
2024-12-31,138.02999878,138.07000732,133.83000183,134.28999329,134.25328064,155659200
2025-01-02,136.00000000,138.88000488,134.63000488,138.30999756,138.27218628,198247200
2025-01-03,140.00999451,144.89999390,139.72999573,144.47000122,144.43049622,229322500
2025-01-06,148.58999634,152.16000366,147.82000732,149.42999268,149.38912964,265377400
2025-01-07,153.02999878,153.13000488,140.00999451,140.13999939,140.10166931,351782200
2025-01-08,142.58000183,143.94999695,137.55999756,140.11000061,140.07168579,227349900
2025-01-10,137.44999695,139.91999817,134.22000122,135.91000366,135.87284851,207602500
2025-01-13,129.99000549,133.49000549,129.50999451,133.22999573,133.19357300,204808900
2025-01-14,136.05000305,136.38000488,130.05000305,131.75999451,131.72395325,195590500
2025-01-15,133.64999390,136.44999695,131.28999329,136.24000549,136.20275879,185217300
2025-01-16,138.63999939,138.75000000,133.49000549,133.57000732,133.53347778,209235600
2025-01-17,136.69000244,138.50000000,135.46000671,137.71000671,137.67234802,201188800
2025-01-21,139.16000366,141.83000183,137.08999634,140.83000183,140.79148865,197749000
2025-01-22,144.66000366,147.78999329,143.66999817,147.07000732,147.02980042,237651400
2025-01-23,145.05000305,147.22999573,143.72000122,147.22000122,147.17974854,155915500
2025-01-24,148.36999512,148.97000122,141.88000488,142.61999512,142.58100891,234657600
2025-01-27,124.80000305,128.39999390,116.69999695,118.41999817,118.38761902,818830900
2025-01-28,121.80999756,129.00000000,116.25000000,128.99000549,128.95472717,579666400
2025-01-29,126.50000000,126.88999939,120.05000305,123.69999695,123.66616821,467120600
2025-01-30,123.09999847,125.00000000,118.09999847,124.65000153,124.61592865,392925500
2025-01-31,123.77999878,127.84999847,119.19000244,120.06999969,120.03717041,388161100
2025-02-03,114.75000000,118.56999969,113.01000214,116.66000366,116.62810516,371235700
2025-02-04,116.95999908,121.19999695,116.69999695,118.65000153,118.61755371,256550000
2025-02-05,121.76000214,125.00000000,120.76000214,124.83000183,124.79586029,262230800
2025-02-06,127.41999817,128.77000427,125.20999908,128.67999268,128.64480591,251483600
2025-02-07,129.22000122,130.36999512,125.00000000,129.83999634,129.80448914,228186300
2025-02-10,130.08999634,135.00000000,129.96000671,133.57000732,133.53347778,216989100
2025-02-11,132.58000183,134.47999573,131.02000427,132.80000305,132.76370239,178902400
2025-02-12,130.02000427,132.24000549,129.08000183,131.13999939,131.10414124,160278600
2025-02-13,131.55999756,136.50000000,131.16999817,135.28999329,135.25299072,197430000
2025-02-14,136.47999573,139.25000000,135.50000000,138.85000610,138.81202698,195479600
2025-02-18,141.27000427,143.44000244,137.92999268,139.39999390,139.36187744,219176600
2025-02-19,139.50999451,141.36000061,137.22000122,139.22999573,139.19192505,167536000
2025-02-20,140.02999878,140.66000366,136.78999329,140.11000061,140.07168579,143903600
2025-02-21,140.03999329,141.46000671,134.02999878,134.42999268,134.39323425,228217600
2025-02-24,136.55999756,138.58999634,130.08000183,130.27999878,130.24438477,251381100
2025-02-25,129.97999573,130.19999695,124.44000244,126.62999725,126.59537506,271428700
2025-02-26,129.99000549,133.72999573,128.49000549,131.27999878,131.24411011,322553800
2025-02-27,135.00000000,135.00999451,120.01000214,120.15000153,120.11714935,443175800
2025-02-28,118.01999664,125.08999634,116.40000153,124.91999817,124.88584137,389091100
2025-03-03,123.51000214,123.69999695,112.27999878,114.05999756,114.02880859,411381400
2025-03-04,110.65000153,119.30999756,110.11000061,115.98999786,115.95828247,398163300
2025-03-05,117.58000183,118.27999878,114.51000214,117.30000305,117.26792145,284337900
2025-03-06,113.52999878,115.34999847,110.22000122,110.56999969,110.53976440,321181900
2025-03-07,111.25000000,113.48000336,107.55999756,112.69000244,112.65918732,341755500
2025-03-10,109.90000153,111.84999847,105.45999908,106.98000336,106.95074463,366487400
2025-03-11,106.98999786,112.23999786,104.76999664,108.76000214,108.73025513,354865700
2025-03-12,114.12000275,116.76000214,112.87999725,115.73999786,115.71900177,323857500
2025-03-13,117.02999878,117.76000214,113.79000092,115.58000183,115.55902863,299033100
2025-03-14,118.61000061,121.87999725,118.15000153,121.66999817,121.64791870,277593500
2025-03-17,122.73999786,122.88999939,118.02999878,119.52999878,119.50830841,255501500
2025-03-18,118.00000000,119.01999664,114.54000092,115.43000031,115.40904999,299686900
2025-03-19,117.26999664,120.44999695,115.68000031,117.51999664,117.49866486,273426200
2025-03-20,116.55000305,120.19999695,116.47000122,118.52999878,118.50848389,248829700
2025-03-21,116.94000244,117.98999786,115.41999817,117.69999695,117.67863464,266498500
2025-03-24,119.87999725,122.22000122,119.33999634,121.41000366,121.38796997,228452500
2025-03-25,120.55000305,121.29000092,118.91999817,120.69000244,120.66809845,167447200
2025-03-26,118.73000336,118.83999634,112.70999908,113.76000214,113.73935699,293463300
2025-03-27,111.34999847,114.44999695,110.66000366,111.43000031,111.40977478,236902100
2025-03-28,111.48999786,112.87000275,109.06999969,109.66999817,109.65009308,229872500
2025-03-31,105.12999725,110.95999908,103.65000153,108.37999725,108.36032867,299212700
2025-04-01,108.51999664,110.19999695,106.47000122,110.15000153,110.13001251,222614000
2025-04-02,107.29000092,111.98000336,106.79000092,110.41999817,110.39995575,220601200
2025-04-03,103.51000214,105.62999725,101.59999847,101.80000305,101.78153229,338769400
2025-04-04,98.91000366,100.12999725,92.11000061,94.30999756,94.29288483,532273800
2025-04-07,87.45999908,101.75000000,86.62000275,97.63999939,97.62227631,611041300
2025-04-08,103.80999756,105.84999847,94.45999908,96.30000305,96.28252411,476243400
2025-04-09,98.88999939,115.09999847,97.52999878,114.33000183,114.30924988,612918300
2025-04-10,109.37000275,110.86000061,99.15000153,107.56999969,107.55047607,437812400
2025-04-11,108.50000000,111.55000305,107.48000336,110.93000031,110.90986633,313417300
2025-04-14,114.11000061,114.29000092,109.06999969,110.70999908,110.68990326,264705000
2025-04-15,110.97000122,113.62000275,110.50000000,112.19999695,112.17963409,228966900
2025-04-16,104.55000305,106.79000092,100.44999695,104.48999786,104.47103882,397016900
2025-04-17,104.44999695,104.47000122,100.05000305,101.48999786,101.47158051,292517500
2025-04-21,98.76999664,99.44000244,95.04000092,96.91000366,96.89241791,288501100
2025-04-22,98.77999878,99.80999756,97.27999878,98.88999939,98.87205505,241004800
2025-04-23,104.51999664,104.80000305,102.01999664,102.70999908,102.69136047,247526000
2025-04-24,103.48000336,106.54000092,103.11000061,106.43000031,106.41067505,220815000
2025-04-25,106.84999847,111.91999817,105.73000336,111.01000214,110.98986053,251064700
2025-04-28,109.69000244,110.37000275,106.01999664,108.73000336,108.71026611,207708500
2025-04-29,107.66999817,110.19999695,107.44000244,109.01999664,109.00021362,170444300
2025-04-30,104.47000122,108.91999817,104.08000183,108.91999817,108.90023041,235044600
2025-05-01,113.08000183,114.94000244,111.30000305,111.61000061,111.58974457,236121500
2025-05-02,114.18000031,115.40000153,113.37000275,114.50000000,114.47922516,190194800
2025-05-05,112.91000366,114.66999817,112.66000366,113.81999969,113.79934692,133163200
2025-05-06,111.48000336,114.73999786,110.81999969,113.54000092,113.51940155,158525600
2025-05-07,113.05000305,117.68000031,112.27999878,117.05999756,117.03875732,206758800
2025-05-08,118.25000000,118.68000031,115.84999847,117.37000275,117.34870911,198428100
2025-05-09,117.34999847,118.23000336,115.20999908,116.65000153,116.62882996,132972200
2025-05-12,121.97000122,123.00000000,120.27999878,123.00000000,122.97768402,225023300
2025-05-13,124.98000336,131.22000122,124.47000122,129.92999268,129.90641785,330430100
2025-05-14,133.19999695,135.44000244,131.67999268,135.33999634,135.31542969,281180800
2025-05-15,134.28999329,136.30000305,132.66000366,134.83000183,134.80552673,226632600
2025-05-16,136.22000122,136.35000610,133.46000671,135.39999390,135.37542725,226542500
2025-05-19,132.38999939,135.86999512,132.38999939,135.57000732,135.54539490,193154600
2025-05-20,134.28999329,134.58000183,132.61999512,134.38000488,134.35562134,161514200
2025-05-21,133.05999756,137.39999390,130.58999634,131.80000305,131.77607727,270608700
2025-05-22,132.22999573,134.25000000,131.55000305,132.83000183,132.80589294,187344000
2025-05-23,130.00000000,132.67999268,129.16000366,131.28999329,131.26617432,198821300
2025-05-27,134.14999390,135.66000366,133.30999756,135.50000000,135.47540283,192953600
2025-05-28,136.02999878,137.25000000,134.78999329,134.80999756,134.78553772,304021100
2025-05-29,142.25000000,143.49000549,137.91000366,139.19000244,139.16474915,369241900
2025-05-30,138.72000122,139.61999512,132.91999817,135.13000488,135.10548401,333170900
2025-06-02,135.49000549,138.11999512,135.39999390,137.38000488,137.35507202,197663100
2025-06-03,138.77999878,142.00000000,137.94999695,141.22000122,141.19436646,225578800
2025-06-04,142.19000244,142.38999939,139.53999329,141.91999817,141.89424133,167120800
2025-06-05,142.16999817,144.00000000,138.83000183,139.99000549,139.96459961,231397900
2025-06-06,142.50999451,143.27000427,141.50999451,141.72000122,141.69427490,153986200
2025-06-09,143.19000244,145.00000000,141.94000244,142.63000488,142.60412598,185114500
2025-06-10,142.69000244,144.28999329,141.52999878,143.96000671,143.93388367,155881900
2025-06-11,144.61000061,144.99000549,141.86999512,142.83000183,142.81399536,167694000
2025-06-12,141.97000122,145.00000000,141.85000610,145.00000000,144.98374939,162365000
2025-06-13,142.47999573,143.58000183,140.85000610,141.97000122,141.95408630,180820600
2025-06-16,143.35000610,146.17999268,143.19999695,144.69000244,144.67378235,183133700
2025-06-17,144.49000549,145.22000122,143.77999878,144.11999512,144.10383606,139108000
2025-06-18,144.00999451,145.64999390,143.11999512,145.47999573,145.46368408,161494100
2025-06-20,145.44999695,146.19999695,142.64999390,143.85000610,143.83387756,242956200
2025-06-23,142.50000000,144.77999878,142.02999878,144.16999817,144.15383911,154308900
2025-06-24,145.55999756,147.96000671,145.50000000,147.89999390,147.88340759,187566100
2025-06-25,149.27000427,154.44999695,149.25999451,154.30999756,154.29270935,269146500
2025-06-26,155.97999573,156.72000122,154.00000000,155.02000427,155.00262451,198145700
2025-06-27,156.03999329,158.71000671,155.25999451,157.75000000,157.73231506,263234500
2025-06-30,158.39999390,158.66000366,155.96000671,157.99000549,157.97230530,194580300
2025-07-01,156.28999329,157.19999695,151.49000549,153.30000305,153.28283691,213143600
2025-07-02,152.97999573,157.60000610,152.97000122,157.25000000,157.23237610,171224100
2025-07-03,158.36999512,160.97999573,157.77000427,159.33999634,159.32214355,143716100
2025-07-07,158.19999695,159.30999756,157.33999634,158.24000549,158.22227478,140139000
2025-07-08,159.33000183,160.22000122,158.38999939,160.00000000,159.98207092,138133000
2025-07-09,161.22000122,164.41999817,161.16000366,162.88000488,162.86175537,183656400
2025-07-10,164.32000732,164.50000000,161.61000061,164.10000610,164.08161926,167704100
2025-07-11,163.72000122,167.88999939,163.47000122,164.91999817,164.90151978,193633300
2025-07-14,165.36999512,165.49000549,162.02000427,164.07000732,164.05162048,136975800
2025-07-15,171.19000244,172.39999390,169.19999695,170.69999695,170.68086243,230627400
2025-07-16,171.05999756,171.75000000,168.89999390,171.36999512,171.35079956,158831500
2025-07-17,172.02000427,174.16000366,170.83000183,173.00000000,172.98062134,160841100
2025-07-18,173.63999939,174.25000000,171.25999451,172.41000366,172.39068604,146456400
2025-07-21,172.75000000,173.38000488,171.00000000,171.38000488,171.36080933,123126100
2025-07-22,171.33999634,171.38999939,164.58000183,167.02999878,167.01129150,193114300
2025-07-23,169.52999878,171.25999451,167.97000122,170.77999878,170.76086426,154082200
2025-07-24,172.44000244,173.83000183,171.30000305,173.74000549,173.72053528,128984600
2025-07-25,173.61000061,174.72000122,172.96000671,173.50000000,173.48056030,122316800
2025-07-28,174.02000427,177.00000000,173.97000122,176.75000000,176.73019409,140023500
2025-07-29,177.96000671,179.38000488,175.02000427,175.50999451,175.49032593,154077500
2025-07-30,176.50999451,179.88999939,176.03999329,179.27000427,179.24992371,174312200
2025-07-31,182.89999390,183.30000305,175.92999268,177.86999512,177.85006714,221685400
2025-08-01,174.08999634,176.53999329,170.88999939,173.72000122,173.70053101,204529000
2025-08-04,175.16000366,180.19999695,174.52000427,180.00000000,179.97982788,148174600
2025-08-05,179.61999512,180.25999451,175.89999390,178.25999451,178.24002075,156407600
2025-08-06,176.33000183,179.89999390,176.25000000,179.41999817,179.39988708,137192300
2025-08-07,181.57000732,183.88000488,178.80000305,180.77000427,180.74975586,151878400
2025-08-08,181.55000305,183.30000305,180.39999390,182.69999695,182.67951965,123396700
2025-08-11,182.05000305,183.83999634,180.25000000,182.05999756,182.03959656,138323200
2025-08-12,182.96000671,184.47999573,179.46000671,183.16000366,183.13948059,145485700
2025-08-13,182.61999512,183.97000122,179.35000610,181.58999634,181.56965637,179871700
2025-08-14,179.75000000,183.02000427,179.46000671,182.02000427,181.99960327,129554000
2025-08-15,181.88000488,181.89999390,178.03999329,180.44999695,180.42977905,156602200
2025-08-18,180.60000610,182.94000244,180.58999634,182.00999451,181.98959351,132008000
2025-08-19,182.42999268,182.50000000,175.49000549,175.63999939,175.62031555,185229200
2025-08-20,175.16999817,176.00000000,168.80000305,175.39999390,175.38034058,215142700
2025-08-21,174.85000610,176.89999390,173.80999756,174.97999573,174.96038818,140040900
2025-08-22,172.61000061,178.58999634,171.19999695,177.99000549,177.97006226,172789400
2025-08-25,178.35000610,181.91000366,176.57000732,179.80999756,179.78985596,163012800
2025-08-26,180.05999756,182.38999939,178.80999756,181.77000427,181.74963379,168688200
2025-08-27,181.97999573,182.49000549,179.10000610,181.60000610,181.57965088,235518900
2025-08-28,180.82000732,184.47000122,176.41000366,180.16999817,180.14981079,281787800
2025-08-29,178.11000061,178.14999390,173.14999390,174.17999268,174.16047668,243257900
2025-09-02,170.00000000,172.38000488,167.22000122,170.77999878,170.76086426,231164900
2025-09-03,171.05999756,172.41000366,168.88000488,170.61999512,170.60089111,164424900
2025-09-04,170.57000732,171.86000061,169.41000366,171.66000366,171.64077759,141670100
2025-09-05,168.02999878,169.02999878,164.07000732,167.02000427,167.00129700,224441400
2025-09-08,167.55000305,170.96000671,167.35000610,168.30999756,168.29113770,163769100
2025-09-09,169.08999634,170.97999573,166.74000549,170.75999451,170.74085999,157548400
2025-09-10,176.63999939,179.28999329,175.47000122,177.33000183,177.31013489,226852000
2025-09-11,179.67999268,180.27999878,176.47999573,177.16999817,177.16014099,151159300
2025-09-12,177.77000427,178.60000610,176.44999695,177.82000732,177.81010437,124911000
2025-09-15,175.66999817,178.85000610,174.50999451,177.75000000,177.74009705,147061600
2025-09-16,177.00000000,177.50000000,174.38000488,174.88000488,174.87026978,140737800
2025-09-17,172.63999939,173.19999695,168.41000366,170.28999329,170.28051758,211843800
2025-09-18,173.97999573,177.10000610,172.96000671,176.24000549,176.23019409,191763300
2025-09-19,175.77000427,178.08000183,175.17999268,176.66999817,176.66015625,237182100
2025-09-22,175.30000305,184.55000305,174.71000671,183.61000061,183.59977722,269637000
2025-09-23,181.97000122,182.41999817,176.21000671,178.42999268,178.42005920,192559600
2025-09-24,179.77000427,179.77999878,175.39999390,176.97000122,176.96014404,143564100
2025-09-25,174.47999573,180.25999451,173.13000488,177.69000244,177.68011475,191586700
2025-09-26,178.16999817,179.77000427,174.92999268,178.19000244,178.18008423,148573700
2025-09-29,180.42999268,184.00000000,180.32000732,181.85000610,181.83988953,193063500
2025-09-30,182.08000183,187.35000610,181.47999573,186.58000183,186.56961060,236981000
2025-10-01,185.24000549,188.13999939,183.89999390,187.24000549,187.22958374,173844900
2025-10-02,189.60000610,191.05000305,188.05999756,188.88999939,188.87948608,136805800
2025-10-03,189.19000244,190.36000061,185.38000488,187.61999512,187.60954285,137596900
2025-10-06,185.50000000,187.22999573,183.33000183,185.53999329,185.52966309,157678100
2025-10-07,186.22999573,189.05999756,184.00000000,185.03999329,185.02969360,140088000
2025-10-08,186.57000732,189.60000610,186.53999329,189.11000061,189.09947205,130168900
2025-10-09,192.22999573,195.30000305,191.05999756,192.57000732,192.55928040,182997200
2025-10-10,193.50999451,195.61999512,182.05000305,183.16000366,183.14981079,268774400
2025-10-13,187.97000122,190.11000061,185.96000671,188.32000732,188.30952454,153482800
2025-10-14,184.77000427,184.80000305,179.69999695,180.02999878,180.01997375,205641400
2025-10-15,184.80000305,184.86999512,177.28999329,179.83000183,179.81999207,214450500
2025-10-16,182.22999573,183.27999878,179.77000427,181.80999756,181.79988098,179723300
2025-10-17,180.17999268,184.10000610,179.75000000,183.22000122,183.20980835,173135200
2025-10-20,183.13000488,185.19999695,181.72999573,182.63999939,182.62983704,128544700
2025-10-21,182.78999329,182.78999329,179.80000305,181.16000366,181.14991760,124240200
2025-10-22,181.13999939,183.44000244,176.75999451,180.27999878,180.26995850,162249600
2025-10-23,180.41999817,183.02999878,179.78999329,182.16000366,182.14985657,111363700
2025-10-24,183.83999634,187.47000122,183.50000000,186.25999451,186.24961853,131296700
2025-10-27,189.99000549,192.00000000,188.42999268,191.49000549,191.47933960,153452700
2025-10-28,193.05000305,203.14999390,191.91000366,201.02999878,201.01881409,297986200
2025-10-29,207.97999573,212.19000244,204.77999878,207.03999329,207.02847290,308829600
2025-10-30,205.14999390,206.16000366,201.41000366,202.88999939,202.87870789,178864400
2025-10-31,206.44999695,207.97000122,202.07000732,202.49000549,202.47872925,179802200
2025-11-03,208.08000183,211.33999634,205.55999756,206.88000488,206.86848450,180267300
2025-11-04,203.00000000,203.97000122,197.92999268,198.69000244,198.67893982,188919300
2025-11-05,198.77000427,202.91999817,194.64999390,195.21000671,195.19914246,171350300
2025-11-06,196.41999817,197.61999512,186.38000488,188.08000183,188.06953430,223029800
2025-11-07,184.89999390,188.32000732,178.91000366,188.14999390,188.13952637,264942300
2025-11-10,195.11000061,199.94000244,193.78999329,199.05000305,199.03892517,198897100
2025-11-11,195.16000366,195.41999817,191.30000305,193.16000366,193.14924622,176483300
2025-11-12,195.72000122,195.88999939,191.13000488,193.80000305,193.78921509,154935300
2025-11-13,191.05000305,191.44000244,183.85000610,186.86000061,186.84959412,207423100
2025-11-14,182.86000061,191.00999451,180.58000183,190.16999817,190.15940857,186591900
2025-11-17,185.97000122,189.00000000,184.32000732,186.60000610,186.58961487,173628900
2025-11-18,183.38000488,184.80000305,179.64999390,181.36000061,181.34989929,213598900
2025-11-19,184.78999329,187.86000061,182.83000183,186.52000427,186.50961304,247246400
2025-11-20,195.94999695,196.00000000,179.85000610,180.63999939,180.62994385,343504800
2025-11-21,181.24000549,184.55999756,172.92999268,178.88000488,178.87004089,346926200
2025-11-24,179.49000549,183.50000000,176.47999573,182.55000305,182.53984070,256618300
2025-11-25,174.91000366,178.16000366,169.55000305,177.82000732,177.81010437,320600300
2025-11-26,181.63000488,182.91000366,178.24000549,180.25999451,180.24995422,183852000
2025-11-28,179.00999451,179.28999329,176.50000000,177.00000000,176.99014282,121332800
2025-12-01,174.75999451,180.30000305,173.67999268,179.91999817,179.90998840,188131000
2025-12-02,181.75999451,185.66000366,180.00000000,181.46000671,181.44990540,182632200
2025-12-03,181.08000183,182.44999695,179.11000061,179.58999634,179.58000183,165138000
2025-12-04,181.61999512,184.52000427,179.96000671,183.38000488,183.38000488,167364900
2025-12-05,183.88999939,184.66000366,180.91000366,182.41000366,182.41000366,143971100
2025-12-08,182.63999939,188.00000000,182.39999390,185.55000305,185.55000305,204378100
2025-12-09,185.55999756,185.72000122,183.32000732,184.97000122,184.97000122,144719700
2025-12-10,184.97000122,185.47999573,182.03999329,183.77999878,183.77999878,162785400
2025-12-11,180.27999878,181.32000732,176.61999512,180.92999268,180.92999268,182136600
2025-12-12,181.11000061,182.82000732,174.61999512,175.02000427,175.02000427,204274900
2025-12-15,177.94000244,178.41999817,175.02999878,176.28999329,176.28999329,164775600
2025-12-16,176.25999451,178.49000549,174.89999390,177.72000122,177.72000122,148588100
2025-12-17,176.10000610,176.13000488,170.30999756,170.94000244,170.94000244,222775500
2025-12-18,174.52999878,176.14999390,171.82000732,174.13999939,174.13999939,176096000
2025-12-19,176.66999817,181.44999695,176.33999634,180.99000549,180.99000549,324925900
2025-12-22,183.91999817,184.16000366,182.35000610,183.69000244,183.69000244,129064400
2025-12-23,182.97000122,189.33000183,182.89999390,189.21000671,189.21000671,174873600
2025-12-24,187.94000244,188.91000366,186.58999634,188.61000061,188.61000061,65528500
2025-12-26,189.91999817,192.69000244,188.00000000,190.52999878,190.52999878,139740300
2025-12-29,187.71000671,188.75999451,185.91000366,188.22000122,188.22000122,120006100
2025-12-30,188.24000549,188.99000549,186.92999268,187.53999329,187.53999329,97687300
2025-12-31,189.57000732,190.55999756,186.49000549,186.50000000,186.50000000,120100500
2026-01-02,189.83999634,192.92999268,188.25999451,188.85000610,188.85000610,148240500
2026-01-05,191.75999451,193.63000488,186.14999390,188.11999512,188.11999512,183529700
2026-01-06,190.52000427,192.16999817,186.82000732,187.24000549,187.24000549,176862600
2026-01-07,188.57000732,191.36999512,186.55999756,189.11000061,189.11000061,153543200
2026-01-08,189.11000061,189.55000305,183.71000671,185.03999329,185.03999329,172457000
2026-01-09,185.08000183,186.33999634,183.66999817,184.86000061,184.86000061,131327500
2026-01-12,183.22000122,187.11999512,183.02000427,184.94000244,184.94000244,137968500
2026-01-13,185.00000000,188.11000061,183.39999390,185.80999756,185.80999756,160128900
2026-01-14,184.32000732,184.46000671,180.80000305,183.13999939,183.13999939,159586100
2026-01-15,186.50000000,189.69999695,186.33000183,187.05000305,187.05000305,206188600
2026-01-16,189.08000183,190.44000244,186.08000183,186.22999573,186.22999573,187967200
2026-01-20,181.89999390,182.38000488,177.61000061,178.07000732,178.07000732,223345300
2026-01-21,179.05000305,185.38000488,178.39999390,183.32000732,183.32000732,200381000
2026-01-22,184.75000000,186.16999817,183.92999268,184.83999634,184.83999634,139636600
2026-01-23,187.50000000,189.60000610,186.82000732,187.66999817,187.66999817,142748100
2026-01-26,187.16000366,189.11999512,185.99000549,186.47000122,186.47000122,124799600
2026-01-27,187.24000549,190.00000000,185.69999695,188.52000427,188.52000427,143711600
2026-01-28,191.27000427,192.35000610,189.83999634,191.52000427,191.52000427,148552700
2026-01-29,191.33999634,193.47999573,186.05999756,192.50999451,192.50999451,171764400
2026-01-30,191.21000671,194.49000549,189.47000122,191.13000488,191.13000488,179489500
2026-02-02,187.19999695,190.30000305,184.88000488,185.61000061,185.61000061,165794100
2026-02-03,186.24000549,186.27000427,176.22999573,180.33999634,180.33999634,204019600
2026-02-04,179.46000671,179.58000183,171.91000366,174.19000244,174.19000244,207014100
2026-02-05,174.92999268,176.82000732,171.02999878,171.88000488,171.88000488,206312900
2026-02-06,176.69000244,187.00000000,174.60000610,185.41000366,185.41000366,231346200
2026-02-09,184.25999451,193.66000366,183.94999695,190.03999329,190.03999329,196387400
2026-02-10,191.38000488,192.47999573,188.11999512,188.53999329,188.53999329,136764800
2026-02-11,192.44999695,193.25999451,188.77000427,190.05000305,190.05000305,144192700
2026-02-12,193.02999878,193.61000061,186.50999451,186.94000244,186.94000244,189932500
2026-02-13,187.47999573,187.50000000,181.58999634,182.80999756,182.80999756,161888000
2026-02-17,181.75000000,187.14999390,179.17999268,184.97000122,184.97000122,162276900
2026-02-18,188.75000000,190.36999512,186.75999451,187.97999573,187.97999573,164749100
2026-02-19,187.05999756,188.42999268,185.66000366,187.89999390,187.89999390,126554500
2026-02-20,186.57000732,190.33000183,185.94000244,189.82000732,189.82000732,178422300
2026-02-23,191.39999390,193.94999695,189.58000183,191.55000305,191.55000305,171584800
2026-02-24,191.49000549,193.77000427,187.39999390,192.85000610,192.85000610,175123600
2026-02-25,194.44999695,197.63000488,193.78999329,195.55999756,195.55999756,250637100
2026-02-26,194.27000427,194.28999329,184.32000732,184.88999939,184.88999939,359342300
2026-02-27,181.22000122,181.78999329,179.72999573,180.36010742,180.36010742,38096777
