Date,Open,High,Low,Close,Adj Close,Volume
2018-01-02,156.55999756,158.52999878,156.16999817,158.49000549,150.41159058,32573300
2018-01-03,158.63999939,160.16999817,158.61000061,160.02999878,151.87306213,29383600
2018-01-04,160.58000183,160.78999329,160.08000183,160.30999756,152.13877869,24776100
2018-01-05,161.07000732,162.02999878,160.77000427,161.91999817,153.66676331,26992300
2018-01-08,161.91999817,162.63000488,161.86000061,162.55000305,154.26460266,23159100
2018-01-09,162.86999512,163.03999329,162.07000732,162.55999756,154.27412415,24782400
2018-01-10,161.83999634,162.21000671,161.11999512,162.17999268,153.91346741,34004000
2018-01-11,162.46000671,163.30000305,162.21000671,163.28999329,154.96687317,20473500
2018-01-12,163.14999390,164.66000366,162.94000244,164.49000549,156.10575867,37762700
2018-01-16,165.58000183,166.41999817,163.52999878,164.02000427,155.65972900,41231800
2018-01-17,164.80000305,166.03999329,164.00000000,165.78999329,157.33947754,33849900
2018-01-18,165.52999878,166.19999695,165.13999939,165.82000732,157.36795044,26432200
2018-01-19,166.30999756,166.61000061,165.53999329,166.33999634,157.86143494,38937600
2018-01-22,166.27999878,168.11999512,166.08999634,168.11999512,159.55067444,26081400
2018-01-23,168.63999939,169.66000366,168.55999756,169.50999451,160.86985779,37989700
2018-01-24,169.86999512,170.24000549,167.44000244,168.41000366,159.82594299,54287400
2018-01-25,169.57000732,169.63000488,167.80999756,168.35000610,159.76898193,28925000
2018-01-26,169.28999329,170.94999695,168.96000671,170.92999268,162.21743774,32038200
2018-01-29,170.57000732,170.91000366,169.74000549,170.10000610,161.42977905,37277800
2018-01-30,168.55000305,169.41999817,167.82000732,168.69999695,160.10105896,44987700
2018-01-31,169.64999390,169.99000549,168.33999634,169.39999390,160.76550293,42449200
2018-02-01,168.10000610,169.72999573,167.41999817,167.96000671,159.39888000,38037900
2018-02-02,167.30000305,167.69999695,164.47000122,164.61000061,156.21961975,68478100
2018-02-05,163.07000732,165.75000000,158.00000000,158.11999512,150.06040955,105372200
2018-02-06,155.80999756,162.50999451,155.10000610,162.30999756,154.03684998,118537900
2018-02-07,161.78999329,163.55000305,160.19999695,160.21000671,152.04393005,91028300
2018-02-08,160.61999512,160.80000305,153.44999695,153.44999695,145.62846375,94184800
2018-02-09,155.61999512,157.24000549,150.13000488,156.10000610,148.14338684,113836600
2018-02-12,157.69999695,159.94999695,156.46000671,158.86999512,150.77217102,63050600
2018-02-13,157.96000671,160.00999451,157.72000122,159.69000244,151.55041504,31785600
2018-02-14,158.75000000,162.92999268,158.00000000,162.67999268,154.38798523,52107400
2018-02-15,164.13999939,165.69999695,162.44000244,165.69999695,157.25405884,51633900
2018-02-16,165.16000366,166.75999451,164.67999268,164.96000671,156.55178833,62256300
2018-02-20,164.38000488,166.67999268,164.30999756,165.28999329,156.86497498,36785600
2018-02-21,166.10000610,167.72000122,164.72000122,164.82000732,156.41893005,41161800
2018-02-22,165.53999329,166.41999817,164.38000488,164.80000305,156.39994812,37074400
2018-02-23,166.13000488,168.16999817,165.44999695,168.16999817,159.59814453,50096900
2018-02-26,168.96000671,170.39999390,168.82000732,170.39999390,161.71447754,39266700
2018-02-27,170.44999695,170.72999573,168.21000671,168.28999329,159.71205139,42209900
2018-02-28,169.25000000,169.80000305,167.10000610,167.21000671,158.68713379,42936300
2018-03-01,167.30000305,168.07000732,163.00000000,164.47999573,156.09620667,76809900
2018-03-02,162.50000000,166.27999878,161.96000671,165.99000549,157.52928162,57445100
2018-03-05,165.21000671,168.25999451,164.58999634,167.83000183,159.27548218,38540200
2018-03-06,168.64999390,169.11000061,167.47999573,168.53999329,159.94929504,29480900
2018-03-07,167.25000000,169.07000732,166.96000671,168.92999268,160.31942749,34609400
2018-03-08,169.63000488,169.97999573,168.94999695,169.86000061,161.20199585,25828400
2018-03-09,171.07000732,173.16000366,170.82000732,173.16000366,164.33377075,38310500
2018-03-12,173.66999817,174.47999573,173.27999878,174.08000183,165.20689392,37635000
2018-03-13,174.47999573,175.21000671,171.27000427,171.71000671,162.95776367,55638900
2018-03-14,172.61000061,172.74000549,170.92999268,171.67999268,162.92921448,40536400
2018-03-15,171.80000305,172.52999878,170.89999390,171.52999878,162.78689575,28810400
2018-03-16,171.82000732,172.19999695,170.94000244,171.02000427,162.30293274,31176700
2018-03-19,169.10000610,169.22000122,165.63999939,167.10000610,158.83998108,71395100
2018-03-20,167.16999817,168.03999329,166.61000061,167.64999390,159.36279297,34075700
2018-03-21,167.21000671,168.75999451,166.19000244,166.91999817,158.66886902,43863500
2018-03-22,164.61000061,165.77000427,162.58999634,162.80000305,154.75254822,66607300
2018-03-23,162.61000061,163.30000305,158.42999268,158.50999451,150.67460632,80110400
2018-03-26,161.72000122,164.60000610,159.16000366,164.39999390,156.27343750,57481500
2018-03-27,165.61999512,165.61999512,157.67999268,159.08000183,151.21640015,78889100
2018-03-28,158.16999817,159.77999878,156.03999329,157.25000000,149.47683716,89369700
2018-03-29,158.10000610,161.71000671,156.63000488,160.13000488,152.21450806,68692600
2018-04-02,158.99000549,159.74000549,153.88000488,155.50999451,147.82289124,85549400
2018-04-03,156.86999512,157.91999817,154.44000244,157.25999451,149.48629761,64090000
2018-04-04,154.22000122,160.22999573,154.03999329,159.74000549,151.84382629,65768700
2018-04-05,161.33000183,161.58000183,159.47999573,160.64999390,152.70881653,43054900
2018-04-06,158.88000488,160.46000671,155.88000488,156.63000488,148.88755798,59870900
2018-04-09,157.97999573,160.88000488,157.46000671,157.72999573,149.93316650,41810400
2018-04-10,160.21000671,161.72999573,159.07000732,161.21000671,153.24113464,48296800
2018-04-11,160.19999695,162.00000000,160.10000610,160.27999878,152.35707092,41622100
2018-04-12,161.25000000,162.77000427,161.16000366,162.21000671,154.19169617,30467900
2018-04-13,163.02000427,163.25999451,160.66999817,161.36999512,153.39321899,44604900
2018-04-16,162.50000000,163.19000244,161.47999573,162.60000610,154.56242371,28180800
2018-04-17,164.24000549,166.46000671,163.91000366,166.10000610,157.88945007,35536100
2018-04-18,166.10000610,167.00000000,165.30999756,166.44000244,158.21263123,29573900
2018-04-19,165.60000610,165.99000549,164.33999634,164.91000366,156.75819397,34705700
2018-04-20,164.49000549,164.61000061,161.72999573,162.30000305,154.27726746,49197100
2018-04-23,163.08999634,163.72999573,161.02000427,161.88999939,153.88748169,33040600
2018-04-24,162.66000366,162.91000366,157.38999939,158.46000671,150.62701416,70256800
2018-04-25,158.74000549,159.30999756,156.47000122,158.64999390,150.80766296,52089300
2018-04-26,160.69999695,162.52999878,160.17999268,161.99000549,153.98258972,43005500
2018-04-27,164.36999512,164.41000366,161.16999817,162.08999634,154.07762146,51043400
2018-04-30,162.47000122,163.47999573,160.53999329,160.94000244,152.98448181,35615300
2018-05-01,160.52000427,162.80000305,160.13999939,162.77999878,154.73355103,36513500
2018-05-02,163.05999756,163.57000732,161.63000488,161.82000732,153.82098389,38646800
2018-05-03,161.00000000,162.39999390,159.22000122,161.80000305,153.80203247,60337100
2018-05-04,161.10000610,165.25000000,160.97999573,164.86999512,156.72021484,41543200
2018-05-07,165.63999939,166.77999878,165.50999451,166.24000549,158.02249146,32500200
2018-05-08,165.88999939,166.42999268,164.86000061,166.07000732,157.86094666,26040200
2018-05-09,166.36999512,168.00000000,165.77999878,167.88000488,159.58145142,29122700
2018-05-10,168.41999817,169.74000549,168.28999329,169.61999512,161.23541260,27067600
2018-05-11,169.41999817,169.86000061,168.72000122,169.46000671,161.08335876,24688800
2018-05-14,169.85000610,170.82000732,169.47000122,169.75000000,161.35899353,21821700
2018-05-15,168.41000366,168.50000000,166.97999573,167.86999512,159.57192993,49361600
2018-05-16,168.08999634,169.36999512,168.00999451,168.97999573,160.62705994,22941200
2018-05-17,168.38999939,169.61000061,167.50999451,168.33000183,160.00912476,27480200
2018-05-18,167.67999268,168.25999451,167.21000671,167.46000671,159.18215942,26217900
2018-05-21,168.75999451,169.50000000,167.67999268,168.39999390,160.07572937,22954600
2018-05-22,169.16999817,169.44999695,167.88000488,168.17999268,159.86659241,19477700
2018-05-23,166.89999390,169.61999512,166.88000488,169.60000610,161.21640015,26557800
2018-05-24,169.55000305,169.85000610,167.83999634,169.55000305,161.16883850,27696500
2018-05-25,169.52999878,170.33000183,169.21000671,169.72000122,161.33044434,27460500
2018-05-29,168.94999695,169.91999817,167.96000671,168.97000122,160.61755371,41220500
2018-05-30,169.58000183,170.47999573,169.22000122,170.17999268,161.76770020,22665800
2018-05-31,170.17999268,171.19999695,169.63000488,170.07000732,161.66320801,35670900
2018-06-01,170.91999817,172.83999634,170.86999512,172.74000549,164.20118713,45543300
2018-06-04,173.17999268,174.33999634,173.07000732,174.30000305,165.68409729,20459600
2018-06-05,174.71000671,175.13000488,174.07000732,174.83999634,166.19738770,24779300
2018-06-06,175.02000427,175.88999939,174.13999939,175.86000061,167.16694641,25036600
2018-06-07,175.88999939,175.92999268,173.55000305,174.42999268,165.80764771,39600300
2018-06-08,173.61000061,174.88000488,173.17999268,174.44000244,165.81718445,31780300
2018-06-11,174.30999756,175.33999634,174.27999878,174.91000366,166.26391602,22319700
2018-06-12,175.14999390,176.00000000,174.96000671,175.83000183,167.13844299,22511800
2018-06-13,176.10000610,177.13999939,175.42999268,175.82000732,167.12895203,37858600
2018-06-14,176.63000488,177.88999939,176.50000000,177.60000610,168.82095337,35916000
2018-06-15,176.92999268,177.33000183,176.11000061,176.97999573,168.23153687,49615700
2018-06-18,175.49000549,176.64999390,174.94000244,176.50000000,168.13441467,31633200
2018-06-19,174.27000427,176.03999329,173.71000671,176.00000000,167.65809631,38236000
2018-06-20,176.80999756,177.97999573,176.64999390,177.25000000,168.84887695,33038000
2018-06-21,177.69999695,177.88000488,175.36999512,175.71000671,167.38189697,43469400
2018-06-22,176.30000305,176.36999512,174.69000244,175.32000732,167.01031494,30073200
2018-06-25,173.72999573,173.99000549,169.80999756,171.36999512,163.24755859,77799700
2018-06-26,172.00000000,173.05999756,171.36999512,172.07000732,163.91438293,39008100
2018-06-27,172.80000305,173.58000183,169.61000061,169.72999573,161.68530273,52843500
2018-06-28,169.52000427,171.77000427,169.16999817,171.19000244,163.07611084,46407700
2018-06-29,172.00999451,172.91999817,171.39999390,171.64999390,163.51426697,36408500
2018-07-02,170.03999329,172.85000610,169.66999817,172.80000305,164.60975647,31770000
2018-07-03,173.44999695,173.44999695,170.63000488,170.80000305,162.70457458,25512700
2018-07-05,171.91000366,173.05999756,171.02999878,172.91999817,164.72409058,31626200
2018-07-06,173.32000732,175.74000549,173.00000000,175.61000061,167.28659058,37005600
2018-07-09,176.52000427,177.22999573,175.82000732,177.19000244,168.79170227,27362100
2018-07-10,177.52000427,177.72000122,176.71000671,177.32000732,168.91557312,23902500
2018-07-11,175.92999268,177.07000732,175.80000305,176.41999817,168.05822754,30280600
2018-07-12,177.19999695,179.46000671,177.08000183,179.46000671,170.95411682,27930100
2018-07-13,179.44999695,179.89999390,178.94999695,179.61000061,171.09701538,28049800
2018-07-16,179.64999390,179.94999695,178.88000488,179.17999268,170.68733215,21405300
2018-07-17,177.27999878,180.64999390,177.27999878,180.27000427,171.72572327,31034100
2018-07-18,180.28999329,180.44000244,179.38000488,179.92999268,171.40187073,23220800
2018-07-19,179.27999878,179.88000488,178.82000732,179.02999878,170.54447937,31094100
2018-07-20,179.57000732,180.16999817,178.78999329,178.99000549,170.50640869,35897300
2018-07-23,178.46000671,179.63999939,177.74000549,179.55999756,171.04939270,22184700
2018-07-24,181.41000366,182.05000305,179.55999756,180.30000305,171.75433350,36900300
2018-07-25,180.38000488,182.92999268,180.28999329,182.82000732,174.15486145,35026600
2018-07-26,180.33999634,180.91999817,179.80999756,180.05000305,171.51617432,40873500
2018-07-27,181.19000244,181.30999756,176.60000610,177.61999512,169.20132446,59456100
2018-07-30,177.63000488,177.72999573,174.27000427,175.11000061,166.81031799,60193000
2018-07-31,175.80000305,177.13000488,174.82000732,176.44999695,168.08677673,47285100
2018-08-01,176.86000061,177.64999390,176.10000610,177.11999512,168.72505188,37101900
2018-08-02,175.86999512,179.74000549,175.78999329,179.52999878,171.02078247,47178200
2018-08-03,179.86999512,180.08999634,179.08000183,180.08000183,171.54475403,28934400
2018-08-06,179.96000671,181.19000244,179.74000549,181.13999939,172.55451965,24808800
2018-08-07,181.64999390,182.13999939,181.25999451,181.80000305,173.18322754,29895700
2018-08-08,181.55000305,182.35000610,181.05999756,182.02000427,173.39282227,22680700
2018-08-09,181.91000366,182.63000488,181.63999939,181.91000366,173.28799438,18852900
2018-08-10,180.67999268,181.22000122,179.83999634,180.52000427,171.96391296,33818500
2018-08-13,180.85000610,182.00999451,180.24000549,180.32000732,171.77340698,26089200
2018-08-14,181.00999451,181.66000366,180.03999329,181.44999695,172.84985352,20913000
2018-08-15,180.00999451,180.58000183,178.11999512,179.22999573,170.73504639,58528000
2018-08-16,180.61000061,180.99000549,179.47000122,179.82000732,171.29707336,27711800
2018-08-17,179.35000610,180.30999756,178.27000427,179.86000061,171.33514404,36092600
2018-08-20,180.25999451,180.33000183,179.00000000,179.69999695,171.18276978,24939000
2018-08-21,180.24000549,181.44000244,180.13000488,180.36000061,171.81146240,26258700
2018-08-22,179.97999573,181.27000427,179.75000000,181.05999756,172.47830200,18042400
2018-08-23,180.74000549,182.05000305,180.50000000,180.80000305,172.23060608,25776200
2018-08-24,181.39999390,182.63000488,181.36000061,182.47999573,173.83094788,23136100
2018-08-27,183.39999390,184.33999634,183.11000061,184.33999634,175.60285950,29343600
2018-08-28,184.83000183,185.02000427,184.22000122,184.61000061,175.86001587,20277000
2018-08-29,184.92999268,186.83999634,184.86000061,186.74000549,177.88905334,29175600
2018-08-30,186.38000488,187.52000427,185.78999329,186.41000366,177.57469177,29315500
2018-08-31,186.17999268,187.17999268,185.97999573,186.64999390,177.80328369,28653200
2018-09-04,186.08000183,186.39999390,184.85000610,185.85000610,177.04124451,29063500
2018-09-05,185.52000427,185.55000305,182.82000732,183.44999695,174.75500488,42623300
2018-09-06,183.52999878,183.75000000,180.58000183,181.80999756,173.19271851,46091400
2018-09-07,180.50000000,182.66999817,180.44000244,181.11000061,172.52590942,46629500
2018-09-10,182.14999390,182.25000000,180.72999573,181.72000122,173.10699463,26132000
2018-09-11,180.99000549,183.41999817,180.52000427,183.11999512,174.44065857,30116500
2018-09-12,182.85000610,182.97999573,181.00999451,182.58000183,173.92628479,36204000
2018-09-13,183.72000122,184.88000488,183.63999939,184.52999878,175.78382874,31133200
2018-09-14,184.66000366,184.94999695,183.25999451,183.99000549,175.26940918,31224100
2018-09-17,183.67999268,183.80999756,181.16999817,181.33999634,172.74502563,33071200
2018-09-18,181.49000549,183.72999573,181.39999390,182.83999634,174.17398071,31877300
2018-09-19,182.86999512,183.30000305,181.50999451,182.69999695,174.04058838,31843400
2018-09-20,183.96000671,184.97000122,183.52000427,184.72000122,175.96481323,33295800
2018-09-21,185.22000122,185.47999573,183.47999573,183.71000671,175.00270081,38605400
2018-09-24,182.05000305,183.96000671,181.30000305,183.88999939,175.48936462,34945600
2018-09-25,183.80999756,184.27999878,183.17999268,184.13999939,175.72793579,25277500
2018-09-26,184.30000305,185.99000549,183.91000366,184.27000427,175.85209656,36210600
2018-09-27,185.02000427,186.49000549,184.91999817,185.83000183,177.34080505,33113300
2018-09-28,185.30999756,186.27999878,184.97000122,185.78999329,177.30258179,28076800
2018-10-01,186.86999512,187.52999878,185.69999695,186.16999817,177.66522217,27371300
2018-10-02,186.00999451,187.17999268,185.32000732,185.75000000,177.26443481,25618600
2018-10-03,186.52999878,186.97000122,185.66000366,185.94999695,177.45527649,29128700
2018-10-04,185.19999695,185.32000732,181.05999756,182.38000488,174.04835510,80557300
2018-10-05,182.36000061,182.97000122,178.42999268,180.14999390,171.92022705,83325600
2018-10-08,179.52000427,180.63999939,176.92999268,179.05000305,170.87051392,66864500
2018-10-09,179.17999268,181.02000427,178.75000000,179.63000488,171.42398071,49097900
2018-10-10,178.50999451,178.61999512,171.50000000,171.72999573,163.88482666,114471100
2018-10-11,171.02000427,173.39999390,167.80999756,169.60000610,161.85220337,143084500
2018-10-12,174.16999817,174.86000061,170.92999268,174.32000732,166.35659790,102078400
2018-10-15,173.71000671,174.03999329,171.55999756,172.21000671,164.34295654,64885300
2018-10-16,174.02000427,177.64999390,173.69999695,177.22000122,169.12411499,71979700
2018-10-17,178.08000183,178.25999451,175.47000122,177.28999329,169.19088745,66987600
2018-10-18,176.61999512,176.67999268,172.44000244,173.17999268,165.26863098,82486200
2018-10-19,174.58000183,176.07000732,172.38999939,173.02000427,165.11596680,82923700
2018-10-22,174.05999756,175.25000000,172.58999634,173.91000366,165.96527100,52909300
2018-10-23,170.63999939,174.13000488,168.82000732,173.27000427,165.35456848,77567000
2018-10-24,173.07000732,173.36000061,165.03999329,165.33999634,157.78675842,102997400
2018-10-25,167.91000366,172.08000183,167.16000366,171.05999756,163.24549866,83481100
2018-10-26,165.19999695,169.96000671,164.22999573,166.66000366,159.04650879,130970900
2018-10-29,169.21000671,169.86000061,160.08999634,163.22999573,155.77316284,111871900
2018-10-30,162.75000000,166.03999329,162.00999451,165.91999817,158.34030151,92584000
2018-10-31,168.61999512,171.25000000,168.53999329,169.82000732,162.06213379,73828600
2018-11-01,170.07000732,172.24000549,168.77999878,172.05999756,164.19979858,52706800
2018-11-02,171.52999878,172.55000305,168.22000122,169.38000488,161.64227295,75966800
2018-11-05,169.60000610,169.66000366,167.08000183,168.96000671,161.24150085,39573500
2018-11-06,168.97000122,171.19000244,168.72000122,170.24000549,162.46298218,34410400
2018-11-07,172.27999878,175.58000183,171.86999512,175.58000183,167.55899048,51169600
2018-11-08,174.75999451,175.30000305,173.63000488,174.46000671,166.49018860,40296500
2018-11-09,172.83000183,173.25000000,170.16000366,171.52000427,163.68449402,50602700
2018-11-12,170.32000732,170.63999939,166.17999268,166.33000183,158.73155212,62578400
2018-11-13,167.11000061,169.47999573,166.00000000,166.47000122,158.86521912,64128100
2018-11-14,168.11999512,168.69999695,164.25000000,165.19999695,157.65321350,75270700
2018-11-15,164.89999390,168.53999329,163.46000671,168.08999634,160.41119385,73254300
2018-11-16,166.44999695,168.30999756,165.77999878,167.50000000,159.84809875,65390700
2018-11-19,166.69999695,166.89999390,161.53999329,162.05999756,154.65661621,67280500
2018-11-20,158.36999512,161.38000488,157.13000488,159.16000366,151.88911438,102652800
2018-11-21,161.35000610,161.97000122,159.22999573,160.36999512,153.04385376,42965800
2018-11-23,159.08999634,160.83999634,159.08999634,159.21000671,151.93685913,23503700
2018-11-26,161.44000244,162.97000122,160.75999451,162.88999939,155.44871521,42012600
2018-11-27,162.00000000,163.85000610,161.17999268,163.44000244,155.97360229,36608100
2018-11-28,164.61999512,168.69999695,163.47000122,168.69999695,160.99325562,70141000
2018-11-29,167.99000549,169.25999451,166.82000732,168.14999390,160.46841431,44885700
2018-11-30,168.38000488,169.47000122,167.53999329,169.36999512,161.63269043,36722800
2018-12-03,173.11000061,173.30999756,169.50999451,172.33000183,164.45745850,50771700
2018-12-04,171.42999268,171.91000366,165.52000427,165.72000122,158.14944458,70594700
2018-12-06,162.38000488,166.91000366,161.77000427,166.88999939,159.26596069,71715500
2018-12-07,166.16000366,167.11999512,160.86000061,161.38000488,154.00769043,80432200
2018-12-10,161.08000183,163.77999878,159.41000366,163.07000732,155.62051392,73960800
2018-12-11,165.72999573,165.77000427,162.22999573,163.61000061,156.13586426,59058300
2018-12-12,166.00000000,167.60000610,164.96000671,165.05000305,157.51007080,53780000
2018-12-13,166.13000488,166.82000732,164.02999878,165.10000610,157.55776978,46378500
2018-12-14,163.21000671,163.80999756,160.69999695,161.08000183,153.72140503,56547400
2018-12-17,160.38999939,161.66999817,156.16999817,157.42999268,150.23809814,74834100
2018-12-18,158.64999390,159.94999695,157.03999329,158.41999817,151.18292236,63642100
2018-12-19,158.17999268,160.72000122,153.33999634,154.52999878,147.47064209,81856500
2018-12-20,154.14999390,155.86999512,150.38999939,152.28999329,145.33296204,99002100
2018-12-21,153.05000305,154.08999634,146.72000122,147.57000732,140.82856750,141129400
2018-12-24,146.08000183,147.97999573,143.46000671,143.50000000,137.33633423,56163300
2018-12-26,145.08000183,152.53999329,144.08999634,152.46000671,145.91151428,98982100
2018-12-27,150.36999512,153.17999268,147.08000183,153.05000305,146.47612000,85824300
2018-12-28,154.14999390,155.58999634,151.72000122,152.97000122,146.39952087,77856600
2018-12-31,154.47000122,154.97999573,152.71000671,154.25999451,147.63415527,53015300
2019-01-02,150.99000549,155.75000000,150.88000488,154.88000488,148.22753906,58576700
2019-01-03,152.60000610,153.25999451,149.49000549,149.82000732,143.38482666,74820200
2019-01-04,152.33999634,157.00000000,151.74000549,156.22999573,149.51953125,74709300
2019-01-07,156.61999512,158.86000061,156.11000061,158.08999634,151.29962158,52059300
2019-01-08,159.53999329,160.11000061,157.19999695,159.52000427,152.66822815,49388700
2019-01-09,160.13999939,161.52000427,159.47000122,160.82000732,153.91236877,46491700
2019-01-10,159.60000610,161.36999512,158.69999695,161.27999878,154.35263062,38943400
2019-01-11,160.33000183,160.86000061,159.78999329,160.69000244,153.78796387,30176600
2019-01-14,159.33000183,159.96000671,158.58999634,159.27000427,152.42898560,30710200
2019-01-15,160.00000000,162.60000610,159.91000366,162.38000488,155.40541077,40874200
2019-01-16,162.64999390,163.77999878,162.28999329,162.35000610,155.37669373,33812200
2019-01-17,161.83000183,164.36000061,161.57000732,163.63000488,156.60168457,39329000
2019-01-18,164.77999878,166.02000427,163.82000732,165.25000000,158.15209961,57183200
2019-01-22,164.05999756,164.13999939,160.75999451,161.94000244,154.98426819,56711700
2019-01-23,162.77000427,163.50999451,160.32000732,162.14999390,155.18525696,38106100
2019-01-24,162.67999268,163.44000244,162.05999756,163.19999695,156.19013977,32417800
2019-01-25,164.50999451,165.64999390,163.94999695,165.14999390,158.05638123,36515900
2019-01-28,163.02000427,163.11999512,161.75000000,163.11000061,156.10397339,33491200
2019-01-29,163.19999695,163.24000549,160.99000549,161.57000732,154.63017273,30784200
2019-01-30,163.39999390,166.27999878,162.88999939,165.67999268,158.56358337,41346500
2019-01-31,166.69999695,168.99000549,166.47000122,168.16000366,160.93711853,37258400
2019-02-01,167.33000183,168.60000610,166.99000549,167.44999695,160.25762939,32143700
2019-02-04,167.47999573,169.52999878,167.33000183,169.52999878,162.24826050,26718800
2019-02-05,169.75999451,171.22999573,169.69000244,171.02999878,163.68383789,28156400
2019-02-06,171.07000732,171.36999512,169.75000000,170.52000427,163.19573975,27970000
2019-02-07,169.02999878,169.44999695,166.94999695,168.22999573,161.00408936,42036200
2019-02-08,166.75999451,168.58999634,166.57000732,168.55999756,161.31991577,29020700
2019-02-11,169.16999817,169.58000183,167.97999573,168.39999390,161.16677856,21434100
2019-02-12,169.63000488,171.13999939,169.33000183,170.88999939,163.54983521,29722100
2019-02-13,171.64999390,172.16000366,170.82000732,171.00999451,163.66470337,26094100
2019-02-14,170.39999390,171.83000183,169.83000183,171.22000122,163.86570740,30326800
2019-02-15,172.52000427,172.55999756,171.13999939,171.94000244,164.55473328,32521700
2019-02-19,171.41000366,172.80000305,171.38000488,172.27999878,164.88018799,19487700
2019-02-20,172.39999390,173.08000183,171.32000732,172.25000000,164.85140991,32593000
2019-02-21,171.78999329,172.25999451,170.71000671,171.61999512,164.24851990,25207400
2019-02-22,171.99000549,173.00999451,171.89999390,172.88999939,165.46392822,27735400
2019-02-25,174.21000671,174.66000366,173.39999390,173.52000427,166.06684875,32608800
2019-02-26,173.10000610,174.25000000,172.80999756,173.69999695,166.23915100,21939700
2019-02-27,172.89999390,173.80000305,171.75999451,173.58999634,166.13383484,25162000
2019-02-28,173.05000305,173.80999756,172.69999695,173.19000244,165.75106812,25085500
2019-03-01,174.44000244,174.64999390,173.17999268,174.38999939,166.89949036,31431200
2019-03-04,175.53999329,175.78999329,172.47000122,174.41999817,166.92825317,38063500
2019-03-05,174.55000305,175.08999634,173.69000244,174.55000305,167.05261230,22319900
2019-03-06,174.72000122,174.75000000,173.27999878,173.55999756,166.10517883,27194600
2019-03-07,173.11999512,173.17999268,170.78999329,171.42999268,164.06668091,39407400
2019-03-08,169.50999451,171.25999451,169.33999634,171.16999817,163.81777954,39303200
2019-03-11,171.88000488,174.85000610,171.85000610,174.72999573,167.22492981,30518400
2019-03-12,175.19000244,176.13999939,174.77000427,175.69000244,168.14364624,33953500
2019-03-13,176.60000610,177.92999268,176.35000610,177.00999451,169.40696716,42426100
2019-03-14,177.13000488,177.33999634,176.66000366,176.71000671,169.11985779,23751500
2019-03-15,177.39999390,178.88000488,177.27999878,178.35000610,170.68942261,38192000
2019-03-18,177.94999695,178.99000549,177.58999634,178.44999695,171.09591675,32935100
2019-03-19,179.17999268,180.00000000,178.28999329,179.05000305,171.67121887,36893300
2019-03-20,179.05999756,180.86000061,178.24000549,179.75999451,172.35195923,50105000
2019-03-21,179.22000122,182.83000183,179.19999695,182.57000732,175.04618835,42428500
2019-03-22,181.77999878,182.27000427,178.36999512,178.55999756,171.20143127,70794500
2019-03-25,177.91000366,178.83999634,176.92999268,178.22000122,170.87541199,46336500
2019-03-26,179.60000610,180.69000244,178.13999939,179.05000305,171.67121887,33248100
2019-03-27,179.32000732,179.72000122,176.60000610,177.89999390,170.56863403,37096700
2019-03-28,178.36000061,178.97999573,177.24000549,178.30999756,170.96166992,30368200
2019-03-29,179.69000244,179.83000183,178.58999634,179.66000366,172.25605774,35205500
2019-04-01,181.50999451,182.25999451,180.77000427,182.03999329,174.53799438,30969500
2019-04-02,182.24000549,182.91000366,181.77999878,182.72999573,175.19955444,22645200
2019-04-03,183.75999451,184.91999817,183.21000671,183.77999878,176.20628357,31633500
2019-04-04,183.83000183,184.50000000,182.64999390,183.71000671,176.13917542,28530800
2019-04-05,184.24000549,184.77000427,184.02000427,184.66000366,177.04998779,25674700
2019-04-08,184.36000061,185.27999878,183.63000488,185.13000488,177.50068665,22697500
2019-04-09,184.50000000,185.11000061,184.08999634,184.47999573,176.87744141,25631900
2019-04-10,184.72000122,185.52999878,184.52000427,185.47000122,177.82659912,24563000
2019-04-11,185.77999878,185.77999878,184.69000244,185.02999878,177.40480042,20654100
2019-04-12,185.85000610,185.94999695,185.05999756,185.83000183,178.17179871,24989100
2019-04-15,185.83999634,186.07000732,184.61999512,185.86000061,178.20059204,21073000
2019-04-16,186.53999329,186.91000366,185.92999268,186.50000000,178.81422424,27195700
2019-04-17,187.75000000,187.92999268,186.60000610,187.14999390,179.43740845,29651600
2019-04-18,187.46000671,187.78999329,186.28999329,187.38999939,179.66751099,28580900
2019-04-22,186.57000732,187.99000549,186.42999268,187.91999817,180.17568970,17936000
2019-04-23,188.39999390,190.53999329,188.13000488,190.30999756,182.46717834,33665600
2019-04-24,190.47000122,190.71000671,189.64999390,189.71000671,181.89189148,24977100
2019-04-25,191.13000488,191.22000122,189.44999695,190.47999573,182.63015747,29517500
2019-04-26,190.17999268,190.69000244,188.58999634,190.64999390,182.79318237,26359500
2019-04-29,190.64999390,191.32000732,190.33999634,191.02000427,183.14791870,21716200
2019-04-30,189.47999573,189.85000610,188.21000671,189.53999329,181.72892761,31495300
2019-05-01,190.77999878,191.32000732,188.80000305,188.92999268,181.14404297,34797100
2019-05-02,188.86999512,189.85000610,186.86999512,188.11000061,180.35781860,44110100
2019-05-03,189.66999817,191.25000000,189.33000183,191.11000061,183.23417664,30386200
2019-05-06,187.05000305,190.19999695,186.75999451,189.94000244,182.11242676,38371800
2019-05-07,187.86999512,188.66999817,184.50999451,186.24000549,178.56486511,58818100
2019-05-08,185.63000488,187.16999817,184.96000671,185.77000427,178.11428833,37165300
2019-05-09,183.69999695,185.41000366,182.08999634,184.77000427,177.15548706,55351700
2019-05-10,184.11000061,185.88999939,181.02999878,185.00000000,177.37602234,58526400
2019-05-13,180.28999329,181.25999451,178.05999756,178.58000183,171.22056580,67185800
2019-05-14,179.52000427,181.63000488,178.86000061,180.53999329,173.09983826,43360600
2019-05-15,179.35000610,183.55000305,179.30999756,183.08999634,175.54473877,40944500
2019-05-16,183.16999817,186.07000732,182.94999695,184.92999268,177.30886841,39281200
2019-05-17,183.10000610,185.58000183,182.88000488,183.03999329,175.49679565,44702300
2019-05-20,180.49000549,181.17999268,179.33999634,179.94999695,172.53414917,38608300
2019-05-21,181.50000000,182.33000183,180.91999817,181.83000183,174.33666992,31613800
2019-05-22,180.82000732,182.07000732,180.75000000,181.02000427,173.56007385,24332600
2019-05-23,178.94000244,179.02000427,177.13999939,178.25000000,170.90417480,45351300
2019-05-24,179.21000671,179.85000610,177.94000244,178.16000366,170.81790161,25903300
2019-05-28,178.66000366,179.66000366,177.47000122,177.49000549,170.17552185,24763800
2019-05-29,176.38999939,177.00000000,175.08999634,176.02999878,168.77565002,42178800
2019-05-30,176.50000000,177.27000427,175.77000427,176.77000427,169.48516846,30354800
2019-05-31,174.69000244,175.28999329,173.86999512,173.94999695,166.78134155,45446200
2019-06-03,173.47999573,173.94999695,169.27000427,170.11999512,163.10923767,75842300
2019-06-04,172.02999878,174.97000122,171.36999512,174.91000366,167.70184326,47797800
2019-06-05,176.58000183,176.61000061,174.38000488,176.21000671,168.94824219,34412700
2019-06-06,176.50999451,178.03999329,175.72999573,177.61000061,170.29049683,29913200
2019-06-07,178.55999756,181.77000427,178.33000183,181.03999329,173.57922363,45888300
2019-06-10,182.25000000,184.85000610,182.21000671,183.14999390,175.60220337,41385300
2019-06-11,185.05999756,185.39999390,182.77999878,183.39999390,175.84193420,41260300
2019-06-12,182.89999390,183.27999878,182.00000000,182.33999634,174.82566833,27758100
2019-06-13,183.10000610,183.86999512,182.74000549,183.41999817,175.86112976,23715800
2019-06-14,182.47999573,183.11000061,181.94000244,182.63999939,175.11328125,22844100
2019-06-17,183.03999329,184.25000000,182.83999634,183.74000549,176.16796875,20379500
2019-06-18,185.91000366,187.72000122,185.42999268,186.41000366,178.72789001,48177300
2019-06-19,186.66000366,187.52999878,185.57000732,187.11000061,179.39903259,31672900
2019-06-20,189.72000122,189.75999451,187.16000366,188.85000610,181.06736755,40922000
2019-06-21,188.63000488,189.77000427,188.16999817,188.57000732,180.79885864,39980400
2019-06-24,188.52999878,188.72000122,188.05999756,188.16000366,180.80464172,19375200
2019-06-25,188.02999878,188.13999939,184.64999390,184.92999268,177.70086670,33921100
2019-06-26,186.16000366,187.33000183,185.49000549,185.78999329,178.52732849,22595700
2019-06-27,186.46000671,186.94000244,185.99000549,186.50000000,179.20959473,19709200
2019-06-28,186.94999695,187.14999390,186.07000732,186.74000549,179.44015503,21179200
2019-07-01,190.32000732,190.57000732,188.38000488,189.25999451,181.86166382,31025600
2019-07-02,189.19999695,190.02999878,188.66000366,190.00999451,182.58235168,18035800
2019-07-03,190.49000549,191.44000244,190.28999329,191.44000244,183.95645142,15792100
2019-07-05,190.13000488,191.39999390,189.38999939,191.05000305,183.58169556,21415600
2019-07-08,189.80999756,189.86999512,188.92999268,189.71000671,182.29403687,17598800
2019-07-09,188.80999756,190.89999390,188.64999390,190.66000366,183.20695496,19193500
2019-07-10,191.82000732,193.08999634,191.47000122,192.55999756,185.03265381,28374500
2019-07-11,192.85000610,193.33999634,191.80999756,192.41999817,184.89813232,23736100
2019-07-12,192.63000488,193.53999329,192.44999695,193.52999878,185.96473694,20211900
2019-07-15,193.97999573,194.19000244,193.44000244,194.14999390,186.56048584,15606100
2019-07-16,193.91000366,194.08999634,192.55999756,193.14999390,185.59959412,20190900
2019-07-17,193.14999390,193.49000549,192.17999268,192.19999695,184.68673706,16765100
2019-07-18,191.28999329,192.78999329,190.69000244,192.41999817,184.89813232,28877000
2019-07-19,193.74000549,193.83000183,190.80999756,191.00999451,183.54321289,29387900
2019-07-22,191.44000244,192.94000244,191.44000244,192.52999878,185.00381470,18954900
2019-07-23,193.58000183,193.80999756,192.28999329,193.78999329,186.21458435,23786700
2019-07-24,193.05000305,195.16000366,193.02999878,195.14999390,187.52143860,20422900
2019-07-25,194.49000549,194.52000427,192.92999268,193.30000305,185.74372864,23434700
2019-07-26,194.52999878,195.55000305,194.42999268,195.28999329,187.65596008,20431200
2019-07-29,195.11000061,195.17999268,193.38999939,194.61999512,187.01213074,20451700
2019-07-30,193.13000488,194.53999329,192.99000549,193.77999878,186.20498657,18705000
2019-07-31,194.30000305,194.42999268,189.32000732,191.10000610,183.62971497,41627500
2019-08-01,191.42999268,194.97999573,189.22999573,190.14999390,182.71688843,63251600
2019-08-02,188.72000122,188.99000549,186.21000671,187.35000610,180.02629089,55214000
2019-08-05,183.42999268,183.50999451,179.19999695,180.72999573,173.66510010,75040000
2019-08-06,182.39999390,183.80000305,181.07000732,183.25999451,176.09620667,41897200
2019-08-07,181.27000427,184.50999451,179.88999939,184.25000000,177.04751587,49990600
2019-08-08,185.08000183,188.32000732,184.57000732,188.25999451,180.90074158,38418100
2019-08-09,187.36000061,188.00000000,185.02999878,186.49000549,179.19993591,33608900
2019-08-12,185.33999634,185.89999390,183.50000000,184.35000610,177.14361572,24642900
2019-08-13,184.19000244,189.67999268,184.02000427,188.38999939,181.02571106,40241900
2019-08-14,185.36000061,185.94999695,182.41999817,182.75999451,175.61576843,51000500
2019-08-15,183.00000000,183.58999634,181.16000366,182.55000305,175.41397095,36685000
2019-08-16,184.21000671,185.94999695,184.10000610,185.47999573,178.22941589,32781400
2019-08-19,188.16000366,188.83000183,187.50000000,188.42999268,181.06410217,22494100
2019-08-20,187.96000671,188.63999939,186.91999817,186.97000122,179.66119385,19902900
2019-08-21,188.61000061,189.22999573,187.96000671,188.63000488,181.25633240,20418500
2019-08-22,188.97999573,189.46000671,186.53999329,188.02000427,180.67012024,24243700
2019-08-23,186.74000549,188.44999695,181.55999756,182.07000732,174.95272827,55372400
2019-08-26,184.13999939,184.86999512,183.08000183,184.82000732,177.59526062,27598900
2019-08-27,186.11000061,186.41999817,183.71000671,184.42999268,177.22044373,28012800
2019-08-28,183.83000183,185.39999390,182.91000366,185.08999634,177.85464478,21792400
2019-08-29,187.38999939,188.46000671,186.67999268,187.91999817,180.57403564,25358900
2019-08-30,188.92999268,188.97000122,186.41000366,187.47000122,180.14166260,26319800
2019-09-03,186.22000122,187.17999268,185.02999878,185.64999390,178.39277649,27964200
2019-09-04,187.44000244,188.49000549,186.89999390,188.33000183,180.96800232,21592100
2019-09-05,190.41000366,192.33000183,190.33999634,191.77999878,184.28312683,33932600
2019-09-06,192.10000610,192.16999817,191.16999817,191.58999634,184.10058594,19487800
2019-09-09,192.19000244,192.27000427,190.22000122,191.19000244,183.71620178,24407600
2019-09-10,190.16000366,190.74000549,188.91000366,190.63999939,183.18771362,23744700
2019-09-11,191.00000000,192.52999878,190.55999756,192.42999268,184.90773010,25063600
2019-09-12,193.61000061,194.71000671,192.97000122,193.22999573,185.67646790,28689900
2019-09-13,192.94999695,193.39999390,192.28999329,192.53999329,185.01344299,27669800
2019-09-16,191.30000305,192.08000183,191.11000061,191.67999268,184.18705750,20319000
2019-09-17,191.69999695,192.60000610,191.28999329,192.60000610,185.07110596,20953400
2019-09-18,192.19999695,192.60000610,190.11000061,192.52000427,184.99423218,29781300
2019-09-19,192.86000061,194.03999329,192.47000122,192.83999634,185.30171204,26039400
2019-09-20,193.11000061,193.30999756,190.16000366,190.80000305,183.34141541,29086100
2019-09-23,190.36000061,191.07000732,189.72000122,190.50000000,183.42233276,22485900
2019-09-24,191.36999512,191.78999329,187.14999390,187.97000122,180.98632812,40820700
2019-09-25,187.77999878,190.58000183,186.21000671,190.08000183,183.01794434,34704900
2019-09-26,189.83000183,190.00000000,187.97999573,189.38000488,182.34396362,26826000
2019-09-27,189.72999573,189.83000183,185.75000000,187.02999878,180.08123779,40773500
2019-09-30,187.78999329,189.11000061,187.39999390,188.80999756,181.79515076,26307700
2019-10-01,189.50000000,190.58999634,186.96000671,187.27000427,180.31231689,32367600
2019-10-02,186.00000000,186.02999878,183.02000427,184.05000305,177.21197510,48544300
2019-10-03,184.02999878,186.21000671,181.82000732,186.07000732,179.15690613,39392500
2019-10-04,187.08000183,189.08000183,186.88000488,188.80999756,181.79515076,31887600
2019-10-07,188.27000427,189.74000549,187.91000366,188.24000549,181.24629211,21216000
2019-10-08,187.05999756,187.86000061,185.27000427,185.41999817,178.53106689,32379300
2019-10-09,186.99000549,188.08000183,186.42999268,187.22999573,180.27383423,20147400
2019-10-10,187.27999878,189.42999268,187.11999512,188.67999268,181.66995239,25177700
2019-10-11,190.83000183,192.63000488,190.72000122,191.11000061,184.00964355,40976700
2019-10-14,190.83999634,191.69999695,190.64999390,191.08999634,183.99040222,14975000
2019-10-15,191.67999268,193.97000122,191.55999756,193.52000427,186.33012390,23234200
2019-10-16,192.86000061,193.52999878,192.42999268,193.03999329,185.86795044,20457100
2019-10-17,194.19999695,194.50000000,192.80999756,193.55000305,186.35903931,19045200
2019-10-18,193.19999695,193.66999817,190.71000671,191.69000244,184.56813049,27700800
2019-10-21,192.71000671,193.52000427,192.13999939,193.38999939,186.20498657,15801200
2019-10-22,194.14999390,194.41999817,191.78999329,191.85000610,184.72216797,22392300
2019-10-23,191.46000671,192.25999451,191.14999390,192.22000122,185.07841492,14828400
2019-10-24,193.58999634,194.21000671,192.74000549,194.08999634,186.87898254,18998500
2019-10-25,193.08999634,195.74000549,193.05000305,195.63999939,188.37139893,21507100
2019-10-28,196.55000305,197.83000183,196.55000305,197.57000732,190.22970581,18818700
2019-10-29,197.24000549,197.53999329,196.00999451,196.03999329,188.75651550,18569700
2019-10-30,196.41999817,197.32000732,195.28999329,196.99000549,189.67121887,21764300
2019-10-31,197.55999756,197.64999390,195.94000244,197.08000183,189.75788879,26801800
2019-11-01,197.92999268,198.88000488,197.63000488,198.86999512,191.48133850,22131900
2019-11-04,200.19000244,200.52999878,198.86999512,200.10000610,192.66567993,19015900
2019-11-05,200.35000610,200.55000305,199.55000305,200.21000671,192.77160645,15048900
2019-11-06,199.97999573,200.00000000,198.78999329,199.75999451,192.33830261,19725500
2019-11-07,200.75999451,201.72000122,199.85000610,200.42999268,192.98339844,17832400
2019-11-08,200.07000732,201.25000000,199.53999329,201.22999573,193.75370789,15258800
2019-11-11,200.21000671,201.03999329,199.94000244,200.96000671,193.49371338,10147600
2019-11-12,201.13000488,202.21000671,200.82000732,201.53999329,194.05215454,14778300
2019-11-13,200.83999634,201.77999878,200.71000671,201.58999634,194.10029602,15774600
2019-11-14,200.83000183,201.55999756,200.22000122,201.42999268,193.94624329,16945400
2019-11-15,202.64999390,202.91000366,202.00000000,202.91000366,195.37124634,18427900
2019-11-18,202.58999634,203.38999939,201.77000427,203.07000732,195.52534485,18365900
2019-11-19,203.83999634,203.83999634,202.58999634,203.36999512,195.81414795,16923300
2019-11-20,202.83999634,203.44999695,200.61999512,202.14999390,194.63948059,36629000
2019-11-21,201.92999268,202.07000732,201.07000732,201.69999695,194.20620728,17883600
2019-11-22,202.19999695,202.32000732,200.74000549,201.83000183,194.33139038,17189600
2019-11-25,202.69999695,204.25999451,202.66999817,204.22000122,196.63259888,17752800
2019-11-26,204.35000610,204.86999512,204.05000305,204.61000061,197.00810242,14780600
2019-11-27,205.13999939,206.05000305,204.88999939,206.03999329,198.38497925,16963100
2019-11-29,205.52000427,205.83000183,205.00000000,205.10000610,197.47991943,9854600
2019-12-02,205.11000061,205.17999268,201.77999878,203.00000000,195.45796204,28007000
2019-12-03,200.21000671,201.49000549,199.22999573,201.41000366,193.92701721,31104100
2019-12-04,202.44000244,202.91000366,202.13999939,202.42999268,194.90907288,15300100
2019-12-05,203.14999390,203.14999390,201.83999634,202.83000183,195.29426575,14962300
2019-12-06,204.30999756,205.14999390,204.14999390,205.00000000,197.38363647,16555300
2019-12-09,204.63000488,205.58999634,203.97999573,204.07000732,196.48817444,13984100
2019-12-10,204.16999817,204.88000488,203.44000244,203.89999390,196.32444763,21799800
2019-12-11,204.36000061,205.19000244,204.03999329,204.97999573,197.36431885,18780800
2019-12-12,204.77000427,207.32000732,204.49000549,206.50999451,198.83753967,32612000
2019-12-13,206.39999390,207.91000366,205.96000671,207.19000244,199.49224854,32519400
2019-12-16,208.55000305,209.52999878,208.47999573,209.27000427,201.49496460,21296600
2019-12-17,209.53999329,209.71000671,209.03999329,209.38999939,201.61048889,15996100
2019-12-18,209.57000732,210.13000488,209.33000183,209.55000305,201.76458740,15443300
2019-12-19,209.63999939,210.92999268,209.61999512,210.86000061,203.02593994,17865900
2019-12-20,211.86000061,212.52000427,211.27000427,211.71000671,203.84432983,27672600
2019-12-23,212.00000000,212.14999390,211.63000488,211.80999756,204.38276672,23774700
2019-12-24,212.00000000,212.08999634,211.44000244,211.91999817,204.48892212,7089000
2019-12-26,212.25999451,213.80999756,212.22999573,213.78999329,206.29330444,17067500
2019-12-27,214.53999329,214.55999756,213.03999329,213.61000061,206.11962891,18134100
2019-12-30,213.50000000,213.63000488,211.16000366,212.21000671,204.76869202,21815500
2019-12-31,211.52999878,212.75999451,211.19999695,212.61000061,205.15469360,18170900
2020-01-02,214.39999390,216.16000366,213.97999573,216.16000366,208.58024597,30969400
2020-01-03,213.30000305,215.47000122,213.27999878,214.17999268,206.66963196,27518900
2020-01-06,212.50000000,215.58999634,212.24000549,215.55999756,208.00126648,21655300
2020-01-07,215.63999939,216.13999939,214.85000610,215.52999878,207.97227478,22139300
2020-01-08,215.50000000,218.13999939,215.16000366,217.14999390,209.53549194,26397300
2020-01-09,218.94000244,219.41000366,217.71000671,218.99000549,211.31097412,23547000
2020-01-10,219.85000610,219.86999512,218.03999329,218.42999268,210.77058411,21898500
2020-01-13,219.33000183,220.97999573,218.97999573,220.94999695,213.20222473,22756900
2020-01-14,220.83999634,221.21000671,219.74000549,220.08000183,212.36276245,24418100
2020-01-15,220.19999695,221.19999695,219.44999695,220.16999817,212.44963074,25742100
2020-01-16,221.27000427,222.32000732,220.80000305,222.27999878,214.48561096,18805000
2020-01-17,223.27999878,223.55999756,222.11999512,223.38000488,215.54708862,24325200
2020-01-21,222.75999451,223.83999634,222.66000366,223.27999878,215.45057678,21146300
2020-01-22,224.41000366,225.14999390,223.58999634,223.86999512,216.01983643,20736400
2020-01-23,223.74000549,224.69000244,222.69999695,224.58999634,216.71463013,26496100
2020-01-24,225.63999939,225.88000488,221.66999817,222.69999695,214.89089966,37436500
2020-01-27,217.66999817,219.27999878,217.17999268,218.10000610,210.45219421,42264400
2020-01-28,219.63999939,221.96000671,219.05999756,221.44999695,213.68469238,26731900
2020-01-29,222.67999268,222.92999268,220.83000183,221.80999756,214.03204346,28924500
2020-01-30,220.38000488,222.69999695,219.69000244,222.60000610,214.79441833,39568100
2020-01-31,223.52999878,223.55999756,218.28999329,219.07000732,211.38815308,52015800
2020-02-03,220.13999939,222.88999939,219.99000549,222.38000488,214.58215332,25408600
2020-02-04,225.41999817,227.86000061,224.64999390,227.47000122,219.49362183,30691200
2020-02-05,230.21000671,230.25000000,226.85000610,228.22000122,220.21733093,38534800
2020-02-06,228.78999329,230.25000000,227.97999573,230.19000244,222.11822510,22467100
2020-02-07,229.16000366,230.44000244,228.53999329,229.19999695,221.16297913,25884900
2020-02-10,228.44000244,231.97999573,228.38000488,231.97000122,223.83581543,21478900
2020-02-11,233.25000000,234.02000427,231.39999390,232.00999451,223.87445068,30198000
2020-02-12,233.38000488,234.38000488,232.80000305,234.27000427,226.05517578,24471300
2020-02-13,232.63999939,234.92999268,232.36000061,233.97000122,225.76568604,22773200
2020-02-14,234.33999634,234.86000061,233.55000305,234.63999939,226.41220093,23438500
2020-02-18,233.50000000,235.16999817,233.25000000,234.72999573,226.49903870,24394500
2020-02-19,236.13000488,237.47000122,235.85000610,236.97999573,228.67012024,22230500
2020-02-20,236.46000671,236.94999695,231.88000488,234.77999878,226.54730225,42604000
2020-02-21,233.61000061,234.00999451,229.32000732,230.27000427,222.19544983,66017200
2020-02-24,221.67999268,224.25000000,220.25999451,221.38999939,213.62683105,84522600
2020-02-25,223.25000000,223.99000549,214.74000549,215.36999512,207.81794739,97743000
2020-02-26,216.71000671,220.27999878,214.89999390,216.47999573,208.88896179,79537700
2020-02-27,210.89999390,216.41999817,205.50000000,205.63999939,198.42912292,121822600
2020-02-28,198.63999939,207.16999817,198.16999817,205.80000305,198.58351135,148173700
2020-03-02,208.88000488,216.57000732,205.94000244,216.41999817,208.83108521,112933900
2020-03-03,217.11000061,219.61000061,207.61999512,209.47999573,202.13446045,131953500
2020-03-04,213.32000732,218.33000183,211.36999512,218.22000122,210.56799316,73086200
2020-03-05,212.69000244,216.36000061,210.10000610,211.58999634,204.17047119,78705500
2020-03-06,204.66999817,209.14999390,202.91000366,208.02000427,200.72567749,89828400
2020-03-09,193.47999573,201.16000366,192.11000061,193.57000732,186.78236389,116424000
2020-03-10,201.11000061,204.30000305,193.67999268,204.11000061,196.95277405,100599200
2020-03-11,199.35000610,200.75000000,192.72999573,195.22000122,188.37449646,89168800
2020-03-12,182.08999634,190.77999878,176.94000244,177.32000732,171.10217285,137820700
2020-03-13,187.07000732,194.47999573,178.13000488,192.33999634,185.59544373,134882000
2020-03-16,174.14999390,184.67999268,169.16000366,169.30000305,163.36340332,92054400
2020-03-17,175.47000122,184.38999939,169.77999878,182.13999939,175.75314331,121257100
2020-03-18,171.61000061,179.22000122,166.80000305,176.60000610,170.40739441,114156300
2020-03-19,175.69000244,183.49000549,171.63000488,177.66000366,171.43026733,120896500
2020-03-20,181.74000549,182.86999512,170.10000610,170.69999695,164.71427917,118983900
2020-03-23,170.91999817,174.21000671,164.92999268,170.46000671,164.83325195,124639800
2020-03-24,179.91000366,183.83000183,177.94999695,183.66000366,177.59750366,94881800
2020-03-25,184.41999817,189.50999451,179.97999573,182.30000305,176.28239441,88754900
2020-03-26,183.86999512,192.72000122,183.61000061,191.89999390,185.56550598,79887600
2020-03-27,186.92999268,190.50999451,184.66000366,185.30000305,179.18342590,58845000
2020-03-30,187.05999756,192.49000549,186.33999634,192.03999329,185.70086670,49356900
2020-03-31,191.72000122,195.25000000,189.19999695,190.39999390,184.11500549,62659300
2020-04-01,184.77000427,187.66000366,180.86000061,182.30999756,176.29203796,53715400
2020-04-02,181.24000549,190.10000610,180.97000122,186.00999451,179.86993408,56465300
2020-04-03,185.55000305,187.07000732,181.28999329,183.36999512,177.31709290,47487600
2020-04-06,190.47999573,197.64999390,189.19000244,196.47999573,189.99433899,64763500
2020-04-07,202.36999512,202.66000366,196.00000000,196.39999390,189.91700745,69904500
2020-04-08,198.14999390,201.16999817,196.16999817,200.57000732,193.94934082,45940400
2020-04-09,202.35000610,203.22000122,199.02999878,200.86000061,194.22975159,68252600
2020-04-13,200.00000000,203.41999817,198.75000000,203.02999878,196.32810974,42853900
2020-04-14,207.22999573,212.50000000,206.41999817,211.86000061,204.86668396,63959600
2020-04-15,208.47999573,211.83000183,207.11999512,209.42999268,202.51687622,47036000
2020-04-16,211.69000244,214.36999512,209.69000244,213.25000000,206.21073914,64657400
2020-04-17,216.16999817,216.50999451,212.08000183,215.28999329,208.18344116,62863200
2020-04-20,213.36000061,215.88000488,212.57000732,212.74000549,205.71762085,38249100
2020-04-21,210.60000610,211.16000366,203.63000488,204.88999939,198.12673950,72932800
2020-04-22,209.10000610,212.35000610,208.33000183,210.97000122,204.00602722,40089100
2020-04-23,211.78999329,214.44000244,210.10000610,210.52000427,203.57089233,43278500
2020-04-24,210.97000122,214.30000305,209.50000000,213.83999634,206.78131104,34231900
2020-04-27,216.19000244,216.63000488,214.50000000,215.55999756,208.44451904,36451700
2020-04-28,217.32000732,217.32000732,211.21000671,211.50000000,204.51853943,46862800
2020-04-29,216.19000244,219.97000122,215.13999939,219.00000000,211.77095032,48716400
2020-04-30,219.94999695,220.03999329,217.35000610,218.91000366,211.68395996,43359500
2020-05-01,214.50000000,216.66999817,211.67999268,212.74000549,205.71762085,48795000
2020-05-04,211.46000671,215.44999695,211.11999512,215.22000122,208.11570740,32841000
2020-05-05,217.44000244,220.13999939,216.85000610,217.66000366,210.47521973,37783100
2020-05-06,219.39999390,221.03999329,218.11000061,219.00000000,211.77095032,36455200
2020-05-07,221.82000732,222.72999573,220.41999817,221.82000732,214.49786377,38624800
2020-05-08,223.55000305,225.00000000,222.47999573,224.86000061,217.43751526,31852300
2020-05-11,223.49000549,227.92999268,223.25000000,226.86999512,219.38117981,35714100
2020-05-12,227.49000549,228.10000610,222.08999634,222.11999512,214.78796387,41054100
2020-05-13,222.66000366,224.61000061,216.71000671,219.33999634,212.09974670,65521200
2020-05-14,217.97000122,221.86999512,215.99000549,221.83000183,214.50755310,51549300
2020-05-15,218.77999878,223.33000183,218.33000183,223.27000427,215.90000916,55747200
2020-05-18,226.27999878,228.67999268,225.47000122,227.42999268,219.92268372,42398100
2020-05-19,227.69999695,229.85000610,226.71000671,226.86000061,219.37147522,36237300
2020-05-20,229.50000000,231.75999451,229.47999573,231.38999939,223.75198364,37417000
2020-05-21,231.44000244,232.13999939,228.33999634,228.86999512,221.31518555,43642900
2020-05-22,228.44999695,229.86999512,227.50000000,229.66000366,222.07910156,28762400
2020-05-26,233.36000061,233.57000732,228.78999329,229.03999329,221.47955322,33055300
2020-05-27,228.69000244,230.41000366,223.94000244,230.28999329,222.68826294,55665600
2020-05-28,229.11000061,233.47000122,229.05000305,229.99000549,222.39820862,42784300
2020-05-29,230.38000488,233.60000610,228.75999451,233.36000061,225.65693665,50691800
2020-06-01,232.46000671,234.44999695,232.00000000,234.05999756,226.33384705,25776000
2020-06-02,234.50000000,235.69000244,232.00999451,235.63000488,227.85205078,33383400
2020-06-03,236.25999451,237.47000122,235.35000610,236.69000244,228.87704468,37228700
2020-06-04,236.33000183,237.78999329,233.67999268,235.02999878,227.27185059,38716100
2020-06-05,236.22000122,240.30000305,235.63000488,239.69000244,231.77798462,47365600
2020-06-08,239.53999329,241.67999268,237.91000366,241.55000305,233.57664490,32937300
2020-06-09,240.66000366,244.17999268,240.47000122,243.30000305,235.26889038,35046300
2020-06-10,245.05000305,247.82000732,244.50999451,246.22000122,238.09246826,58084400
2020-06-11,242.16000366,243.58999634,233.96000671,234.02000427,226.29518127,72919400
2020-06-12,239.08999634,240.39999390,231.74000549,235.88000488,228.09378052,72034800
2020-06-15,232.44000244,239.44999695,231.47000122,238.75000000,230.86901855,45307400
2020-06-16,243.77999878,244.38999939,239.10000610,242.85000610,234.83370972,48890100
2020-06-17,244.39999390,245.50000000,242.72999573,243.61999512,235.57824707,34749300
2020-06-18,243.28999329,244.52999878,242.49000549,244.27999878,236.21653748,30578600
2020-06-19,246.72999573,247.00000000,242.44999695,244.24000549,236.17781067,49422100
2020-06-22,243.67999268,246.86999512,243.38000488,246.74000549,239.01020813,24068700
2020-06-23,248.38999939,251.14999390,247.82000732,248.83999634,241.04438782,32767400
2020-06-24,248.05999756,249.33000183,242.16000366,243.71000671,236.07514954,46032400
2020-06-25,243.80000305,246.33999634,241.13999939,246.02999878,238.32241821,36940800
2020-06-26,245.77999878,245.96000671,239.67999268,240.22000122,232.69447327,52824600
2020-06-29,239.97000122,242.85000610,237.35000610,242.83999634,235.23234558,34377800
2020-06-30,242.77000427,248.16000366,242.58000183,247.60000610,239.84327698,38909200
2020-07-01,247.63999939,251.52000427,247.08000183,250.49000549,242.64273071,34689200
2020-07-02,253.02000427,254.27000427,251.71000671,252.19000244,244.28947449,31956500
2020-07-06,255.44999695,258.92999268,255.42999268,258.39001465,250.29527283,34589000
2020-07-07,258.13000488,260.88000488,256.29998779,256.60998535,248.57096863,36578200
2020-07-08,257.98001099,260.01998901,256.50000000,259.98999023,251.84507751,30426300
2020-07-09,261.97000122,262.86999512,257.63000488,262.17999268,253.96649170,40312900
2020-07-10,262.02999878,264.23001099,259.26000977,263.97000122,255.70046997,32885300
2020-07-13,266.91000366,269.79000854,257.69000244,258.54000854,250.44049072,64108100
2020-07-14,255.92999268,260.79000854,252.75999451,260.36999512,252.21319580,72230500
2020-07-15,261.82998657,262.69000244,257.48999023,260.89999390,252.72660828,54523900
2020-07-16,258.01998901,259.77999878,255.61999512,259.11999512,251.00234985,47594100
2020-07-17,259.58999634,260.30999756,257.17001343,259.42001343,251.29301453,35137900
2020-07-20,260.07998657,267.42999268,258.79000854,266.77999878,258.42236328,40610100
2020-07-21,268.39999390,268.41000366,263.13000488,264.00000000,255.72950745,43243800
2020-07-22,264.51000977,265.89001465,262.54998779,264.92999268,256.63034058,29865500
2020-07-23,264.51000977,265.23999023,256.54998779,258.01000977,249.92713928,51363500
2020-07-24,254.03999329,256.92999268,251.32000732,255.55999756,247.55386353,54054500
2020-07-27,257.26000977,260.51998901,256.45001221,260.11999512,251.97105408,36445700
2020-07-28,259.30999756,259.85000610,256.51000977,256.80999756,248.76473999,31302400
2020-07-29,258.39999390,260.66000366,257.91000366,259.76998901,251.63195801,27556900
2020-07-30,257.73999023,261.70999146,256.54998779,261.13000488,252.94943237,41774500
2020-07-31,265.91000366,265.95001221,260.85000610,265.79000854,257.46337891,53686300
2020-08-03,268.00000000,270.14999390,267.86999512,269.38000488,260.94100952,32081600
2020-08-04,268.85998535,270.48001099,268.08999634,270.38000488,261.90963745,24911300
2020-08-05,270.88000488,271.51998901,269.95999146,271.04998779,262.55868530,21612100
2020-08-06,270.85000610,274.98001099,270.19000244,274.64001465,266.03616333,28048200
2020-08-07,274.07998657,274.88000488,269.25000000,271.47000122,262.96551514,44969400
2020-08-10,271.76998901,271.98001099,266.67001343,270.30999756,261.84179688,35088400
2020-08-11,269.10998535,270.44000244,264.63000488,265.19000244,256.88220215,43104300
2020-08-12,267.42001343,272.83999634,267.36999512,271.85998535,263.34320068,38773400
2020-08-13,272.66000366,274.82998657,271.51000977,272.48001099,263.94390869,31895700
2020-08-14,273.11999512,273.39999390,270.72000122,272.16000366,263.63385010,30799500
2020-08-17,273.92999268,275.83999634,272.20001221,275.32000732,266.69485474,24803000
2020-08-18,276.42001343,278.45999146,274.91000366,277.97000122,269.26181030,23529500
2020-08-19,277.92999268,279.01998901,275.57000732,276.10000610,267.45043945,31999400
2020-08-20,275.27999878,280.42999268,274.85998535,279.92999268,271.16040039,27723400
2020-08-21,280.13000488,282.33999634,279.45999146,281.86999512,273.03964233,34748900
2020-08-24,285.25000000,286.00000000,281.26998901,283.63000488,274.74459839,36418500
2020-08-25,282.82998657,286.05999756,282.36999512,285.85998535,276.90475464,34866600
2020-08-26,287.14999390,292.22000122,285.82998657,291.95999146,282.81359863,42216700
2020-08-27,292.97000122,293.85000610,288.70999146,291.04998779,281.93206787,49482700
2020-08-28,292.32998657,293.17999268,290.92999268,292.52999878,283.36572266,28021000
2020-08-31,293.07000732,296.75000000,292.61999512,294.88000488,285.64205933,36321000
2020-09-01,297.61999512,300.04000854,295.79000854,299.92001343,290.52423096,36216200
2020-09-02,303.27999878,303.50000000,296.89001465,302.76000977,293.27526855,50836800
2020-09-03,298.10000610,298.61999512,284.41000366,287.41000366,278.40606689,110083300
2020-09-04,285.55999756,288.92999268,271.79998779,283.57998657,274.69613647,123959000
2020-09-08,272.22000122,278.22000122,269.66000366,269.95001221,261.49307251,99568600
2020-09-09,275.64001465,280.04998779,273.00000000,277.88000488,269.17459106,64837900
2020-09-10,280.94000244,282.20001221,270.55999756,272.33999634,263.80828857,69667500
2020-09-11,274.14999390,275.22000122,266.89999390,270.45001221,261.97738647,71809000
2020-09-14,274.35998535,277.22000122,272.95999146,275.16000366,266.53994751,38525200
2020-09-15,279.02999878,280.45001221,275.13000488,279.05999756,270.31762695,41849900
2020-09-16,279.88000488,280.35998535,274.25000000,274.60998535,266.00708008,42321000
2020-09-17,267.54998779,274.39999390,266.67999268,270.32000732,261.85147095,81570800
2020-09-18,271.79000854,272.08999634,262.63000488,266.86999512,258.50958252,86251100
2020-09-21,262.47000122,267.64999390,260.10998535,267.51000977,259.12951660,57168600
2020-09-22,269.98999023,273.07998657,266.54000854,272.48001099,263.94390869,41128900
2020-09-23,272.14999390,272.33999634,263.25000000,264.16000366,255.88455200,48837300
2020-09-24,261.39001465,268.70001221,261.22000122,265.39001465,257.07589722,70631700
2020-09-25,265.91000366,272.39999390,264.29998779,271.55999756,263.05258179,55242400
2020-09-28,276.57998657,277.20001221,271.67001343,277.20001221,268.51599121,58438300
2020-09-29,276.61999512,277.70999146,275.36999512,275.95001221,267.30514526,27050000
2020-09-30,276.14999390,281.08999634,275.86999512,277.83999634,269.13592529,49380800
2020-10-01,281.79000854,282.88000488,279.83999634,282.25000000,273.40783691,50020200
2020-10-02,276.01998901,282.23999023,273.44000244,274.30999756,265.71646118,75497400
2020-10-05,276.33999634,280.48999023,276.23001099,280.16000366,271.38320923,28184600
2020-10-06,279.45001221,281.19000244,274.25000000,275.16000366,266.53994751,49704200
2020-10-07,277.89001465,280.73999023,277.27999878,279.92001343,271.15069580,27539700
2020-10-08,282.39999390,282.47000122,280.30999756,281.41000366,272.59405518,25443300
2020-10-09,283.10998535,285.79000854,282.70999146,285.70999146,276.75936890,30201100
2020-10-12,290.54998779,297.45999146,289.47000122,294.52999878,285.30303955,79370700
2020-10-13,296.39001465,297.04998779,293.10998535,294.51998901,285.29339600,64240000
2020-10-14,295.35000610,296.35000610,290.26000977,292.05999756,282.91046143,36949100
2020-10-15,287.20001221,290.70999146,286.54000854,290.10000610,281.01181030,42514200
2020-10-16,291.79998779,293.26998901,288.14999390,288.51000977,279.47164917,40570700
2020-10-19,290.48999023,291.48001099,282.79000854,283.79998779,274.90924072,36756800
2020-10-20,284.55999756,287.61999512,282.95001221,284.41000366,275.50006104,32195400
2020-10-21,284.67001343,287.32000732,283.69000244,284.19000244,275.28695679,29306100
2020-10-22,285.04998779,285.98001099,280.82000732,284.17999268,275.27737427,32196200
2020-10-23,284.76998901,284.91000366,281.77999878,284.73999023,275.81973267,24658500
2020-10-26,282.38000488,285.29998779,276.76000977,280.47000122,271.68347168,38421100
2020-10-27,281.50000000,283.51000977,280.20001221,282.66000366,273.80487061,30559100
2020-10-28,278.01000977,278.64001465,271.38000488,271.64001465,263.13021851,53413500
2020-10-29,273.00000000,279.48999023,272.51998901,276.39001465,267.73135376,43246300
2020-10-30,274.33999634,275.23999023,267.07000732,269.38000488,260.94100952,65838300
2020-11-02,271.85000610,273.51998901,266.97000122,269.98001099,261.52215576,39987400
2020-11-03,271.95999146,276.82000732,270.83999634,274.64999390,266.04577637,43604100
2020-11-04,283.58999634,288.76998901,281.86999512,286.91000366,277.92178345,75728200
2020-11-05,293.52999878,295.39001465,292.00000000,294.39001465,285.16741943,52054200
2020-11-06,293.70999146,295.35998535,289.82998657,294.60998535,285.38058472,40959800
2020-11-09,297.64999390,299.14001465,288.11999512,288.58999634,279.54910278,86537100
2020-11-10,285.17001343,286.66000366,280.61999512,283.42001343,274.54116821,69024900
2020-11-11,286.02999878,290.25000000,283.38000488,289.76000977,280.68246460,36102900
2020-11-12,290.76000977,292.07000732,287.25000000,288.39999390,279.36505127,34414600
2020-11-13,290.17001343,291.57000732,287.86999512,290.92999268,281.81582642,24806900
2020-11-16,290.61999512,293.51000977,289.98999023,293.20001221,284.01470947,30168400
2020-11-17,293.39999390,293.73999023,291.60998535,292.26998901,283.11376953,21843500
2020-11-18,291.70001221,293.36999512,290.01998901,290.10998535,281.02154541,28069600
2020-11-19,289.54000854,292.70001221,288.85000610,292.38000488,283.22042847,22718400
2020-11-20,292.29998779,293.07000732,290.29000854,290.38000488,281.28305054,25907300
2020-11-23,291.41000366,292.75000000,288.07000732,290.39001465,281.29284668,26875600
2020-11-24,291.48999023,294.98001099,289.63000488,294.47000122,285.24499512,24516800
2020-11-25,295.57000732,296.94000244,294.58999634,296.27999878,286.99829102,23326800
2020-11-27,298.30999756,300.17001343,297.89999390,299.01000977,289.64270020,17163100
2020-11-30,299.33999634,299.97000122,294.77999878,299.61999512,290.23358154,27836200
2020-12-01,301.97000122,305.14001465,300.82998657,303.45999146,293.95333862,27521300
2020-12-02,302.25000000,304.20001221,300.35000610,303.85000610,294.33108521,23620000
2020-12-03,304.17001343,305.88000488,303.52999878,304.27999878,294.74758911,22828700
2020-12-04,304.32998657,305.67001343,303.63000488,305.51998901,295.94876099,19332100
2020-12-07,305.70999146,307.63000488,305.51998901,307.25000000,297.62454224,20851000
2020-12-08,306.76000977,308.60000610,304.95001221,308.29000854,298.63192749,18341500
2020-12-09,308.07000732,308.35998535,300.20999146,301.30999756,291.87066650,48839300
2020-12-10,299.20999146,303.67999268,298.08999634,302.51998901,293.04275513,27519500
2020-12-11,300.80999756,301.98001099,298.47000122,301.85000610,292.39373779,26760400
2020-12-14,303.07998657,306.04998779,303.01000977,304.04000854,294.51519775,28804800
2020-12-15,306.36999512,307.29000854,304.10998535,307.29000854,297.66333008,25709000
2020-12-16,307.70001221,309.79000854,306.61999512,308.98001099,299.30041504,25461900
2020-12-17,310.63000488,311.23999023,309.39001465,311.00000000,301.25708008,23730500
2020-12-18,311.66000366,311.98001099,307.60998535,310.05999756,300.34646606,41173400
2020-12-21,306.45999146,309.47000122,303.60000610,308.92001343,299.78466797,37095500
2020-12-22,309.85000610,310.70999146,306.85000610,309.76000977,300.59985352,26176300
2020-12-23,309.80999756,310.17999268,308.04000854,308.20001221,299.08599854,21201300
2020-12-24,308.47000122,310.01998901,308.39001465,309.55999756,300.40570068,16785000
2020-12-28,312.25000000,313.17001343,310.35998535,312.67999268,303.43344116,22497700
2020-12-29,314.04998779,314.69000244,312.02999878,312.95999146,303.70520020,25871900
2020-12-30,314.16000366,314.48999023,312.32998657,312.97000122,303.71487427,18138100
2020-12-31,312.86999512,314.23999023,311.76000977,313.73999023,304.46212769,21611400
2021-01-04,315.10998535,315.29000854,305.17999268,309.30999756,300.16314697,45305900
2021-01-05,308.29000854,312.14001465,308.29000854,311.85998535,302.63766479,29323400
2021-01-06,307.00000000,311.88000488,305.98001099,307.54000854,298.44552612,52809600
2021-01-07,310.27999878,315.83999634,310.25000000,314.98001099,305.66543579,30394800
2021-01-08,317.33999634,319.39001465,315.07998657,319.02999878,309.59561157,33955800
2021-01-11,315.98001099,317.19000244,313.75000000,314.42001343,305.12203979,32746400
2021-01-12,314.45999146,315.57998657,311.20001221,313.92001343,304.63674927,29266800
2021-01-13,314.19000244,316.85998535,313.57000732,316.04000854,306.69400024,22898400
2021-01-14,316.50000000,317.52999878,313.85998535,314.35000610,305.05401611,23500100
2021-01-15,314.13000488,315.11999512,310.57998657,311.85998535,302.63766479,35118700
2021-01-19,314.25000000,316.92999268,313.11999512,316.41000366,307.05316162,24537000
2021-01-20,320.14001465,324.73999023,316.51000977,323.76998901,314.19540405,30728100
2021-01-21,325.14999390,327.13000488,323.73001099,326.35998535,316.70892334,25130600
2021-01-22,325.29000854,326.45999146,324.70999146,325.42001343,315.79678345,21609400
2021-01-25,328.91000366,330.32000732,321.41000366,328.10998535,318.40716553,39080600
2021-01-26,328.85000610,329.76000977,327.22000122,328.58999634,318.87298584,25498100
2021-01-27,326.26000977,326.26998901,317.35998535,319.42999268,309.98385620,55264000
2021-01-28,320.67001343,326.42001343,320.02999878,321.32000732,311.81799316,42836300
2021-01-29,319.57998657,320.72000122,312.76000977,314.55999756,305.25793457,55259000
2021-02-01,318.10998535,323.54000854,316.01998901,322.42001343,312.88537598,35646000
2021-02-02,325.48001099,328.86999512,325.30999756,327.67999268,317.98995972,33930800
2021-02-03,329.82000732,330.20001221,326.32000732,326.38000488,316.72833252,24824500
2021-02-04,327.82000732,330.32998657,326.45999146,330.23999023,320.47418213,22350900
2021-02-05,331.22000122,332.39999390,329.52999878,331.35998535,321.56100464,22732000
2021-02-08,333.10000610,333.73999023,331.41000366,333.57998657,323.71533203,20462800
2021-02-09,332.61999512,334.80999756,332.60998535,333.51000977,323.64752197,17597500
2021-02-10,334.98999023,335.45999146,329.50000000,332.75000000,322.91003418,28068700
2021-02-11,334.32998657,335.00000000,332.11999512,334.57998657,324.68582153,22046100
2021-02-12,333.70999146,336.61999512,332.63000488,336.45001221,326.50051880,20346800
2021-02-16,337.26998901,338.19000244,334.33999634,335.54000854,325.61746216,27080800
2021-02-17,332.47000122,335.66000366,330.17001343,333.92999268,324.05508423,31360300
2021-02-18,330.23001099,333.86999512,328.35998535,332.47000122,322.63818359,32236200
2021-02-19,333.85998535,333.98999023,329.97000122,331.01998901,321.23107910,39157700
2021-02-22,326.50000000,327.79998779,322.23001099,322.44000244,312.90481567,47256900
2021-02-23,317.00000000,323.20001221,311.00000000,321.48001099,311.97323608,97241900
2021-02-24,318.73999023,324.45001221,315.95999146,324.13000488,314.54489136,58206300
2021-02-25,321.39001465,324.02999878,311.23999023,312.82998657,303.57894897,110182600
2021-02-26,315.85000610,319.10998535,310.88000488,314.14001465,304.85025024,104739800
2021-03-01,319.26998901,323.94000244,317.94000244,323.58999634,314.02075195,49164500
2021-03-02,324.25000000,324.32998657,318.14001465,318.39999390,308.98431396,48370000
2021-03-03,317.26998901,318.23999023,309.10000610,309.16000366,300.01760864,86301100
2021-03-04,308.77999878,312.04000854,300.10998535,304.10000610,295.10714722,139131600
2021-03-05,306.79998779,309.60998535,297.45001221,308.67999268,299.55175781,121523700
2021-03-08,308.11999512,310.05999756,299.51000977,299.94000244,291.07019043,88409800
2021-03-09,307.47000122,313.73001099,306.92001343,311.76998901,302.55035400,80391100
2021-03-10,316.16000366,316.47000122,310.17001343,310.88000488,301.68664551,76798100
2021-03-11,315.76998901,319.85998535,314.85000610,318.04000854,308.63497925,53484800
2021-03-12,313.85998535,318.23001099,311.39001465,315.45999146,306.13122559,69315600
2021-03-15,315.79000854,319.00000000,314.10000610,318.82998657,309.40155029,42955700
2021-03-16,321.08999634,324.20001221,319.10000610,320.57998657,311.09985352,54925900
2021-03-17,317.45001221,323.85000610,315.67999268,321.89999390,312.38082886,78258700
2021-03-18,316.86999512,317.88000488,311.57000732,312.04000854,302.81234741,82718100
2021-03-19,311.86999512,314.73001099,309.66000366,313.14001465,303.87994385,78446200
2021-03-22,315.20999146,320.73999023,315.20999146,318.60998535,309.57858276,56194800
2021-03-23,319.73001099,321.08999634,316.38000488,317.22000122,308.22808838,53455400
2021-03-24,318.63000488,318.67001343,311.72000122,311.86999512,303.02972412,64803700
2021-03-25,309.97000122,312.89001465,307.39001465,311.32998657,302.50491333,78729000
2021-03-26,311.10998535,316.32998657,309.67001343,316.00000000,307.04260254,63519600
2021-03-29,315.45001221,316.98999023,312.47000122,315.91000366,306.95510864,54608000
2021-03-30,313.89001465,314.91000366,311.54000854,314.32000732,305.41024780,44635700
2021-03-31,316.16000366,320.73999023,315.80999756,319.13000488,310.08380127,55032500
2021-04-01,323.07000732,324.70999146,322.80999756,324.57000732,315.36965942,55685600
2021-04-05,327.13000488,331.83999634,326.88000488,331.04998779,321.66601562,42172500
2021-04-06,330.73001099,332.82998657,330.01998901,330.82000732,321.44253540,33537200
2021-04-07,330.32998657,332.48001099,329.36999512,331.61999512,322.21978760,32046400
2021-04-08,334.55999756,335.26998901,333.73999023,335.07998657,325.58172607,29940800
2021-04-09,333.67999268,337.32000732,332.92001343,337.10998535,327.55416870,36664900
2021-04-12,336.04000854,337.10000610,334.73001099,336.67001343,327.12673950,25833000
2021-04-13,338.23999023,341.07998657,338.01998901,340.60000610,330.94531250,30374000
2021-04-14,340.85000610,340.98001099,335.67001343,336.51000977,326.97116089,42564300
2021-04-15,339.47000122,342.01000977,336.22000122,341.60998535,331.92660522,36342800
2021-04-16,342.14999390,342.23001099,340.07998657,342.01000977,332.31536865,40860100
2021-04-19,340.39001465,341.57998657,336.89999390,338.88000488,329.27407837,34533100
2021-04-20,338.20001221,339.51998901,334.38000488,336.41000366,326.87408447,38081800
2021-04-21,335.08999634,339.48001099,333.97000122,339.29000854,329.67236328,36598100
2021-04-22,338.89001465,339.89999390,334.01000977,335.20001221,325.69830322,45936100
2021-04-23,335.85000610,340.76998901,335.85000610,339.42001343,329.79870605,36381900
2021-04-26,339.67001343,341.92001343,338.89999390,341.63000488,331.94607544,30812000
2021-04-27,341.92999268,342.14999390,339.17001343,340.14999390,330.50799561,33187200
2021-04-28,339.80999756,340.85000610,338.32998657,339.00000000,329.39059448,33615700
2021-04-29,342.36999512,342.79998779,336.89999390,340.22000122,330.57608032,37708900
2021-04-30,337.70001221,340.26000977,337.04998779,337.98999023,328.40930176,38263400
2021-05-03,339.23001099,340.00000000,335.73001099,336.19000244,326.66027832,29729700
2021-05-04,333.55999756,333.89001465,326.20999146,330.14001465,320.78179932,65147000
2021-05-05,332.25000000,333.14001465,328.23001099,329.02999878,319.70330811,46219300
2021-05-06,328.76000977,331.67001343,326.45001221,331.51000977,322.11294556,46814300
2021-05-07,334.36999512,336.64999390,331.69000244,334.20001221,324.72674561,53324500
2021-05-10,332.77999878,332.95999146,325.54998779,325.76000977,316.52597046,60700500
2021-05-11,319.70001221,326.13000488,319.01998901,325.30999756,316.08871460,71963600
2021-05-12,320.23001099,322.61999512,316.00000000,316.89001465,307.90737915,91164900
2021-05-13,319.92001343,322.39999390,316.89999390,319.33999634,310.28790283,69877800
2021-05-14,322.60000610,327.32998657,322.07998657,326.39001465,317.13803101,44370000
2021-05-17,324.63000488,326.36999512,321.45001221,324.41000366,315.21417236,39395000
2021-05-18,325.39001465,326.64999390,321.94000244,322.22000122,313.08624268,36528500
2021-05-19,316.66000366,322.89999390,316.29998779,322.58999634,313.44573975,66319100
2021-05-20,324.11999512,329.70999146,323.89001465,328.82998657,319.50881958,46466100
2021-05-21,330.42999268,330.85998535,326.64001465,327.01000977,317.74053955,50330400
2021-05-24,329.36999512,333.67001343,326.89999390,332.51000977,323.08462524,32475800
2021-05-25,334.07000732,334.80999756,331.76000977,332.97000122,323.53155518,31280300
2021-05-26,333.66000366,334.60998535,332.95001221,334.13000488,324.65869141,25444900
2021-05-27,333.67001343,334.54000854,332.67001343,332.88000488,323.44409180,27931700
2021-05-28,334.11999512,335.57000732,333.60000610,333.92999268,324.46435547,29927400
2021-06-01,335.29998779,335.79000854,331.42999268,332.82000732,323.38580322,31145400
2021-06-02,333.25000000,334.33999634,331.70001221,333.47000122,324.01739502,22047900
2021-06-03,330.54998779,331.85998535,328.27999878,330.00000000,320.64584351,37057800
2021-06-04,331.85000610,336.05999756,331.77999878,335.60000610,326.08694458,38736500
2021-06-07,335.04998779,336.66000366,334.33999634,336.60000610,327.05868530,32611900
2021-06-08,338.39999390,339.29000854,335.02999878,336.76000977,327.21417236,27282800
2021-06-09,338.17001343,338.97000122,336.64999390,336.83999634,327.29190063,21485300
2021-06-10,337.19000244,340.45999146,336.73001099,340.35000610,330.70233154,33702100
2021-06-11,340.35998535,341.25000000,339.69000244,341.23999023,331.56710815,21222800
2021-06-14,341.67999268,344.51998901,340.45999146,344.51000977,334.74444580,27827700
2021-06-15,344.14999390,344.47000122,341.51998901,342.26000977,332.55825806,35963800
2021-06-16,342.73999023,343.83999634,337.45001221,341.01000977,331.34356689,55399500
2021-06-17,339.97000122,346.38000488,339.92001343,345.33999634,335.55084229,59722700
2021-06-18,343.63000488,344.80999756,341.85998535,342.63000488,332.91772461,55414900
2021-06-21,342.42999268,344.69000244,340.14999390,344.35998535,334.98675537,32992600
2021-06-22,344.14999390,348.02999878,343.83999634,347.57000732,338.10937500,28941600
2021-06-23,347.51000977,348.92001343,346.88000488,347.73999023,338.27484131,27188500
2021-06-24,349.73001099,351.45999146,349.17001343,349.89001465,340.36630249,32581600
2021-06-25,350.47000122,350.72000122,348.83999634,349.45999146,339.94793701,28682800
2021-06-28,350.77999878,353.85000610,350.72000122,353.70999146,344.08233643,39130300
2021-06-29,353.52999878,355.01998901,352.67001343,354.98999023,345.32748413,29426000
2021-06-30,354.82998657,355.23001099,353.82998657,354.42999268,344.78271484,32724000
2021-07-01,354.07000732,355.08999634,352.67999268,354.57000732,344.91897583,29290000
2021-07-02,356.51998901,358.97000122,356.27999878,358.64001465,348.87817383,32727200
2021-07-06,359.26000977,360.48001099,356.48999023,360.19000244,350.38589478,38842400
2021-07-07,362.45001221,362.76000977,358.94000244,360.95001221,351.12530518,35265200
2021-07-08,355.73999023,359.64999390,354.42001343,358.76998901,349.00460815,50890000
2021-07-09,358.17001343,361.50000000,357.57000732,361.01000977,351.18362427,35184500
2021-07-12,362.45001221,362.89001465,360.82998657,362.42001343,352.55520630,25717700
2021-07-13,362.02999878,365.47000122,361.54000854,362.42001343,352.55520630,39723000
2021-07-14,364.82998657,365.48999023,362.22000122,363.07000732,353.18759155,35336400
2021-07-15,362.98001099,363.19000244,358.45999146,360.51998901,350.70690918,53391600
2021-07-16,361.39999390,362.41000366,357.23999023,357.60000610,347.86645508,47262000
2021-07-19,354.04998779,355.17999268,352.04000854,354.67001343,345.01617432,64404600
2021-07-20,355.63000488,360.27999878,353.79998779,358.79000854,349.02404785,42183700
2021-07-21,358.35000610,361.55999756,358.11999512,361.55999756,351.71856689,30259900
2021-07-22,361.76998901,363.95999146,361.76998901,363.95001221,354.04360962,30252200
2021-07-23,365.30999756,368.48999023,363.92001343,368.20001221,358.17788696,31960800
2021-07-26,367.48999023,368.89001465,366.60000610,368.48999023,358.45996094,28438100
2021-07-27,368.22000122,368.22000122,360.16000366,364.42999268,354.51058960,57933100
2021-07-28,365.60000610,367.45001221,363.23999023,365.82998657,355.87240601,42066200
2021-07-29,365.25000000,367.67999268,365.25000000,366.48001099,356.50476074,25672500
2021-07-30,362.44000244,365.17001343,362.41000366,364.57000732,354.64669800,36484600
2021-08-02,366.27999878,366.88000488,363.86999512,364.60000610,354.67590332,27334100
2021-08-03,365.27999878,366.92999268,362.00000000,366.80999756,356.82574463,35558500
2021-08-04,366.76998901,368.32000732,365.63000488,367.33999634,357.34130859,29602200
2021-08-05,368.17999268,369.91000366,367.45001221,369.67001343,359.60791016,21443900
2021-08-06,368.36999512,369.36999512,366.91000366,368.04998779,358.03198242,33332100
2021-08-09,368.51998901,369.26998901,367.39001465,368.73001099,358.69351196,25960200
2021-08-10,369.26000977,369.55999756,365.61999512,366.83999634,356.85494995,35130800
2021-08-11,368.14001465,368.64999390,364.83999634,366.20999146,356.24209595,34249800
2021-08-12,365.69000244,367.89999390,364.29998779,367.52999878,357.52615356,25969200
2021-08-13,367.89001465,369.16000366,367.38000488,368.82000732,358.78100586,19336200
2021-08-16,367.67001343,369.01998901,363.70001221,368.98001099,358.93670654,34856900
2021-08-17,366.14999390,367.14999390,363.23001099,365.73001099,355.77514648,44793900
2021-08-18,365.17999268,366.61999512,361.86999512,362.20999146,352.35095215,38541900
2021-08-19,360.22000122,365.67999268,359.95999146,363.95999146,354.05331421,48499400
2021-08-20,365.05999756,368.14001465,364.73999023,367.73001099,357.72073364,39486000
2021-08-23,368.79998779,373.94000244,368.79000854,373.23001099,363.07101440,34034700
2021-08-24,373.83999634,374.98999023,373.35998535,374.36999512,364.17996216,21732900
2021-08-25,374.63000488,375.39001465,373.85998535,374.79998779,364.59832764,20441900
2021-08-26,373.92001343,374.61999512,371.97000122,372.42001343,362.28308105,29133300
2021-08-27,373.07000732,376.55999756,372.57000732,376.04000854,365.80456543,27104700
2021-08-30,376.85000610,380.76000977,376.82998657,380.26000977,369.90963745,27295700
2021-08-31,380.51000977,380.57998657,378.35998535,379.95001221,369.60800171,29628200
2021-09-01,381.04000854,382.70999146,380.36999512,380.57998657,370.22097778,28138300
2021-09-02,381.97000122,382.30999756,379.14999390,380.39999390,370.04586792,25453400
2021-09-03,379.22000122,381.98001099,379.20001221,381.57000732,371.18405151,24605400
2021-09-07,381.67999268,382.77999878,380.48999023,382.10998535,371.70928955,23970200
2021-09-08,381.92999268,381.92999268,378.45001221,380.77999878,370.41549683,32949200
2021-09-09,381.01000977,382.14999390,379.22000122,379.47000122,369.14117432,29399000
2021-09-10,381.23001099,381.97000122,376.25000000,376.58999634,366.33956909,40249400
2021-09-13,378.98999023,379.42999268,374.22000122,376.32998657,366.08651733,48741800
2021-09-14,377.85998535,378.60998535,374.27999878,375.26000977,365.04577637,41826600
2021-09-15,375.73001099,378.41000366,373.36999512,378.04998779,367.75973511,34097900
2021-09-16,376.67999268,378.89999390,374.70001221,378.30999756,368.01269531,35193100
2021-09-17,377.82000732,377.86999512,372.76000977,373.82998657,363.65463257,60912300
2021-09-20,367.45999146,369.25000000,360.92999268,365.70001221,356.14044189,76203200
2021-09-21,367.57998657,368.80999756,364.98999023,366.14999390,356.57864380,41927500
2021-09-22,367.08999634,371.07000732,365.95999146,369.57000732,359.90927124,46972900
2021-09-23,370.76000977,374.04000854,370.10000610,372.98001099,363.23007202,44652000
2021-09-24,370.64999390,373.76000977,370.26998901,373.32998657,363.57086182,36056800
2021-09-27,370.20001221,371.25000000,367.73001099,370.35000610,360.66882324,43338100
2021-09-28,365.67001343,370.29998779,359.35000610,359.86999512,350.46273804,97701600
2021-09-29,361.17001343,363.36999512,358.64001465,359.27999878,349.88821411,58076600
2021-09-30,360.97000122,362.67999268,357.10000610,357.95999146,348.60272217,61384600
2021-10-01,358.60000610,361.25000000,354.38000488,360.17999268,350.76464844,56375500
2021-10-04,358.51998901,358.85998535,350.32000732,352.61999512,343.40228271,76766000
2021-10-05,353.70999146,359.69000244,353.48001099,357.38000488,348.03787231,47232900
2021-10-06,354.07998657,359.95001221,353.14999390,359.67001343,350.26794434,56806500
2021-10-07,362.79998779,365.69000244,362.25000000,362.97000122,353.48168945,39411200
2021-10-08,364.07998657,364.32000732,360.60998535,361.16000366,351.71902466,41822300
2021-10-11,359.57998657,363.20001221,358.29998779,358.39001465,349.02154541,34847200
2021-10-12,359.88000488,360.32998657,356.48001099,357.14001465,347.80419922,43905100
2021-10-13,359.51000977,360.69000244,357.42999268,360.00000000,350.58932495,40120800
2021-10-14,363.69000244,366.85000610,363.01000977,366.63000488,357.04611206,43433900
2021-10-15,367.88000488,369.05999756,366.82000732,368.94000244,359.29571533,40419900
2021-10-18,367.60998535,372.86999512,366.98999023,372.64999390,362.90872192,34513500
2021-10-19,373.75000000,375.51998901,372.70001221,375.47000122,365.65499878,29091000
2021-10-20,375.94000244,376.57000732,373.45999146,374.98001099,365.17782593,31390300
2021-10-21,374.16000366,377.47000122,373.85000610,377.26998901,367.40792847,25469300
2021-10-22,375.98001099,376.97000122,372.39001465,374.10000610,364.32077026,36275800
2021-10-25,375.55999756,378.86999512,373.55999756,377.92999268,368.05062866,32597800
2021-10-26,380.23001099,382.70999146,377.91000366,379.11999512,369.20956421,47191300
2021-10-27,379.57998657,383.14999390,379.30999756,380.00000000,370.06652832,45760500
2021-10-28,381.95001221,384.48001099,381.16000366,384.22000122,374.17623901,38007000
2021-10-29,381.05999756,386.27999878,380.70001221,386.10998535,376.01684570,37310100
2021-11-01,386.55999756,387.55999756,384.42001343,387.42999268,377.30230713,30765300
2021-11-02,386.79998779,389.54000854,386.75000000,389.04998779,378.87997437,25135300
2021-11-03,389.54998779,393.60998535,388.48001099,393.17999268,382.90203857,33748900
2021-11-04,394.48001099,399.20001221,393.92001343,398.22000122,387.81030273,40265300
2021-11-05,400.04000854,400.98999023,397.16000366,398.60000610,388.18041992,43383800
2021-11-08,398.57000732,399.61999512,397.39999390,398.05999756,387.65438843,29256300
2021-11-09,399.16000366,399.57000732,393.92001343,395.32000732,384.98608398,50490700
2021-11-10,392.47000122,395.35998535,387.52999878,389.51000977,379.32797241,54937400
2021-11-11,392.57000732,392.75000000,390.23999023,390.58999634,380.37976074,32243000
2021-11-12,391.76998901,395.25000000,390.13000488,394.70001221,384.38232422,34730600
2021-11-15,395.91000366,396.23999023,392.10000610,394.60998535,384.29464722,33716900
2021-11-16,393.85998535,397.92999268,393.66000366,397.42001343,387.03115845,27872900
2021-11-17,397.75000000,399.72000122,396.64001465,397.63000488,387.23565674,28703300
2021-11-18,399.73001099,402.26998901,397.45001221,401.75000000,391.24798584,45721500
2021-11-19,403.42999268,405.29998779,402.57998657,403.98999023,393.42941284,45191700
2021-11-22,405.57000732,408.70999146,399.19000244,399.29998779,388.86209106,61715400
2021-11-23,398.10998535,400.23001099,392.92001343,397.48001099,387.08963013,70098700
2021-11-24,394.92999268,399.04998779,392.54000854,398.76000977,388.33621216,46954400
2021-11-26,396.10998535,397.54000854,389.76998901,391.20001221,380.97387695,51533300
2021-11-29,395.89001465,400.73001099,395.14001465,399.69000244,389.24182129,54447100
2021-11-30,398.77999878,401.19000244,391.75000000,393.82000732,383.52529907,81332700
2021-12-01,398.27999878,400.48001099,386.64001465,387.11999512,377.00039673,77766500
2021-12-02,385.79998779,391.73999023,384.33999634,389.91000366,379.71752930,84416600
2021-12-03,391.30999756,392.33999634,378.89999390,383.13000488,373.11474609,105349100
2021-12-06,383.63000488,387.60000610,379.29998779,386.20001221,376.10449219,67588800
2021-12-07,393.02999878,398.45999146,392.98999023,397.82998657,387.43051147,56005300
2021-12-08,398.17001343,399.82000732,396.22000122,399.60998535,389.16390991,39204000
2021-12-09,398.35000610,400.20001221,393.52999878,393.73001099,383.43765259,49973700
2021-12-10,396.61999512,398.27999878,393.35998535,398.01000977,387.60580444,52545800
2021-12-13,398.00000000,398.32998657,391.88000488,392.26000977,382.00604248,50166400
2021-12-14,387.29998779,390.08999634,383.63000488,388.20001221,378.05224609,75199200
2021-12-15,387.94000244,397.42001343,383.88000488,397.04998779,386.67083740,73858000
2021-12-16,398.04000854,398.48001099,385.20999146,386.83999634,376.72778320,82591400
2021-12-17,383.32998657,389.19000244,381.76998901,384.91000366,374.84826660,80492500
2021-12-20,379.57000732,381.50000000,377.47000122,380.69000244,371.21206665,65336800
2021-12-21,384.04998779,389.52999878,380.20001221,389.20999146,379.51989746,48899500
2021-12-22,388.91000366,394.16000366,388.23001099,393.95001221,384.14199829,37042200
2021-12-23,394.30999756,398.42999268,394.14001465,396.92001343,387.03802490,29595500
2021-12-27,398.25000000,403.48001099,398.22000122,403.48001099,393.43469238,32820700
2021-12-28,404.39999390,404.57998657,400.70999146,401.60998535,391.61117554,33113700
2021-12-29,401.75000000,403.04998779,399.10998535,401.54998779,391.55273438,32248500
2021-12-30,401.32998657,403.57000732,399.75000000,400.35000610,390.38256836,23850100
2021-12-31,399.66000366,401.05999756,397.33999634,397.85000610,387.94479370,34752900
2022-01-03,399.04998779,401.94000244,396.88000488,401.67999268,391.67950439,40575900
2022-01-04,402.23999023,402.27999878,393.29000854,396.47000122,386.59921265,58027200
2022-01-05,394.73999023,395.89001465,384.02999878,384.29000854,374.72244263,75739800
2022-01-06,382.42001343,387.35000610,380.13000488,384.01998901,374.45910645,70814300
2022-01-07,384.02999878,385.76000977,378.04000854,379.85998535,370.40270996,72652300
2022-01-10,374.82000732,380.64001465,369.30999756,380.10998535,370.64639282,91770500
2022-01-11,379.35998535,385.98999023,377.22000122,385.82000732,376.21438599,68295700
2022-01-12,388.45999146,390.20001221,385.01000977,387.35000610,377.70623779,54576400
2022-01-13,388.76998901,389.47000122,376.70001221,377.66000366,368.25750732,77994000
2022-01-14,375.07000732,380.35000610,374.85998535,380.01000977,370.54898071,80121200
2022-01-18,374.04000854,376.22000122,369.76998901,370.54998779,361.32452393,75450900
2022-01-19,372.14999390,374.69000244,366.20999146,366.48001099,357.35583496,81791500
2022-01-20,369.79000854,373.86999512,361.17001343,361.72000122,352.71429443,88610700
2022-01-21,359.47000122,362.17999268,351.39999390,351.69000244,342.93408203,143388900
2022-01-24,345.91000366,353.98001099,334.14999390,353.29998779,344.50393677,198685800
2022-01-25,346.67001343,351.02999878,341.67999268,345.10998535,336.51791382,124398400
2022-01-26,352.91000366,356.88000488,340.77999878,344.57000732,335.99133301,146559500
2022-01-27,349.39999390,351.26998901,340.04998779,341.10000610,332.60772705,95255700
2022-01-28,343.02999878,352.01998901,337.95001221,351.79998779,343.04132080,108167900
2022-01-31,353.20001221,363.64999390,351.51998901,363.04998779,354.01123047,94326400
2022-02-01,364.42999268,366.19000244,359.14001465,365.51998901,356.41970825,74433000
2022-02-02,369.76000977,370.10000610,364.29000854,368.48999023,359.31579590,78777100
2022-02-03,358.52999878,361.92999268,352.45999146,353.54998779,344.74774170,95384800
2022-02-04,354.07998657,361.39999390,351.97000122,358.01000977,349.09680176,86318300
2022-02-07,358.61999512,361.04998779,353.83999634,355.13000488,346.28842163,58198100
2022-02-08,353.95999146,360.23999023,352.79998779,359.11999512,350.17910767,64720900
2022-02-09,363.76000977,366.80999756,362.11999512,366.73001099,357.59963989,55766400
2022-02-10,359.51998901,366.48999023,356.54000854,358.42999268,349.50625610,112468500
2022-02-11,358.42999268,360.07000732,345.79998779,347.05999756,338.41937256,101569100
2022-02-14,346.48999023,350.98001099,343.89001465,347.48999023,338.83859253,80254400
2022-02-15,352.91000366,356.36999512,351.82000732,356.13000488,347.26351929,55128800
2022-02-16,353.82000732,357.08999634,350.70999146,356.04000854,347.17581177,58947100
2022-02-17,352.73999023,353.45999146,345.01998901,345.45001221,336.84939575,61801400
2022-02-18,346.41000366,346.80999756,339.14001465,341.51000977,333.00747681,80001500
2022-02-22,338.48999023,344.04000854,334.35000610,338.07998657,329.66284180,85967100
2022-02-23,341.32000732,342.17999268,329.10000610,329.42001343,321.21853638,86215400
2022-02-24,318.83999634,341.04000854,318.26000977,340.48999023,332.01284790,130614100
2022-02-25,341.30999756,345.98001099,337.39001465,345.76998901,337.16140747,78842100
2022-02-28,342.51000977,348.54000854,341.32000732,346.79998779,338.16583252,77515500
2022-03-01,345.75000000,348.07998657,338.89999390,341.48999023,332.98800659,67407000
2022-03-02,343.07998657,348.58999634,340.23999023,347.22000122,338.57531738,70609000
2022-03-03,349.92999268,350.04000854,340.35000610,342.26000977,333.73889160,71089400
2022-03-04,339.83999634,341.30999756,334.92001343,337.29998779,328.90237427,76936300
2022-03-07,337.29000854,338.48001099,324.64999390,324.85998535,316.77203369,89933800
2022-03-08,324.04998779,333.20999146,319.94000244,323.35000610,315.29959106,116153900
2022-03-09,331.75000000,336.38000488,329.08999634,334.98999023,326.64984131,64723400
2022-03-10,330.82000732,332.51000977,326.70999146,331.26998901,323.02246094,69362700
2022-03-11,334.32000732,334.64001465,323.89999390,324.39999390,316.32348633,66228400
2022-03-14,323.13000488,326.58999634,317.45001221,318.17001343,310.24862671,79802600
2022-03-15,320.88000488,328.95001221,319.23001099,328.14999390,319.98013306,76471000
2022-03-16,332.17001343,340.44000244,328.39999390,340.32000732,331.84716797,105243000
2022-03-17,338.36999512,344.50000000,337.04000854,344.44000244,335.86456299,67810000
2022-03-18,342.73999023,351.79000854,341.54998779,351.48999023,342.73904419,85446300
2022-03-21,350.20001221,352.48001099,345.57998657,350.07998657,341.78613281,73799100
2022-03-22,350.58999634,357.85000610,350.20001221,356.95999146,348.50314331,63345900
2022-03-23,354.01000977,357.66000366,351.76998901,351.82998657,343.49472046,70615500
2022-03-24,353.79998779,359.70001221,351.58999634,359.64999390,351.12942505,53555300
2022-03-25,359.58999634,360.67001343,354.94000244,359.35000610,350.83651733,57584200
2022-03-28,359.33999634,365.01000977,358.07000732,364.91000366,356.26489258,56833900
2022-03-29,368.89999390,371.82998657,366.05999756,371.19000244,362.39602661,68073000
2022-03-30,369.27999878,370.98001099,365.57000732,367.08999634,358.39318848,68757700
2022-03-31,367.23999023,367.60000610,361.67999268,362.54000854,353.95101929,67011400
2022-04-01,362.80999756,363.60998535,358.58999634,361.85000610,353.27734375,54527800
2022-04-04,362.70999146,369.30999756,362.44000244,369.29998779,360.55075073,45950200
2022-04-05,367.80999756,368.54000854,359.92999268,361.10000610,352.54510498,62738700
2022-04-06,355.64999390,356.77999878,350.55999756,353.26000977,344.89083862,90077100
2022-04-07,352.23999023,356.35000610,348.69000244,354.10000610,345.71093750,63777400
2022-04-08,352.32000732,353.08999634,348.50000000,349.14999390,340.87820435,61956100
2022-04-11,344.80999756,345.75000000,340.54000854,340.89001465,332.81393433,66107400
2022-04-12,345.76000977,347.69000244,338.04000854,339.45001221,331.40798950,72790200
2022-04-13,339.79998779,347.42999268,339.05999756,346.35000610,338.14453125,61367800
2022-04-14,346.44000244,346.97000122,338.20999146,338.42999268,330.41213989,73519400
2022-04-18,337.35000610,341.04000854,335.79000854,338.69000244,330.66601562,58560600
2022-04-19,338.02999878,346.85000610,336.98001099,346.26000977,338.05670166,56515700
2022-04-20,347.08999634,347.55999756,339.95999146,341.20999146,333.12631226,65500000
2022-04-21,345.19000244,347.86999512,333.20001221,334.14999390,326.23355103,75801000
2022-04-22,334.30999756,335.55999756,324.95999146,325.39999390,317.69091797,82562100
2022-04-25,323.73001099,329.89999390,322.42999268,329.57998657,321.77182007,101755900
2022-04-26,327.47000122,327.66000366,316.85998535,317.14001465,309.62658691,105819600
2022-04-27,317.23999023,322.88000488,315.00000000,316.76000977,309.25558472,111204200
2022-04-28,321.85000610,329.89001465,317.51998901,328.01000977,320.23904419,99450000
2022-04-29,323.70001221,327.23001099,312.60000610,313.25000000,305.82873535,91977900
2022-05-02,312.82998657,318.72000122,309.64999390,318.48001099,310.93490601,115511800
2022-05-03,318.50000000,321.17001343,315.98001099,318.82000732,311.26678467,78185500
2022-05-04,319.30999756,330.29000854,313.89001465,329.60000610,321.79141235,116083400
2022-05-05,325.17001343,325.25000000,309.61999512,313.00000000,305.58462524,154607400
2022-05-06,310.95001221,315.08999634,305.10998535,309.25000000,301.92349243,139572800
2022-05-09,303.48001099,309.35000610,295.72000122,297.14999390,290.11013794,113387300
2022-05-10,304.51000977,305.76000977,296.57000732,300.76000977,293.63461304,124124600
2022-05-11,298.44000244,304.08999634,290.95001221,291.83999634,284.92596436,140326100
2022-05-12,287.45001221,295.75000000,284.94000244,291.14999390,284.25225830,120910900
2022-05-13,295.72000122,303.00000000,294.07998657,301.94000244,294.78662109,83684900
2022-05-16,300.14999390,302.26000977,297.13000488,298.44000244,291.36956787,59190400
2022-05-17,304.45001221,306.55999756,300.54998779,306.17001343,298.91641235,62715300
2022-05-18,301.54000854,302.25000000,289.85000610,291.14001465,284.24258423,79477100
2022-05-19,289.29000854,294.39001465,287.57998657,289.57998657,282.71942139,79920700
2022-05-20,293.13000488,293.79998779,280.20999146,288.67999268,281.84082031,91764200
2022-05-23,289.75000000,293.86999512,287.29000854,293.48001099,286.52713013,63648400
2022-05-24,288.13000488,288.85998535,282.25000000,287.23999023,280.43490601,73491100
2022-05-25,285.70999146,293.39001465,285.50000000,291.26000977,284.35964966,67144500
2022-05-26,290.44000244,300.92001343,290.14999390,299.32998657,292.23852539,59462200
2022-05-27,302.54000854,309.25000000,302.42001343,309.10000610,301.77706909,66985600
2022-05-31,309.07000732,311.32998657,304.32998657,308.27999878,300.97640991,60968300
2022-06-01,310.47000122,312.64999390,303.73001099,306.00000000,298.75048828,65341700
2022-06-02,304.85000610,314.55999756,303.39999390,314.38000488,306.93188477,59291300
2022-06-03,309.02999878,310.47000122,304.92001343,306.20001221,298.94573975,60914700
2022-06-06,310.75000000,312.35000610,305.61999512,307.22000122,299.94161987,51785000
2022-06-07,303.80999756,310.67001343,302.69000244,309.86999512,302.52880859,44900300
2022-06-08,309.04998779,311.72000122,306.76998901,307.64001465,300.35162354,38342100
2022-06-09,305.91000366,309.04998779,299.23001099,299.39999390,292.30682373,55900500
2022-06-10,293.64999390,294.86999512,288.38000488,288.83999634,281.99697876,85963500
2022-06-13,279.75000000,282.33999634,274.52999878,275.41000366,268.88519287,94442000
2022-06-14,277.66000366,278.66000366,273.33999634,275.91000366,269.37329102,64697500
2022-06-15,279.42001343,286.82998657,276.60998535,282.79998779,276.10003662,86051400
2022-06-16,275.58999634,276.05999756,269.27999878,271.39001465,264.96041870,81910300
2022-06-17,272.17999268,277.19000244,270.51000977,274.69000244,268.18222046,82703400
2022-06-21,278.75000000,283.45001221,278.64001465,281.07998657,274.94836426,51633700
2022-06-22,278.51998901,285.17999268,277.91000366,280.67001343,274.54727173,67472900
2022-06-23,283.20999146,285.72000122,280.30999756,284.85000610,278.63607788,57457800
2022-06-24,287.73999023,295.04000854,287.50000000,294.60998535,288.18322754,58422300
2022-06-27,296.00000000,296.57998657,291.29000854,292.45001221,286.07031250,54151500
2022-06-28,293.00000000,295.64999390,283.35000610,283.54000854,277.35479736,61609800
2022-06-29,283.39999390,285.33999634,280.83999634,283.79998779,277.60903931,57302700
2022-06-30,280.75000000,283.94000244,275.77999878,280.27999878,274.16580200,79313600
2022-07-01,278.95001221,282.52999878,277.02999878,282.13000488,275.97543335,56675100
2022-07-05,278.30999756,287.07998657,276.75000000,286.95999146,280.70007324,61829300
2022-07-06,287.35000610,290.95001221,285.58999634,288.79998779,282.49996948,63194700
2022-07-07,289.63000488,295.70001221,289.63000488,294.98001099,288.54516602,56620100
2022-07-08,292.07998657,296.75000000,291.11999512,295.35000610,288.90710449,59895500
2022-07-11,292.88000488,293.10998535,288.14001465,289.04000854,282.73468018,55273900
2022-07-12,290.32000732,292.27999878,284.60998535,286.23999023,279.99581909,55797100
2022-07-13,280.60000610,288.04998779,280.01998901,285.64999390,279.41864014,73939400
2022-07-14,282.98999023,287.55999756,279.79998779,286.67001343,280.41641235,63741800
2022-07-15,289.73001099,291.98001099,288.07998657,291.86999512,285.50296021,63818100
2022-07-18,294.72000122,296.16000366,288.20001221,289.39999390,283.08685303,59519600
2022-07-19,293.10998535,298.60000610,291.47000122,298.29998779,291.79269409,55172600
2022-07-20,298.73001099,304.23999023,297.92999268,303.02999878,296.41958618,67769400
2022-07-21,303.50000000,307.44000244,300.77999878,307.38000488,300.67468262,55049400
2022-07-22,306.42999268,308.54998779,300.11999512,301.98999023,295.40225220,57127700
2022-07-25,302.01998901,302.50000000,298.22000122,300.26998901,293.71975708,40582400
2022-07-26,298.52999878,298.79000854,293.54000854,294.36999512,287.94848633,50074100
2022-07-27,299.04000854,308.54000854,298.45999146,306.80999756,300.11709595,69304400
2022-07-28,306.58999634,310.39999390,302.75000000,309.80999756,303.05163574,55139900
2022-07-29,311.39001465,316.39001465,309.92999268,315.45999146,308.57843018,57501000
2022-08-01,313.64999390,318.80999756,312.52999878,315.26998901,308.39245605,46358800
2022-08-02,312.92001343,318.54998779,311.83999634,314.32998657,307.47302246,48676500
2022-08-03,316.04998779,323.73001099,315.98999023,322.89001465,315.84634399,53735700
2022-08-04,322.97000122,324.72000122,320.76998901,324.39999390,317.32333374,38973700
2022-08-05,319.19000244,323.82998657,318.39001465,321.75000000,314.73120117,53894000
2022-08-08,322.69000244,326.47000122,319.20999146,320.70999146,313.71383667,43878500
2022-08-09,318.76998901,319.02999878,315.42001343,317.07998657,310.16302490,39764200
2022-08-10,324.58999634,326.23001099,322.05999756,325.92999268,318.81991577,51459600
2022-08-11,328.30999756,330.35998535,323.35998535,324.07998657,317.01037598,45897700
2022-08-12,326.17999268,330.58999634,325.10000610,330.39001465,323.18270874,40928400
2022-08-15,329.42001343,333.57000732,329.39999390,333.05999756,325.79446411,38266600
2022-08-16,332.05999756,334.42001343,329.16000366,332.27999878,325.03146362,41186900
2022-08-17,329.07000732,331.42999268,326.35998535,328.48999023,321.32409668,47842200
2022-08-18,328.44000244,330.48999023,326.79000854,329.27999878,322.09692383,41937200
2022-08-19,326.17001343,326.83999634,322.07998657,322.85998535,315.81695557,51770600
2022-08-22,318.50000000,318.73999023,313.52999878,314.35998535,307.50228882,51098900
2022-08-23,314.11999512,317.00000000,313.32998657,314.10000610,307.24807739,39497100
2022-08-24,313.60998535,316.86999512,312.98999023,315.01000977,308.13821411,38057100
2022-08-25,316.82998657,320.60000610,315.76000977,320.57998657,313.58670044,38098300
2022-08-26,320.27999878,321.51000977,307.35000610,307.44000244,300.73339844,69047700
2022-08-29,304.61999512,307.22000122,303.27999878,304.41000366,297.76943970,48321900
2022-08-30,306.10000610,306.73001099,298.44000244,301.01998901,294.45330811,51184500
2022-08-31,303.98999023,304.91000366,299.16000366,299.26998901,292.74151611,50044000
2022-09-01,296.72000122,299.77999878,292.95001221,299.39999390,292.86871338,57990700
2022-09-02,302.33999634,303.75000000,293.51998901,295.17001343,288.73104858,64666800
2022-09-06,295.66000366,296.60000610,290.86999512,293.04998779,286.65734863,57005400
2022-09-07,293.54000854,299.98999023,293.26998901,298.97000122,292.44808960,49260400
2022-09-08,296.85000610,301.86999512,295.45001221,300.51998901,293.96435547,55649800
2022-09-09,302.82998657,307.60000610,300.51998901,307.08999634,300.39093018,56125200
2022-09-12,308.50000000,311.07998657,308.17999268,310.73999023,303.96136475,45905700
2022-09-13,301.79998779,303.01998901,292.79000854,293.70001221,287.29309082,79562200
2022-09-14,294.86999512,296.92999268,293.05999756,296.02999878,289.57217407,54907200
2022-09-15,294.07000732,296.52999878,289.45999146,291.10000610,284.74978638,65299400
2022-09-16,287.72000122,289.72000122,285.61999512,289.32000732,283.00866699,79920400
2022-09-19,286.10000610,291.20999146,286.04000854,291.04998779,285.21249390,52613800
2022-09-20,288.48999023,291.07000732,286.38000488,288.73001099,282.93905640,51271100
2022-09-21,289.58999634,293.95001221,283.42001343,283.55999756,277.87277222,82931000
2022-09-22,282.00000000,283.02999878,278.82000732,280.07000732,274.45275879,62757100
2022-09-23,277.54998779,277.85000610,272.01998901,275.51000977,269.98419189,74815200
2022-09-26,275.02999878,279.48999023,273.55999756,274.36999512,268.86700439,71176700
2022-09-27,277.80999756,280.20999146,272.10998535,274.48001099,268.97485352,69780100
2022-09-28,274.45999146,281.25000000,272.95001221,279.94000244,274.32531738,79652100
2022-09-29,275.85998535,276.25000000,268.83999634,271.86999512,266.41717529,81216000
2022-09-30,271.02999878,275.19000244,267.10000610,267.26000977,261.89965820,78482400
2022-10-03,269.07000732,275.16000366,267.52999878,273.52999878,268.04391479,61267400
2022-10-04,278.98999023,282.85000610,278.98999023,282.13000488,276.47140503,66696900
2022-10-05,278.27999878,283.80999756,275.42001343,281.98001099,276.32446289,55766300
2022-10-06,280.95999146,284.17999268,279.42999268,279.76000977,274.14895630,53489400
2022-10-07,275.01998901,275.14999390,267.73999023,269.10000610,263.70275879,71354700
2022-10-10,269.29998779,269.70001221,263.64001465,266.41000366,261.06671143,60393000
2022-10-11,264.70001221,267.63000488,261.02999878,262.75000000,257.48010254,66522500
2022-10-12,263.39999390,265.35998535,261.95001221,262.66000366,257.39193726,50580200
2022-10-13,255.16000366,270.17001343,254.25999451,268.82000732,263.42834473,112894100
2022-10-14,271.20001221,271.80999756,260.14001465,260.73999023,255.51040649,77244300
2022-10-17,266.83999634,270.23999023,266.73999023,269.35000610,263.94775391,64576500
2022-10-18,276.52999878,277.20999146,268.73999023,271.48001099,266.03503418,69781000
2022-10-19,269.92999268,273.67999268,268.07000732,270.48999023,265.06484985,53115400
2022-10-20,269.57998657,274.83999634,267.92001343,269.10998535,263.71258545,60605500
2022-10-21,267.98001099,275.97000122,266.82000732,275.42001343,269.89602661,77897700
2022-10-24,275.69000244,279.39999390,271.97000122,278.45001221,272.86520386,63963600
2022-10-25,279.41000366,284.60000610,277.89999390,284.20999146,278.50973511,59014500
2022-10-26,278.45999146,283.98001099,277.42999268,277.92999268,272.35568237,63492400
2022-10-27,276.79000854,278.27999878,272.33999634,272.86999512,267.39712524,57760300
2022-10-28,272.23001099,281.70001221,272.05999756,281.22000122,275.57962036,62651300
2022-10-31,278.92001343,279.76000977,275.98999023,277.95001221,272.37530518,47742000
2022-11-01,281.50000000,282.07000732,274.73999023,275.10998535,269.59222412,45895900
2022-11-02,275.07998657,278.20999146,265.60998535,265.67999268,260.35134888,79803100
2022-11-03,263.01000977,264.50000000,260.10000610,260.48999023,255.26541138,70038900
2022-11-04,265.52999878,266.60998535,259.07998657,264.67999268,259.37139893,78313200
2022-11-07,265.75000000,268.14001465,263.57000732,267.58999634,262.22302246,47333800
2022-11-08,269.14001465,272.85000610,265.51998901,269.54000854,264.13397217,63213800
2022-11-09,267.76000977,268.55999756,263.02999878,263.32000732,258.03869629,64862100
2022-11-10,276.01000977,283.04998779,273.85000610,282.75000000,277.07901001,99256700
2022-11-11,282.55999756,288.64001465,281.19000244,287.95999146,282.18447876,66961800
2022-11-14,285.85998535,289.20999146,284.44000244,285.44000244,279.71502686,55290700
2022-11-15,292.20999146,293.26000977,285.97000122,289.39001465,283.58581543,73985400
2022-11-16,287.39001465,289.48001099,284.60000610,285.44000244,279.71502686,48859800
2022-11-17,280.88000488,286.32000732,280.72000122,284.80999756,279.09759521,55462100
2022-11-18,287.89001465,287.98999023,282.32000732,284.82000732,279.10751343,53588600
2022-11-21,283.39999390,284.57998657,281.04000854,281.89001465,276.23626709,40083500
2022-11-22,282.64001465,286.10998535,280.45999146,285.95001221,280.21487427,41873400
2022-11-23,285.97000122,289.45999146,285.79000854,288.82000732,283.02725220,46390000
2022-11-25,287.19000244,287.91000366,286.42001343,286.92001343,281.16534424,15498800
2022-11-28,284.89999390,286.95999146,281.76000977,282.70999146,277.03979492,38714200
2022-11-29,282.94000244,283.35000610,279.17001343,280.57000732,274.94265747,35618900
2022-11-30,280.83999634,293.47000122,279.97000122,293.35998535,287.47610474,74718100
2022-12-01,293.69000244,295.75000000,290.88000488,293.72000122,287.82897949,51547300
2022-12-02,288.54000854,293.45001221,288.35998535,292.54998779,286.68240356,53583200
2022-12-05,290.38000488,291.67999268,286.14999390,287.64001465,281.87084961,41482100
2022-12-06,287.48001099,287.61999512,280.26000977,281.67999268,276.03048706,53937600
2022-12-07,280.47000122,282.57000732,278.77999878,280.52999878,274.90350342,45614300
2022-12-08,281.91000366,284.83999634,279.79000854,283.85000610,278.15695190,42594900
2022-12-09,282.80999756,285.64001465,281.58999634,282.04000854,276.38320923,47860500
2022-12-12,282.22000122,285.64001465,281.16000366,285.57998657,279.85220337,35732500
2022-12-13,296.64999390,296.88000488,285.91000366,288.64999390,282.86056519,80667700
2022-12-14,288.04998779,291.41000366,283.19000244,286.51000977,280.76354980,64984400
2022-12-15,282.32998657,283.01000977,275.67001343,276.89001465,271.33651733,60554100
2022-12-16,276.20001221,277.76998901,272.60998535,274.25000000,268.74945068,68300400
2022-12-19,273.86999512,273.95999146,268.48999023,269.75000000,264.97256470,44167900
2022-12-20,268.55999756,271.32000732,266.95001221,269.54000854,264.76632690,51064200
2022-12-21,270.60000610,274.77999878,269.73999023,273.45001221,268.60705566,46394700
2022-12-22,270.38000488,270.51000977,262.45999146,266.76000977,262.03558350,60278400
2022-12-23,265.47000122,268.04000854,263.52999878,267.35998535,262.62487793,39373600
2022-12-27,266.73999023,266.85000610,263.02999878,263.57998657,258.91183472,38009000
2022-12-28,263.17001343,265.47000122,259.73001099,260.10000610,255.49348450,47139000
2022-12-29,262.95999146,267.39999390,262.25000000,266.44000244,261.72119141,45893600
2022-12-30,263.61999512,266.41000366,262.29000854,266.27999878,261.56405640,37858300
2023-01-03,268.64999390,270.14999390,262.13000488,264.48001099,259.79592896,42335300
2023-01-04,266.64001465,267.45001221,262.52999878,265.73999023,261.03356934,47754900
2023-01-05,264.04000854,264.20999146,261.26000977,261.57998657,256.94720459,45396700
2023-01-06,263.35000610,269.94000244,260.33999634,268.79998779,264.03933716,54659700
2023-01-09,270.82998657,275.29000854,269.92001343,270.54000854,265.74856567,45568700
2023-01-10,269.48999023,272.94000244,268.97000122,272.82998657,267.99804688,35247800
2023-01-11,273.92001343,277.66000366,273.11999512,277.54998779,272.63439941,44077000
2023-01-12,278.11999512,280.10000610,273.73999023,279.04998779,274.10781860,60600000
2023-01-13,276.50000000,281.22000122,276.16000366,280.97000122,275.99389648,44802900
2023-01-17,280.76998901,282.85000610,279.57998657,281.54000854,276.55374146,36269700
2023-01-18,283.10998535,284.69000244,277.67001343,277.88000488,272.95858765,47754500
2023-01-19,276.22000122,277.38000488,273.89001465,275.14999390,270.27688599,44150400
2023-01-20,276.79000854,283.01998901,275.70999146,282.67999268,277.67355347,60613600
2023-01-23,283.54000854,290.20999146,282.73001099,288.95999146,283.84228516,52799900
2023-01-24,287.30999756,289.54998779,286.77999878,288.36999512,283.26278687,44875100
2023-01-25,283.76998901,288.35998535,281.17999268,287.73001099,282.63415527,50872000
2023-01-26,291.22000122,293.51998901,288.51998901,293.33999634,288.14474487,51596300
2023-01-27,292.00000000,298.26000977,291.88000488,296.26000977,291.01312256,56441900
2023-01-30,292.92999268,294.38000488,289.89001465,290.26998901,285.12915039,49405800
2023-01-31,290.30999756,294.72000122,290.20001221,294.61999512,289.40206909,46705100
2023-02-01,294.41000366,303.42999268,292.29998779,300.92001343,295.59051514,67562200
2023-02-02,307.57000732,313.67999268,306.73001099,311.72000122,306.19924927,83070600
2023-02-03,304.94000244,312.39001465,304.54000854,306.17999268,300.75744629,76170800
2023-02-06,303.51000977,305.91000366,302.22000122,303.58999634,298.21319580,40802300
2023-02-07,303.45999146,311.02999878,302.32000732,309.88000488,304.39184570,67584000
2023-02-08,308.54000854,309.50000000,303.67001343,304.36999512,298.97940063,56720900
2023-02-09,308.83999634,308.98999023,300.20001221,301.67999268,296.33703613,49137800
2023-02-10,299.48001099,301.57000732,297.25000000,299.70001221,294.39212036,50050100
2023-02-13,301.13000488,305.10000610,299.92999268,304.50000000,299.10711670,39636700
2023-02-14,302.89001465,307.72000122,300.91000366,306.75000000,301.31723022,64079100
2023-02-15,304.89999390,309.26998901,304.20001221,309.10000610,303.62567139,43100600
2023-02-16,304.38000488,308.42999268,303.14999390,303.29998779,297.92834473,59498600
2023-02-17,301.07000732,301.92999268,298.10000610,301.16000366,295.82626343,58230700
2023-02-21,297.26000977,298.73001099,293.89001465,294.02999878,288.82257080,46526700
2023-02-22,294.61999512,296.35998535,292.55999756,294.25000000,289.03863525,51389200
2023-02-23,297.97000122,298.13000488,292.54998779,296.82000732,291.56314087,69294400
2023-02-24,291.76000977,292.97000122,290.04998779,291.85000610,286.68115234,74332000
2023-02-27,295.07000732,296.48999023,293.33999634,293.94000244,288.73416138,48995000
2023-02-28,293.29998779,296.11999512,292.95999146,293.55999756,288.36087036,48243100
2023-03-01,293.26000977,293.92999268,290.20001221,291.20001221,286.04272461,58287000
2023-03-02,288.66000366,294.42999268,288.36999512,293.60998535,288.40997314,53565900
2023-03-03,295.39001465,299.92001343,294.86999512,299.67999268,294.37243652,60511500
2023-03-06,300.94000244,304.00000000,299.82000732,300.01998901,294.70645142,56736300
2023-03-07,300.07000732,301.01000977,295.72000122,296.33999634,291.09164429,65955800
2023-03-08,296.76998901,298.42999268,294.88000488,297.82000732,292.54541016,50876300
2023-03-09,298.32998657,300.98001099,291.82998657,292.66000366,287.47677612,71456700
2023-03-10,292.82998657,294.35000610,287.38000488,288.54998779,283.43957520,98593600
2023-03-13,286.73001099,294.47000122,285.19000244,290.69000244,285.54171753,97123600
2023-03-14,294.30999756,297.92999268,293.45001221,297.36999512,292.10339355,73602500
2023-03-15,294.70999146,299.26998901,293.23999023,298.92999268,293.63574219,83631500
2023-03-16,298.00000000,307.17999268,297.19000244,306.80999756,301.37625122,98198100
2023-03-17,306.72000122,309.14999390,303.36999512,305.35998535,299.95184326,89923700
2023-03-20,304.26000977,306.29998779,302.01000977,305.97000122,301.01638794,56359500
2023-03-21,307.94000244,310.79998779,306.39999390,310.33999634,305.31564331,49757000
2023-03-22,310.26998901,315.25000000,305.95001221,306.11999512,301.16394043,75791900
2023-03-23,309.92001343,314.14999390,307.01000977,309.75000000,304.73519897,74576000
2023-03-24,309.32000732,310.98999023,306.95001221,310.89001465,305.85675049,57195200
2023-03-27,311.60000610,312.70001221,307.89001465,308.76000977,303.76123047,50287400
2023-03-28,308.17001343,308.20001221,304.76998901,307.11999512,302.14776611,48585900
2023-03-29,310.88000488,313.35000610,310.04998779,312.72000122,307.65704346,53274300
2023-03-30,315.23999023,316.32000732,312.80999756,315.67999268,310.56912231,58354800
2023-03-31,315.91000366,321.17001343,315.60000610,320.92999268,315.73422241,62138100
2023-04-03,318.76998901,320.42001343,317.42001343,320.14999390,314.96679688,47126800
2023-04-04,320.60000610,321.63000488,317.82998657,319.07000732,313.90426636,45875400
2023-04-05,318.10000610,319.05999756,314.07000732,315.92001343,310.80526733,62795700
2023-04-06,314.23999023,318.54998779,312.82000732,318.04998779,312.90081787,46916500
2023-04-10,315.07000732,317.92001343,313.25000000,317.86999512,312.72372437,45134700
2023-04-11,317.82998657,317.89001465,315.30999756,315.82998657,310.71673584,40113600
2023-04-12,317.82000732,318.42001343,312.57000732,313.04000854,307.97189331,62813300
2023-04-13,314.82998657,319.64999390,313.63000488,319.17001343,314.00271606,54613800
2023-04-14,317.58999634,320.35998535,315.60998535,318.57000732,313.41241455,56278300
2023-04-17,318.14999390,319.20001221,316.04000854,318.83999634,313.67807007,43007000
2023-04-18,320.98999023,321.42001343,317.64001465,318.85998535,313.69772339,46746900
2023-04-19,316.41000366,319.79000854,316.27999878,318.70999146,313.55010986,38960100
2023-04-20,315.69000244,319.26998901,314.97000122,316.27999878,311.15948486,62462100
2023-04-21,315.91000366,317.39999390,314.10000610,316.60998535,311.48403931,59002300
2023-04-24,316.38000488,317.73999023,313.73999023,315.95001221,310.83477783,44043100
2023-04-25,314.29000854,314.97000122,309.89001465,309.98999023,304.97128296,57121600
2023-04-26,313.44000244,314.94000244,311.33999634,311.86999512,306.82083130,55400500
2023-04-27,315.70001221,320.85998535,315.04998779,320.35000610,315.16354370,65430400
2023-04-28,320.10998535,322.64999390,318.95999146,322.55999756,317.33779907,59712600
2023-05-01,322.08999634,323.63000488,321.08999634,322.19000244,316.97378540,41013400
2023-05-02,322.11999512,322.45001221,317.60998535,319.38000488,314.20928955,56519400
2023-05-03,319.75000000,322.47000122,317.17999268,317.29000854,312.15310669,59882100
2023-05-04,317.05999756,318.23001099,315.11999512,316.17001343,311.05130005,50224500
2023-05-05,318.47000122,323.76000977,316.20999146,322.89001465,317.66241455,51806100
2023-05-08,322.42001343,324.04000854,321.32000732,323.69000244,318.44943237,36465800
2023-05-09,322.00000000,322.88000488,321.32000732,321.64001465,316.43270874,31768800
2023-05-10,324.11999512,326.01000977,321.60000610,325.14001465,319.87597656,60446600
2023-05-11,325.70001221,326.75000000,324.11999512,326.20001221,320.91885376,44278500
2023-05-12,326.73999023,327.17001343,322.94000244,325.02999878,319.76779175,48432800
2023-05-15,325.51000977,327.02999878,323.95999146,326.79000854,321.49929810,33375600
2023-05-16,326.05999756,328.89999390,326.01998901,327.16000366,321.86331177,40019200
2023-05-17,328.23999023,331.70999146,327.04000854,331.11999512,325.75921631,47486100
2023-05-18,331.51998901,337.48999023,331.50000000,337.26998901,331.80963135,64213500
2023-05-19,337.48999023,338.20999146,335.42999268,336.51000977,331.06198120,61554900
2023-05-22,336.25000000,338.67001343,336.23999023,337.64001465,332.17364502,43015900
2023-05-23,335.89001465,337.05999756,333.00000000,333.35998535,327.96292114,48216700
2023-05-24,331.36999512,332.91000366,329.55999756,331.64999390,326.28070068,62891200
2023-05-25,339.14001465,341.01000977,336.67001343,339.72000122,334.22003174,66862800
2023-05-26,340.76000977,349.25000000,340.66000366,348.39999390,342.75946045,63007000
2023-05-30,352.70999146,353.92999268,348.52999878,349.98001099,344.31387329,72652200
2023-05-31,348.36999512,350.60000610,346.51000977,347.98999023,342.35607910,65105400
2023-06-01,347.73001099,353.35998535,346.66000366,352.01000977,346.31097412,50488600
2023-06-02,353.79998779,355.82998657,352.01000977,354.64999390,348.90823364,53372100
2023-06-05,354.42999268,357.50000000,353.85000610,354.89999390,349.15423584,47266200
2023-06-06,354.27999878,355.82000732,352.92999268,354.83999634,349.09515381,41390400
2023-06-07,355.13000488,357.11999512,348.17999268,348.82000732,343.17263794,69225900
2023-06-08,349.11999512,353.61999512,348.89001465,353.14999390,347.43246460,47153900
2023-06-09,354.63000488,357.66000366,353.02999878,354.50000000,348.76071167,53196900
2023-06-12,356.19000244,360.58999634,355.20001221,360.48999023,354.65368652,44606500
2023-06-13,363.29000854,364.10998535,360.02999878,363.26000977,357.37890625,57097800
2023-06-14,363.26998901,366.19000244,360.42001343,365.89999390,359.97610474,69525600
2023-06-15,364.60998535,371.76998901,363.98001099,370.26000977,364.26553345,71138800
2023-06-16,372.72000122,372.85000610,367.48001099,367.92999268,361.97323608,80932000
2023-06-20,365.95001221,368.32000732,363.89001465,366.89999390,361.45504761,49204700
2023-06-21,365.73999023,366.17999268,360.95999146,361.89999390,356.52926636,53378300
2023-06-22,360.63000488,366.32998657,360.22000122,366.17001343,360.73593140,47603000
2023-06-23,362.20999146,364.88000488,360.82000732,362.54000854,357.15975952,48922900
2023-06-26,362.00000000,364.83999634,357.58999634,357.67999268,352.37188721,52685500
2023-06-27,359.25000000,364.57000732,358.51000977,363.82998657,358.43060303,49428100
2023-06-28,361.98001099,366.51998901,361.89999390,364.54000854,359.13012695,46498000
2023-06-29,364.23999023,364.89001465,362.14001465,363.80999756,358.41091919,46151000
2023-06-30,367.54998779,370.48999023,367.23001099,369.42001343,363.93765259,58712500
2023-07-03,370.07000732,370.92999268,368.97000122,370.29000854,364.79476929,19432900
2023-07-05,368.70001221,372.01000977,368.66000366,370.27999878,364.78488159,34460900
2023-07-06,366.51000977,367.91000366,364.51998901,367.45999146,362.00674438,49374700
2023-07-07,367.23001099,370.48001099,366.01000977,366.23999023,360.80484009,47133700
2023-07-10,365.95999146,367.04998779,363.41000366,366.35998535,360.92312622,48498800
2023-07-11,366.79000854,368.63000488,364.61999512,368.17001343,362.70623779,38214100
2023-07-12,372.33999634,374.19000244,370.29998779,372.82000732,367.28723145,61975400
2023-07-13,376.04998779,379.98999023,375.45999146,379.14999390,373.52325439,46960000
2023-07-14,379.58999634,382.85998535,378.17999268,379.07000732,373.44442749,55148500
2023-07-17,379.79998779,383.50000000,379.30999756,382.60998535,376.93188477,40868900
2023-07-18,381.95999146,387.13000488,380.00000000,385.73999023,380.01547241,55262000
2023-07-19,386.82000732,387.98001099,384.29998779,385.64999390,379.92675781,54093000
2023-07-20,382.60998535,384.10000610,375.72000122,376.76000977,371.16876221,71941700
2023-07-21,379.17999268,379.92001343,375.19000244,375.63000488,370.05551147,60499600
2023-07-24,376.61999512,377.57998657,374.33999634,376.23001099,370.64660645,40380100
2023-07-25,376.95001221,380.47000122,376.92999268,378.77999878,373.15875244,38894400
2023-07-26,377.72000122,379.23999023,375.17999268,377.51998901,371.91744995,47075700
2023-07-27,383.07000732,384.70999146,375.30999756,376.61999512,371.03079224,63940200
2023-07-28,380.73999023,384.51998901,380.22000122,383.48001099,377.78903198,56902900
2023-07-31,383.79000854,384.88000488,382.33999634,383.67999268,377.98602295,44019900
2023-08-01,382.30999756,383.55999756,380.69000244,382.79000854,377.10922241,41060600
2023-08-02,379.26000977,379.26000977,373.13000488,374.39001465,368.83395386,72687100
2023-08-03,371.94000244,375.95001221,371.76998901,373.79000854,368.24285889,47666400
2023-08-04,375.75000000,378.10000610,371.52999878,372.04000854,366.51876831,61702800
2023-08-07,373.88000488,375.29000854,371.51000977,375.19000244,369.62197876,37230400
2023-08-08,372.64001465,372.66000366,368.82000732,372.00000000,366.47937012,44726500
2023-08-09,372.29000854,372.45001221,367.14001465,367.91000366,362.45007324,51150900
2023-08-10,370.97000122,374.35998535,367.04000854,368.58999634,363.11993408,72035300
2023-08-11,365.98999023,368.00000000,364.69000244,366.23999023,360.80484009,48707200
2023-08-14,365.42999268,370.47000122,364.70001221,370.35000610,364.85385132,42130800
2023-08-15,369.35998535,370.17001343,365.73999023,366.42001343,360.98217773,45539900
2023-08-16,365.86999512,367.42999268,362.44000244,362.54000854,357.15975952,53190500
2023-08-17,363.95999146,364.30999756,358.16000366,358.57998657,353.25851440,62604300
2023-08-18,355.26000977,359.41000366,354.70999146,358.13000488,352.81524658,61191400
2023-08-21,359.61999512,364.58999634,359.14999390,363.89999390,358.49957275,50696500
2023-08-22,366.54998779,366.55999756,362.67999268,363.38000488,357.98733521,44530200
2023-08-23,364.57998657,370.22000122,364.35998535,369.10998535,363.63220215,51770600
2023-08-24,372.64001465,372.73999023,361.01000977,361.22000122,355.85934448,66842500
2023-08-25,362.07000732,365.73999023,358.57998657,364.01998901,358.61785889,69960500
2023-08-28,366.98999023,367.70999146,364.25000000,366.76000977,361.31719971,40910000
2023-08-29,366.55999756,375.13000488,366.23001099,374.76998901,369.20831299,58492400
2023-08-30,374.88000488,377.45001221,373.85998535,376.85998535,371.26724243,41731500
2023-08-31,376.94000244,379.72000122,376.86999512,377.98999023,372.38046265,35730700
2023-09-01,380.39999390,380.82998657,376.07998657,377.58999634,371.98641968,39801200
2023-09-05,376.76998901,379.30999756,375.82998657,378.07000732,372.45925903,32344200
2023-09-06,377.27999878,377.63000488,372.70001221,374.73999023,369.17871094,42998700
2023-09-07,370.20999146,372.85000610,369.14999390,372.05999756,366.53845215,52060700
2023-09-08,372.01000977,374.85000610,371.60000610,372.57998657,367.05072021,35800100
2023-09-11,375.66000366,377.48999023,373.66000366,376.97000122,371.37557983,39936600
2023-09-12,375.26998901,376.95001221,372.50000000,372.79000854,367.25762939,41391000
2023-09-13,373.02999878,375.83999634,371.88000488,374.20999146,368.65658569,46300700
2023-09-14,375.98999023,378.26998901,373.89001465,377.26998901,371.67117310,48039400
2023-09-15,375.91000366,376.32000732,369.85998535,370.80999756,365.30703735,69811200
2023-09-18,369.32000732,371.79000854,369.02999878,370.66000366,365.68780518,36903500
2023-09-19,369.32000732,370.67999268,366.79998779,369.86999512,364.90844727,37621700
2023-09-20,370.95001221,371.30999756,364.45999146,364.54000854,359.64999390,45514200
2023-09-21,360.79998779,361.60000610,357.69000244,357.85998535,353.05950928,69734800
2023-09-22,359.63000488,361.79998779,357.58999634,357.91000366,353.10885620,51589700
2023-09-25,356.92999268,359.70001221,355.92999268,359.60998535,354.78607178,39168000
2023-09-26,356.98999023,357.54000854,353.20999146,354.20999146,349.45852661,53657700
2023-09-27,355.38000488,356.98001099,351.35998535,355.04000854,350.27743530,56066000
2023-09-28,354.10998535,360.17001343,353.23999023,358.01000977,353.20755005,56453300
2023-09-29,361.54000854,362.95001221,357.01998901,358.26998901,353.46408081,64829600
2023-10-02,358.54000854,362.67999268,357.92001343,361.26000977,356.41397095,51625100
2023-10-03,358.77999878,361.01000977,353.27999878,354.92001343,350.15902710,60478500
2023-10-04,355.76998901,360.60998535,355.29998779,359.75000000,354.92416382,54786700
2023-10-05,359.73999023,360.14999390,355.14001465,358.69000244,353.87844849,45897400
2023-10-06,355.64999390,365.91000366,354.85000610,364.70001221,359.80780029,75049100
2023-10-09,362.29998779,367.10998535,360.77999878,366.55999756,361.64282227,45304800
2023-10-10,366.89999390,371.27999878,366.39001465,368.58999634,363.64559937,46968800
2023-10-11,369.94000244,371.41000366,368.19000244,371.22000122,366.24032593,38215100
2023-10-12,371.73001099,373.73999023,367.50000000,369.92999268,364.96762085,49587900
2023-10-13,370.57000732,371.16000366,363.85998535,365.27999878,360.37997437,52469900
2023-10-16,366.61999512,370.48001099,366.47000122,369.41000366,364.45468140,44201100
2023-10-17,365.80999756,369.92001343,363.66000366,368.20001221,363.26083374,50999100
2023-10-18,365.67001343,367.91000366,362.01998901,363.36999512,358.49563599,54280500
2023-10-19,364.80999756,366.01998901,359.16000366,359.97000122,355.14126587,72274200
2023-10-20,359.45999146,360.04000854,354.36999512,354.60000610,349.84326172,72559700
2023-10-23,353.26000977,359.26000977,351.11999512,355.67001343,350.89892578,60665200
2023-10-24,357.51000977,359.91000366,355.79000854,359.13000488,354.31250000,47082100
2023-10-25,356.70001221,356.88000488,349.75000000,350.33999634,345.64047241,71190500
2023-10-26,349.11999512,350.07000732,342.35000610,343.66000366,339.05001831,78621400
2023-10-27,346.42999268,348.83999634,344.07998657,345.30999756,340.67791748,63476700
2023-10-30,347.82998657,350.54000854,346.45001221,349.20001221,344.51574707,55298500
2023-10-31,349.23001099,351.25000000,346.61999512,350.86999512,346.16333008,47671900
2023-11-01,351.72000122,357.52999878,351.61999512,356.95999146,352.17156982,58992700
2023-11-02,361.54000854,363.67999268,360.29998779,363.44000244,358.56469727,58162400
2023-11-03,364.75000000,369.01998901,364.51998901,367.70999146,362.77743530,53280500
2023-11-06,368.48999023,369.77999878,366.91000366,369.20999146,364.25729370,38848700
2023-11-07,370.26998901,373.57998657,369.04998779,372.70001221,367.70056152,50777400
2023-11-08,373.07998657,373.79000854,370.61999512,372.94000244,367.93731689,35663400
2023-11-09,373.64001465,374.79998779,369.57000732,370.07000732,365.10574341,53859400
2023-11-10,371.82000732,378.54000854,371.27999878,378.39001465,373.31420898,58309800
2023-11-13,376.79000854,378.27999878,375.23999023,377.20999146,372.14999390,40733500
2023-11-14,383.70999146,386.26000977,383.17999268,385.32998657,380.16104126,67792600
2023-11-15,387.25000000,387.75000000,384.23999023,385.61999512,380.44717407,54141400
2023-11-16,384.83999634,386.19000244,383.55999756,385.95001221,380.77279663,45343500
2023-11-17,385.20999146,387.07000732,384.29000854,386.04000854,380.86154175,46571900
2023-11-20,386.04998779,391.41000366,386.04998779,390.73999023,385.49844360,44429600
2023-11-21,389.01000977,389.23001099,386.70001221,388.47000122,383.25897217,43337000
2023-11-22,390.57000732,393.07000732,389.04000854,390.05999756,384.82763672,44121000
2023-11-24,389.64999390,390.25000000,388.50000000,389.51000977,384.28503418,15718800
2023-11-27,389.01000977,391.14999390,388.27999878,389.17001343,383.94955444,34139700
2023-11-28,388.41000366,390.77999878,388.04998779,390.19000244,384.95587158,35491100
2023-11-29,392.69000244,394.14001465,389.45999146,389.80999756,384.58096313,38811700
2023-11-30,390.07998657,390.54998779,385.82000732,388.82998657,383.61413574,52834400
2023-12-01,387.75000000,390.54000854,386.07000732,389.94000244,384.70922852,40490100
2023-12-04,386.08999634,386.60000610,382.66000366,386.32000732,381.13778687,51186900
2023-12-05,384.39001465,388.50000000,384.20999146,387.29000854,382.09475708,42933000
2023-12-06,390.26998901,390.36999512,384.70001221,385.04998779,379.88482666,41994100
2023-12-07,388.07000732,391.26998901,386.95999146,390.42999268,385.19262695,49593500
2023-12-08,388.67001343,392.61999512,388.48001099,392.17001343,386.90930176,46687500
2023-12-11,391.73999023,395.79000854,391.52999878,395.51998901,390.21435547,41198000
2023-12-12,395.55999756,398.79000854,394.41000366,398.67001343,393.32217407,39221200
2023-12-13,399.61999512,404.35998535,398.83999634,403.73999023,398.32409668,55408100
2023-12-14,404.98001099,406.29998779,400.33999634,403.39001465,397.97879028,55447800
2023-12-15,404.17999268,406.54000854,403.57000732,405.33999634,399.90267944,62896600
2023-12-18,404.92999268,407.98999023,404.60000610,407.07998657,402.42147827,46610000
2023-12-19,407.54000854,409.27999878,407.35000610,409.16000366,404.47769165,35711900
2023-12-20,408.35000610,410.47000122,402.89999390,403.07998657,398.46725464,54042400
2023-12-21,407.05999756,408.14001465,404.47000122,407.76998901,403.10357666,45568900
2023-12-22,409.00000000,409.97000122,406.48001099,408.38000488,403.70657349,34314000
2023-12-26,409.25000000,411.55999756,409.14999390,410.88000488,406.17803955,22722500
2023-12-27,410.95001221,411.79000854,410.07998657,411.50000000,407.00488281,31980500
2023-12-28,412.67001343,412.92001343,410.94000244,411.29998779,406.80706787,27029200
2023-12-29,411.27999878,411.64001465,407.57998657,409.51998901,405.04644775,42662100
2024-01-02,405.83999634,406.08999634,400.23999023,402.58999634,398.19223022,58026900
2024-01-03,399.92999268,401.00000000,397.89001465,398.32998657,393.97869873,47002800
2024-01-04,396.44000244,399.58999634,396.05999756,396.27999878,391.95114136,39432800
2024-01-05,396.45001221,399.55999756,395.33999634,396.75000000,392.41601562,44922800
2024-01-08,397.98999023,405.23999023,397.83999634,404.95001221,400.52642822,42473800
2024-01-09,401.91000366,406.69000244,401.70999146,405.75000000,401.31768799,39132900
2024-01-10,406.07000732,409.51998901,405.17001343,408.50000000,404.03765869,33962800
2024-01-11,409.79000854,411.20001221,404.23999023,409.35000610,404.87832642,54536200
2024-01-12,410.39999390,411.25000000,408.14999390,409.55999756,405.08602905,39595000
2024-01-16,408.30999756,411.11999512,406.82998657,409.51998901,405.04644775,43903000
2024-01-17,406.17001343,407.58999634,402.92001343,407.20999146,402.76174927,54386000
2024-01-18,410.51998901,413.57998657,409.16000366,412.98999023,408.47860718,59562500
2024-01-19,415.22000122,421.33999634,414.63000488,421.17999268,416.57916260,70325100
2024-01-22,423.41000366,424.73001099,421.11999512,421.73001099,417.12316895,44880600
2024-01-23,422.42999268,423.70001221,420.57000732,423.48001099,418.85403442,33003800
2024-01-24,427.44000244,429.85000610,425.32998657,425.82998657,421.17834473,46948000
2024-01-25,428.35998535,429.04000854,423.98001099,426.35000610,421.69265747,44367200
2024-01-26,424.44000244,426.20999146,423.14999390,423.80999756,419.18035889,37137000
2024-01-29,424.26998901,428.35000610,423.60998535,428.14999390,423.47296143,38694700
2024-01-30,427.10000610,427.67999268,424.38000488,425.29998779,420.65414429,36739000
2024-01-31,420.85000610,422.86999512,416.79000854,416.97000122,412.41513062,64010600
2024-02-01,418.79000854,422.38000488,417.80999756,421.88000488,417.27148438,51008600
2024-02-02,423.79998779,430.23999023,422.79000854,429.01000977,424.32363892,59602400
2024-02-05,429.07000732,429.60998535,425.00000000,428.45001221,423.76974487,39889200
2024-02-06,429.60998535,430.22000122,425.22000122,427.58999634,422.91909790,35846100
2024-02-07,430.41000366,432.82998657,429.08999634,431.98999023,427.27102661,37712700
2024-02-08,432.10998535,433.55999756,431.42001343,432.79000854,428.06234741,29889900
2024-02-09,433.94000244,437.85000610,433.14001465,437.04998779,432.27581787,36943900
2024-02-12,436.94000244,439.14001465,434.64999390,435.33999634,430.58441162,33203300
2024-02-13,427.27999878,431.26998901,425.32998657,428.54998779,423.86862183,64491700
2024-02-14,431.26000977,433.64999390,428.88000488,433.22000122,428.48764038,45092700
2024-02-15,433.92001343,434.98001099,431.32998657,434.51000977,429.76354980,38796100
2024-02-16,434.89001465,434.98999023,429.85000610,430.57000732,425.86654663,53716500
2024-02-20,428.54998779,430.07998657,423.50000000,427.32000732,422.65206909,53999500
2024-02-21,424.54998779,425.70001221,421.63000488,425.60998535,420.96072388,49779000
2024-02-22,434.48999023,439.11999512,433.70999146,438.07000732,433.28463745,53887800
2024-02-23,439.64999390,440.58999634,435.79000854,436.77999878,432.00875854,39853900
2024-02-26,437.60000610,438.60000610,436.35998535,436.54998779,431.78125000,33043200
2024-02-27,437.67001343,437.98999023,435.02999878,437.60000610,432.81976318,33713200
2024-02-28,435.42999268,436.67001343,434.29998779,435.26998901,430.51522827,32938800
2024-02-29,438.23001099,440.08999634,435.01998901,439.00000000,434.20446777,42495200
2024-03-01,439.89999390,446.57998657,439.83999634,445.60998535,440.74224854,43853000
2024-03-04,445.60998535,446.04000854,443.76998901,444.01998901,439.16961670,34325700
2024-03-05,440.94000244,440.95001221,433.64999390,436.04998779,431.28668213,57917100
2024-03-06,440.32000732,441.98999023,436.89001465,438.79000854,433.99670410,46234500
2024-03-07,442.42001343,446.72000122,440.85998535,445.45001221,440.58401489,44526700
2024-03-08,445.80999756,448.64001465,438.33999634,439.01998901,434.22427368,72096000
2024-03-11,437.51000977,438.66000366,435.44000244,437.39001465,432.61206055,45860000
2024-03-12,439.73001099,444.01998901,436.45999146,443.66000366,438.81356812,55300900
2024-03-13,442.64999390,442.67001343,439.11999512,440.25000000,435.44085693,37928700
2024-03-14,441.50000000,442.02999878,436.39001465,439.14001465,434.34292603,52195200
2024-03-15,436.07000732,438.86999512,432.73999023,433.92001343,429.17999268,73069800
2024-03-18,438.73001099,441.04000854,437.23999023,437.48001099,433.27319336,47323800
2024-03-19,435.45001221,438.98001099,433.32998657,438.57000732,434.35278320,43004100
2024-03-20,439.77999878,444.10998535,438.05999756,443.76998901,439.50274658,43653500
2024-03-21,448.88000488,449.33999634,445.67001343,445.86999512,441.58258057,39345700
2024-03-22,445.35000610,447.48999023,444.48999023,446.38000488,442.08764648,28253900
2024-03-25,443.54998779,446.26000977,442.54000854,444.76000977,440.48321533,27789200
2024-03-26,446.29998779,447.23001099,443.08999634,443.32000732,439.05709839,34142000
2024-03-27,446.44000244,446.54000854,441.92999268,444.82998657,440.55255127,41359200
2024-03-28,444.77999878,445.64001465,443.64999390,444.01000977,439.74044800,36839600
2024-04-01,444.97000122,447.52999878,443.01998901,444.95001221,440.67138672,38729000
2024-04-02,440.07998657,441.42999268,438.02999878,441.10998535,436.86831665,44259700
2024-04-03,438.95999146,444.00000000,438.95001221,442.10000610,437.84881592,39949800
2024-04-04,446.32998657,446.95001221,435.10998535,435.33999634,431.15377808,57267700
2024-04-05,436.77999878,443.17001343,435.95999146,440.47000122,436.23449707,54744600
2024-04-08,441.41000366,442.50000000,439.20001221,440.60000610,436.36328125,28144900
2024-04-09,442.95999146,443.23999023,437.44000244,442.23001099,437.97756958,39443600
2024-04-10,437.00000000,439.23999023,436.27999878,438.36999512,434.15469360,61502200
2024-04-11,440.26000977,446.32998657,437.95999146,445.36999512,441.08737183,45474600
2024-04-12,441.10000610,442.23999023,436.88000488,438.26998901,434.05560303,53665000
2024-04-15,442.05999756,442.14999390,430.20999146,431.05999756,426.91494751,63453600
2024-04-16,430.89999390,433.76000977,429.70001221,431.10000610,426.95462036,47619000
2024-04-17,433.10000610,433.11999512,424.89999390,425.83999634,421.74514771,56880500
2024-04-18,426.48999023,428.23999023,422.82998657,423.41000366,419.33856201,46549400
2024-04-19,422.22000122,422.75000000,413.07000732,414.64999390,410.66278076,75231000
2024-04-22,417.30999756,421.17999268,413.94000244,418.82000732,414.79266357,47807700
2024-04-23,420.76998901,426.27999878,418.86999512,425.07000732,420.98257446,44384700
2024-04-24,428.20001221,429.73001099,424.20001221,426.51000977,422.40872192,48440300
2024-04-25,419.23999023,425.32000732,418.14001465,424.45001221,420.36849976,57392200
2024-04-26,427.61999512,432.54998779,426.92001343,431.00000000,426.85556030,41874900
2024-04-29,433.13000488,433.76000977,429.98001099,432.75000000,428.58868408,30022200
2024-04-30,431.14999390,432.55999756,424.51000977,424.58999634,420.50717163,43665900
2024-05-01,423.14999390,430.14001465,420.66000366,421.51998901,417.46670532,52251700
2024-05-02,425.29998779,427.80999756,420.63000488,426.89999390,422.79498291,36559000
2024-05-03,434.44000244,436.48001099,432.61999512,435.48001099,431.29251099,48515300
2024-05-06,437.29998779,440.33999634,436.51998901,440.25000000,436.01663208,30227200
2024-05-07,440.70001221,441.97000122,439.57998657,440.32000732,436.08590698,30996100
2024-05-08,437.67001343,441.48001099,437.54998779,440.05999756,435.82839966,24896700
2024-05-09,440.32998657,441.60000610,438.45999146,441.01998901,436.77920532,24580100
2024-05-10,442.54000854,444.30999756,440.50000000,442.05999756,437.80920410,27116600
2024-05-13,443.98999023,444.08999634,441.64999390,443.07998657,438.81936646,22994200
2024-05-14,442.64999390,446.47000122,442.45999146,445.92999268,441.64199829,34478300
2024-05-15,448.42999268,453.14999390,446.89999390,452.89999390,448.54501343,41464700
2024-05-16,452.70999146,454.69000244,451.80999756,451.98001099,447.63378906,34780400
2024-05-17,452.10998535,452.72000122,449.54000854,451.76000977,447.41595459,35803700
2024-05-20,451.98001099,455.57998657,451.79000854,454.91000366,450.53567505,24474200
2024-05-21,453.04000854,455.98999023,452.83999634,455.79998779,451.41708374,23167700
2024-05-22,456.05999756,456.82000732,453.07998657,455.70999146,451.32794189,25120000
2024-05-23,460.54998779,460.57998657,451.85000610,453.66000366,449.29766846,40899200
2024-05-24,455.29000854,459.23001099,453.57000732,457.95001221,453.54638672,29669500
2024-05-28,459.17999268,459.73999023,456.69000244,459.67999268,455.25973511,26216800
2024-05-29,455.48001099,458.23999023,455.33999634,456.44000244,452.05087280,29739200
2024-05-30,455.50000000,455.64001465,450.20999146,451.54998779,447.20797729,30536800
2024-05-31,451.77999878,452.48001099,443.05999756,450.70999146,446.37600708,55941300
2024-06-03,454.57000732,455.57998657,447.89999390,453.13000488,448.77273560,32997500
2024-06-04,452.86999512,455.57998657,451.13000488,454.36999512,450.00079346,23767400
2024-06-05,457.98001099,463.60998535,454.41000366,463.52999878,459.07272339,33817400
2024-06-06,464.22000122,464.54000854,462.19000244,463.36999512,458.91430664,21966800
2024-06-07,463.00000000,465.73999023,461.83999634,462.95999146,458.50823975,25829700
2024-06-10,461.82000732,465.19000244,461.52999878,464.82998657,460.36019897,20660800
2024-06-11,463.54000854,468.14001465,462.02999878,468.01998901,463.51956177,22053300
2024-06-12,471.98999023,476.50000000,471.29000854,474.14999390,469.59057617,34532600
2024-06-13,477.72000122,478.39001465,474.42001343,476.72000122,472.13589478,25859000
2024-06-14,476.51998901,479.26000977,476.04998779,479.19000244,474.58215332,23372600
2024-06-17,479.45999146,486.85998535,478.14001465,485.05999756,480.39569092,37054500
2024-06-18,485.01000977,485.89999390,483.42999268,485.20999146,480.54421997,24438600
2024-06-20,486.42001343,486.83999634,479.61999512,481.47000122,476.84024048,33918700
2024-06-21,481.19000244,482.54000854,478.67001343,480.17999268,475.56262207,37456800
2024-06-24,478.17999268,479.92999268,473.82000732,473.95999146,470.14852905,37751000
2024-06-25,476.07000732,479.67999268,475.11999512,479.38000488,475.52496338,29014700
2024-06-26,478.54998779,480.92001343,478.13000488,480.36999512,476.50698853,22737100
2024-06-27,480.11999512,483.10000610,479.29998779,481.60998535,477.73699951,26222100
2024-06-28,482.41000366,487.20001221,478.45999146,479.10998535,475.25708008,34881600
2024-07-01,480.04000854,482.48999023,476.26000977,481.92001343,478.04455566,24898300
2024-07-02,480.41000366,487.04000854,480.27999878,486.98001099,483.06384277,26723600
2024-07-03,486.22000122,491.17001343,486.22000122,491.04000854,487.09115601,18064900
2024-07-05,491.89001465,496.60000610,491.58999634,496.16000366,492.17001343,28495900
2024-07-08,496.52999878,497.89999390,495.50000000,497.33999634,493.34051514,22109400
2024-07-09,498.86999512,500.00000000,496.23999023,497.76998901,493.76705933,25614500
2024-07-10,499.70999146,503.51998901,498.39001465,502.95999146,498.91531372,28046900
2024-07-11,503.07000732,503.27999878,490.73001099,491.92999268,487.97402954,49966600
2024-07-12,492.51000977,499.61999512,492.04000854,494.82000732,490.84082031,37109400
2024-07-15,496.60998535,501.01000977,494.08999634,496.14999390,492.16009521,31151400
2024-07-16,497.61999512,498.44000244,493.14999390,496.33999634,492.34854126,25950600
2024-07-17,488.27999878,488.79998779,481.70001221,481.76998901,477.89569092,56268800
2024-07-18,485.52999878,485.70999146,476.26998901,479.48999023,475.63406372,49347400
2024-07-19,479.14999390,481.69000244,473.94000244,475.23999023,471.41821289,42042900
2024-07-22,481.16000366,483.35000610,477.70999146,482.32000732,478.44131470,40300000
2024-07-23,481.41000366,484.42999268,480.14001465,480.61999512,476.75497437,23282500
2024-07-24,473.82000732,474.19000244,462.51000977,463.38000488,459.65359497,58818600
2024-07-25,463.72000122,467.94000244,455.63000488,458.26998901,454.58468628,59256800
2024-07-26,462.64999390,465.92999268,459.76998901,462.97000122,459.24694824,39992100
2024-07-29,465.70999146,467.91000366,461.61999512,463.89999390,460.16940308,28218500
2024-07-30,465.85000610,466.55999756,454.14999390,457.52999878,453.85061646,41317200
2024-07-31,467.86999512,472.79000854,466.41000366,471.07000732,467.28179932,44552100
2024-08-01,471.76000977,475.54998779,455.98001099,459.66000366,455.96353149,56653900
2024-08-02,450.89001465,453.57000732,444.47000122,448.75000000,445.14126587,66323200
2024-08-05,424.70999146,442.29000854,423.45001221,435.36999512,431.86883545,87483500
2024-08-06,437.23001099,447.07000732,434.55999756,439.52999878,435.99542236,63164400
2024-08-07,446.48999023,449.00000000,434.36999512,434.76998901,431.27368164,54929200
2024-08-08,441.05999756,448.98999023,437.14999390,448.07000732,444.46673584,47890100
2024-08-09,446.73999023,452.05999756,445.60998535,450.41000366,446.78793335,33574000
2024-08-12,451.39001465,454.36999512,448.54998779,451.38000488,447.75012207,27795000
2024-08-13,455.82000732,462.85000610,455.67999268,462.57998657,458.86001587,40084500
2024-08-14,463.51000977,465.10998535,458.39999390,462.73001099,459.00885010,34733700
2024-08-15,468.76000977,474.82000732,468.38000488,474.42001343,470.60485840,38280600
2024-08-16,472.61999512,476.41000366,471.64999390,475.02999878,471.20989990,38383600
2024-08-19,475.17001343,481.30999756,473.36999512,481.26998901,477.39974976,23737700
2024-08-20,480.35000610,482.94000244,478.54998779,480.26000977,476.39788818,29209300
2024-08-21,481.04998779,484.36999512,479.32000732,482.50000000,478.61984253,25658800
2024-08-22,484.83999634,485.54000854,473.80999756,474.85000610,471.03140259,37739600
2024-08-23,479.23999023,482.73999023,475.27999878,480.00000000,476.13995361,36061500
2024-08-26,479.45001221,480.38000488,473.23999023,475.33999634,471.51742554,27452600
2024-08-27,473.69000244,477.83999634,471.70999146,476.76000977,472.92602539,27510000
2024-08-28,476.29000854,477.01998901,467.89001465,471.35000610,467.55947876,37372400
2024-08-29,473.27999878,477.92999268,469.36999512,470.66000366,466.87509155,41081500
2024-08-30,475.04000854,476.89999390,470.51000977,476.26998901,472.43991089,33466500
2024-09-03,473.20001221,473.32998657,459.41000366,461.80999756,458.09625244,44985200
2024-09-04,458.67001343,464.45001221,457.73001099,460.60998535,456.90585327,32505100
2024-09-05,458.97000122,465.35998535,457.94000244,461.04000854,457.33245850,34452400
2024-09-06,460.32998657,461.22000122,448.19000244,448.69000244,445.08175659,50624400
2024-09-09,453.05999756,455.45999146,449.82000732,454.45999146,450.80529785,32981200
2024-09-10,456.23999023,459.17001343,452.23001099,458.66000366,454.97158813,29680300
2024-09-11,459.91000366,469.36999512,451.27999878,468.61999512,464.85147095,57843000
2024-09-12,468.64999390,474.04000854,466.85000610,473.22000122,469.41455078,40067800
2024-09-13,472.48001099,476.52999878,472.25000000,475.33999634,471.51742554,29111800
2024-09-16,473.19000244,473.85998535,469.89001465,473.23999023,469.43435669,22585600
2024-09-17,476.29000854,477.60000610,470.97000122,473.48999023,469.68231201,30084400
2024-09-18,474.70001221,478.82998657,470.82998657,471.44000244,467.64880371,39909200
2024-09-19,482.60998535,486.23001099,480.48999023,483.35998535,479.47290039,52782500
2024-09-20,482.48999023,483.69000244,478.29998779,482.44000244,478.56036377,34577700
2024-09-23,482.95001221,484.14001465,481.60000610,483.04000854,479.82885742,24843000
2024-09-24,484.45999146,486.32998657,480.17001343,485.36999512,482.14337158,25952600
2024-09-25,484.73999023,487.79000854,484.55999756,485.82000732,482.59036255,26549900
2024-09-26,493.36999512,493.70001221,485.79998779,489.47000122,486.21609497,32020200
2024-09-27,490.50000000,490.64001465,485.55999756,486.75000000,483.51419067,22851100
2024-09-30,485.77999878,488.41000366,482.92001343,488.07000732,484.82540894,30281100
2024-10-01,487.70001221,488.00000000,477.39999390,481.26998901,478.07061768,42735400
2024-10-02,480.35998535,483.88000488,477.72000122,481.95001221,478.74615479,23744000
2024-10-03,479.73999023,484.54998779,478.98999023,481.58999634,478.38848877,25337200
2024-10-04,487.45001221,487.88000488,482.39001465,487.32000732,484.08041382,30686600
2024-10-07,485.39001465,486.57000732,480.86999512,482.10000610,478.89508057,24975100
2024-10-08,484.66000366,489.98999023,483.85000610,489.29998779,486.04718018,28272000
2024-10-09,489.00000000,493.73001099,487.95001221,493.14999390,489.87164307,24995000
2024-10-10,490.85000610,494.47000122,489.52999878,492.58999634,489.31533813,25750400
2024-10-11,490.73999023,494.39001465,490.17001343,493.35998535,490.08023071,20644500
2024-10-14,495.76998901,498.82998657,495.26000977,497.50000000,494.19271851,26060100
2024-10-15,497.82998657,498.50000000,488.67999268,490.85000610,487.58691406,34784500
2024-10-16,491.17999268,491.69000244,487.57000732,490.91000366,487.64654541,22996800
2024-10-17,496.44000244,496.48999023,491.19000244,491.25000000,487.98425293,27210700
2024-10-18,494.05999756,495.57000732,493.29998779,494.47000122,491.18283081,25335000
2024-10-21,493.25000000,496.23001099,491.30999756,495.42001343,492.12655640,30336500
2024-10-22,492.73001099,497.45001221,491.97000122,495.95999146,492.66296387,26685800
2024-10-23,493.58999634,494.25000000,485.04998779,488.35998535,485.11346436,39346600
2024-10-24,492.10998535,493.00000000,489.44000244,492.32000732,489.04711914,22024900
2024-10-25,495.14001465,500.27999878,494.42999268,495.32000732,492.02719116,38762100
2024-10-28,498.45999146,498.51998901,495.10000610,495.39999390,492.10665894,20477800
2024-10-29,495.72000122,501.35000610,493.85000610,500.16000366,496.83502197,28014100
2024-10-30,499.39001465,500.35000610,495.89001465,496.38000488,493.08013916,29756000
2024-10-31,492.38000488,492.42999268,483.75000000,483.85000610,480.63348389,41245200
2024-11-01,485.50000000,490.75000000,485.20001221,487.42999268,484.18963623,33655800
2024-11-04,486.82000732,489.38000488,484.25000000,486.01000977,482.77911377,23291600
2024-11-05,487.60998535,492.88000488,487.51998901,492.20999146,488.93786621,24353600
2024-11-06,500.55999756,506.41000366,499.60000610,505.57998657,502.21902466,43082200
2024-11-07,508.39999390,514.33001709,508.33999634,513.53997803,510.12606812,32853100
2024-11-08,513.03997803,514.91998291,512.40997314,514.14001465,510.72207642,22924500
2024-11-11,515.36999512,515.58001709,510.92001343,513.84002686,510.42416382,24167500
2024-11-12,513.77001953,514.65997314,509.82998657,512.90997314,509.50027466,25835300
2024-11-13,512.40002441,514.97998047,509.95001221,512.25000000,508.84466553,24567400
2024-11-14,511.91000366,512.78997803,507.76998901,508.69000244,505.30834961,28679500
2024-11-15,502.94000244,503.32998657,494.48999023,496.57000732,493.26889038,51461100
2024-11-18,498.13000488,502.14001465,496.73001099,500.01998901,496.69598389,27080800
2024-11-19,497.42001343,503.95001221,497.07998657,503.45999146,500.11309814,24523000
2024-11-20,503.16000366,503.48001099,496.55999756,503.17001343,499.82507324,29565500
2024-11-21,506.23999023,506.95999146,497.55999756,504.98001099,501.62298584,34526700
2024-11-22,504.42001343,506.52999878,502.77999878,505.79000854,502.42764282,23826600
2024-11-25,509.89999390,511.45001221,504.26000977,506.58999634,503.22225952,26375200
2024-11-26,508.07998657,510.14001465,507.23001099,509.30999756,505.92422485,26557100
2024-11-27,508.17001343,508.23999023,501.92999268,505.29998779,501.94082642,24957400
2024-11-29,505.92999268,510.33999634,505.30999756,509.73999023,506.35131836,15334000
2024-12-02,511.01000977,516.26000977,510.61999512,515.28997803,511.86434937,25147200
2024-12-03,513.95001221,517.15002441,513.36999512,516.86999512,513.43389893,18597900
2024-12-04,520.32000732,523.52001953,519.59997559,523.26000977,519.78149414,26086200
2024-12-05,523.30999756,524.03997803,521.41998291,521.80999756,518.34106445,18169600
2024-12-06,522.47998047,526.71997070,522.34997559,526.47998047,522.98004150,23762600
2024-12-09,525.54998779,526.34997559,521.21997070,522.38000488,518.90734863,20674400
2024-12-10,523.61999512,525.38000488,519.15997314,520.59997559,517.13916016,24350000
2024-12-11,525.00000000,530.60998535,524.59002686,529.91998291,526.39721680,32168600
2024-12-12,527.67999268,528.96002197,526.02001953,526.50000000,522.99993896,23577500
2024-12-13,530.46002197,533.16998291,527.29998779,530.53002930,527.00317383,28780400
2024-12-16,533.08001709,539.15002441,533.00000000,538.16998291,534.59228516,31979900
2024-12-17,536.35998535,537.47998047,534.13000488,535.79998779,532.23809814,28579100
2024-12-18,535.15002441,536.88000488,515.01000977,516.46997070,513.03649902,54703200
2024-12-19,521.19000244,521.76000977,513.83001709,514.16998291,510.75192261,46441800
2024-12-20,510.44000244,524.82000732,509.29000854,518.65997314,515.21203613,60530000
2024-12-23,519.54998779,523.25000000,516.13000488,522.86999512,520.23156738,29672800
2024-12-24,524.83001709,530.04998779,524.19000244,529.96002197,527.28582764,17558200
2024-12-26,528.32000732,531.23999023,526.30999756,529.59997559,526.92761230,19090500
2024-12-27,526.01000977,526.45001221,517.85998535,522.55999756,519.92315674,33839600
2024-12-30,515.51000977,519.35998535,511.82998657,515.60998535,513.00823975,34584000
2024-12-31,516.90002441,517.65997314,510.26000977,511.23001099,508.65032959,29117000
2025-01-02,514.29998779,516.64001465,505.70999146,510.23001099,507.65539551,36389800
2025-01-03,513.34997559,519.65002441,512.53002930,518.58001709,515.96331787,29059500
2025-01-06,524.02001953,527.91998291,522.03002930,524.53997803,521.89318848,36109700
2025-01-07,525.59002686,525.98999023,513.28002930,515.17999268,512.58038330,36690300
2025-01-08,515.08001709,516.91998291,510.57000732,515.27001953,512.66992188,30777800
2025-01-10,511.48001099,511.57998657,503.92001343,507.19000244,504.63073730,40532500
2025-01-13,501.20001221,506.01998901,499.70001221,505.55999756,503.00894165,31694200
2025-01-14,508.73999023,510.16000366,501.58999634,505.07998657,502.53134155,33737200
2025-01-15,513.03002930,517.84997559,511.45999146,516.70001221,514.09271240,34957600
2025-01-16,518.97998047,519.05999756,512.95001221,513.08001709,510.49102783,28229000
2025-01-17,522.84997559,524.07000732,513.10998535,521.73999023,519.10729980,51837900
2025-01-21,524.47998047,525.96997070,520.05999756,524.79998779,522.15185547,23628000
2025-01-22,529.57000732,533.82000732,529.26000977,531.51000977,528.82800293,33593000
2025-01-23,529.03997803,532.76000977,528.45001221,532.64001465,529.95227051,23096600
2025-01-24,533.02001953,533.78997803,528.15002441,529.63000488,526.95745850,19878300
2025-01-27,511.00000000,517.98999023,510.14999390,514.21002197,511.61535645,60771700
2025-01-28,515.21997070,523.00000000,511.77999878,521.80999756,519.17694092,33194200
2025-01-29,522.46002197,522.59002686,516.90002441,520.83001709,518.20190430,26649000
2025-01-30,523.71002197,526.09997559,518.21002197,523.04998779,520.41064453,27431300
2025-01-31,526.91998291,531.52001953,521.19000244,522.28997803,519.65441895,38755200
2025-02-03,513.46997070,520.84997559,511.04998779,518.10998535,515.49554443,40580800
2025-02-04,518.63000488,525.10998535,518.22998047,524.46997070,521.82348633,26046800
2025-02-05,521.82000732,527.01000977,520.61999512,526.84997559,524.19146729,21134100
2025-02-06,527.35998535,529.80999756,525.73999023,529.59997559,526.92761230,19434500
2025-02-07,530.14001465,532.09997559,522.19000244,522.91998291,520.28131104,29605500
2025-02-10,527.21997070,530.35998535,526.75000000,529.25000000,526.57934570,20852800
2025-02-11,525.96002197,529.91998291,525.83001709,527.98999023,525.32574463,19325500
2025-02-12,522.29998779,529.19000244,521.95001221,528.29998779,525.63415527,25009400
2025-02-13,529.97998047,536.21997070,529.19000244,535.90002441,533.19586182,28714800
2025-02-14,536.01000977,538.84002686,535.66998291,538.15002441,535.43450928,17862600
2025-02-18,539.72998047,540.00000000,536.03997803,539.36999512,536.64831543,20565000
2025-02-19,538.57000732,540.80999756,536.46002197,539.52001953,536.79760742,19666900
2025-02-20,538.72998047,539.09997559,532.46002197,537.22998047,534.51910400,26550800
2025-02-21,538.38000488,538.40002441,525.71002197,526.08001709,523.42541504,47093800
2025-02-24,527.88000488,529.07000732,519.53002930,519.86999512,517.24670410,39268400
2025-02-25,519.23999023,519.32000732,509.44000244,513.32000732,510.72976685,48940000
2025-02-26,515.53002930,519.65997314,511.36999512,514.55999756,511.96347046,34457600
2025-02-27,518.13000488,519.07000732,500.04998779,500.26998901,497.74560547,52448000
2025-02-28,500.13000488,508.77999878,496.92999268,508.17001343,505.60580444,47654000
2025-03-03,511.51998901,513.03997803,493.57998657,497.04998779,494.54190063,44587200
2025-03-04,494.17999268,503.73999023,487.73999023,495.54998779,493.04943848,67875400
2025-03-05,496.20001221,503.63000488,491.26000977,502.01000977,499.47686768,46323700
2025-03-06,493.69000244,498.57998657,486.20001221,488.20001221,485.73657227,57574300
2025-03-07,487.16000366,493.27999878,480.52999878,491.79000854,489.30844116,54714700
2025-03-10,483.45001221,483.97000122,468.66000366,472.73001099,470.34460449,76668000
2025-03-11,472.35000610,478.80999756,467.01000977,471.60000610,469.22030640,68760800
2025-03-12,479.16000366,481.05999756,471.79000854,476.92001343,474.51351929,46971100
2025-03-13,476.25000000,476.27999878,466.42999268,468.33999634,465.97674561,46563300
2025-03-14,473.73001099,480.55999756,473.11999512,479.66000366,477.23962402,43563000
2025-03-17,479.60998535,485.83999634,477.79998779,482.76998901,480.33389282,41744400
2025-03-18,479.41000366,479.60998535,472.41000366,474.54000854,472.14547729,39072300
2025-03-19,476.80999756,485.32998657,474.86999512,480.89001465,478.46343994,40430300
2025-03-20,476.88000488,484.54998779,476.17999268,479.26000977,476.84167480,36780500
2025-03-21,474.07998657,481.60998535,472.91000366,480.83999634,478.41366577,42234900
2025-03-24,487.73999023,491.51000977,484.39999390,490.66000366,488.91213989,34567200
2025-03-25,491.39001465,493.61999512,490.42001343,493.45999146,491.70217896,26035200
2025-03-26,492.29998779,493.16000366,482.82000732,484.38000488,482.65447998,34627100
2025-03-27,482.41000366,486.57998657,480.25000000,481.61999512,479.90435791,33469800
2025-03-28,479.80999756,480.51998901,468.04998779,468.94000244,467.26953125,46363800
2025-03-31,461.92001343,469.85998535,457.32998657,468.92001343,467.24960327,53000300
2025-04-01,467.29998779,473.63000488,464.42001343,472.70001221,471.01611328,41156200
2025-04-02,466.11999512,479.55999756,465.85998535,476.14999390,474.45382690,49894500
2025-04-03,456.44000244,460.07000732,450.14001465,450.66000366,449.05465698,70456300
2025-04-04,438.14001465,440.36999512,422.67001343,422.67001343,421.16436768,117088400
2025-04-07,408.66000366,443.14001465,402.39001465,423.69000244,422.18069458,161557000
2025-04-08,438.16000366,443.14001465,409.79000854,416.05999756,414.57788086,101248100
2025-04-09,415.57000732,467.82998657,415.42999268,466.00000000,464.33999634,142876900
2025-04-10,453.55999756,455.58999634,432.63000488,446.17999268,444.59057617,108384100
2025-04-11,444.64999390,455.79000854,441.32998657,454.39999390,452.78128052,52483800
2025-04-14,464.45999146,465.04998779,452.63000488,457.48001099,455.85031128,43941200
2025-04-15,458.54000854,462.38000488,456.14999390,457.98999023,456.35848999,35404200
2025-04-16,449.02999878,452.61999512,437.76000977,444.17999268,442.59771729,48980600
2025-04-17,447.17001343,447.75000000,441.35998535,444.10000610,442.51800537,44837000
2025-04-21,438.23001099,439.07998657,427.92999268,433.10998535,431.56713867,44149300
2025-04-22,438.82000732,447.57998657,437.61999512,444.48001099,442.89666748,52304400
2025-04-23,458.17001343,463.38000488,452.88000488,454.55999756,452.94070435,55801100
2025-04-24,456.48001099,467.66000366,455.82998657,467.35000610,465.68518066,45956100
2025-04-25,466.97000122,473.08999634,465.39001465,472.55999756,470.87661743,38697100
2025-04-28,473.02999878,474.80999756,466.02999878,472.41000366,470.72714233,33550800
2025-04-29,470.17001343,476.42001343,469.58999634,475.52999878,473.83602905,30613100
2025-04-30,467.13000488,477.20001221,462.42999268,475.47000122,473.77624512,46810600
2025-05-01,483.41000366,487.17999268,480.73999023,481.67999268,479.96411133,43316500
2025-05-02,486.54000854,490.91000366,484.82998657,488.82998657,487.08865356,39218100
2025-05-05,484.60000610,489.02999878,484.10000610,485.92999268,484.19897461,28309500
2025-05-06,479.55999756,485.04998779,478.19000244,481.41000366,479.69509888,32786300
2025-05-07,482.07998657,485.79998779,476.77999878,483.29998779,481.57833862,38006300
2025-05-08,488.52999878,492.70001221,484.17001343,488.29000854,486.55059814,39577600
2025-05-09,490.20999146,491.54000854,486.20001221,487.97000122,486.23168945,27767400
2025-05-12,506.98999023,507.89001465,501.48001099,507.85000610,506.04092407,45090600
2025-05-13,509.16000366,517.39001465,508.42001343,515.59002686,513.75341797,53269600
2025-05-14,516.77001953,519.22998047,515.75000000,518.67999268,516.83227539,47014500
2025-05-15,516.52001953,521.92999268,515.16998291,519.25000000,517.40026855,50153300
2025-05-16,520.65997314,521.70001221,517.09997559,521.51000977,519.65228271,48394600
2025-05-19,514.23999023,522.53002930,514.23999023,522.01000977,520.15045166,52536200
2025-05-20,519.46997070,520.92999268,516.65997314,520.27001953,518.41662598,42517600
2025-05-21,516.27001953,523.00000000,511.23999023,513.03997803,511.21234131,71292800
2025-05-22,513.65997314,517.71002197,512.29998779,514.00000000,512.16900635,55607200
2025-05-23,506.17999268,511.83999634,505.57998657,509.23999023,507.42590332,58368100
2025-05-27,516.15002441,521.71002197,514.59002686,521.21997070,519.36322021,47226300
2025-05-28,522.17999268,523.67999268,518.39001465,518.90997314,517.06146240,46637200
2025-05-29,526.33001709,526.47998047,517.32000732,519.92999268,518.07788086,58513300
2025-05-30,519.44000244,520.67999268,511.92999268,519.10998535,517.26074219,67662800
2025-06-02,517.23999023,523.45001221,515.96997070,523.21002197,521.34619141,44762800
2025-06-03,523.55999756,528.73999023,522.69000244,527.29998779,525.42156982,44070300
2025-06-04,528.01000977,529.84002686,525.96997070,528.77001953,526.88635254,41359300
2025-06-05,530.17999268,533.04998779,522.65997314,524.78997803,522.92053223,61031200
2025-06-06,530.00000000,531.79998779,528.21002197,529.91998291,528.03228760,42467000
2025-06-09,530.14001465,532.34997559,529.01000977,530.70001221,528.80950928,33688700
2025-06-10,531.16998291,534.90002441,528.89001465,534.21002197,532.30700684,40664800
2025-06-11,535.61999512,536.78002930,530.10998535,532.40997314,530.51336670,53701000
2025-06-12,531.09002686,534.64001465,530.84002686,533.65997314,531.75891113,34104900
2025-06-13,527.67999268,531.86999512,525.72998047,526.96002197,525.08288574,55814400
2025-06-16,530.50000000,535.36999512,530.45001221,534.28997803,532.38671875,37622100
2025-06-17,531.71002197,533.33001709,527.90997314,529.08001709,527.19531250,42180900
2025-06-18,530.09997559,532.54998779,527.40002441,528.98999023,527.10552979,43983500
2025-06-20,532.26000977,533.55999756,524.88000488,526.83001709,524.95330811,61643500
2025-06-23,526.80999756,532.16998291,523.65002441,531.65002441,530.35113525,50666100
2025-06-24,536.89001465,540.70001221,536.27001953,539.78002930,538.46124268,45442000
2025-06-25,542.05999756,543.30999756,539.38000488,541.15997314,539.83776855,44804200
2025-06-26,543.34997559,546.66998291,541.52001953,546.21997070,544.88549805,43811400
2025-06-27,547.26000977,549.98999023,544.53997803,548.09002686,546.75091553,57577100
2025-06-30,551.26000977,552.79998779,549.01000977,551.64001465,550.29223633,45548700
2025-07-01,549.72998047,550.71002197,544.65997314,546.98999023,545.65356445,56166700
2025-07-02,546.15997314,551.00000000,546.11999512,550.79998779,549.45428467,36538300
2025-07-03,553.17999268,557.20001221,553.17999268,556.21997070,554.86102295,26443500
2025-07-07,553.52001953,554.34002686,549.58001709,552.03002930,550.68133545,45349300
2025-07-08,553.38000488,554.01000977,551.09997559,552.34002686,550.99060059,36153300
2025-07-09,554.47998047,557.63000488,553.09997559,556.25000000,554.89099121,43045500
2025-07-10,556.89001465,557.29998779,552.75000000,555.45001221,554.09295654,34710900
2025-07-11,553.29998779,555.78997803,552.04998779,554.20001221,552.84594727,39618600
2025-07-14,553.98999023,556.95001221,551.63000488,556.21002197,554.85107422,36453300
2025-07-15,560.25000000,560.79998779,556.65997314,556.71997070,555.35980225,43277700
2025-07-16,557.28002930,560.21002197,551.55999756,557.28997803,555.92840576,52314700
2025-07-17,558.02001953,562.30999756,557.21002197,561.79998779,560.42736816,40423800
2025-07-18,563.11999512,564.72998047,559.97998047,561.26000977,559.88873291,50484700
2025-07-21,562.09002686,566.05999756,562.05999756,564.16998291,562.79162598,39595200
2025-07-22,564.29998779,564.34997559,558.60998535,561.25000000,559.87878418,43270600
2025-07-23,562.34002686,563.84997559,559.58001709,563.80999756,562.43249512,40215300
2025-07-24,565.13000488,566.23999023,563.28997803,565.01000977,563.62957764,42275500
2025-07-25,564.92999268,567.70001221,564.27001953,566.36999512,564.98626709,30630800
2025-07-28,567.73999023,569.03997803,566.86999512,568.14001465,566.75189209,31498700
2025-07-29,570.76000977,572.10998535,566.53002930,567.26000977,565.87408447,45463300
2025-07-30,568.17999268,570.61999512,565.04998779,568.02001953,566.63226318,43433800
2025-07-31,574.53997803,574.63000488,563.86999512,565.01000977,563.62957764,64613600
2025-08-01,558.83001709,559.02001953,551.67999268,553.88000488,552.52673340,69400800
2025-08-04,559.04998779,564.32000732,558.95001221,564.09997559,562.72180176,47669800
2025-08-05,565.39001465,566.55999756,559.72998047,560.27001953,558.90112305,48666600
2025-08-06,561.10998535,567.76000977,560.63000488,567.32000732,565.93395996,41823700
2025-08-07,571.66998291,573.32000732,565.10998535,569.23999023,567.84918213,44463000
2025-08-08,570.45001221,574.77001953,570.15002441,574.54998779,573.14624023,35255500
2025-08-11,574.69000244,576.79998779,571.57000732,572.84997559,571.45037842,33112900
2025-08-12,575.15997314,580.34997559,572.48999023,580.04998779,578.63281250,42143300
2025-08-13,582.76000977,583.32000732,578.94000244,580.34002686,578.92211914,41209300
2025-08-14,578.28002930,581.88000488,577.90997314,579.89001465,578.47326660,45425000
2025-08-15,579.79998779,579.84002686,575.57000732,577.34002686,575.92944336,49480200
2025-08-18,576.44000244,577.77001953,575.23999023,577.10998535,575.69995117,29831000
2025-08-19,576.39001465,576.55999756,568.25000000,569.28002930,567.88916016,53752600
2025-08-20,568.33001709,568.45001221,558.84002686,565.90002441,564.51745605,76781100
2025-08-21,564.34997559,566.48999023,560.97998047,563.28002930,561.90380859,46436900
2025-08-22,564.66998291,573.98999023,563.27001953,571.96997070,570.57257080,51502100
2025-08-25,570.40002441,573.28997803,569.15997314,570.32000732,568.92657471,34044700
2025-08-26,569.83001709,572.91998291,568.79998779,572.60998535,571.21099854,34103000
2025-08-27,571.59002686,574.40997314,570.36999512,573.48999023,572.08886719,36927100
2025-08-28,574.10998535,578.00000000,572.46002197,577.08001709,575.67010498,46787900
2025-08-29,574.65997314,575.03002930,568.53997803,570.40002441,569.00640869,56030400
2025-09-02,561.30999756,565.96997070,559.53997803,565.61999512,564.23809814,65876800
2025-09-03,569.22998047,571.70001221,566.72998047,570.07000732,568.67724609,54230200
2025-09-04,570.73999023,575.59997559,569.03002930,575.22998047,573.82458496,47526300
2025-09-05,580.48999023,581.11999512,571.53002930,576.05999756,574.65252686,68342500
2025-09-08,578.36999512,580.84002686,577.77001953,578.86999512,577.45568848,46371400
2025-09-09,579.66998291,580.94000244,577.03997803,580.51000977,579.09173584,44007600
2025-09-10,583.73999023,583.77001953,578.54998779,580.70001221,579.28125000,49308000
2025-09-11,583.23999023,584.88000488,581.61999512,584.08001709,582.65295410,44745800
2025-09-12,585.03997803,587.85998535,584.09997559,586.65997314,585.22662354,50745900
2025-09-15,588.44000244,591.78997803,588.28997803,591.67999268,590.23437500,44360300
2025-09-16,592.60998535,592.85998535,590.48999023,591.17999268,589.73565674,36942100
2025-09-17,591.09997559,591.75000000,584.36999512,590.00000000,588.55853271,69384800
2025-09-18,594.90997314,598.14001465,592.96002197,595.32000732,593.86547852,61069300
2025-09-19,597.33001709,600.04998779,595.84997559,599.34997559,597.88562012,58196100
2025-09-22,597.73999023,602.86999512,597.71997070,602.20001221,601.42510986,57154800
2025-09-23,602.36999512,602.57000732,596.97998047,598.20001221,597.43029785,64635500
2025-09-24,599.58001709,599.90002441,593.35998535,596.09997559,595.33294678,49850300
2025-09-25,592.20001221,595.11999512,588.50000000,593.53002930,592.76629639,70920200
2025-09-26,594.34997559,596.29998779,591.05999756,595.96997070,595.20312500,54337400
2025-09-29,599.10998535,602.04998779,597.40997314,598.72998047,597.95959473,48332900
2025-09-30,598.42999268,600.71002197,596.09997559,600.36999512,599.59747314,46533800
2025-10-01,597.16998291,603.78997803,596.34002686,603.25000000,602.47375488,46899600
2025-10-02,607.05999756,607.15997314,602.92999268,605.72998047,604.95056152,43765400
2025-10-03,606.51000977,607.33001709,601.39001465,603.17999268,602.40386963,46482100
2025-10-06,608.45001221,609.35998535,605.96997070,607.71002197,606.92803955,41962100
2025-10-07,609.02001953,609.71002197,603.03002930,604.51000977,603.73217773,58209500
2025-10-08,605.40997314,611.75000000,605.26000977,611.44000244,610.65325928,50629800
2025-10-09,611.47998047,611.60998535,607.47998047,610.70001221,609.91418457,45551000
2025-10-10,611.40002441,613.17999268,589.04998779,589.50000000,588.74145508,97614800
2025-10-13,599.67999268,602.95001221,597.22998047,602.01000977,601.23535156,65872600
2025-10-14,595.30999756,602.69000244,590.13000488,598.00000000,597.23052979,69203200
2025-10-15,604.01000977,606.70001221,595.92999268,602.21997070,601.44506836,62805500
2025-10-16,605.10998535,608.30999756,595.50000000,599.98999023,599.21795654,70982000
2025-10-17,597.95001221,605.51000977,596.36999512,603.92999268,603.15289307,72024900
2025-10-20,607.14001465,612.79998779,607.07000732,611.53997803,610.75305176,45761700
2025-10-21,611.64001465,612.71997070,609.32000732,611.38000488,610.59332275,44538200
2025-10-22,610.82000732,611.40997314,599.73999023,605.48999023,604.71087646,61478800
2025-10-23,604.90997314,611.36999512,604.52001953,610.58001709,609.79437256,42844300
2025-10-24,615.98999023,618.41998291,615.13000488,617.09997559,616.30590820,47632500
2025-10-27,624.52001953,628.54998779,624.03002930,628.09002686,627.28186035,54098600
2025-10-28,630.35998535,634.67999268,629.25000000,632.91998291,632.10559082,61195700
2025-10-29,635.59002686,637.01000977,630.25000000,635.77001953,634.95196533,67422800
2025-10-30,632.16998291,633.50000000,625.94000244,626.04998779,625.24444580,61628600
2025-10-31,634.16998291,634.20001221,626.69000244,629.07000732,628.26055908,66305100
2025-11-03,635.10998535,635.82000732,629.84997559,632.08001709,631.26666260,37154300
2025-11-04,623.28002930,626.95001221,618.46002197,619.25000000,618.45318604,63830800
2025-11-05,618.48999023,626.59997559,617.21002197,623.28002930,622.47802734,48688500
2025-11-06,621.78997803,622.03997803,610.29998779,611.66998291,610.88293457,72115100
2025-11-07,608.30999756,609.95001221,598.66998291,609.73999023,608.95538330,81835400
2025-11-10,618.91998291,624.30999756,616.89001465,623.22998047,622.42803955,55919900
2025-11-11,620.57000732,622.71997070,617.52001953,621.57000732,620.77020264,44868800
2025-11-12,624.84002686,624.85998535,617.80999756,621.08001709,620.28082275,47444400
2025-11-13,617.53997803,618.11999512,606.08001709,608.40002441,607.61718750,71333600
2025-11-14,599.54998779,613.34997559,597.16998291,608.85998535,608.07653809,80087300
2025-11-17,606.29998779,612.47998047,599.86999512,603.65997314,602.88323975,63850400
2025-11-18,599.61999512,602.30999756,591.34002686,596.30999756,595.54272461,83327300
2025-11-19,597.07000732,606.15997314,594.59002686,599.86999512,599.09814453,73111500
2025-11-20,611.61999512,614.03002930,584.75000000,585.66998291,584.91638184,117743200
2025-11-21,587.46997070,596.97998047,580.73999023,590.07000732,589.31072998,103344200
2025-11-24,595.28002930,606.67999268,595.15997314,605.15997314,604.38128662,60168100
2025-11-25,603.51000977,610.26000977,597.32000732,608.89001465,608.10650635,57560900
2025-11-26,612.51000977,616.19000244,610.39001465,614.27001953,613.47961426,42393600
2025-11-28,616.10998535,619.32000732,615.41998291,619.25000000,618.45318604,23034400
2025-12-01,613.63000488,619.44000244,612.52001953,617.16998291,616.37585449,40957600
2025-12-02,619.46002197,623.75000000,617.59002686,622.00000000,621.19964600,54541800
2025-12-03,619.61999512,624.21997070,618.03002930,623.52001953,622.71771240,47841600
2025-12-04,624.92999268,624.94000244,619.53997803,622.94000244,622.13842773,47067800
2025-12-05,624.38000488,628.91998291,623.71002197,625.47998047,624.67517090,53614200
2025-12-08,627.21002197,628.84002686,621.69000244,624.28002930,623.47674561,43462400
2025-12-09,623.01000977,625.86999512,621.00000000,625.04998779,624.24572754,37156000
2025-12-10,623.84997559,629.21002197,620.98999023,627.60998535,626.80242920,55031400
2025-12-11,623.82000732,625.78002930,617.71997070,625.58001709,624.77508545,58272800
2025-12-12,622.08001709,623.53997803,611.35998535,613.61999512,612.83044434,75158700
2025-12-15,618.36999512,618.41998291,609.32000732,610.53997803,609.75439453,49538200
2025-12-16,608.26000977,613.51000977,606.90997314,611.75000000,610.96282959,55152800
2025-12-17,613.05999756,613.65002441,600.28002930,600.40997314,599.63739014,70654300
2025-12-18,609.79998779,612.92999268,606.91998291,609.10998535,608.32623291,78875800
2025-12-19,611.95001221,617.61999512,611.86999512,617.04998779,616.25598145,60369800
2025-12-22,621.34997559,621.65002441,617.77001953,619.21002197,619.21002197,43703100
2025-12-23,618.20001221,622.40997314,617.78002930,622.10998535,622.10998535,41120400
2025-12-24,621.98999023,624.28002930,621.71997070,623.92999268,623.92999268,18468700
2025-12-26,624.65997314,625.52001953,623.14001465,623.89001465,623.89001465,28959800
2025-12-29,620.09997559,622.78002930,618.72998047,620.86999512,620.86999512,32458300
2025-12-30,619.84002686,622.17999268,619.21997070,619.42999268,619.42999268,31226800
2025-12-31,619.65002441,619.96002197,614.04998779,614.30999756,614.30999756,40746500
2026-01-02,620.05999756,622.84997559,610.15002441,613.11999512,613.11999512,61859200
2026-01-05,619.32000732,620.80999756,616.71997070,617.98999023,617.98999023,46828400
2026-01-06,619.22998047,624.02001953,618.53997803,623.41998291,623.41998291,43137500
2026-01-07,623.03997803,627.94000244,622.55999756,624.02001953,624.02001953,44880300
2026-01-08,623.03002930,623.41998291,617.79998779,620.46997070,620.46997070,50435900
2026-01-09,621.40997314,627.89001465,619.05999756,626.65002441,626.65002441,49688700
2026-01-12,622.30999756,628.84997559,622.26000977,627.16998291,627.16998291,37388700
2026-01-13,627.27001953,629.46997070,623.70001221,626.23999023,626.23999023,44481400
2026-01-14,622.23999023,623.45001221,614.55999756,619.54998779,619.54998779,72598700
2026-01-15,626.59997559,630.00000000,620.75000000,621.78002930,621.78002930,53934900
2026-01-16,625.50000000,626.08001709,618.88000488,621.26000977,621.26000977,61058100
2026-01-20,610.53002930,615.05999756,607.04998779,608.05999756,608.05999756,81988900
2026-01-21,609.46997070,620.41998291,607.85998535,616.28002930,616.28002930,79837900
2026-01-22,622.34997559,622.46002197,617.78002930,620.76000977,620.76000977,42254800
2026-01-23,619.72998047,625.40002441,618.65002441,622.71997070,622.71997070,43645800
2026-01-26,623.21002197,627.60998535,622.11999512,625.46002197,625.46002197,35983000
2026-01-27,628.90997314,632.03997803,627.34002686,631.13000488,631.13000488,38997200
2026-01-28,635.46002197,636.59997559,631.80999756,633.21997070,633.21997070,50691700
2026-01-29,632.65002441,633.66998291,618.27001953,629.42999268,629.42999268,79944000
2026-01-30,625.71002197,628.26000977,619.29998779,621.86999512,621.86999512,65650700
2026-02-02,618.70001221,628.48999023,618.65997314,626.14001465,626.14001465,49020300
2026-02-03,628.29998779,629.97998047,610.96002197,616.52001953,616.52001953,81234000
2026-02-04,615.02001953,615.09997559,600.46997070,605.75000000,605.75000000,81850700
2026-02-05,600.21002197,604.80999756,594.76000977,597.03002930,597.03002930,89354500
2026-02-06,600.19000244,611.40997314,598.77001953,609.65002441,609.65002441,78019300
2026-02-09,607.53997803,616.46002197,605.07000732,614.32000732,614.32000732,56797600
2026-02-10,615.30999756,617.02001953,611.01000977,611.46997070,611.46997070,53938900
2026-02-11,616.38000488,617.52001953,607.69000244,613.10998535,613.10998535,58575100
2026-02-12,614.71002197,615.80999756,599.57000732,600.64001465,600.64001465,81378900
2026-02-13,600.42999268,606.47998047,596.41998291,601.91998291,601.91998291,69237500
2026-02-17,598.38000488,603.95001221,593.34002686,601.29998779,601.29998779,69013800
2026-02-18,602.10998535,609.77001953,600.71997070,605.78997803,605.78997803,64250700
2026-02-19,602.80999756,605.82000732,600.75000000,603.46997070,603.46997070,60960800
2026-02-20,600.11999512,610.34997559,599.22998047,608.80999756,608.80999756,74127300
2026-02-23,606.60998535,608.01000977,599.04998779,601.40997314,601.40997314,63859100
2026-02-24,602.40002441,608.98999023,599.72998047,607.86999512,607.86999512,55023700
2026-02-25,611.07000732,616.83001709,611.00000000,616.67999268,616.67999268,55710700
2026-02-26,615.59002686,615.59002686,603.97998047,609.23999023,609.23999023,95705200
2026-02-27,602.95001221,605.25000000,602.19000244,603.64501953,603.64501953,7086294
