Date,Open,High,Low,Close,Adj Close,Volume
2018-01-02,148.57995733,150.44954536,148.20983665,150.41159058,150.41159058,32573300
2018-01-03,150.55392794,152.00594085,150.52545824,151.87307739,151.87307739,29383600
2018-01-04,152.39505104,152.59433899,151.92053663,152.13880920,152.13880920,24776100
2018-01-05,152.86008222,153.77114180,152.57537067,153.66674805,153.66674805,26992300
2018-01-08,153.66671001,154.34052669,153.60977061,154.26460266,154.26460266,23159100
2018-01-09,154.56832077,154.72965393,153.80910929,154.27412415,154.27412415,24782400
2018-01-10,153.59077067,153.94192107,152.90746899,153.91343689,153.91343689,34004000
2018-01-11,154.17922254,154.97640324,153.94196534,154.96690369,154.96690369,20473500
2018-01-12,154.83404902,156.26709183,154.63476107,156.10575867,156.10575867,37762700
2018-01-16,157.14019641,157.93737716,155.19468440,155.65971375,155.65971375,41231800
2018-01-17,156.39993313,157.57671946,155.64070727,157.33946228,157.33946228,33849900
2018-01-18,157.09269354,157.72854092,156.72257298,157.36791992,157.36791992,26432200
2018-01-19,157.83296523,158.11767675,157.10220906,157.86143494,157.86143494,38937600
2018-01-22,157.80449557,159.55070496,157.62417780,159.55070496,159.55070496,26081400
2018-01-23,160.04428331,161.01229715,159.96835924,160.86993408,160.86993408,37989700
2018-01-24,161.21153232,161.56268285,158.90539907,159.82595825,159.82595825,54287400
2018-01-25,160.92681344,160.98375284,159.25651355,159.76899719,159.76899719,28925000
2018-01-26,160.66106178,162.23645289,160.34789505,162.21746826,162.21746826,32038200
2018-01-29,161.87588488,162.19855127,161.08818907,161.42984009,161.42984009,37277800
2018-01-30,159.95877150,160.78442174,159.26598468,160.10112000,160.10112000,44987700
2018-01-31,161.00272961,161.32541041,159.75950420,160.76547241,160.76547241,42449200
2018-02-01,159.53178927,161.07869678,158.88644198,159.39892578,159.39892578,38037900
2018-02-02,158.77249384,159.15209950,156.08674106,156.21960449,156.21960449,68478100
2018-02-05,154.75812881,157.30151897,149.94654599,150.06042480,150.06042480,105372200
2018-02-06,147.86816327,154.22665282,147.19436098,154.03684998,154.03684998,118537900
2018-02-07,153.54333678,155.21363645,152.03438472,152.04388428,152.04388428,91028300
2018-02-08,152.43303032,152.60386307,145.62849426,145.62849426,145.62849426,94184800
2018-02-09,147.68782742,149.22526362,142.47766963,148.14337158,148.14337158,113836600
2018-02-12,149.66180928,151.79712366,148.48502307,150.77217102,150.77217102,63050600
2018-02-13,149.90856904,151.85406615,149.68079696,151.55038452,151.55038452,31785600
2018-02-14,150.65827953,154.62521185,149.94650813,154.38795471,154.38795471,52107400
2018-02-15,155.77356121,157.25404358,154.16021541,157.25404358,157.25404358,51633900
2018-02-16,156.74160646,158.26004391,156.28606219,156.55180359,156.55180359,62256300
2018-02-20,156.00135454,158.18410913,155.93491557,156.86495972,156.86495972,36785600
2018-02-21,157.63365498,159.17107666,156.32399088,156.41889954,156.41889954,41161800
2018-02-22,157.10220483,157.93735472,156.00134254,156.39993286,156.39993286,37074400
2018-02-23,157.66213248,159.59814453,157.01678547,159.59814453,159.59814453,50096900
2018-02-26,160.34787331,161.71446228,160.21500989,161.71446228,161.71446228,39266700
2018-02-27,161.76194163,162.02766852,159.63612658,159.71203613,159.71203613,42209900
2018-02-28,160.62313099,161.14509975,158.58272478,158.68711853,158.68711853,42936300
2018-03-01,158.77253612,159.50329242,154.69170900,156.09626770,156.09626770,76809900
2018-03-02,154.21718113,157.80450886,153.70471194,157.52929688,157.52929688,57445100
2018-03-05,156.78903172,159.68355755,156.20062410,159.27548218,159.27548218,38540200
2018-03-06,160.05362771,160.49018713,158.94326626,159.94923401,159.94923401,29480900
2018-03-07,158.72502074,160.45225961,158.44980884,160.31938171,160.31938171,34609400
2018-03-08,160.98372333,161.31587465,160.33837636,161.20199585,161.20199585,25828400
2018-03-09,162.35033491,164.33380127,162.11307775,164.33380127,164.33380127,38310500
2018-03-12,164.81784963,165.58656073,164.44772893,165.20695496,165.20695496,37635000
2018-03-13,165.58656338,166.27936492,162.54018863,162.95776367,162.95776367,55638900
2018-03-14,163.81186458,163.93524296,162.21748864,162.92926025,162.92926025,40536400
2018-03-15,163.04318341,163.73597052,162.18904863,162.78694153,162.78694153,28810400
2018-03-16,163.06212812,163.42274921,162.22697818,162.30290222,162.30290222,31176700
2018-03-19,160.74111783,160.85518139,157.45214487,158.83998108,158.83998108,71395100
2018-03-20,158.90646332,159.73345290,158.37414752,159.36273193,159.36273193,34075700
2018-03-21,158.94455725,160.41792675,157.97497337,158.66888428,158.66888428,43863500
2018-03-22,156.47305938,157.57572217,154.55290722,154.75253296,154.75253296,66607300
2018-03-23,154.57197425,155.22786896,150.59858961,150.67463684,150.67463684,80110400
2018-03-26,153.72589116,156.46353223,151.29243887,156.27340698,156.27340698,57481500
2018-03-27,157.43306251,157.43306251,149.88555051,151.21635437,151.21635437,78889100
2018-03-28,150.35138879,151.88180435,148.32667363,149.47686768,149.47686768,89369700
2018-03-29,150.28487061,153.71642314,148.88753390,152.21452332,152.21452332,68692600
2018-04-02,151.13087981,151.84380613,146.27347456,147.82289124,147.82289124,85549400
2018-04-03,149.11563760,150.11373717,146.80576370,149.48635864,149.48635864,64090000
2018-04-04,146.59666907,152.30958030,146.42555921,151.84381104,151.84381104,65768700
2018-04-05,153.35521062,153.59285273,151.59665318,152.70881653,152.70881653,43054900
2018-04-06,151.02627533,152.52817478,148.17457082,148.88749695,148.88749695,59870900
2018-04-09,150.17079335,152.92745044,149.67650822,149.93315125,149.93315125,41810400
2018-04-10,152.29056627,153.73541976,151.20691889,153.24113464,153.24113464,48296800
2018-04-11,152.28103898,153.99206482,152.18599085,152.35708618,152.35708618,41622100
2018-04-12,153.27912901,154.72399680,153.19358135,154.19168091,154.19168091,30467900
2018-04-13,154.96163474,155.18976183,152.72779363,153.39318848,153.39318848,44604900
2018-04-16,154.46740681,155.12330151,153.49782272,154.56246948,154.56246948,28180800
2018-04-17,156.12139190,158.23165535,155.80770252,157.88945007,157.88945007,35536100
2018-04-18,157.88941095,158.74491667,157.13845382,158.21260071,158.21260071,29573900
2018-04-19,157.41413427,157.78485537,156.21640879,156.75823975,156.75823975,34705700
2018-04-20,156.35904568,156.47310928,153.73546687,154.27729797,154.27729797,49197100
2018-04-23,155.02817597,155.63653909,153.06050719,153.88749695,153.88749695,33040600
2018-04-24,154.61949090,154.85713305,149.60999036,150.62710571,150.62710571,70256800
2018-04-25,150.89320987,151.43502623,148.73541587,150.80764771,150.80764771,52089300
2018-04-26,152.75631801,154.49585969,152.26201845,153.98255920,153.98255920,43005500
2018-04-27,156.24488521,156.28291606,153.20306997,154.07759094,154.07759094,51043400
2018-04-30,154.43886572,155.39893468,152.60426097,152.98449707,152.98449707,35615300
2018-05-01,152.58524118,154.75253594,152.22402055,154.73352051,154.73352051,36513500
2018-05-02,154.99967941,155.48447857,153.64037357,153.82098389,153.82098389,38646800
2018-05-03,153.04152899,154.37231909,151.34951822,153.80198669,153.80198669,60337100
2018-05-04,153.13658225,157.08143549,153.02250417,156.72021484,156.72021484,41543200
2018-05-07,157.45215983,158.53580730,157.32858129,158.02250671,158.02250671,32500200
2018-05-08,157.68977578,158.20307629,156.71069159,157.86088562,157.86088562,26040200
2018-05-09,158.14609876,159.69553027,157.58526674,159.58146667,159.58146667,29122700
2018-05-10,160.09477883,161.34953648,159.97120026,161.23545837,161.23545837,27067600
2018-05-11,161.04531264,161.46356510,160.37991760,161.08334351,161.08334351,24688800
2018-05-14,161.45402564,162.37607802,161.09280506,161.35896301,161.35896301,21821700
2018-05-15,160.08521443,160.17076210,158.72589419,159.57189941,159.57189941,49361600
2018-05-16,159.78105456,160.99778107,159.70500734,160.62705994,160.62705994,22941200
2018-05-17,160.06623284,161.22592760,159.22972790,160.00920105,160.00920105,27480200
2018-05-18,159.39128637,159.94261772,158.94453261,159.18217468,159.18217468,26217900
2018-05-21,160.41787344,161.12129909,159.39125812,160.07566833,160.07566833,22954600
2018-05-22,160.80766038,161.07381838,159.58143348,159.86659241,159.86659241,19477700
2018-05-23,158.64986898,161.23541633,158.63086805,161.21641541,161.21641541,26557800
2018-05-24,161.16889954,161.45407300,159.54342094,161.16889954,161.16889954,27696500
2018-05-25,161.14987977,161.91033749,160.84570539,161.33049011,161.33049011,27460500
2018-05-29,160.59849251,161.52054481,159.65743929,160.61750793,160.61750793,41220500
2018-05-30,161.19738314,162.05288886,160.85517796,161.76771545,161.76771545,22665800
2018-05-31,161.76769555,162.73727922,161.24489463,161.66314697,161.66314697,35670900
2018-06-01,162.47116082,164.29625054,162.42362949,164.20120239,164.20120239,45543300
2018-06-04,164.61945068,165.72211365,164.51490206,165.68409729,165.68409729,20459600
2018-06-05,166.07382366,166.47306067,165.46546042,166.19738770,166.19738770,24779300
2018-06-06,166.36851806,167.19550808,165.53201306,167.16699219,167.16699219,25036600
2018-06-07,167.19549941,167.23351577,164.97117251,165.80766296,165.80766296,39600300
2018-06-08,165.02813486,166.23536046,164.61938302,165.81710815,165.81710815,31780300
2018-06-11,165.69358440,166.67266875,165.66506851,166.26393127,166.26393127,22319700
2018-06-12,166.49204894,167.30003788,166.31145313,167.13844299,167.13844299,22511800
2018-06-13,167.39511003,168.38369484,166.75821641,167.12895203,167.12895203,37858600
2018-06-14,167.89894639,169.09665767,167.77536782,168.82099915,168.82099915,35916000
2018-06-15,168.18400556,168.56424150,167.40454727,168.23153687,168.23153687,49615700
2018-06-18,167.17229096,168.27729930,166.64835645,168.13441467,168.13441467,31633200
2018-06-19,166.01011261,167.69620929,165.47665731,167.65811157,167.65811157,38236000
2018-06-20,168.42971410,169.54425773,168.27729415,168.84886169,168.84886169,33038000
2018-06-21,169.27755241,169.44902851,167.05798564,167.38188171,167.38188171,43469400
2018-06-22,167.94390756,168.01058221,166.41021619,167.01036072,167.01036072,30073200
2018-06-25,165.49568661,165.74337265,161.76148524,163.24754333,163.24754333,77799700
2018-06-26,163.84770901,164.85746582,163.24756449,163.91439819,163.91439819,39008100
2018-06-27,164.60980091,165.35283009,161.57099503,161.68530273,161.68530273,52843500
2018-06-28,161.48525045,163.62860702,161.15183362,163.07609558,163.07609558,46407700
2018-06-29,163.85723514,164.72410735,163.27614674,163.51429749,163.51429749,36408500
2018-07-02,161.98062366,164.65745057,161.62816517,164.60981750,164.60981750,31770000
2018-07-03,165.22895090,165.22895090,162.54261860,162.70455933,162.70455933,25512700
2018-07-05,163.76196689,164.85745440,162.92367169,164.72409058,164.72409058,31626200
2018-07-06,165.10516652,167.41046414,164.80032657,167.28662109,167.28662109,37005600
2018-07-09,168.15344490,168.82978473,167.48662587,168.79168701,168.79168701,27362100
2018-07-10,169.10610609,169.29662380,168.33449991,168.91558838,168.91558838,23902500
2018-07-11,167.59141638,168.67739761,167.46758789,168.05819702,168.05819702,30280600
2018-07-12,168.80127024,170.95416260,168.68696252,170.95416260,170.95416260,27930100
2018-07-13,170.94462591,171.37329441,170.46832435,171.09704590,171.09704590,28049800
2018-07-16,171.13511775,171.42090155,170.40162393,170.68739319,170.68739319,21405300
2018-07-17,168.87745046,172.08771776,168.87745046,171.72573853,171.72573853,31034100
2018-07-18,171.74476256,171.88766171,170.87790501,171.40182495,171.40182495,23220800
2018-07-19,170.78266063,171.35422823,170.34447140,170.54450989,170.54450989,31094100
2018-07-20,171.05892015,171.63047320,170.31587647,170.50640869,170.50640869,35897300
2018-07-23,170.00155328,171.12561795,169.31567790,171.04940796,171.04940796,22184700
2018-07-24,172.81172347,173.42138884,171.04940200,171.75433350,171.75433350,36900300
2018-07-25,171.83053826,174.25966435,171.74479294,174.15489197,174.15489197,35026600
2018-07-26,171.79245336,172.34496495,171.28757484,171.51620483,171.51620483,40873500
2018-07-27,172.60210827,172.71641596,168.22966479,169.20130920,169.20130920,59456100
2018-07-30,169.21086623,169.30611781,166.01011975,166.81030273,166.81030273,60193000
2018-07-31,167.46760587,168.73456957,166.53405903,168.08679199,168.08679199,47285100
2018-08-01,168.47736508,169.22991504,167.75339204,168.72503662,168.72503662,37101900
2018-08-02,167.53429752,171.22088129,167.45808753,171.02082825,171.02082825,47178200
2018-08-03,171.34470100,171.55427483,170.59215101,171.54475403,171.54475403,28934400
2018-08-06,171.43045501,172.60215271,171.22088117,172.55451965,172.55451965,24808800
2018-08-07,173.04032837,173.50710907,172.66881378,173.18322754,173.18322754,29895700
2018-08-08,172.94508242,173.70716775,172.47830171,173.39280701,173.39280701,22680700
2018-08-09,173.28802490,173.97390026,173.03081801,173.28802490,173.28802490,18852900
2018-08-10,172.11625732,172.63067094,171.31607450,171.96385193,171.96385193,33818500
2018-08-13,172.27825488,173.38326329,171.69716648,171.77337646,171.77337646,26089200
2018-08-14,172.43067532,173.04987604,171.50664919,172.84982300,172.84982300,20913000
2018-08-15,171.47804498,172.02103561,169.67762606,170.73501587,170.73501587,58528000
2018-08-16,172.04962332,172.41161710,170.96365651,171.29707336,171.29707336,27711800
2018-08-17,170.84936748,171.76385830,169.82055442,171.33518982,171.33518982,36092600
2018-08-20,171.71619456,171.78288374,170.51592013,171.18273926,171.18273926,24939000
2018-08-21,171.69716995,172.84029065,171.59238304,171.81147766,171.81147766,26258700
2018-08-22,171.44948899,172.67835503,171.23039436,172.47830200,172.47830200,18042400
2018-08-23,172.17346748,173.42137506,171.94483754,172.23062134,172.23062134,25776200
2018-08-24,172.80215032,173.97386228,172.76405260,173.83096313,173.83096313,23136100
2018-08-27,174.70739504,175.60284424,174.43114655,175.60284424,175.60284424,29343600
2018-08-28,176.06957439,176.25057124,175.48848611,175.86000061,175.86000061,20277000
2018-08-29,176.16486028,177.98433544,176.09818563,177.88908386,177.88908386,29175600
2018-08-30,177.54608434,178.63205076,176.98403774,177.57466125,177.57466125,29315500
2018-08-31,177.35557449,178.30817725,177.16505685,177.80329895,177.80329895,28653200
2018-09-04,177.26036965,177.56519505,176.08867202,177.04127502,177.04127502,29063500
2018-09-05,176.72691536,176.75549229,174.15489013,174.75502014,174.75502014,42623300
2018-09-06,174.83122735,175.04080117,172.02105140,173.19274902,173.19274902,46091400
2018-09-07,171.94486670,174.01201377,171.88771284,172.52595520,172.52595520,46629500
2018-09-10,173.51660689,173.61187299,172.16391256,173.10699463,173.10699463,26132000
2018-09-11,172.41163912,174.72645766,171.96391451,174.44067383,174.44067383,30116500
2018-09-12,174.18344587,174.30727436,172.43064549,173.92623901,173.92623901,36204000
2018-09-13,175.01220745,176.11723031,174.93599747,175.78381348,175.78381348,31133200
2018-09-14,175.90765137,176.18389980,174.57399861,175.26940918,175.26940918,31224100
2018-09-17,174.97412864,175.09797169,172.58310011,172.74504089,172.74504089,33071200
2018-09-18,172.88791442,175.02173572,172.80216911,174.17391968,174.17391968,31877300
2018-09-19,174.20248335,174.61211014,172.90694285,174.04054260,174.04054260,31843400
2018-09-20,175.24084024,176.20296396,174.82169263,175.96481323,175.96481323,33295800
2018-09-21,176.44111070,176.68878222,174.78357641,175.00268555,175.00268555,38605400
2018-09-24,173.73348514,175.55623487,173.01774709,175.48942566,175.48942566,34945600
2018-09-25,175.41303989,175.86157013,174.81181540,175.72796631,175.72796631,25277500
2018-09-26,175.88063335,177.49343148,175.50845029,175.85200500,175.85200500,36210600
2018-09-27,176.56779509,177.97064272,176.47235754,177.34078979,177.34078979,33113300
2018-09-28,176.84455928,177.77024834,176.52009485,177.30262756,177.30262756,28076800
2018-10-01,178.33324126,178.96309408,177.21669194,177.66522217,177.66522217,27371300
2018-10-02,177.51250622,178.62905541,176.85403970,177.26438904,177.26438904,25618600
2018-10-03,178.00878220,178.42868409,177.17853091,177.45527649,177.45527649,29128700
2018-10-04,176.73953721,176.85406517,172.78866471,174.04837036,174.04837036,80557300
2018-10-05,174.02930523,174.61143937,170.27883063,171.92025757,171.92025757,83325600
2018-10-08,171.31899831,172.38782873,168.84730612,170.87046814,170.87046814,66864500
2018-10-09,170.99457204,172.75052699,170.58422258,171.42402649,171.42402649,49097900
2018-10-10,170.35514125,170.46011671,163.66538358,163.88487244,163.88487244,114471100
2018-10-11,163.20734744,165.47861269,160.14398252,161.85221863,161.85221863,143084500
2018-10-12,166.21344157,166.87192283,163.12144829,166.35659790,166.35659790,102078400
2018-10-15,165.77446300,166.08937489,163.72267208,164.34298706,164.34298706,64885300
2018-10-16,166.07030251,169.53446444,165.76491398,169.12411499,169.12411499,71979700
2018-10-17,169.94479086,170.11656094,167.45402264,169.19087219,169.19087219,66987600
2018-10-18,168.55151531,168.60877202,164.56247602,165.26866150,165.26866150,82486200
2018-10-19,166.60471470,168.02665271,164.51475750,165.11598206,165.11598206,82923700
2018-10-22,166.10842799,167.24406764,164.70558072,165.96528625,165.96528625,52909300
2018-10-23,162.84466415,166.17523597,161.10781466,165.35452271,165.35452271,77567000
2018-10-24,165.16363881,165.44038431,157.50046043,157.78675842,157.78675842,102997400
2018-10-25,160.23942027,164.21892163,159.52368230,163.24551392,163.24551392,83481100
2018-10-26,157.65319926,162.19575848,156.72751041,159.04650879,159.04650879,130970900
2018-10-29,161.48002073,162.10032109,152.77663792,155.77319336,155.77319336,111871900
2018-10-30,155.31510290,158.45479964,154.60890302,158.34028625,158.34028625,92584000
2018-10-31,160.91694164,163.42680023,160.84059453,162.06213379,162.06213379,73828600
2018-11-01,162.30076211,164.37162906,161.06968455,164.19984436,164.19984436,52706800
2018-11-02,163.69401847,164.66742603,160.53523105,161.64224243,161.64224243,75966800
2018-11-05,161.85217161,161.90942830,159.44728865,161.24140930,161.24140930,39573500
2018-11-06,161.25102542,163.36961139,161.01244605,162.46301270,162.46301270,34410400
2018-11-07,164.40978620,167.55903625,164.01851260,167.55903625,167.55903625,51169600
2018-11-08,166.77644155,167.29178090,165.69807319,166.49015808,166.49015808,40296500
2018-11-09,164.93464725,165.33545874,162.38662201,163.68449402,163.68449402,50602700
2018-11-12,162.53932916,162.84470312,158.58844157,158.73159790,158.73159790,62578400
2018-11-13,159.47592040,161.73764712,158.41662791,158.86515808,158.86515808,64128100
2018-11-14,160.43975613,160.99326169,156.74655430,157.65315247,157.65315247,75270700
2018-11-15,157.36688935,160.84060313,155.99268491,160.41116333,160.41116333,73254300
2018-11-16,158.84612364,160.62115453,158.20673275,159.84815979,159.84815979,65390700
2018-11-19,159.08469375,159.27555430,154.16041291,154.65666199,154.65666199,67280500
2018-11-20,151.13518053,154.00768405,149.95183675,151.88909912,151.88909912,102652800
2018-11-21,153.97911051,154.57078261,151.95594782,153.04386902,153.04386902,42965800
2018-11-23,151.82231591,153.49237097,151.82231591,151.93684387,151.93684387,23503700
2018-11-26,154.06495830,155.52506233,153.41601508,155.44871521,155.44871521,42012600
2018-11-27,154.59939835,156.36489113,153.81685120,155.97361755,155.97361755,36608100
2018-11-28,157.09965587,160.99327087,156.00219717,160.99327087,160.99327087,70141000
2018-11-29,160.31570415,161.52767615,159.19915510,160.46838379,160.46838379,44885700
2018-11-30,160.68792577,161.72812797,159.88628830,161.63269043,161.63269043,36722800
2018-12-03,165.20187061,165.39273116,161.76632246,164.45750427,164.45750427,50771700
2018-12-04,163.59857175,164.05665444,157.95856882,158.14942932,158.14942932,70594700
2018-12-06,154.96204088,159.28509689,154.37990677,159.26600647,159.26600647,71715500
2018-12-07,158.56935619,159.48549259,153.51147190,154.00772095,154.00772095,80432200
2018-12-10,153.72138729,156.29804033,152.12767961,155.62048340,155.62048340,73960800
2018-12-11,158.15899695,158.19717780,154.81888651,156.13584900,156.13584900,59058300
2018-12-12,158.41666931,159.94358279,157.42418574,157.51007080,157.51007080,53780000
2018-12-13,158.54069994,159.19918105,156.53662826,157.55775452,157.55775452,46378500
2018-12-14,155.75408972,156.32667120,153.35874464,153.72138977,153.72138977,56547400
2018-12-17,153.06292913,154.28445393,149.03570954,150.23814392,150.23814392,74834100
2018-12-18,151.40239595,152.64301104,149.86594490,151.18290710,151.18290710,63642100
2018-12-19,150.95386296,153.37783640,146.33497196,147.47061157,147.47061157,81856500
2018-12-20,147.10800808,148.74943503,143.51978022,145.33297729,145.33297729,99002100
2018-12-21,146.05823644,147.05071983,140.01740740,140.82858276,140.82858276,141129400
2018-12-24,139.80547225,141.62385630,137.29801299,137.33628845,137.33628845,56163300
2018-12-26,138.84845327,145.98801946,137.90097099,145.91146851,145.91146851,98982100
2018-12-27,143.91124014,146.60054151,140.76256002,146.47613525,146.47613525,85824300
2018-12-28,147.52886039,148.90701107,145.20324206,146.39955139,146.39955139,77856600
2018-12-31,147.83515697,148.32324603,146.15075830,147.63417053,147.63417053,53015300
2019-01-02,144.50455005,149.06008909,144.39927428,148.22746277,148.22746277,58576700
2019-01-03,146.04546348,146.67710378,143.06904499,143.38487244,143.38487244,74820200
2019-01-04,145.79663183,150.25647727,145.22241201,149.51954651,149.51954651,74709300
2019-01-07,149.89280607,152.03659818,149.40471700,151.29966736,151.29966736,52059300
2019-01-08,152.68732806,153.23285206,150.44784077,152.66819763,152.66819763,49388700
2019-01-09,153.26158415,154.58231435,152.62036408,153.91238403,153.91238403,46491700
2019-01-10,152.74478261,154.43874612,151.88343112,154.35261536,154.35261536,38943400
2019-01-11,153.44341096,153.95064491,152.92659719,153.78794861,153.78794861,30176600
2019-01-14,152.48639085,153.08933550,151.77817040,152.42897034,152.42897034,30710200
2019-01-15,153.12761752,155.61594715,153.04148674,155.40539551,155.40539551,40874200
2019-01-16,155.66381163,156.74528027,155.31927385,155.37670898,155.37670898,33812200
2019-01-17,154.87902636,157.30035580,154.63019922,156.60171509,156.60171509,39329000
2019-01-18,157.70233176,158.88907626,156.78357407,158.15214539,158.15214539,57183200
2019-01-22,157.01321959,157.08978515,153.85495974,154.98428345,154.98428345,56711700
2019-01-23,155.77865170,156.48685762,153.43388785,155.18527222,155.18527222,38106100
2019-01-24,155.69250143,156.41986698,155.09913657,156.19017029,156.19017029,32417800
2019-01-25,157.44388664,158.53492026,156.90794235,158.05639648,158.05639648,36515900
2019-01-28,156.01788839,156.11358438,154.80243397,156.10401917,156.10401917,33491200
2019-01-29,156.19015024,156.22844031,154.07508342,154.63017273,154.63017273,30784200
2019-01-30,156.38154688,159.13784820,155.89345794,158.56361389,158.56361389,41346500
2019-01-31,159.53976219,161.73140841,159.31964542,160.93705750,160.93705750,37258400
2019-02-01,160.14275785,161.35821225,159.81736521,160.25759888,160.25759888,32143700
2019-02-04,160.28628007,162.24822998,160.14272881,162.24822998,162.24822998,26718800
2019-02-05,162.46835315,163.87521392,162.40136743,163.68380737,163.68380737,28156400
2019-02-06,163.72211878,164.00922134,162.45880910,163.19573975,163.19573975,27970000
2019-02-07,161.76976090,162.17171916,159.77910007,161.00411987,161.00411987,42036200
2019-02-08,159.59724254,161.34864129,159.41541577,161.31993103,161.31993103,29020700
2019-02-11,161.90369383,162.29608674,160.76480518,161.16676331,161.16676331,21434100
2019-02-12,162.34396070,163.78909706,162.05684355,163.54983521,163.54983521,29722100
2019-02-13,164.27722856,164.76533222,163.48289184,163.66471863,163.66471863,26094100
2019-02-14,163.08089091,164.44947645,162.53538142,163.86567688,163.86567688,30326800
2019-02-15,165.10980721,165.14808268,163.78907724,164.55471802,164.55471802,32521700
2019-02-19,164.04754592,165.37784161,164.01883566,164.88017273,164.88017273,19487700
2019-02-20,164.99497645,165.64577632,163.96137804,164.85142517,164.85142517,32593000
2019-02-21,164.41120098,164.86101452,163.37760242,164.24850464,164.24850464,25207400
2019-02-22,164.60259138,165.57876924,164.51644602,165.46392822,165.46392822,27735400
2019-02-25,166.72725968,167.15792815,165.95203890,166.06689453,166.06689453,32608800
2019-02-26,165.66496166,166.76556067,165.38740966,166.23918152,166.23918152,21939700
2019-02-27,165.47354587,166.33489758,164.38251204,166.13391113,166.13391113,25162000
2019-02-28,165.61708204,166.34443293,165.28210956,165.75106812,165.75106812,25085500
2019-03-01,166.94736091,167.14833270,165.74147177,166.89950562,166.89950562,31431200
2019-03-04,168.00009582,168.23935768,165.06196787,166.92820740,166.92820740,38063500
2019-03-05,167.05265808,167.56945735,166.22959658,167.05265808,167.05265808,22319900
2019-03-06,167.21532683,167.24403708,165.83717621,166.10514832,166.10514832,27194600
2019-03-07,165.68409386,165.74151439,163.45417096,164.06668091,164.06668091,39407400
2019-03-08,162.22909268,163.90392556,162.06639638,163.81779480,163.81779480,39303200
2019-03-11,164.49735280,167.33978546,164.46864254,167.22492981,167.22492981,30518400
2019-03-12,167.66515301,168.57434521,167.26319481,168.14367676,168.14367676,33953500
2019-03-13,169.01460402,170.28746442,168.77534213,169.40698242,169.40698242,42426100
2019-03-14,169.52184655,169.72281837,169.07203300,169.11988831,169.11988831,23751500
2019-03-15,169.78020065,171.19664130,169.66535963,170.68940735,170.68940735,38192000
2019-03-18,170.61649175,171.61364046,170.27132714,171.09588623,171.09588623,32935100
2019-03-19,171.79580572,172.58201972,170.94248409,171.67117310,171.67117310,36893300
2019-03-20,171.68082484,173.40664866,170.89462516,172.35197449,172.35197449,50105000
2019-03-21,171.83423800,175.29546833,171.81505812,175.04618835,175.04618835,42428500
2019-03-22,174.28870322,174.75851520,171.01922846,171.20140076,171.20140076,70794500
2019-03-25,170.57823537,171.46990254,169.63861117,170.87545776,170.87545776,46336500
2019-03-26,172.19850997,173.24358647,170.79867160,171.67117310,171.67117310,33248100
2019-03-27,171.93008176,172.31359158,169.32217403,170.56858826,170.56858826,37096700
2019-03-28,171.00965809,171.60410277,169.93581877,170.96171570,170.96171570,30368200
2019-03-29,172.28488129,172.41911123,171.23020702,172.25611877,172.25611877,35205500
2019-04-01,174.02982202,174.74891392,173.32032738,174.53797913,174.53797913,30969500
2019-04-02,174.72975708,175.37214411,174.28870759,175.19955444,175.19955444,22645200
2019-04-03,176.18705792,177.29925665,175.65973568,176.20623779,176.20623779,31633500
2019-04-04,176.25424071,176.89662779,175.12286172,176.13919067,176.13919067,28530800
2019-04-05,176.64735905,177.15551624,176.43642422,177.05004883,177.05004883,25674700
2019-04-08,176.76239951,177.64448393,176.06248741,177.50067139,177.50067139,22697500
2019-04-09,176.89663655,177.48149864,176.50352940,176.87745667,176.87745667,25631900
2019-04-10,177.10756815,177.88418518,176.91581321,177.82666016,177.82666016,24563000
2019-04-11,178.12386182,178.12386182,177.07878507,177.40476990,177.40476990,20654100
2019-04-12,178.19097859,178.28684873,177.43352693,178.17179871,178.17179871,24989100
2019-04-15,178.18142741,178.40195952,177.01170312,178.20060730,178.20060730,21073000
2019-04-16,178.85255412,179.20731612,178.26769205,178.81420898,178.81420898,27195700
2019-04-17,180.01267256,180.18524760,178.91007083,179.43739319,179.43739319,29651600
2019-04-18,179.73464852,180.05103611,178.61285216,179.66752625,179.66752625,28580900
2019-04-22,178.88133288,180.24281197,178.74708832,180.17568970,180.17568970,17936000
2019-04-23,180.63587228,182.68768050,180.37700974,182.46716309,182.46716309,33665600
2019-04-24,182.62062723,182.85074196,181.83441286,181.89195251,181.89195251,24977100
2019-04-25,183.25337921,183.33966673,181.64260579,182.63015747,182.63015747,29517500
2019-04-26,182.34258065,182.83157266,180.81810886,182.79321289,182.79321289,26359500
2019-04-29,182.79317197,183.43557367,182.49594964,183.14793396,183.14793396,21716200
2019-04-30,181.67140259,182.02616460,180.45375065,181.72892761,181.72892761,31495300
2019-05-01,182.91776268,183.43551693,181.01936457,181.14399719,181.14399719,34797100
2019-05-02,181.08652370,182.02614771,179.16894517,180.35784912,180.35784912,44110100
2019-05-03,181.85353320,183.36842179,181.52754841,183.23419189,183.23419189,30386200
2019-05-06,179.34151147,182.36169141,179.06345443,182.11241150,182.11241150,38371800
2019-05-07,180.12772738,180.89476169,176.90619499,178.56491089,178.56491089,58818100
2019-05-08,177.98005842,179.45658747,177.33767136,178.11428833,178.11428833,37165300
2019-05-09,176.12960592,177.76914220,174.58595444,177.15551758,177.15551758,55351700
2019-05-10,176.52271562,178.22935957,173.56964254,177.37603760,177.37603760,58526400
2019-05-13,172.86010243,173.79012915,170.72200656,171.22058105,171.22058105,67185800
2019-05-14,172.12183805,174.14488381,171.48903368,173.09979248,173.09979248,43360600
2019-05-15,171.95889091,175.98580361,171.92053114,175.54475403,175.54475403,40944500
2019-05-16,175.62140479,178.40190207,175.41047001,177.30886841,177.30886841,39281200
2019-05-17,175.55433530,177.93212879,175.34340048,175.49679565,175.49679565,44702300
2019-05-20,173.05187303,173.71342531,171.94925664,172.53411865,172.53411865,38608300
2019-05-21,174.02031337,174.81611050,173.46421365,174.33671570,174.33671570,31613800
2019-05-22,173.36831888,174.56680572,173.30119660,173.56007385,173.56007385,24332600
2019-05-23,171.56578765,171.64249256,169.83996370,170.90422058,170.90422058,45351300
2019-05-24,171.82463328,172.43825784,170.60696680,170.81790161,170.81790161,25903300
2019-05-28,171.29730360,172.25609292,170.15634197,170.17552185,170.17552185,24763800
2019-05-29,169.12078412,169.70564597,167.87435554,168.77561951,168.77561951,42178800
2019-05-30,169.22627605,169.96454775,168.52636410,169.48515320,169.48515320,30354800
2019-05-31,167.49092729,168.06619217,166.70471294,166.78141785,166.78141785,45446200
2019-06-03,166.33073931,166.78137139,162.29424515,163.10920715,163.10920715,75842300
2019-06-04,164.94055536,167.75939881,164.30775078,167.70187378,167.70187378,47797800
2019-06-05,169.30303536,169.33179787,167.19370159,168.94828796,168.94828796,34412700
2019-06-06,169.23588384,170.70283021,168.48802940,170.29055786,170.29055786,29913200
2019-06-07,171.20138491,174.27910446,170.98086750,173.57917786,173.57917786,45888300
2019-06-10,174.73935984,177.23221801,174.70101470,175.60226440,175.60226440,41385300
2019-06-11,177.43351240,177.75949719,175.24747437,175.84191895,175.84191895,41260300
2019-06-12,175.36251157,175.72685609,174.49960727,174.82559204,174.82559204,27758100
2019-06-13,175.55434003,176.29259731,175.20917527,175.86114502,175.86114502,23715800
2019-06-14,174.95985620,175.56389810,174.44211645,175.11326599,175.11326599,22844100
2019-06-17,175.49678927,176.65693077,175.30503433,176.16795349,176.16795349,20379500
2019-06-18,178.24851065,179.98391683,177.78828129,178.72790527,178.72790527,48177300
2019-06-19,178.96759564,179.80173756,177.92251892,179.39904785,179.39904785,31672900
2019-06-20,181.90149425,181.93983938,179.44699615,181.06735229,181.06735229,40922000
2019-06-21,180.85644470,181.94946400,180.41539515,180.79891968,180.79891968,39980400
2019-06-24,181.16018865,181.34276372,180.70856021,180.80465698,180.80465698,19375200
2019-06-25,180.67972103,180.78542161,177.43184387,177.70089722,177.70089722,33921100
2019-06-26,178.88284432,180.00710622,178.23903697,178.52729797,178.52729797,22595700
2019-06-27,179.17113429,179.63236660,178.71950580,179.20956421,179.20956421,19709200
2019-06-28,179.64196826,179.83414717,178.79637816,179.44018555,179.44018555,21179200
2019-07-01,182.88020916,183.12043642,181.01604335,181.86163330,181.86163330,31025600
2019-07-02,181.80400239,182.60155871,181.28511791,182.58233643,182.58233643,18035800
2019-07-03,183.04356028,183.95642090,182.85136675,183.95642090,183.95642090,15792100
2019-07-05,182.69766090,183.91800496,181.98658285,183.58169556,183.58169556,21415600
2019-07-08,182.39016476,182.44781696,181.54456001,182.29408264,182.29408264,17598800
2019-07-09,181.42925193,183.43754851,181.27550295,183.20693970,183.20693970,19193500
2019-07-10,184.32162086,185.54196506,183.98529675,185.03268433,185.03268433,28374500
2019-07-11,185.31128499,185.78212097,184.31193154,184.89808655,184.89808655,23736100
2019-07-12,185.09997018,185.97438653,184.92699887,185.96478271,185.96478271,20211900
2019-07-15,186.39714831,186.59894567,185.87826383,186.56050110,186.56050110,15606100
2019-07-16,186.32986381,186.50282039,185.03263082,185.59956360,185.59956360,20190900
2019-07-17,185.59958249,185.92630272,184.66749951,184.68672180,184.68672180,16765100
2019-07-18,183.81225481,185.25361814,183.23571828,184.89808655,184.89808655,28877000
2019-07-19,186.16652035,186.25299865,183.35104928,183.54322815,183.54322815,29387900
2019-07-22,183.95644254,185.39780621,183.95644254,185.00382996,185.00382996,18954900
2019-07-23,186.01281688,186.23382190,184.77323571,186.21459961,186.21459961,23786700
2019-07-24,185.50349264,187.53101130,185.48427035,187.52139282,187.52139282,20422900
2019-07-25,186.88722814,186.91605425,185.38819754,185.74374390,185.74374390,23434700
2019-07-26,186.92564394,187.90577531,186.82954716,187.65592957,187.65592957,20431200
2019-07-29,187.48299679,187.55025281,185.83023177,187.01214600,187.01214600,20451700
2019-07-30,185.58041665,186.93528762,185.44588994,186.20500183,186.20500183,18705000
2019-07-31,186.70468288,186.82959112,181.91935859,183.62977600,183.62977600,41627500
2019-08-01,183.94680501,187.35803494,181.83280812,182.71684265,182.71684265,63251600
2019-08-02,181.34276215,181.60221171,178.93088565,180.02632141,180.02632141,55214000
2019-08-05,176.25952080,176.33639528,172.19488007,173.66506958,173.66506958,75040000
2019-08-06,175.26980902,176.61509052,173.99181285,176.09619141,176.09619141,41897200
2019-08-07,174.18398060,177.29731642,172.85792148,177.04748535,177.04748535,49990600
2019-08-08,177.84507268,180.95842370,177.35501428,180.90075684,180.90075684,38418100
2019-08-09,180.03590677,180.65088793,177.79698709,179.19992065,179.19992065,33608900
2019-08-12,178.09493712,178.63304402,176.32686742,177.14364624,177.14364624,24642900
2019-08-13,176.98983507,182.26521621,176.82648229,181.02565002,181.02565002,40241900
2019-08-14,178.11409191,178.68102470,175.28901712,175.61572266,175.61572266,51000500
2019-08-15,175.84637714,176.41331003,174.07830779,175.41397095,175.41397095,36685000
2019-08-16,177.00908705,178.68105964,176.90338645,178.22943115,178.22943115,32781400
2019-08-19,180.80463679,181.44844404,180.17043334,181.06407166,181.06407166,22494100
2019-08-20,180.61248389,181.26589505,179.61313020,179.66117859,179.66117859,19902900
2019-08-21,181.23706433,181.83282328,180.61247929,181.25628662,181.25628662,20418500
2019-08-22,181.59261537,182.05386234,179.24799459,180.67015076,180.67015076,24243700
2019-08-23,179.44017204,181.08331841,174.46265524,174.95272827,174.95272827,55372400
2019-08-26,176.94175867,177.64321804,175.92319761,177.59518433,177.59518433,27598900
2019-08-27,178.83479390,179.13267338,176.52861792,177.22045898,177.22045898,28012800
2019-08-28,176.64393501,178.15255479,175.75990033,177.85467529,177.85467529,21792400
2019-08-29,180.06473978,181.09291946,179.38248793,180.57402039,180.57402039,25358900
2019-08-30,181.54456655,181.58301113,179.12308594,180.14164734,180.14164734,26319800
2019-09-03,178.94051704,179.86298169,177.79703272,178.39279175,178.39279175,27964200
2019-09-04,180.11280904,181.12176656,179.59390990,180.96801758,180.96801758,21592100
2019-09-05,182.96674679,184.81169092,182.89947610,184.28318787,184.28318787,33932600
2019-09-06,184.59065900,184.65791502,183.69700584,184.10058594,184.10058594,19487800
2019-09-09,184.67712616,184.75400065,182.78413402,183.71621704,183.71621704,24407600
2019-09-10,182.72649657,183.28382567,181.52536008,183.18772888,183.18772888,23744700
2019-09-11,183.53360684,185.00379634,183.11080457,184.90769958,184.90769958,25063600
2019-09-12,186.04158748,187.09859322,185.42660632,185.67643738,185.67643738,28689900
2019-09-13,185.40744985,185.83985611,184.77324618,185.01347351,185.01347351,27669800
2019-09-16,183.82187631,184.57138408,183.63930127,184.18701172,184.18701172,20319000
2019-09-17,184.20624856,185.07107544,183.81227236,185.07107544,185.07107544,20953400
2019-09-18,184.68674945,185.07112193,182.67845269,184.99424744,184.99424744,29781300
2019-09-19,185.32093432,186.45480005,184.94618035,185.30171204,185.30171204,26039400
2019-09-20,185.56117432,185.75335323,182.72649515,183.34147644,183.34147644,29086100
2019-09-23,183.28755003,183.97117785,182.67132856,183.42234802,183.42234802,22485900
2019-09-24,184.25998609,184.66437998,180.19677144,180.98631287,180.98631287,40820700
2019-09-25,180.80339348,183.49936780,179.29173146,183.01794434,183.01794434,34704900
2019-09-26,182.77722653,182.94090873,180.99595391,182.34394836,182.34394836,26826000
2019-09-27,182.68093672,182.77722729,178.84881021,180.08125305,180.08125305,40773500
2019-09-30,180.81302747,182.08399253,180.43751773,181.79513550,181.79513550,26307700
2019-10-01,182.45949194,183.50899156,180.01386722,180.31234741,180.31234741,32367600
2019-10-02,179.08953904,179.11842327,176.22025914,177.21199036,177.21199036,48544300
2019-10-03,177.19273576,179.29174990,175.06485207,179.15695190,179.15695190,39392500
2019-10-04,180.12941434,182.05510830,179.93684788,181.79513550,181.79513550,31887600
2019-10-07,181.27520687,182.69059312,180.92858136,181.24632263,181.24632263,21216000
2019-10-08,180.11013519,180.88041563,178.38664574,178.53106689,178.53106689,32379300
2019-10-09,180.04276036,181.09226003,179.50355371,180.27383423,180.27383423,20147400
2019-10-10,180.32197256,182.39208759,180.16791353,181.66995239,181.66995239,25177700
2019-10-11,183.74006288,185.47319011,183.63414914,184.00965881,184.00965881,40976700
2019-10-14,183.74975146,184.57780062,183.56680815,183.99046326,183.99046326,14975000
2019-10-15,184.55848967,186.76341733,184.44295274,186.33013916,186.33013916,23234200
2019-10-16,185.69464506,186.33975069,185.28061327,185.86795044,185.86795044,20457100
2019-10-17,186.98485336,187.27371035,185.64649684,186.35900879,186.35900879,19045200
2019-10-18,186.02207021,186.47460955,183.62459016,184.56817627,184.56817627,27700800
2019-10-21,185.55024244,186.33014612,185.00141262,186.20497131,186.20497131,15801200
2019-10-22,186.93673478,187.19670758,184.66441533,184.72219849,184.72219849,22392300
2019-10-23,184.34668703,185.11695285,184.04819213,185.07844543,185.07844543,14828400
2019-10-24,186.39752857,186.99450365,185.57911752,186.87895203,186.87895203,18998500
2019-10-25,185.91612092,188.46767424,185.87761350,188.37138367,188.37138367,21507100
2019-10-28,189.24758249,190.48002548,189.24758249,190.22969055,190.22969055,18818700
2019-10-29,189.91192828,190.20077060,188.72761601,188.75650024,188.75650024,18569700
2019-10-30,189.12235865,189.98892955,188.03433711,189.67118835,189.67118835,21764300
2019-10-31,190.22005124,190.30670394,188.66024380,189.75788879,189.75788879,26801800
2019-11-01,190.57630572,191.49102215,190.28746336,191.48138428,191.48138428,22131900
2019-11-04,192.75230210,193.07966648,191.48133728,192.66564941,192.66564941,19015900
2019-11-05,192.90638917,193.09895562,192.13610868,192.77159119,192.77159119,15048900
2019-11-06,192.55009957,192.56936062,191.40430952,192.33827209,192.33827209,19725500
2019-11-07,193.30117025,194.22550989,192.42499059,192.98342896,192.98342896,17832400
2019-11-08,192.63680130,193.77295368,192.12647889,193.75369263,193.75369263,15258800
2019-11-11,192.77157823,193.57072820,192.51160546,193.49371338,193.49371338,10147600
2019-11-12,193.65736803,194.69724426,193.35888789,194.05212402,194.05212402,14778300
2019-11-13,193.37817607,194.28325455,193.25301596,194.10031128,194.10031128,15774600
2019-11-14,193.36854396,194.07141808,192.78120677,193.94624329,193.94624329,16945400
2019-11-15,195.12091201,195.37126160,194.49506742,195.37126160,195.37126160,18427900
2019-11-18,195.06313727,195.83341768,194.27361050,195.52531433,195.52531433,18365900
2019-11-19,196.26673300,196.26673300,195.06317423,195.81419373,195.81419373,16923300
2019-11-20,195.30383194,195.89116905,193.16631097,194.63946533,194.63946533,36629000
2019-11-21,194.42765794,194.56247060,193.59962375,194.20620728,194.20620728,17883600
2019-11-22,194.68765432,194.80320594,193.28190597,194.33140564,194.33140564,17189600
2019-11-25,195.16905230,196.67109103,195.14016807,196.63258362,196.63258362,17752800
2019-11-26,196.75782847,197.25849843,196.46897138,197.00816345,197.00816345,14780600
2019-11-27,197.51839248,198.39458660,197.27768078,198.38494873,198.38494873,16963100
2019-11-29,197.88431340,198.18279361,197.38362886,197.47991943,197.47991943,9854600
2019-12-02,197.48950834,197.55689998,194.28322673,195.45790100,195.45790100,28007000
2019-12-03,192.77158859,194.00403147,191.82798802,193.92700195,193.92700195,31104100
2019-12-04,194.91872601,195.37126522,194.62986900,194.90908813,194.90908813,15300100
2019-12-05,195.60239972,195.60239972,194.34107226,195.29429626,195.29429626,14962300
2019-12-06,196.71923927,197.52802711,196.56518025,197.38360596,197.38360596,16555300
2019-12-09,197.02735105,197.95167578,196.40149180,196.48815918,196.48815918,13984100
2019-12-10,196.58443565,197.26806336,195.88156158,196.32446289,196.32446289,21799800
2019-12-11,196.76737379,197.56653840,196.45925576,197.36433411,197.36433411,18780800
2019-12-12,197.16216494,199.61742749,196.89256898,198.83750916,198.83750916,32612000
2019-12-13,198.73160647,200.18551478,198.30796615,199.49226379,199.49226379,32519400
2019-12-16,200.80171369,201.74529949,200.73430736,201.49496460,201.49496460,21296600
2019-12-17,201.75492530,201.91862220,201.27350187,201.61050415,201.61050415,15996100
2019-12-18,201.78384846,202.32304041,201.55275989,201.76458740,201.76458740,15443300
2019-12-19,201.85125013,203.09331633,201.83198908,203.02592468,203.02592468,17865900
2019-12-20,203.98873573,204.62421818,203.42065961,203.84431458,203.84431458,27672600
2019-12-23,204.56609136,204.71082562,204.20907034,204.38275146,204.38275146,23774700
2019-12-24,204.56607285,204.65291341,204.02571200,204.48887634,204.48887634,7089000
2019-12-26,204.81692579,206.31257673,204.78797895,206.29327393,206.29327393,17067500
2019-12-27,207.01699547,207.03629828,205.56959404,206.11961365,206.11961365,18134100
2019-12-30,206.01348135,206.13892753,203.75553853,204.76872253,204.76872253,21815500
2019-12-31,204.11254755,205.29941260,203.79411747,205.15467834,205.15467834,18170900
2020-01-02,206.88190642,208.58020020,206.47663578,208.58020020,208.58020020,30969400
2020-01-03,205.82051494,207.91442087,205.80121213,206.66964722,206.66964722,27518900
2020-01-06,205.04856944,208.03021333,204.79769178,208.00126648,208.00126648,21655300
2020-01-07,208.07843340,208.56090056,207.31614178,207.97229004,207.97229004,22139300
2020-01-08,207.94338641,210.49081292,207.61531221,209.53552246,209.53552246,26397300
2020-01-09,211.26272446,211.71624477,210.07585936,211.31097412,211.31097412,23547000
2020-01-10,212.14081908,212.16010716,210.39427556,210.77059937,210.77059937,21898500
2020-01-13,211.63905107,213.23118684,211.30131816,213.20223999,213.20223999,22756900
2020-01-14,213.09609198,213.45312769,212.03467306,212.36274719,212.36274719,24418100
2020-01-15,212.47856233,213.44349678,211.75486150,212.44961548,212.44961548,25742100
2020-01-16,213.51098698,214.52417080,213.05746674,214.48556519,214.48556519,18805000
2020-01-17,215.45051302,215.72069342,214.33118578,215.54701233,215.54701233,24325200
2020-01-21,214.94877627,215.99090716,214.85229166,215.45054626,215.45054626,21146300
2020-01-22,216.54095508,217.25499719,215.74970172,216.01988220,216.01988220,20736400
2020-01-23,215.89442946,216.81111420,214.89088943,216.71461487,216.71461487,26496100
2020-01-24,217.72779384,217.95938340,213.89700316,214.89088440,214.89088440,37436500
2020-01-27,210.03724955,211.59079437,209.56442643,210.45217896,210.45217896,42264400
2020-01-28,211.93820910,214.17686417,211.37854534,213.68473816,213.68473816,26731900
2020-01-29,214.87159274,215.11282635,213.08647287,214.03210449,214.03210449,28924500
2020-01-30,212.65224753,214.89088768,211.98644044,214.79440308,214.79440308,39568100
2020-01-31,215.69178272,215.72072958,210.63552122,211.38818359,211.38818359,52015800
2020-02-03,212.42066438,215.07423406,212.27593011,214.58212280,214.58212280,25408600
2020-02-04,217.51551855,219.86996093,216.77251491,219.49363708,219.49363708,30691200
2020-02-05,222.13755570,222.17614660,218.89537551,220.21733093,220.21733093,38534800
2020-02-06,220.76733860,222.17614932,219.98574408,222.11825562,222.11825562,22467100
2020-02-07,221.12440348,222.35951852,220.52613405,221.16299438,221.16299438,25884900
2020-02-10,220.42959846,223.84545947,220.37170475,223.83581543,223.83581543,21478900
2020-02-11,225.07091342,225.81391691,223.28577917,223.87438965,223.87438965,30198000
2020-02-12,225.19636959,226.16130388,224.63670594,226.05516052,226.05516052,24471300
2020-02-13,224.48232161,226.69201475,224.21214118,225.76568604,225.76568604,22773200
2020-02-14,226.12271767,226.62448767,225.36042599,226.41220093,226.41220093,23438500
2020-02-18,225.31217355,226.92361217,225.07093996,226.49903870,226.49903870,24394500
2020-02-19,227.84996535,229.14297391,227.57978489,228.67015076,228.67015076,22230500
2020-02-20,228.16838436,228.64119277,223.74898324,226.54728699,226.54728699,42604000
2020-02-21,225.41832721,225.80429508,221.27876509,222.19544983,222.19544983,66017200
2020-02-24,213.90667084,216.38655955,212.53646563,213.62684631,213.62684631,84522600
2020-02-25,215.42162047,216.13567727,207.21003342,207.81793213,207.81793213,97743000
2020-02-26,209.11092255,212.55573040,207.36437906,208.88897705,208.88897705,79537700
2020-02-27,203.50465726,208.83109923,198.29401744,198.42910767,198.42910767,121822600
2020-02-28,191.67460666,199.90549755,191.22108623,198.58354187,198.58354187,148173700
2020-03-02,201.55550159,208.97584946,198.71859210,208.83110046,208.83110046,112933900
2020-03-03,209.49689905,211.90923495,200.33966670,202.13444519,202.13444519,131953500
2020-03-04,205.83979050,210.67410601,203.95815685,210.56796265,210.56796265,73086200
2020-03-05,205.23190495,208.77321252,202.73272832,204.17047119,204.17047119,78705500
2020-03-06,197.49311102,201.81601277,195.79483187,200.72564697,200.72564697,89828400
2020-03-09,186.69549335,194.10619679,185.37353801,186.78234863,186.78234863,116424000
2020-03-10,194.05798569,197.13612922,186.88851441,196.95278931,196.95278931,100599200
2020-03-11,192.35966470,193.71056687,185.97178942,188.37448120,188.37448120,89168800
2020-03-12,175.70491495,184.09019789,170.73550830,171.10218811,171.10218811,137820700
2020-03-13,180.51028069,187.66043322,171.88376501,185.59547424,185.59547424,134882000
2020-03-16,168.04335790,178.20411826,163.22834358,163.36343384,163.36343384,92054400
2020-03-17,169.31704761,177.92426106,163.82656828,175.75315857,175.75315857,121257100
2020-03-18,165.59242651,172.93557937,160.95109346,170.40745544,170.40745544,114156300
2020-03-19,169.52933010,177.05582149,165.61169872,171.43025208,171.43025208,120896500
2020-03-20,175.36719440,176.45756033,164.13535785,164.71430969,164.71430969,118983900
2020-03-23,165.27804414,168.45945172,159.48576470,164.83323669,164.83323669,124639800
2020-03-24,173.97131867,177.76192085,172.07601021,177.59753418,177.59753418,94881800
2020-03-25,178.33242525,183.25440444,174.03898413,176.28240967,176.28240967,88754900
2020-03-26,177.80054274,186.35841478,177.54913052,185.56547546,185.56547546,79887600
2020-03-27,180.75959572,184.22142480,178.56453708,179.18341064,179.18341064,58845000
2020-03-30,180.88528741,186.13605486,180.18905289,185.70089722,185.70089722,49356900
2020-03-31,185.39144018,188.80491583,182.95461972,184.11500549,184.11500549,62659300
2020-04-01,178.67082565,181.46542740,174.88988953,176.29202271,176.29202271,53715400
2020-04-02,175.25736935,183.82490605,174.99627777,179.86990356,179.86990356,56465300
2020-04-03,179.42512501,180.89495498,175.30573524,177.31707764,177.31707764,47487600
2020-04-06,184.19237968,191.12570105,182.94496820,189.99432373,189.99432373,64763500
2020-04-07,195.68988143,195.97031696,189.53015608,189.91694641,189.91694641,69904500
2020-04-08,191.60921023,194.52952641,189.69457269,193.94934082,193.94934082,45940400
2020-04-09,195.67058841,196.51186566,192.46017196,194.22976685,194.22976685,68252600
2020-04-13,193.39814429,196.70525079,192.18940589,196.32812500,196.32812500,42853900
2020-04-14,200.38952649,205.48557282,199.60626619,204.86669922,204.86669922,63959600
2020-04-15,201.59819234,204.83761669,200.28308456,202.51683044,202.51683044,47036000
2020-04-16,204.70223621,207.29376385,202.76825507,206.21073914,206.21073914,64657400
2020-04-17,209.03439778,209.36317111,205.07940898,208.18344116,208.18344116,62863200
2020-04-20,206.31716571,208.75398675,205.55324944,205.71763611,205.71763611,38249100
2020-04-21,203.64821627,204.18972862,196.90829094,198.12669373,198.12669373,72932800
2020-04-22,202.19777448,205.34049446,201.45318746,204.00604248,204.00604248,40089100
2020-04-23,204.79892923,207.36146313,203.16472754,203.57086182,203.57086182,43278500
2020-04-24,204.00602203,207.22610272,202.58454457,206.78128052,206.78128052,34231900
2020-04-27,209.05372792,209.47920620,207.41951123,208.44451904,208.44451904,36451700
2020-04-28,210.14644824,210.14644824,204.23813385,204.51855469,204.51855469,46862800
2020-04-29,209.05372404,212.70894775,208.03838084,211.77096558,211.77096558,48716400
2020-04-30,212.68960857,212.77663420,210.17544152,211.68394470,211.68394470,43359500
2020-05-01,207.41953467,209.51790302,204.69261343,205.71763611,205.71763611,48795000
2020-05-04,204.47985822,208.33814164,204.15107018,208.11573792,208.11573792,32841000
2020-05-05,210.26245008,212.87332190,209.69192914,210.47518921,210.47518921,37783100
2020-05-06,212.15775596,213.74362013,210.91034443,211.77096558,211.77096558,36455200
2020-05-07,214.49786377,215.37781401,213.14406807,214.49786377,214.49786377,38624800
2020-05-08,216.17079022,217.57292389,215.13610302,217.43754578,217.43754578,31852300
2020-05-11,216.11277624,220.40620294,215.88069314,219.38119507,219.38119507,35714100
2020-05-12,219.98076071,220.57062573,214.75900110,214.78800964,214.78800964,41054100
2020-05-13,215.31017855,217.19580769,209.55658615,212.09976196,212.09976196,65521200
2020-05-14,210.77495334,214.54621098,208.86031598,214.50753784,214.50753784,51549300
2020-05-15,211.55826063,215.95807202,211.12311769,215.90005493,215.90005493,55747200
2020-05-18,218.81063515,221.13140673,218.02737511,219.92266846,219.92266846,42398100
2020-05-19,220.18377437,222.26281318,219.22646304,219.37150574,219.37150574,36237300
2020-05-20,221.92438689,224.10978077,221.90504295,223.75199890,223.75199890,37417000
2020-05-21,223.80034362,224.47723420,220.80266637,221.31517029,221.31517029,43642900
2020-05-22,220.90902107,222.28214609,219.99038286,222.07908630,222.07908630,28762400
2020-05-26,225.65696031,225.86003486,221.23780554,221.47955322,221.47955322,33055300
2020-05-27,221.14110196,222.80432711,216.54789621,222.68827820,222.68827820,55665600
2020-05-28,221.54725203,225.76333231,221.48923495,222.39820862,222.39820862,42784300
2020-05-29,222.77530867,225.88901971,221.20877379,225.65693665,225.65693665,50691800
2020-06-01,224.78665558,226.71095755,224.34183339,226.33383179,226.33383179,25776000
2020-06-02,226.75933125,227.91005261,224.35151897,227.85203552,227.85203552,33383400
2020-06-03,228.46121575,229.63128098,227.58126543,228.87702942,228.87702942,37228700
2020-06-04,228.52889557,229.94069362,225.96636157,227.27180481,227.27180481,38716100
2020-06-05,228.42255606,232.36788008,227.85203505,231.77801514,231.77801514,47365600
2020-06-08,231.63293843,233.70229787,230.05675368,233.57659912,233.57659912,32937300
2020-06-09,232.71597461,236.11977109,232.53224402,235.26882935,235.26882935,35046300
2020-06-10,236.96106046,239.63962868,236.43887725,238.09243774,238.09243774,58084400
2020-06-11,234.16648545,235.54927515,226.23716419,226.29518127,226.29518127,72919400
2020-06-12,231.19781253,232.46456804,224.09043944,228.09378052,228.09378052,72034800
2020-06-15,224.76730989,231.54590906,223.82932778,230.86901855,230.86901855,45307400
2020-06-16,235.73300403,236.32286898,231.20749440,234.83370972,234.83370972,48890100
2020-06-17,236.33254449,237.39624026,234.71767163,235.57829285,235.57829285,34749300
2020-06-18,235.25915038,236.45822410,234.48556966,236.21647644,236.21647644,30578600
2020-06-19,238.58563886,238.84673052,234.44691937,236.17784119,236.17784119,49422100
2020-06-22,236.04608862,239.13615601,235.75549872,239.01023865,239.01023865,24068700
2020-06-23,240.60851874,243.28204905,240.05638320,241.04441833,241.04441833,32767400
2020-06-24,240.28884994,241.51906791,234.57368925,236.07513428,236.07513428,46032400
2020-06-25,236.16232872,238.62275006,233.58565665,238.32246399,238.32246399,36940800
2020-06-26,238.08025795,238.25462663,232.17135147,232.69444275,232.69444275,52824600
2020-06-29,232.45230643,235.24208754,229.91438958,235.23239136,235.23239136,34377800
2020-06-30,235.16454292,240.38568524,234.98049285,239.84323120,239.84323120,38909200
2020-07-01,239.88202382,243.64047732,239.33956966,242.64274597,242.64274597,34689200
2020-07-02,245.09348959,246.30433007,243.82453114,244.28948975,244.28948975,31956500
2020-07-06,247.44734377,250.81831934,247.42796619,250.29525757,250.29525757,34589000
2020-07-07,250.04340005,252.70724903,248.27071308,248.57099915,248.57099915,36578200
2020-07-08,249.89809676,251.87416702,248.46445108,251.84510803,251.84510803,30426300
2020-07-09,253.76306355,254.63486264,249.55902965,253.96647644,253.96647644,40312900
2020-07-10,253.82121274,255.95230372,251.13800100,255.70043945,255.70043945,32885300
2020-07-13,258.54835016,261.33813136,249.61718958,250.44056702,250.44056702,64108100
2020-07-14,247.91227353,252.62003588,244.84158438,252.21318054,252.21318054,72230500
2020-07-15,253.62748177,254.46055541,249.42344710,252.72662354,252.72662354,54523900
2020-07-16,249.93681966,251.64169239,247.61201202,251.00236511,251.00236511,47594100
2020-07-17,251.45761121,252.15505637,249.11344106,251.29295349,251.29295349,35137900
2020-07-20,251.93224784,259.05199429,250.68268201,258.42236328,258.42236328,40610100
2020-07-21,259.99164448,260.00134066,254.88675200,255.72949219,255.72949219,43243800
2020-07-22,256.22348430,257.56025662,254.32486557,256.63031006,256.63031006,29865500
2020-07-23,256.22355590,256.93066786,248.51290202,249.92718506,249.92718506,51363500
2020-07-24,246.08149282,248.88095504,243.44671789,247.55387878,247.55387878,54054500
2020-07-27,249.20065018,252.35850183,248.41602796,251.97103882,251.97103882,36445700
2020-07-28,251.18639001,251.70948129,248.47411963,248.76470947,248.76470947,31302400
2020-07-29,250.30489705,252.49410574,249.83025712,251.63197327,251.63197327,27556900
2020-07-30,249.66558858,253.51121878,248.51286618,252.94940186,252.94940186,41774500
2020-07-31,257.57961483,257.61837000,252.67813612,257.46337891,257.46337891,53686300
2020-08-03,259.60414562,261.68678491,259.47821351,260.94091797,260.94091797,32081600
2020-08-04,260.43720620,262.00648007,259.69133921,261.90960693,261.90960693,24911300
2020-08-05,262.39399702,263.01393202,261.50280537,262.55865479,262.55865479,21612100
2020-08-06,262.36488719,266.36550835,261.72555995,266.03616333,266.03616333,28048200
2020-08-07,265.49361284,266.26856818,260.81494001,262.96539307,262.96539307,44969400
2020-08-10,263.25605010,263.45949256,258.31584521,261.84179688,261.84179688,35088400
2020-08-11,260.67944284,261.96779382,256.33980895,256.88226318,256.88226318,43104300
2020-08-12,259.04241352,264.29260193,258.99396216,263.34329224,263.34329224,38773400
2020-08-13,264.11817104,266.22017321,263.00420390,263.94381714,263.94381714,31895700
2020-08-14,264.56379783,264.83502492,262.23899001,263.63388062,263.63388062,30799500
2020-08-17,265.34838610,267.19855367,263.67260200,266.69485474,266.69485474,24803000
2020-08-18,267.76041058,269.73648079,266.29770594,269.26184082,269.26184082,23529500
2020-08-19,269.22312755,270.27897698,266.93707475,267.45046997,267.45046997,31999400
2020-08-20,266.65611061,271.64476706,266.24925523,271.16043091,271.16043091,27723400
2020-08-21,271.35416208,273.49491947,270.70513866,273.03964233,273.03964233,34748900
2020-08-24,276.31375110,277.04025527,272.45842502,274.74450684,274.74450684,36418500
2020-08-25,273.96955686,277.09837884,273.52397591,276.90463257,276.90463257,34866600
2020-08-26,278.15419650,283.06537129,276.87554219,282.81350708,282.81350708,42216700
2020-08-27,283.79196246,284.64439892,279.66540845,281.93209839,281.93209839,49482700
2020-08-28,283.17194586,283.99532319,281.81581063,283.36569214,283.36569214,28021000
2020-08-31,283.88873470,287.45344088,283.45282044,285.64202881,285.64202881,36321000
2020-09-01,288.29617591,290.64037532,286.52351904,290.52413940,290.52413940,36216200
2020-09-02,293.77893700,293.99204609,287.58913631,293.27523804,293.27523804,50836800
2020-09-03,288.76126953,289.26496857,275.50014103,278.40615845,278.40615845,110083300
2020-09-04,276.61402649,279.87844702,263.28508778,274.69604492,274.69604492,123959000
2020-09-08,263.69194776,269.50398097,261.21214929,261.49307251,261.49307251,99568600
2020-09-09,267.00489624,271.27671586,264.44758671,269.17471313,269.17471313,64837900
2020-09-10,272.13875280,273.35928916,262.08393128,263.80816650,263.80816650,69667500
2020-09-11,265.56154838,266.59803501,258.53867307,261.97747803,261.97747803,71809000
2020-09-14,265.76490043,268.53531840,264.40876521,266.53985596,266.53985596,38525200
2020-09-15,270.28859849,271.66412600,266.51078288,270.31765747,270.31765747,41849900
2020-09-16,271.11197080,271.57691452,265.65834177,266.00704956,266.00704956,42321000
2020-09-17,259.16823009,265.80364044,258.32549002,261.85147095,261.85147095,81570800
2020-09-18,263.27543236,263.56602220,254.40239123,258.50955200,258.50955200,86251100
2020-09-21,254.24740031,259.26511534,251.96131848,259.12951660,259.12951660,57168600
2020-09-22,261.53180321,264.52499682,258.18990179,263.94381714,263.94381714,41128900
2020-09-23,263.62415785,263.80820795,255.00298038,255.88447571,255.88447571,48837300
2020-09-24,253.20129907,260.28229213,253.03661175,257.07598877,257.07598877,70631700
2020-09-25,257.57968022,263.86635460,256.02010229,263.05267334,263.05267334,55242400
2020-09-28,267.91535906,268.51596069,263.15920431,268.51596069,268.51596069,58438300
2020-09-29,267.95416977,269.01001920,266.74332920,267.30517578,267.30517578,27050000
2020-09-30,267.49883631,272.28407959,267.22760926,269.13589478,269.13589478,49380800
2020-10-01,272.96213393,274.01798303,271.07321141,273.40771484,273.40771484,50020200
2020-10-02,267.37294373,273.39808721,264.87378196,265.71652222,265.71652222,75497400
2020-10-05,267.68290440,271.70288860,267.57636464,271.38323975,271.38323975,28184600
2020-10-06,270.69546813,272.38094836,265.65836068,266.53985596,266.53985596,49704200
2020-10-07,269.18438359,271.94507624,268.59347806,271.15078735,271.15078735,27539700
2020-10-08,273.55306185,273.62087600,271.52854021,272.59408569,272.59408569,25443300
2020-10-09,274.24075439,276.83681819,273.85329145,276.75930786,276.75930786,30201100
2020-10-12,281.44768321,288.14121136,280.40153029,285.30300903,285.30300903,79370700
2020-10-13,287.10480758,287.74410530,283.92753394,285.29336548,285.29336548,64240000
2020-10-14,286.09743279,287.06610530,281.16689324,282.91049194,282.91049194,36949100
2020-10-15,278.20269706,281.60271674,277.56336979,281.01184082,281.01184082,42514200
2020-10-16,282.65852882,284.08247810,279.12288130,279.47161865,279.47161865,40570700
2020-10-19,281.38963081,282.34863657,273.93087120,274.90921021,274.90921021,36756800
2020-10-20,275.64535595,278.60949049,274.08580792,275.50006104,275.50006104,32195400
2020-10-21,275.75196066,278.31893638,274.80265115,275.28698730,275.28698730,29306100
2020-10-22,276.12011471,277.02100270,272.02264850,275.27737427,275.27737427,32196200
2020-10-23,275.84885269,275.98448103,272.95253143,275.81979370,275.81979370,24658500
2020-10-26,273.53366971,276.36217607,268.08973649,271.68350220,271.68350220,38421100
2020-10-27,272.68126816,274.62830906,271.42200592,273.80493164,273.80493164,30559100
2020-10-28,269.30059529,269.91086356,262.87829321,263.13015747,263.13015747,53413500
2020-10-29,264.44766101,270.73433771,263.98268745,267.73147583,267.73147583,43246300
2020-10-30,265.74552373,266.61732278,258.70328759,260.94091797,260.94091797,65838300
2020-11-02,263.33350676,264.95117255,258.60638235,261.52209473,261.52209473,39987400
2020-11-03,263.44013681,268.14790003,262.35522845,266.04586792,266.04586792,43604100
2020-11-04,274.70581436,279.72353052,273.03969658,277.92181396,277.92181396,75728200
2020-11-05,284.33434598,286.13609162,282.85227872,285.16741943,285.16741943,52054200
2020-11-06,284.50878540,286.10708908,280.75033145,285.38058472,285.38058472,40959800
2020-11-09,288.32536486,289.76870699,279.09391708,279.54919434,279.54919434,86537100
2020-11-10,276.23628365,277.67959587,271.82880709,274.54110718,274.54110718,69024900
2020-11-11,277.06927655,281.15707395,274.50230142,280.68243408,280.68243408,36102900
2020-11-12,281.65113299,282.92009118,278.25108417,279.36505127,279.36505127,34414600
2020-11-13,281.07959469,282.43572971,278.85163114,281.81576538,281.81576538,24806900
2020-11-16,281.51545807,284.31493440,280.90518997,284.01464844,284.01464844,30168400
2020-11-17,284.20843495,284.53777997,282.47450333,283.11383057,283.11383057,21843500
2020-11-18,282.56176059,284.17942700,280.93436844,281.02154541,281.02154541,28069600
2020-11-19,280.46937230,283.53038016,279.80098608,283.22039795,283.22039795,22718400
2020-11-20,283.14294613,283.88884284,281.19593460,281.28311157,281.28311157,25907300
2020-11-23,282.28079020,283.57880750,279.04542836,281.29275513,281.29275513,26875600
2020-11-24,282.35824977,285.73893585,280.55653367,285.24490356,285.24490356,24516800
2020-11-25,286.31045048,287.63752667,285.36114107,286.99819946,286.99819946,23326800
2020-11-27,288.96461779,290.76636356,288.56745862,289.64270020,289.64270020,17163100
2020-11-30,289.96229351,290.57256164,285.54515124,290.23352051,290.23352051,27836200
2020-12-01,292.50996537,295.58066946,291.40566480,293.95327759,293.95327759,27521300
2020-12-02,292.78117325,294.67009587,290.94070198,294.33105469,294.33105469,23620000
2020-12-03,294.64101885,296.29743994,294.02105449,294.74755859,294.74755859,22828700
2020-12-04,294.79597775,296.09402442,294.11792499,295.94869995,295.94869995,19332100
2020-12-07,296.13274836,297.99261186,295.94869829,297.62451172,297.62451172,20851000
2020-12-08,297.14992110,298.93227457,295.39662662,298.63198853,298.63198853,18341500
2020-12-09,298.41893232,298.69982605,290.80515140,291.87069702,291.87069702,48839300
2020-12-10,289.83651231,294.16647989,288.75160376,293.04281616,293.04281616,27519500
2020-12-11,291.38637116,292.51973098,289.11968106,292.39379883,292.39379883,26760400
2020-12-14,293.58519002,296.46214796,293.51740542,294.51513672,294.51513672,28804800
2020-12-15,296.77216895,297.66336060,294.58295979,297.66336060,297.66336060,25709000
2020-12-16,298.06045474,300.08497614,297.01427219,299.30035400,299.30035400,25461900
2020-12-17,300.89864558,301.48952143,299.69750153,301.25704956,301.25704956,23730500
2020-12-18,301.89643935,302.20642161,297.97329845,300.34655762,300.34655762,41173400
2020-12-21,297.39739347,300.31839159,294.62198326,299.78466797,299.78466797,37095500
2020-12-22,300.68712745,301.52168133,297.77584339,300.59979248,300.59979248,26176300
2020-12-23,300.64837380,301.00742752,298.93072646,299.08599854,299.08599854,21201300
2020-12-24,299.34799850,300.85215041,299.27037727,300.40576172,300.40576172,16785000
2020-12-28,303.01616420,303.90897105,301.18204094,303.43344116,303.43344116,22497700
2020-12-29,304.76296338,305.38405164,302.80270908,303.70520020,303.70520020,25871900
2020-12-30,304.86971667,305.18994494,303.09381654,303.71490479,303.71490479,18138100
2020-12-31,303.61789034,304.94737234,302.54072917,304.46215820,304.46215820,21611400
2021-01-04,305.79158765,305.96628722,296.15524362,300.16311646,300.16311646,45305900
2021-01-05,299.17331965,302.90947416,299.17331965,302.63772583,302.63772583,29323400
2021-01-06,297.92142562,302.65711947,296.93159963,298.44546509,298.44546509,52809600
2021-01-07,301.10438208,306.49995909,301.07527042,305.66540527,305.66540527,30394800
2021-01-08,307.95564676,309.94504212,305.76246980,309.59567261,309.59567261,33955800
2021-01-11,306.63581337,307.81002282,304.47174853,305.12194824,305.12194824,32746400
2021-01-12,305.16085074,306.24772561,301.99727487,304.63684082,304.63684082,29266800
2021-01-13,304.89882431,307.48985089,304.29716359,306.69412231,306.69412231,22898400
2021-01-14,307.14043017,308.13996973,304.57848630,305.05401611,305.05401611,23500100
2021-01-15,304.84061681,305.80133126,301.39557891,302.63772583,302.63772583,35118700
2021-01-19,304.95706366,307.55780414,303.86047505,307.05319214,307.05319214,24537000
2021-01-20,310.67286648,315.13681205,307.15020773,314.19549561,314.19549561,30728100
2021-01-21,315.53465274,317.45611081,314.15666159,316.70886230,316.70886230,25130600
2021-01-22,315.67056202,316.80594630,315.10769714,315.79672241,315.79672241,21609400
2021-01-25,319.18358700,320.55189450,311.90537449,318.40722656,318.40722656,39080600
2021-01-26,319.12530664,320.00839982,317.54350400,318.87298584,318.87298584,25498100
2021-01-27,316.61189704,316.62158118,307.97506283,309.98385620,309.98385620,55264000
2021-01-28,311.18715985,316.76712085,310.56607172,311.81793213,311.81793213,42836300
2021-01-29,310.12935013,311.23565220,303.51105404,305.25781250,305.25781250,55259000
2021-02-01,308.70283460,313.97228111,306.67464365,312.88540649,312.88540649,35646000
2021-02-02,315.85488352,319.14461870,315.68989774,317.98980713,317.98980713,33930800
2021-02-03,320.06654592,320.43531327,316.67004818,316.72827148,316.72827148,24824500
2021-02-04,318.12576260,320.56151711,316.80596491,320.47418213,320.47418213,22350900
2021-02-05,321.42516012,322.57025804,319.78513445,321.56100464,321.56100464,22732000
2021-02-08,323.24963701,323.87069565,321.60961099,323.71542358,323.71542358,20462800
2021-02-09,322.78385709,324.90909744,322.77414333,323.64755249,323.64755249,17597500
2021-02-10,325.08378421,325.53988672,319.75614204,322.91003418,322.91003418,28068700
2021-02-11,324.44324500,325.09344492,322.29860699,324.68585205,324.68585205,22046100
2021-02-12,323.84155616,326.66550551,322.79350683,326.50054932,326.50054932,20346800
2021-02-16,327.29631454,328.18912153,324.45296697,325.61749268,325.61749268,27080800
2021-02-17,322.63823695,325.73390501,320.40626413,324.05505371,324.05505371,31360300
2021-02-18,320.46449507,323.99683810,318.64976958,322.63824463,322.63824463,32236200
2021-02-19,323.98709118,324.11325156,320.21214151,321.23107910,321.23107910,39157700
2021-02-22,316.84475110,318.10629569,312.70103408,312.90481567,312.90481567,47256900
2021-02-23,307.62561726,313.64228156,301.80305037,311.97314453,311.97314453,97241900
2021-02-24,309.31420922,314.85537439,306.61642058,314.54483032,314.54483032,58206300
2021-02-25,311.88580775,314.44772176,302.03594179,303.57891846,303.57891846,110182600
2021-02-26,306.50979648,309.67337272,301.68676646,304.85037231,304.85037231,104739800
2021-03-01,309.82849643,314.36040763,308.53784039,314.02075195,314.02075195,49164500
2021-03-02,314.66132451,314.73894573,308.73202279,308.98431396,308.98431396,48370000
2021-03-03,307.88770509,308.82902151,299.95932429,300.01754761,300.01754761,86301100
2021-03-04,299.64880492,302.81241018,291.23517977,295.10720825,295.10720825,139131600
2021-03-05,297.72731780,300.45421829,288.65383910,299.55172729,299.55172729,121523700
2021-03-08,299.00825339,300.89088597,290.65288300,291.07015991,291.07015991,88409800
2021-03-09,298.37752508,304.45241438,297.84380147,302.55035400,302.55035400,80391100
2021-03-10,306.81059700,307.11142739,300.99774130,301.68673706,301.68673706,76798100
2021-03-11,306.43208838,310.40113599,305.53931106,308.63497925,308.63497925,53484800
2021-03-12,304.57856514,308.81936103,302.18163604,306.13125610,306.13125610,69315600
2021-03-15,306.45144023,309.56650555,304.81141468,309.40151978,309.40151978,42955700
2021-03-16,311.59475080,314.61279755,309.66360838,311.09982300,311.09982300,54925900
2021-03-17,308.06238098,314.27311427,306.34470447,312.38076782,312.38076782,78258700
2021-03-18,307.49950140,308.47964312,302.35624509,302.81234741,302.81234741,82718100
2021-03-19,302.64738972,305.42282933,300.50275204,303.87985229,303.87985229,78446200
2021-03-22,306.27487541,311.64811780,306.27487541,309.57849121,309.57849121,56194800
2021-03-23,310.66682641,311.98826112,307.41178082,308.22796631,308.22796631,53455400
2021-03-24,309.59802102,309.63689547,302.88389044,303.02963257,303.02963257,64803700
2021-03-25,301.18353939,304.02078162,298.67668555,302.50497437,302.50497437,78729000
2021-03-26,302.29120120,307.36323525,300.89204700,307.04260254,307.04260254,63519600
2021-03-29,306.50818674,308.00451216,303.61264789,306.95513916,306.95513916,54608000
2021-03-30,304.99238281,305.98345887,302.70899077,305.41018677,305.41018677,44635700
2021-03-31,307.19804952,311.64821059,306.85796478,310.08386230,310.08386230,55032500
2021-04-01,313.91208769,315.50558393,313.65944831,315.36956787,315.36956787,55685600
2021-04-05,317.85708858,322.43356934,317.61417515,321.66595459,321.66595459,42172500
2021-04-06,321.35505960,323.39550878,320.66516408,321.44250488,321.44250488,33537200
2021-04-07,320.96634605,323.05542518,320.03356682,322.21978760,322.21978760,32046400
2021-04-08,325.07653774,325.76640373,324.27977440,325.58178711,325.58178711,29940800
2021-04-09,324.22137338,327.75820679,323.48293679,327.55413818,327.55413818,36664900
2021-04-12,326.51456233,327.54451302,325.24169818,327.12670898,327.12670898,25833000
2021-04-13,328.65219396,331.41168738,328.43842892,330.94531250,330.94531250,30374000
2021-04-14,331.18813393,331.31445365,326.15497543,326.97116089,326.97116089,42564300
2021-04-15,329.84728173,332.31529043,326.68940722,331.92660522,331.92660522,36342800
2021-04-16,332.45129319,332.52904209,330.43996300,332.31527710,332.31527710,40860100
2021-04-19,330.74122394,331.89746459,327.35013229,329.27401733,329.27401733,34533100
2021-04-20,328.61326118,329.89582140,324.90153729,326.87399292,326.87399292,38081800
2021-04-21,325.59143638,329.85701037,324.50318897,329.67239380,329.67239380,36598100
2021-04-22,329.28379999,330.26515025,324.54212428,325.69839478,325.69839478,45936100
2021-04-23,326.32989529,331.11041480,326.32989529,329.79870605,329.79870605,36381900
2021-04-26,330.04158171,332.22780224,329.29338948,331.94601440,331.94601440,30812000
2021-04-27,332.23756866,332.45133368,329.55582440,330.50802612,330.50802612,33187200
2021-04-28,330.17763158,331.18815970,328.73957348,329.39059448,329.39059448,33615700
2021-04-29,332.66513021,333.08293426,327.35018236,330.57608032,330.57608032,37708900
2021-04-30,328.12748249,330.61491371,327.49588383,328.40924072,328.40924072,38263400
2021-05-03,329.61414483,330.36230762,326.21335637,326.66030884,326.66030884,29729700
2021-05-04,324.10486954,324.42553193,316.96320751,320.78182983,320.78182983,65147000
2021-05-05,322.83194266,323.69672869,318.92590545,319.70321655,319.70321655,46219300
2021-05-06,319.44092800,322.26844425,317.19640998,322.11297607,322.11297607,46814300
2021-05-07,324.89178803,327.10715691,322.28776367,324.72662354,324.72662354,53324500
2021-05-10,323.34693870,323.52182926,316.32187130,316.52593994,316.52593994,60700500
2021-05-11,310.63772069,316.88544729,309.97697359,316.08868408,316.08868408,71963600
2021-05-12,311.15276088,313.47499845,307.04265392,307.90744019,307.90744019,91164900
2021-05-13,310.85147861,313.26116091,307.91706533,310.28790283,310.28790283,69877800
2021-05-14,313.45557623,318.05148053,312.95029719,317.13815308,317.13815308,44370000
2021-05-17,315.42793736,317.11860526,312.33808579,315.21417236,315.21417236,39395000
2021-05-18,316.16639782,317.39066126,312.81418084,313.08624268,313.08624268,36528500
2021-05-19,307.68384086,313.74695000,307.33403013,313.44573975,313.44573975,66319100
2021-05-20,314.93246004,320.36400183,314.70899862,319.50894165,319.50894165,46466100
2021-05-21,321.06351749,321.48132145,317.38097140,317.74047852,317.74047852,50330400
2021-05-24,320.03355752,324.21168600,317.63357182,323.08456421,323.08456421,32475800
2021-05-25,324.60038025,325.31939454,322.35586242,323.53155518,323.53155518,31280300
2021-05-26,324.20198246,325.12503569,323.51211662,324.65866089,324.65866089,25444900
2021-05-27,324.21173712,325.05707118,323.24008332,323.44412231,323.44412231,27931700
2021-05-28,324.64897207,326.05788198,324.14372275,324.46435547,324.46435547,29927400
2021-06-01,325.79545476,326.27158521,322.03515991,323.38577271,323.38577271,31145400
2021-06-02,323.80359950,324.86269849,322.29754811,324.01736450,324.01736450,22047900
2021-06-03,321.18014968,322.45301378,318.97450624,320.64575195,320.64575195,37057800
2021-06-04,322.44330404,326.53395804,322.37528116,326.08700562,326.08700562,38736500
2021-06-07,325.55263445,327.11701268,324.86276847,327.05871582,327.05871582,32611900
2021-06-08,328.80757732,329.67236327,325.53310938,327.21408081,327.21408081,27282800
2021-06-09,328.58424758,329.36155893,327.10731452,327.29193115,327.29193115,21485300
2021-06-10,327.63202333,330.80932132,327.18507078,330.70245361,330.70245361,33702100
2021-06-11,330.71210901,331.57689522,330.06111750,331.56716919,331.56716919,21222800
2021-06-14,331.99464906,334.75414217,330.80923029,334.74444580,334.74444580,27827700
2021-06-15,334.39463774,334.70557406,331.83918359,332.55822754,332.55822754,35963800
2021-06-16,333.02453913,334.09336400,327.88451303,331.34359741,331.34359741,55399500
2021-06-17,330.33309737,336.56140092,330.28452655,335.55087280,335.55087280,59722700
2021-06-18,333.88937835,335.03592264,332.16953225,332.91772461,332.91772461,55414900
2021-06-21,333.10938674,335.30788127,330.89144727,334.98684692,334.98684692,32992600
2021-06-22,334.78257301,338.55696802,334.48101328,338.10949707,338.10949707,28941600
2021-06-23,338.05118168,339.42280664,337.43832482,338.27490234,338.27490234,27188500
2021-06-24,340.21074550,341.89363781,339.66599046,340.36639404,340.36639404,32581600
2021-06-25,340.93048563,341.17368083,339.34484819,339.94796753,339.94796753,28682800
2021-06-28,341.23203488,344.21847895,341.17367041,344.08227539,344.08227539,39130300
2021-06-29,343.90720193,345.35663585,343.07062467,345.32745361,345.32745361,29426000
2021-06-30,345.17185180,345.56098793,344.19907085,344.78274536,344.78274536,32724000
2021-07-01,344.43258532,345.42481128,343.08040544,344.91897583,344.91897583,29290000
2021-07-02,346.81582294,349.19914793,346.58236503,348.87814331,348.87814331,32727200
2021-07-06,349.48130713,350.66810113,346.78668480,350.38598633,350.38598633,38842400
2021-07-07,352.58435406,352.88591369,349.16988452,351.12518311,351.12518311,35265200
2021-07-08,346.05702257,349.86059895,344.77297451,349.00454712,349.00454712,50890000
2021-07-09,348.42096049,351.66030794,347.83728599,351.18365479,351.18365479,35184500
2021-07-12,352.58441905,353.01244499,351.00848919,352.55523682,352.55523682,25717700
2021-07-13,352.17583805,355.52220643,351.69918495,352.55523682,352.55523682,39723000
2021-07-14,354.89960453,355.54164342,352.36066090,353.18753052,353.18753052,35336400
2021-07-15,353.10003268,353.30430836,348.70304387,350.70697021,350.70697021,53391600
2021-07-16,351.56301062,352.54552882,347.51623852,347.86645508,347.86645508,47262000
2021-07-19,344.41305576,345.51230289,342.45778639,345.01620483,345.01620483,64404600
2021-07-20,345.95011732,350.47354310,344.16991143,349.02410889,349.02410889,42183700
2021-07-21,348.59610058,351.71871948,348.37235024,351.71871948,351.71871948,30259900
2021-07-22,351.92298543,354.05337828,351.92298543,354.04367065,354.04367065,30252200
2021-07-23,355.36662716,358.46006363,354.01447699,358.17797852,358.17797852,31960800
2021-07-26,357.48724108,358.84915808,356.62148152,358.46002197,358.46002197,28438100
2021-07-27,358.19734557,358.19734557,350.35673474,354.51049805,354.51049805,57933100
2021-07-28,355.64868541,357.44833592,353.35290716,355.87240601,355.87240601,42066200
2021-07-29,355.30822953,357.67208003,355.30822953,356.50476074,356.50476074,25672500
2021-07-30,352.57470051,355.23040297,352.54551828,354.64672852,354.64672852,36484600
2021-08-02,356.31022934,356.89390388,353.96582353,354.67596436,354.67596436,27334100
2021-08-03,355.33736071,356.94244305,352.14664095,356.82571411,356.82571411,35558500
2021-08-04,356.78687733,358.29470570,355.67792243,357.34136963,357.34136963,29602200
2021-08-05,358.15847690,359.84139860,357.44836581,359.60794067,359.60794067,21443900
2021-08-06,358.34324888,359.31602965,356.92299726,358.03195190,358.03195190,33332100
2021-08-09,358.48920660,359.21879227,357.38998912,358.69351196,358.69351196,25960200
2021-08-10,359.20906213,359.50088450,355.66812562,356.85491943,356.85491943,35130800
2021-08-11,358.11955503,358.61565307,354.90936042,356.24206543,356.24206543,34249800
2021-08-12,355.73620995,357.88604719,354.38403040,357.52612305,357.52612305,25969200
2021-08-13,357.87638776,359.11180885,357.38025999,358.78106689,358.78106689,19336200
2021-08-16,357.66236594,358.97559640,353.80042459,358.93670654,358.93670654,34856900
2021-08-17,356.18369781,357.15647865,353.34319439,355.77514648,355.77514648,44793900
2021-08-18,355.24008176,356.64088848,352.02017972,352.35092163,352.35092163,38541900
2021-08-19,350.41509308,355.72646782,350.16216058,354.05328369,354.05328369,48499400
2021-08-20,355.12336526,358.11954683,354.81206827,357.72070312,357.72070312,39486000
2021-08-23,358.76151228,363.76161936,358.75180466,363.07095337,363.07095337,34034700
2021-08-24,363.66441997,364.78311210,363.19747443,364.17999268,364.17999268,21732900
2021-08-25,364.43287997,365.17220289,363.68381975,364.59823608,364.59823608,20441900
2021-08-26,363.74225243,364.42318125,361.84531777,362.28308105,362.28308105,29133300
2021-08-27,362.91540475,366.31040085,362.42901427,365.80456543,365.80456543,27104700
2021-08-30,366.59251184,370.39608897,366.57303722,369.90969849,369.90969849,27295700
2021-08-31,370.15287872,370.22095082,368.06137599,369.60812378,369.60812378,29628200
2021-09-01,370.66841731,372.29294467,370.01664109,370.22091675,370.22091675,28138300
2021-09-02,371.57314114,371.90388310,368.82989173,370.04586792,370.04586792,25453400
2021-09-03,368.89791925,371.58280363,368.87847432,371.18395996,371.18395996,24605400
2021-09-07,371.29097041,372.36103523,370.13335888,371.70925903,371.70925903,23970200
2021-09-08,371.53421949,371.53421949,368.14896080,370.41552734,370.41552734,32949200
2021-09-09,370.63923459,371.74818931,368.89794859,369.14114380,369.14114380,29399000
2021-09-10,370.85319420,371.57304242,366.00873567,366.33947754,366.33947754,40249400
2021-09-13,368.67417881,369.10220473,364.03402517,366.08657837,366.08657837,48741800
2021-09-14,367.57492154,368.30450711,364.09237951,365.04571533,365.04571533,41826600
2021-09-15,365.50293676,368.10998215,363.20715865,367.75976562,367.75976562,34097900
2021-09-16,366.42705789,368.58663241,364.50097094,368.01269531,368.01269531,35193100
2021-09-17,367.53607898,367.58470615,362.61381011,363.65466309,363.65466309,60912300
2021-09-20,357.85432246,359.59753890,351.49502256,356.14035034,356.14035034,76203200
2021-09-21,357.97125573,359.16911359,355.44896323,356.57864380,356.57864380,41927500
2021-09-22,357.49402830,361.36999924,356.39356247,359.90921021,359.90921021,46972900
2021-09-23,361.06810307,364.26236056,360.42535233,363.23007202,363.23007202,44652000
2021-09-24,360.96098675,363.98970499,360.59091541,363.57092285,363.57092285,36056800
2021-09-27,360.52275028,361.54529073,358.11731645,360.66882324,360.66882324,43338100
2021-09-28,356.11117076,360.62011470,349.95637238,350.46276855,350.46276855,97701600
2021-09-29,351.72876134,353.87123388,349.26489861,349.88815308,349.88815308,58076600
2021-09-30,351.53401786,353.19930906,347.76518686,348.60269165,348.60269165,61384600
2021-10-01,349.22596376,351.80668506,345.11627618,350.76464844,350.76464844,56375500
2021-10-04,349.14810905,349.47921773,341.16247871,343.40234375,343.40234375,76766000
2021-10-05,344.46376508,350.28745440,344.23979647,348.03784180,348.03784180,47232900
2021-10-06,344.82410545,350.54068480,343.91842339,350.26800537,350.26800537,56806500
2021-10-07,353.31618131,356.13064927,352.78057053,353.48175049,353.48175049,39411200
2021-10-08,354.56276943,354.79651593,351.18347563,351.71911621,351.71911621,41822300
2021-10-11,350.18034972,353.70574571,348.93381088,349.02148438,349.02148438,34847200
2021-10-12,350.47253401,350.91075292,347.16141792,347.80416870,347.80416870,43905100
2021-10-13,350.11220439,351.26135135,348.08656018,350.58938599,350.58938599,40120800
2021-10-14,354.18293249,357.26033180,353.52071522,357.04608154,357.04608154,43433900
2021-10-15,358.26342667,359.41257371,357.23113801,359.29571533,359.29571533,40419900
2021-10-18,358.00037161,363.12288059,357.39658365,362.90863037,362.90863037,34513500
2021-10-19,363.97995938,365.70367986,362.95741888,365.65499878,365.65499878,29091000
2021-10-20,366.11275327,366.72628953,363.69757094,365.17785645,365.17785645,31390300
2021-10-21,364.37927024,367.60274277,364.07737617,367.40795898,367.40795898,25469300
2021-10-22,366.15172252,367.11583396,362.65557032,364.32086182,364.32086182,36275800
2021-10-25,365.74258694,368.96605876,363.79486839,368.05062866,368.05062866,32597800
2021-10-26,370.29056358,372.70571582,368.03120268,369.20956421,369.20956421,47191300
2021-10-27,369.65755531,373.13424067,369.39462396,370.06658936,370.06658936,45760500
2021-10-28,371.96564967,374.42951303,371.19629234,374.17630005,374.17630005,38007000
2021-10-29,371.09880729,376.18235382,370.74823222,376.01678467,376.01678467,37310100
2021-11-01,376.45502383,377.42888307,374.37098052,377.30227661,377.30227661,30765300
2021-11-02,376.68882113,379.35721622,376.64014005,378.88000488,378.88000488,25135300
2021-11-03,379.36689390,383.32076044,378.32488699,382.90200806,382.90200806,33748900
2021-11-04,384.16807798,388.76469567,383.62271908,387.81030273,387.81030273,40265300
2021-11-05,389.58271879,390.50786738,386.77799899,388.18035889,388.18035889,43383800
2021-11-08,388.15109668,389.17363703,387.01166826,387.65441895,387.65441895,29256300
2021-11-09,388.72566949,389.12495536,383.62265643,384.98605347,384.98605347,50490700
2021-11-10,382.21061857,385.02505692,377.39975052,379.32800293,379.32800293,54937400
2021-11-11,382.30801316,382.48330073,380.03890399,380.37976074,380.37976074,32243000
2021-11-12,381.52886325,384.91790445,379.93174938,384.38229370,384.38229370,34730600
2021-11-15,385.56062104,385.88198152,381.85021966,384.29458618,384.29458618,33716900
2021-11-16,383.56428289,387.52789813,383.36952882,387.03125000,387.03125000,27872900
2021-11-17,387.35254562,389.27104967,386.27157604,387.23568726,387.23568726,28703300
2021-11-18,389.28080069,391.75438199,387.06040261,391.24798584,391.24798584,45721500
2021-11-19,392.88408448,394.70519678,392.05629806,393.42944336,393.42944336,45191700
2021-11-22,394.96814723,398.02605016,388.75491977,388.86203003,388.86203003,61715400
2021-11-23,387.70313656,389.76774337,382.64883381,387.08963013,387.08963013,70098700
2021-11-24,384.60619284,388.61848785,382.27868489,388.33609009,388.33609009,46954400
2021-11-26,385.75547040,387.14811207,379.58120477,380.97384644,380.97384644,51533300
2021-11-29,385.54125856,390.25473506,384.81086393,389.24191284,389.24191284,54447100
2021-11-30,388.35560226,390.70260669,381.50937271,383.52526855,383.52526855,81332700
2021-12-01,387.86870117,390.01120363,376.53299378,377.00042725,377.00042725,77766500
2021-12-02,375.71495163,381.49967896,374.29312521,379.71752930,379.71752930,84416600
2021-12-03,381.08090863,382.08398259,368.99531025,373.11474609,373.11474609,105349100
2021-12-06,373.60166653,377.46788933,369.38483891,376.10449219,376.10449219,67588800
2021-12-07,382.75605807,388.04410885,382.71709536,387.43057251,387.43057251,56005300
2021-12-08,387.76157983,389.36844177,385.86254226,389.16390991,389.16390991,39204000
2021-12-09,387.93690891,389.73855479,383.24289933,383.43768311,383.43768311,49973700
2021-12-10,386.25200391,387.86861364,383.07721364,387.60568237,387.60568237,52545800
2021-12-13,387.59598512,387.91734560,381.63597121,382.00604248,382.00604248,50166400
2021-12-14,377.17574882,379.89282498,373.60170132,378.05224609,378.05224609,75199200
2021-12-15,377.79896330,387.03115978,373.84509709,386.67080688,386.67080688,73858000
2021-12-16,387.63495805,388.06345851,375.14032678,376.72772217,376.72772217,82591400
2021-12-17,373.30949115,379.01632239,371.79027295,374.84820557,374.84820557,80492500
2021-12-20,370.11992532,372.00186734,368.07220267,371.21203613,371.21203613,65336800
2021-12-21,374.48836152,379.83193762,370.73423811,379.51989746,379.51989746,48899500
2021-12-22,379.22743867,384.34673114,378.56437555,384.14196777,384.14196777,37042200
2021-12-23,384.49298975,388.51041069,384.32723885,387.03802490,387.03802490,29595500
2021-12-27,388.33486126,393.43466187,388.30560935,393.43466187,393.43466187,32820700
2021-12-28,394.33175248,394.50726393,390.73361907,391.61120605,391.61120605,33113700
2021-12-29,391.74770588,393.01532812,389.17341918,391.55267334,391.55267334,32248500
2021-12-30,391.33821163,393.52246335,389.79756144,390.38262939,390.38262939,23850100
2021-12-31,389.70975868,391.07489724,387.44751205,387.94482422,387.94482422,34752900
2022-01-03,389.11494752,391.93301025,386.99899009,391.67947388,391.67947388,40575900
2022-01-04,392.22557903,392.26459149,383.49842152,386.59924316,386.59924316,58027200
2022-01-05,384.91228525,386.03367791,374.46893675,374.72247314,374.72247314,75739800
2022-01-06,372.89899558,377.70624743,370.66600082,374.45913696,374.45913696,70814300
2022-01-07,374.46890365,376.15584300,368.62804464,370.40270996,370.40270996,72652300
2022-01-10,365.48814939,371.16325655,360.11532181,370.64642334,370.64642334,91770500
2022-01-11,369.91510683,376.38004530,367.82840162,376.21429443,376.21429443,68295700
2022-01-12,378.78861869,380.48531866,375.42453016,377.70626831,377.70626831,54576400
2022-01-13,379.09089045,379.77347465,367.32141651,368.25750732,368.25750732,77994000
2022-01-14,365.73190823,370.88045114,365.52711516,370.54891968,370.54891968,80121200
2022-01-18,364.72759314,366.85331088,360.56388362,361.32446289,361.32446289,75450900
2022-01-19,362.88462251,365.36139278,357.09250755,357.35580444,357.35580444,81791500
2022-01-20,360.58341479,364.56182269,352.17803010,352.71432495,352.71432495,88610700
2022-01-21,350.52032213,353.16284327,342.65123276,342.93402100,342.93402100,143388900
2022-01-24,337.29793984,345.16702954,325.83071708,344.50393677,344.50393677,198685800
2022-01-25,338.03904116,342.29047685,333.17325593,336.51785278,336.51785278,124398400
2022-01-26,344.12365926,347.99481999,332.29565319,335.99130249,335.99130249,146559500
2022-01-27,340.70107218,342.52451051,331.58385078,332.60772705,332.60772705,95255700
2022-01-28,334.48964602,343.25581418,329.53613491,343.04129028,343.04129028,108167900
2022-01-31,344.40645737,354.59626781,342.76826140,354.01119995,354.01119995,94326400
2022-02-01,355.35684934,357.07304048,350.19857488,356.41970825,356.41970825,74433000
2022-02-02,360.55416548,360.88569699,355.22034983,359.31576538,359.31576538,78777100
2022-02-03,349.60370470,352.91904920,343.68482188,344.74768066,344.74768066,95384800
2022-02-04,345.26453197,352.40229462,343.20707848,349.09671021,349.09671021,86318300
2022-02-07,349.69149163,352.06098518,345.03049970,346.28839111,346.28839111,58198100
2022-02-08,345.14754077,351.27118804,344.01641742,350.17907715,350.17907715,64720900
2022-02-09,354.70361220,357.67766559,353.10442839,357.59967041,357.59967041,55766400
2022-02-10,350.56911509,357.36558604,347.66332641,349.50625610,349.50625610,112468500
2022-02-11,349.50623006,351.10541358,337.19067198,338.41931152,338.41931152,101569100
2022-02-14,337.86348935,342.24172284,335.32824491,338.83859253,338.83859253,80254400
2022-02-15,344.12368569,347.49753454,343.06082673,347.26351929,347.26351929,55128800
2022-02-16,345.01099012,348.19956658,341.97840397,347.17572021,347.17572021,58947100
2022-02-17,343.95790747,344.65998299,336.43010926,336.84942627,336.84942627,61801400
2022-02-18,337.78544520,338.17548046,330.69645686,333.00744629,333.00744629,80001500
2022-02-22,330.06275986,335.47460190,326.02584702,329.66296387,329.66296387,85967100
2022-02-23,332.82225949,333.66083402,320.90649618,321.21853638,321.21853638,86215400
2022-02-24,310.90192871,332.54923360,310.33638189,332.01290894,332.01290894,130614100
2022-02-25,332.81245573,337.36620056,328.99006802,337.16140747,337.16140747,78842100
2022-02-28,333.98260026,339.86247126,332.82222509,338.16577148,338.16577148,77515500
2022-03-01,337.14198695,339.41396469,330.46252298,332.98803711,332.98803711,67407000
2022-03-02,334.53837605,339.91120394,331.76908667,338.57531738,338.57531738,70609000
2022-03-03,341.21782424,341.32510106,331.87634954,333.73880005,333.73880005,71089400
2022-03-04,331.37902232,332.81242501,326.58153190,328.90225220,328.90225220,76936300
2022-03-07,328.89252657,330.05290162,316.56720934,316.77197266,316.77197266,89933800
2022-03-08,315.98217596,324.91412473,311.97451614,315.29962158,315.29962158,116153900
2022-03-09,323.49045573,328.00518788,320.89667789,326.64978027,326.64978027,64723400
2022-03-10,322.58371278,324.23163990,318.57602235,323.02249146,323.02249146,69362700
2022-03-11,325.99649215,326.30853230,315.83590424,316.32345581,316.32345581,66228400
2022-03-14,315.08513069,318.45897974,309.54655115,310.24862671,310.24862671,79802600
2022-03-15,312.89114298,320.76023353,311.28222853,319.98013306,319.98013306,76471000
2022-03-16,323.90008189,331.96417561,320.22392334,331.84716797,331.84716797,105243000
2022-03-17,329.94564919,335.92303628,328.64877509,335.86453247,335.86453247,67810000
2022-03-18,334.20689044,343.03159303,333.04651515,342.73904419,342.73904419,85446300
2022-03-21,341.90340647,344.12938968,337.39283409,341.78622437,341.78622437,73799100
2022-03-22,342.28412164,349.37213354,341.90337667,348.50320435,348.50320435,63345900
2022-03-23,345.62309634,349.18661759,343.43614431,343.49472046,343.49472046,70615500
2022-03-24,345.41801308,351.17825836,343.26037915,351.12942505,351.12942505,53555300
2022-03-25,351.07079134,352.12522127,346.53096249,350.83648682,350.83648682,57584200
2022-03-28,350.82678462,356.36246838,349.58688323,356.26483154,356.26483154,56833900
2022-03-29,360.16030169,363.02087925,357.38758834,362.39605713,362.39605713,68073000
2022-03-30,360.53124570,362.19098227,356.90914907,358.39312744,358.39312744,68757700
2022-03-31,358.53959118,358.89107780,353.11131729,353.95095825,353.95095825,67011400
2022-04-01,354.21456125,354.99559630,350.09453730,353.27731323,353.27731323,54527800
2022-04-04,354.11694064,360.56058439,353.85334800,360.55081177,360.55081177,45950200
2022-04-05,359.09615961,359.80887580,351.40284102,352.54513550,352.54513550,62738700
2022-04-06,347.22417032,348.32740388,342.25476280,344.89080811,344.89080811,90077100
2022-04-07,343.89495736,347.90760150,340.42907349,345.71090698,345.71090698,63777400
2022-04-08,343.97311629,344.72486332,340.24360960,340.87820435,340.87820435,61956100
2022-04-11,336.64104829,337.55878098,332.47222027,332.81393433,332.81393433,66107400
2022-04-12,337.56849482,339.45276340,330.03139070,331.40798950,331.40798950,72790200
2022-04-13,331.74972120,339.19896217,331.02726221,338.14456177,338.14456177,61367800
2022-04-14,338.23247568,338.74991824,330.19744228,330.41223145,330.41223145,73519400
2022-04-18,329.35770467,332.96028571,327.83466567,330.66595459,330.66595459,58560600
2022-04-19,330.02157997,338.63262858,328.99646790,338.05661011,338.05661011,56515700
2022-04-20,338.86701268,339.32587900,331.90592627,333.12631226,333.12631226,65500000
2022-04-21,337.01194453,339.62844424,325.30601476,326.23348999,326.23348999,75801000
2022-04-22,326.38974000,327.61012580,317.26124823,317.69082642,317.69082642,82562100
2022-04-25,316.06043780,322.08424601,314.79121857,321.77182007,321.77182007,101755900
2022-04-26,319.71181219,319.89731323,309.35316136,309.62655640,309.62655640,105819600
2022-04-27,309.72416331,315.23055869,307.53724135,309.25555420,309.25555420,111204200
2022-04-28,314.22497868,322.07450942,309.99754509,320.23904419,320.23904419,99450000
2022-04-29,316.03107975,319.47744763,305.19404922,305.82864380,305.82864380,91977900
2022-05-02,305.41861633,311.16908847,302.31396203,310.93478394,310.93478394,115511800
2022-05-03,310.95432821,313.56108561,308.49404095,311.26675415,311.26675415,78185500
2022-05-04,311.74518565,322.46506786,306.45360821,321.79141235,321.79141235,116083400
2022-05-05,317.46631532,317.54440690,302.28469705,305.58462524,305.58462524,154607400
2022-05-06,303.58322929,307.62513217,297.88155975,301.92349243,301.92349243,139572800
2022-05-09,296.29018899,302.02111656,288.71402358,290.11013794,290.11013794,113387300
2022-05-10,297.29573975,298.51612549,289.54384712,293.63458252,293.63458252,124124600
2022-05-11,291.36948374,296.88562029,284.05694329,284.92584229,284.92584229,140326100
2022-05-12,280.64002455,288.74337706,278.18947951,284.25234985,284.25234985,120910900
2022-05-13,288.71401030,295.82153645,287.11284973,294.78665161,294.78665161,83684900
2022-05-16,293.03907808,295.09910513,290.09063625,291.36959839,291.36959839,59190400
2022-05-17,297.23719074,299.29718776,293.42956304,298.91644287,298.91644287,62715300
2022-05-18,294.39606428,295.08923495,282.98301589,284.24246216,284.24246216,79477100
2022-05-19,282.43637433,287.41555505,280.76686487,282.71948242,282.71948242,79920700
2022-05-20,286.18537545,286.83948560,273.57145387,281.84078979,281.84078979,91764200
2022-05-23,282.88539703,286.90778341,280.48368638,286.52703857,286.52703857,63648400
2022-05-24,281.30386568,282.01655205,275.56316504,280.43493652,280.43493652,73491100
2022-05-25,278.94111910,286.43919172,278.73610264,284.35964966,284.35964966,67144500
2022-05-26,283.55912529,293.79085206,283.27598740,292.23849487,292.23849487,59462200
2022-05-27,295.37248547,301.92350946,295.25533318,301.77706909,301.77706909,66985600
2022-05-31,301.74773263,303.95417000,297.12000920,300.97644043,300.97644043,60968300
2022-06-01,303.11455878,305.24290456,296.53424777,298.75045776,298.75045776,65341700
2022-06-02,297.62772472,307.10767422,296.21206513,306.93194580,306.93194580,59291300
2022-06-03,301.70868029,303.11456722,297.69606579,298.94573975,298.94573975,60914700
2022-06-06,303.38795821,304.95005824,298.37948932,299.94158936,299.94158936,51785000
2022-06-07,296.61237954,303.30987352,295.51891843,302.52880859,302.52880859,44900300
2022-06-08,301.72822324,304.33498085,299.50224037,300.35165405,300.35165405,38342100
2022-06-09,298.66257183,301.72816538,292.14083743,292.30679321,292.30679321,55900500
2022-06-10,286.69305187,287.88414971,281.54791561,281.99700928,281.99700928,85963500
2022-06-13,273.12236921,275.65100527,268.02603642,268.88519287,268.88519287,94442000
2022-06-14,271.08189237,272.05820113,266.86423140,269.37335205,269.37335205,64697500
2022-06-15,272.80019917,280.03462066,270.05674422,276.10009766,276.10009766,86051400
2022-06-16,269.06095913,269.51982550,262.90045252,264.96047974,264.96047974,81910300
2022-06-17,265.73170650,270.62302283,264.10128758,268.18225098,268.18225098,82703400
2022-06-21,272.66920520,277.26668894,272.56161913,274.94836426,274.94836426,51633700
2022-06-22,272.44414953,278.95886698,271.84747084,274.54727173,274.54727173,67472900
2022-06-23,277.03193075,279.48718611,274.19519853,278.63616943,278.63616943,57457800
2022-06-24,281.46309766,288.60387001,281.22834268,288.18322754,288.18322754,58422300
2022-06-27,289.54298204,290.11031664,284.93573552,286.07043457,286.07043457,54151500
2022-06-28,286.60833164,289.20051707,277.16884819,277.35470581,277.35470581,61609800
2022-06-29,277.21777107,279.11545337,274.71361852,277.60903931,277.60903931,57302700
2022-06-30,274.62555033,277.74596414,269.76396771,274.16580200,274.16580200,79313600
2022-07-01,272.86481115,276.36670151,270.98668217,275.97543335,275.97543335,56675100
2022-07-05,272.23877553,280.81745071,270.71280869,280.70007324,280.70007324,61829300
2022-07-06,281.08161837,284.60309226,279.36000229,282.49996948,282.49996948,63194700
2022-07-07,283.31186768,289.24946076,283.31186768,288.54516602,288.54516602,56620100
2022-07-08,285.70838850,290.27652761,284.76933884,288.90707397,288.90707397,59895500
2022-07-11,286.49100082,286.71596440,281.85441067,282.73477173,282.73477173,55273900
2022-07-12,283.98680185,285.90403694,278.40134154,279.99578857,279.99578857,55797100
2022-07-13,274.47890598,281.76637134,273.91154157,279.41873169,279.41873169,73939400
2022-07-14,276.81666751,281.28698181,273.69625381,280.41641235,280.41641235,63741800
2022-07-15,283.40974991,285.61066771,281.79571964,285.50305176,285.50305176,63818100
2022-07-18,288.29083768,289.69942721,281.91307883,283.08688354,283.08688354,59519600
2022-07-19,286.71593944,292.08619817,285.11173074,291.79272461,291.79272461,55172600
2022-07-20,292.21330972,297.60309050,291.43074356,296.41949463,296.41949463,67769400
2022-07-21,296.87925760,300.73331032,294.21859222,300.67462158,300.67462158,55049400
2022-07-22,299.74536757,301.81911600,293.57301962,295.40222168,295.40222168,57127700
2022-07-25,295.43161245,295.90115229,291.71451900,293.71978760,293.71978760,40582400
2022-07-26,292.01771100,292.27204878,287.13657499,287.94845581,287.94845581,50074100
2022-07-27,292.51651600,301.80927557,291.94915185,300.11700439,300.11700439,69304400
2022-07-28,299.90184716,303.62873101,296.14561894,303.05160522,303.05160522,55139900
2022-07-29,304.59729760,309.48822671,303.16912481,308.57849121,308.57849121,57501000
2022-08-01,306.80789179,311.85533281,305.71232875,308.39254761,308.39254761,46358800
2022-08-02,306.09383761,311.60099722,305.03738049,307.47305298,307.47305298,48676500
2022-08-03,309.15546887,316.66795507,309.09678014,315.84628296,315.84628296,53735700
2022-08-04,315.92456618,317.63639078,313.77254618,317.32336426,317.32336426,38973700
2022-08-05,312.22695772,316.76572184,311.44442145,314.73110962,314.73110962,53894000
2022-08-08,315.65068525,319.34822529,312.24658892,313.71386719,313.71386719,43878500
2022-08-09,311.81619136,312.07052915,308.53929371,310.16305542,310.16305542,39764200
2022-08-10,317.50927267,319.11351144,315.03446420,318.82003784,318.82003784,51459600
2022-08-11,321.14808089,323.15334924,316.30605070,317.01034546,317.01034546,45897700
2022-08-12,319.06449633,323.37829739,318.00806926,323.18267822,323.18267822,40928400
2022-08-15,322.23394474,326.29340940,322.21436192,325.79452515,325.79452515,38266600
2022-08-16,324.81623113,327.12476412,321.97949953,325.03143311,325.03143311,41186900
2022-08-17,321.89152204,324.20002558,319.24061774,321.32415771,321.32415771,47842200
2022-08-18,321.27519070,323.28045868,319.66119089,322.09686279,322.09686279,41937200
2022-08-19,319.05477703,319.71014460,315.05397207,315.81695557,315.81695557,51770600
2022-08-22,311.55205176,311.78680671,306.69046910,307.50234985,307.50234985,51098900
2022-08-23,307.26763036,310.08480943,306.49485544,307.24807739,307.24807739,39497100
2022-08-24,306.76870019,309.95759406,306.16223004,308.13818359,308.13818359,38057100
2022-08-25,309.91850474,313.60628326,308.87186893,313.58670044,313.58670044,38098300
2022-08-26,313.29326680,314.49644577,300.64533480,300.73336792,300.73336792,69047700
2022-08-29,297.97485029,300.51813845,296.66408535,297.76943970,297.76943970,48321900
2022-08-30,299.42256787,300.03882947,291.92966385,294.45336914,294.45336914,51184500
2022-08-31,297.35858311,298.25852686,292.63396056,292.74154663,292.74154663,50044000
2022-09-01,290.24715333,293.24039806,286.55940537,292.86868286,292.86868286,57990700
2022-09-02,295.74452865,297.12377345,287.11692747,288.73095703,288.73095703,64666800
2022-09-06,289.21030604,290.12980273,284.52478950,286.65722656,286.65722656,57005400
2022-09-07,287.13660998,293.44588920,286.87248076,292.44815063,292.44815063,49260400
2022-09-08,290.37434024,295.28482017,289.00488665,293.96426392,293.96426392,55649800
2022-09-09,296.22391130,300.88987538,293.96430511,300.39099121,300.39099121,56125200
2022-09-12,301.77017810,304.29388315,301.45715162,303.96130371,303.96130371,45905700
2022-09-13,295.21640078,296.40978840,286.40296886,287.29312134,287.29312134,79562200
2022-09-14,288.43756681,290.45262664,286.66705336,289.57226562,289.57226562,54907200
2022-09-15,287.65499832,290.06132613,283.14554793,284.74978638,284.74978638,65299400
2022-09-16,281.44347300,283.39984359,279.38927792,283.00857544,283.00857544,79920400
2022-09-19,280.36176236,285.36925788,280.30296816,285.21246338,285.21246338,52613800
2022-09-20,282.70381916,285.23208950,280.63615326,282.93902588,282.93902588,51271100
2022-09-21,283.78176790,288.05433611,277.73553467,277.87271118,277.87271118,82931000
2022-09-22,276.34398094,277.35332124,273.22776876,274.45269775,274.45269775,62757100
2022-09-23,271.98325472,272.27725566,266.56416939,269.98419189,269.98419189,74815200
2022-09-26,269.51383166,273.88437084,268.07331367,268.86706543,268.86706543,71176700
2022-09-27,272.23805162,274.58990961,266.65236272,268.97485352,268.97485352,69780100
2022-09-28,268.95521758,275.60904066,267.47552360,274.32531738,274.32531738,79652100
2022-09-29,270.32713942,270.70933165,263.44794834,266.41717529,266.41717529,81216000
2022-09-30,265.59403371,269.67060146,261.74286369,261.89965820,261.89965820,78482400
2022-10-03,263.67328558,269.64113521,262.16416490,268.04382324,268.04382324,61267400
2022-10-04,273.39433857,277.17693480,273.39433857,276.47137451,276.47137451,66696900
2022-10-05,272.69856984,278.11765409,269.89594687,276.32437134,276.32437134,55766300
2022-10-06,275.32483971,278.48025808,273.82552777,274.14892578,274.14892578,53489400
2022-10-07,269.50400662,269.63140403,262.37002030,263.70275879,263.70275879,71354700
2022-10-10,263.89873216,264.29073342,258.35227911,261.06671143,261.06671143,60393000
2022-10-11,259.39097320,262.26219955,255.79456855,257.48007202,257.48007202,66522500
2022-10-12,258.11708580,260.03776649,256.69618581,257.39193726,257.39193726,50580200
2022-10-13,250.04234566,264.75130473,249.16038769,263.42837524,263.42837524,112894100
2022-10-14,265.76061907,266.35837010,254.92244921,255.51039124,255.51039124,77244300
2022-10-17,261.48808647,264.81988796,261.39008615,263.94775391,263.94775391,64576500
2022-10-18,270.98370510,271.65005933,263.34993883,266.03500366,266.03500366,69781000
2022-10-19,264.51611446,268.19090221,262.69343409,265.06488037,265.06488037,53115400
2022-10-20,264.17309896,269.32761023,262.54641941,263.71252441,263.71252441,60605500
2022-10-21,262.60521557,270.43495295,261.46847776,269.89599609,269.89599609,77897700
2022-10-24,270.16058119,273.79616260,266.51519078,272.86523438,272.86523438,63963600
2022-10-25,273.80595824,278.89186631,272.32623430,278.50967407,278.50967407,59014500
2022-10-26,272.87502064,278.28432715,271.86568017,272.35565186,272.35565186,63492400
2022-10-27,271.23851616,272.69862212,266.87775649,267.39712524,267.39712524,57760300
2022-10-28,266.77002943,276.05009556,266.60342588,275.57971191,275.57971191,62651300
2022-10-31,273.32575969,274.14890835,270.45450350,272.37521362,272.37521362,47742000
2022-11-01,275.85398335,276.41255809,269.22955841,269.59213257,269.59213257,45895900
2022-11-02,269.56277903,272.63000622,260.28271515,260.35131836,260.35131836,79803100
2022-11-03,257.73488754,259.19499344,254.88324905,255.26541138,255.26541138,70038900
2022-11-04,260.20441799,261.26274390,253.88376992,259.37145996,259.37145996,78313200
2022-11-07,260.41993039,262.76200922,258.28366118,262.22302246,262.22302246,47333800
2022-11-08,263.74197029,267.37755178,260.19455020,264.13394165,264.13394165,63213800
2022-11-09,262.38958520,263.17352775,257.75444337,258.03863525,258.03863525,64862100
2022-11-10,270.47417095,277.37295053,268.35748974,277.07897949,277.07897949,99256700
2022-11-11,276.89279065,282.85086297,275.55027304,282.18447876,282.18447876,66961800
2022-11-14,280.12652518,283.40934061,278.73502270,279.71496582,279.71496582,55290700
2022-11-15,286.34923290,287.37819134,280.23439607,283.58581543,283.58581543,73985400
2022-11-16,281.62586686,283.67394439,278.89181719,279.71496582,279.71496582,48859800
2022-11-17,275.24651625,280.57741092,275.08972172,279.09768677,279.09768677,55462100
2022-11-18,282.11591629,282.21388670,276.65762444,279.10748291,279.10748291,53588600
2022-11-21,277.71593065,278.87225659,275.40327877,276.23623657,276.23623657,40083500
2022-11-22,276.97120313,280.37157785,274.83490390,280.21481323,280.21481323,41873400
2022-11-23,280.23437739,283.65436982,280.05799478,283.02722168,283.02722168,46390000
2022-11-25,281.42994871,282.13550916,280.67540305,281.16537476,281.16537476,15498800
2022-11-28,279.18584264,281.20452347,276.10883620,277.03976440,277.03976440,38714200
2022-11-29,277.26517951,277.66695988,273.57080377,274.94271851,274.94271851,35618900
2022-11-30,275.20728584,287.58397509,274.35473991,287.47616577,287.47616577,74718100
2022-12-01,287.79958239,289.81826342,285.04594380,287.82897949,287.82897949,51547300
2022-12-02,282.75282113,287.56434586,282.57640862,286.68237305,286.68237305,53583200
2022-12-05,284.55597658,285.82989107,280.41080512,281.87094116,281.87094116,41482100
2022-12-06,281.71414635,281.85132287,274.63895363,276.03045654,276.03045654,53937600
2022-12-07,274.84464819,276.90253472,273.18854192,274.90344238,274.90344238,45614300
2022-12-08,276.25579862,279.12702509,274.17832376,278.15689087,278.15689087,42594900
2022-12-09,277.13772418,279.91098009,275.94219232,276.38317871,276.38317871,47860500
2022-12-12,276.55960813,279.91102748,275.52087059,279.85220337,279.85220337,35732500
2022-12-13,290.70017258,290.92557031,280.17559116,282.86062622,282.86062622,80667700
2022-12-14,282.27267156,285.56529678,277.51016121,280.76358032,280.76358032,64984400
2022-12-15,276.66738142,277.33376560,270.14098530,271.33651733,271.33651733,60554100
2022-12-16,270.66035209,272.19884034,267.14232931,268.74945068,268.74945068,68300400
2022-12-19,269.01962320,269.10802566,263.73490084,264.97259521,264.97259521,44167900
2022-12-20,263.80367238,266.51480106,262.22220063,264.76632690,264.76632690,51064200
2022-12-21,265.80752480,269.91348741,264.96274031,268.60705566,268.60705566,46394700
2022-12-22,265.59140519,265.71910761,257.81166018,262.03552246,262.03552246,60278400
2022-12-23,260.76833626,263.29282690,258.86269266,262.62484741,262.62484741,39373600
2022-12-27,262.01584203,262.12390944,258.37155707,258.91180420,258.91180420,38009000
2022-12-28,258.50912022,260.76837389,255.13004221,255.49348450,255.49348450,47139000
2022-12-29,258.30284360,262.66421147,257.60542644,261.72122192,261.72122192,45893600
2022-12-30,258.95107200,261.69166724,257.64464056,261.56396484,261.56396484,37858300
2023-01-03,263.89205924,265.36549344,257.48754271,259.79592896,259.79592896,42335300
2023-01-04,261.91765376,262.71330575,257.88042883,261.03356934,261.03356934,47754900
2023-01-05,259.36378091,259.53075337,256.63301674,256.94732666,256.94732666,45396700
2023-01-06,258.68587876,265.15916129,255.72917854,264.03933716,264.03933716,54659700
2023-01-09,266.03340800,270.41444003,265.13955108,265.74856567,265.74856567,45568700
2023-01-10,264.71717321,268.10608378,264.20639348,267.99801636,267.99801636,35247800
2023-01-11,269.06871422,272.74246683,268.28286475,272.63439941,272.63439941,44077000
2023-01-12,273.19432716,275.13927099,268.89189473,274.10784912,274.10784912,60600000
2023-01-13,271.60309102,276.23949942,271.26911613,275.99392700,275.99392700,44802900
2023-01-17,275.79735950,277.84053806,274.62843282,276.55374146,276.55374146,36269700
2023-01-18,278.09597320,279.64800744,272.75234576,272.95861816,272.95861816,47754500
2023-01-19,271.32797333,272.46743261,269.03925227,270.27691650,270.27691650,44150400
2023-01-20,271.88788463,278.00752826,270.82699532,277.67355347,277.67355347,60613600
2023-01-23,278.51832431,285.07017733,277.72267235,283.84231567,283.84231567,52799900
2023-01-24,282.22156251,284.42188115,281.70095033,283.26278687,283.26278687,44875100
2023-01-25,278.74423736,283.25294186,276.20011154,282.63412476,282.63412476,50872000
2023-01-26,286.06232661,288.32158029,283.41013318,288.14477539,288.14477539,51596300
2023-01-27,286.82849917,292.97764028,286.71062924,291.01306152,291.01306152,56441900
2023-01-30,287.74201315,289.16634470,284.75587510,285.12911987,285.12911987,49405800
2023-01-31,285.16840460,289.50030402,285.06036717,289.40206909,289.40206909,46705100
2023-02-01,289.19580208,298.05604094,287.12315602,295.59051514,295.59051514,67562200
2023-02-02,302.12281452,308.12458949,301.29769487,306.19931030,306.19931030,83070600
2023-02-03,299.53929511,306.85736222,299.14638539,300.75732422,300.75732422,76170800
2023-02-06,298.13465636,300.49214485,296.86749468,298.21322632,298.21322632,40802300
2023-02-07,298.08550465,305.52144189,296.96571042,304.39181519,304.39181519,67584000
2023-02-08,303.07556036,304.01854973,298.29181609,298.97940063,298.97940063,56720900
2023-02-09,303.37020005,303.51753744,294.88323675,296.33700562,296.33700562,49137800
2023-02-10,294.17604601,296.22902730,291.98552981,294.39215088,294.39215088,50050100
2023-02-13,295.79680628,299.69649632,294.61804703,299.10711670,299.10711670,39636700
2023-02-14,297.52560807,302.27005201,295.58066455,301.31723022,301.31723022,64079100
2023-02-15,299.50004375,303.79264380,298.81245913,303.62567139,303.62567139,43100600
2023-02-16,298.98926463,302.96752487,297.78103782,297.92837524,297.92837524,59498600
2023-02-17,295.73779997,296.58255424,292.82040001,295.82620239,295.82620239,58230700
2023-02-21,291.99528401,293.43925027,288.68497435,288.82247925,288.82247925,46526700
2023-02-22,289.40210807,291.11128209,287.37859423,289.03866577,289.03866577,51389200
2023-02-23,292.69273702,292.84990691,287.36871595,291.56311035,291.56311035,69294400
2023-02-24,286.59274990,287.78131162,284.91301353,286.68115234,286.68115234,74332000
2023-02-27,289.84415324,291.23898747,288.14478172,288.73416138,288.73416138,48995000
2023-02-28,288.10543504,290.87549801,287.77146028,288.36083984,288.36083984,48243100
2023-03-01,288.06620792,288.72432505,285.06040466,286.04269409,286.04269409,58287000
2023-03-02,283.54762865,289.21542704,283.26275637,288.40994263,288.40994263,53565900
2023-03-03,290.15840713,294.60817579,289.64759758,294.37240601,294.37240601,60511500
2023-03-06,295.61020145,298.61600489,294.51004202,294.70648193,294.70648193,56736300
2023-03-07,294.75559463,295.67894909,290.48262964,291.09164429,291.09164429,65955800
2023-03-08,291.51401880,293.14462283,289.65750740,292.54544067,292.54544067,50876300
2023-03-09,293.04640161,295.64949267,286.66152012,287.47683716,287.47683716,71456700
2023-03-10,287.64380331,289.13690245,282.29034386,283.43960571,283.43960571,98593600
2023-03-13,281.65182967,289.25473947,280.13909571,285.54168701,285.54168701,97123600
2023-03-14,289.09759039,292.65347322,288.25283590,292.10339355,292.10339355,73602500
2023-03-15,289.49054019,293.96977807,288.04657338,293.63580322,293.63580322,83631500
2023-03-16,292.72228278,301.73969355,291.92663065,301.37625122,301.37625122,98198100
2023-03-17,301.28780294,303.67475896,297.99712749,299.95187378,299.95187378,89923700
2023-03-20,299.33408102,301.34103207,297.12050821,301.01638794,301.01638794,56359500
2023-03-21,302.95450492,305.76818758,301.43942885,305.31564331,305.31564331,49757000
2023-03-22,305.24674631,310.14613137,300.99670953,301.16394043,301.16394043,75791900
2023-03-23,304.90245991,309.06395770,302.03956873,304.73519897,304.73519897,74576000
2023-03-24,304.31216135,305.95510748,301.98053611,305.85675049,305.85675049,57195200
2023-03-27,306.55518609,307.63738303,302.90525958,303.76116943,303.76116943,50287400
2023-03-28,303.18081540,303.21032851,299.83583656,302.14779663,302.14779663,48585900
2023-03-29,305.84686712,308.27687910,305.03028798,307.65707397,307.65707397,53274300
2023-03-30,310.13624353,311.19877510,307.74559252,310.56912231,310.56912231,58354800
2023-03-31,310.79547563,315.97032675,310.49049688,315.73419189,315.73419189,62138100
2023-04-03,313.60910375,315.23241427,312.28098427,314.96676636,314.96676636,47126800
2023-04-04,315.40949447,316.42281758,312.68432153,313.90426636,313.90426636,45875400
2023-04-05,312.94999665,313.89444593,308.98524317,310.80529785,310.80529785,62795700
2023-04-06,309.15250346,313.39272296,307.75550981,312.90081787,312.90081787,46916500
2023-04-10,309.96909823,312.77296341,308.17855640,312.72375488,312.72375488,45134700
2023-04-11,312.68441749,312.74347373,310.20522632,310.71679688,310.71679688,40113600
2023-04-12,312.67453493,313.26482700,307.50953188,307.97192383,307.97192383,62813300
2023-04-13,309.73295336,314.47492575,308.55239913,314.00271606,314.00271606,54613800
2023-04-14,312.44830019,315.17344384,310.50034505,313.41244507,313.41244507,56278300
2023-04-17,312.99917766,314.03219628,310.92335276,313.67800903,313.67800903,43007000
2023-04-18,315.79318259,316.21624374,312.49744290,313.69766235,313.69766235,46746900
2023-04-19,311.28729804,314.61258035,311.15939795,313.55004883,313.55004883,38960100
2023-04-20,310.57904046,314.10106772,309.87069592,311.15948486,311.15948486,62462100
2023-04-21,310.79542084,312.26128813,309.01472714,311.48406982,311.48406982,59002300
2023-04-24,311.25787004,312.59583748,308.66059675,310.83483887,310.83483887,44043100
2023-04-25,309.20171534,309.87069907,304.87295648,304.97131348,304.97131348,57121600
2023-04-26,308.36545093,309.84116613,306.29944365,306.82086182,306.82086182,55400500
2023-04-27,310.58889329,315.66532752,309.94939264,315.16360474,315.16360474,65430400
2023-04-28,314.92745220,317.42633838,313.79607653,317.33779907,317.33779907,59712600
2023-05-01,316.87536788,318.39044372,315.89155785,316.97375488,316.97375488,41013400
2023-05-02,316.90491975,317.22959391,312.46792638,314.20928955,314.20928955,56519400
2023-05-03,314.57324031,317.24920465,312.04484146,312.15307617,312.15307617,59882100
2023-05-04,311.92681435,313.07788533,310.01822044,311.05123901,311.05123901,50224500
2023-05-05,313.31399139,318.51835502,311.09057104,317.66244507,317.66244507,51806100
2023-05-08,317.20006539,318.79383295,316.11786828,318.44949341,318.44949341,36465800
2023-05-09,316.78680488,317.65256244,316.11782131,316.43264771,316.43264771,31768800
2023-05-10,318.87253206,320.73194760,316.39334136,319.87603760,319.87603760,60446600
2023-05-11,320.42694873,321.45993728,318.87251202,320.91885376,320.91885376,44278500
2023-05-12,321.45009859,321.87315975,317.71163227,319.76779175,319.76779175,48432800
2023-05-15,320.24002242,321.73540290,318.71509881,321.49929810,321.49929810,33375600
2023-05-16,320.78111467,323.57513171,320.74175386,321.86331177,321.86331177,40019200
2023-05-17,322.92580798,326.33963013,321.74525391,325.75918579,325.75918579,47486100
2023-05-18,326.15269311,332.02604024,326.13302772,331.80960083,331.80960083,64213500
2023-05-19,332.02600417,332.73434852,329.99935811,331.06188965,331.06188965,61554900
2023-05-22,330.80613462,333.18696819,330.79628691,332.17364502,332.17364502,43015900
2023-05-23,330.45195877,331.60299967,327.60873343,327.96289062,327.96289062,48216700
2023-05-24,326.00508252,327.52015818,324.22438900,326.28054810,326.28054810,62891200
2023-05-25,333.64937405,335.48909415,331.21936189,334.21997070,334.21997070,66862800
2023-05-26,335.24313644,343.59567451,335.14474943,342.75942993,342.75942993,63007000
2023-05-30,346.99968643,348.19993608,342.88736701,344.31390381,344.31390381,72652200
2023-05-31,342.72993176,344.92383916,340.90005932,342.35607910,342.35607910,65105400
2023-06-01,342.10029859,347.63912426,341.04761457,346.31100464,346.31100464,50488600
2023-06-02,348.07198908,350.06912231,346.31099068,348.90823364,348.90823364,53372100
2023-06-05,348.69181337,351.71211764,348.12121671,349.15420532,349.15420532,47266200
2023-06-06,348.54428352,350.05935967,347.21613372,349.09521484,349.09521484,41390400
2023-06-07,349.38047712,351.33824956,342.54298508,343.17263794,343.17263794,69225900
2023-06-08,343.46777219,347.89491758,343.24151509,347.43252563,347.43252563,47153900
2023-06-09,348.88861180,351.86955547,347.31450949,348.76071167,348.76071167,53196900
2023-06-12,350.42331518,354.75207354,349.44935281,354.65368652,354.65368652,44606500
2023-06-13,357.40835832,358.21505973,354.20112797,357.37884521,357.37884521,57097800
2023-06-14,357.38864911,360.26138753,354.58481462,359.97607422,359.97607422,69525600
2023-06-15,358.70701247,365.75109691,358.08723728,364.26556396,364.26556396,71138800
2023-06-16,366.68569478,366.81359490,361.53053956,361.97323608,361.97323608,80932000
2023-06-20,360.51910316,362.85392618,358.48967715,361.45498657,361.45498657,49204700
2023-06-21,360.31221407,360.74568664,355.60315302,356.52920532,356.52920532,53378300
2023-06-22,355.27813838,360.89353049,354.87421930,360.73593140,360.73593140,47603000
2023-06-23,356.83464003,359.46502931,355.46528386,357.15975952,357.15975952,48922900
2023-06-26,356.62778400,359.42563372,352.28322645,352.37188721,352.37188721,52685500
2023-06-27,353.91858530,359.15964157,353.18957682,358.43060303,358.43060303,49428100
2023-06-28,356.60809021,361.08069324,356.52926061,359.13009644,359.13009644,46498000
2023-06-29,358.83453061,359.47490842,356.76571946,358.41091919,358.41091919,46151000
2023-06-30,362.09540935,364.99178106,361.78018111,363.93768311,363.93768311,58712500
2023-07-03,364.57803297,365.42525582,363.49435135,364.79476929,364.79476929,19432900
2023-07-05,363.22837310,366.48924912,363.18895829,364.78491211,364.78491211,34460900
2023-07-06,361.07083035,362.45004768,359.11034243,362.00671387,362.00671387,49374700
2023-07-07,361.78013793,364.98190634,360.57824212,360.80480957,360.80480957,47133700
2023-07-10,360.52897686,361.60279716,358.01683206,360.92303467,360.92303467,48498800
2023-07-11,361.34665187,363.15934170,359.20884259,362.70617676,362.70617676,38214100
2023-07-12,366.81428303,368.63683411,364.80454924,367.28717041,367.28717041,61975400
2023-07-13,370.46925364,374.35078485,369.88801308,373.52325439,373.52325439,46960000
2023-07-14,373.95676074,377.17822208,372.56768198,373.44448853,373.44448853,55148500
2023-07-17,374.16361910,377.80872179,373.68090050,376.93191528,376.93191528,40868900
2023-07-18,376.29150971,381.38479750,374.36060554,380.01541138,380.01541138,55262000
2023-07-19,381.07943827,382.22222700,378.59681688,379.92678833,379.92678833,54093000
2023-07-20,376.93189116,378.39979937,370.14415731,371.16873169,371.16873169,71941700
2023-07-21,373.55278528,374.28182378,369.62200836,370.05548096,370.05548096,60499600
2023-07-24,371.03077251,371.97651722,368.78461001,370.64657593,370.64657593,40380100
2023-07-25,371.35586286,374.82361326,371.33614043,373.15869141,373.15869141,38894400
2023-07-26,372.11446337,373.61189505,369.61214971,371.91741943,371.91741943,47075700
2023-07-27,377.38508349,379.00072955,369.74023561,371.03079224,371.03079224,63940200
2023-07-28,375.08967411,378.81357637,374.57740191,377.78903198,377.78903198,56902900
2023-07-31,378.09443666,379.16825709,376.66594312,377.98605347,377.98605347,44019900
2023-08-01,376.63636550,377.86781500,375.04041175,377.10925293,377.10925293,41060600
2023-08-02,373.63161495,373.63161495,367.59258219,368.83389282,368.83389282,72687100
2023-08-03,366.42024666,370.37074609,366.25275631,368.24279785,368.24279785,47666400
2023-08-04,370.17376348,372.48889482,366.01638827,366.51882935,366.51882935,61702800
2023-08-07,368.33151351,369.72059230,365.99668983,369.62207031,369.62207031,37230400
2023-08-08,367.10988669,367.12957906,363.34656981,366.47937012,366.47937012,44726500
2023-08-09,366.76510800,366.92273715,361.69154162,362.45010376,362.45010376,51150900
2023-08-10,365.46467992,368.80435553,361.59300967,363.11999512,363.11999512,72035300
2023-08-11,360.55851969,362.53869993,359.27782435,360.80480957,360.80480957,48707200
2023-08-14,360.00685302,364.97206566,359.28770578,364.85385132,364.85385132,42130800
2023-08-15,363.87854993,364.67655690,360.31227685,360.98220825,360.98220825,45539900
2023-08-16,360.44032767,361.97717419,357.06123755,357.15975952,357.15975952,53190500
2023-08-17,358.55867784,358.90348971,352.84476421,353.25851440,353.25851440,62604300
2023-08-18,349.98778252,354.07618854,349.44592674,352.81518555,352.81518555,61191400
2023-08-21,354.28312102,359.17936586,353.82009477,358.49960327,358.49960327,50696500
2023-08-22,361.11027461,361.12013582,357.29771139,357.98733521,357.98733521,44530200
2023-08-23,359.16949118,364.72580603,358.95275486,363.63226318,363.63226318,51770600
2023-08-24,367.10991159,367.20840350,355.65249989,355.85937500,355.85937500,66842500
2023-08-25,356.69675461,360.31227362,353.25852706,358.61779785,358.61779785,69960500
2023-08-28,361.54364506,362.25296104,358.84431788,361.31707764,361.31707764,40910000
2023-08-29,361.12010007,369.56292504,360.79501063,369.20825195,369.20825195,58492400
2023-08-30,369.31667597,371.84854363,368.31179383,371.26727295,371.26727295,41731500
2023-08-31,371.34602667,374.08476890,371.27705829,372.38043213,372.38043213,35730700
2023-09-01,374.75468508,375.17829647,370.49878863,371.98638916,371.98638916,39801200
2023-09-05,371.17859447,373.68090843,370.25254198,372.45932007,372.45932007,32344200
2023-09-06,371.68099410,372.02580595,367.16897658,369.17868042,369.17868042,42998700
2023-09-07,364.71593137,367.31676718,363.67166459,366.53848267,366.53848267,52060700
2023-09-08,366.48923261,369.28708227,366.08531357,367.05075073,367.05075073,35800100
2023-09-11,370.08508411,371.88791307,368.11476478,371.37564087,371.37564087,39936600
2023-09-12,369.70086723,371.35595836,366.97198570,367.25769043,367.25769043,41391000
2023-09-13,367.49407410,370.26237009,366.36114660,368.65655518,368.65655518,46300700
2023-09-14,370.41013952,372.65630215,368.34132846,371.67114258,371.67114258,48039400
2023-09-15,370.33135744,370.73527650,364.37112369,365.30703735,365.30703735,69811200
2023-09-18,364.36584496,366.80271289,364.07972667,365.68786621,365.68786621,36903500
2023-09-19,364.36580670,365.70754869,361.87959168,364.90841675,364.90841675,37621700
2023-09-20,365.97398140,366.32913780,359.57101966,359.64996338,359.64996338,45514200
2023-09-21,355.96016566,356.74945241,352.89189809,353.05960083,353.05960083,69734800
2023-09-22,354.80581530,356.94668938,352.79317207,353.10888672,353.10888672,51589700
2023-09-25,352.14199902,354.87486046,351.15541339,354.78604126,354.78604126,39168000
2023-09-26,352.20120301,352.74384318,348.47191044,349.45849609,349.45849609,53657700
2023-09-27,350.61280977,352.19135282,346.64671623,350.27737427,350.27737427,56066000
2023-09-28,349.35981161,355.33854804,348.50148696,353.20751953,353.20751953,56453300
2023-09-29,356.69020482,358.08129428,352.23081816,353.46405029,353.46405029,64829600
2023-10-02,353.73042627,357.81487519,353.11874798,356.41394043,356.41394043,51625100
2023-10-03,353.96717194,356.16726861,348.54095127,350.15896606,350.15896606,60478500
2023-10-04,350.99757254,355.77264356,350.53387607,354.92419434,354.92419434,54786700
2023-10-05,354.91429028,355.31879398,350.37602065,353.87838745,353.87838745,45897400
2023-10-06,350.87915229,361.00152989,350.08989588,359.80776978,359.80776978,75049100
2023-10-09,357.43995789,362.18543231,355.94035859,361.64282227,361.64282227,45304800
2023-10-10,361.97823684,366.29948642,361.47509868,363.64556885,363.64556885,46968800
2023-10-11,364.97749750,366.42777961,363.25097261,366.24032593,366.24032593,38215100
2023-10-12,366.74349308,368.72650975,362.57022496,364.96762085,364.96762085,49587900
2023-10-13,365.59905140,366.18113332,358.97904001,360.38000488,360.38000488,52469900
2023-10-16,361.70200759,365.51024366,361.55402577,364.45458984,364.45458984,44201100
2023-10-17,360.90294032,364.95782351,358.78178692,363.26089478,363.26089478,50999100
2023-10-18,360.76480113,362.97474343,357.16373929,358.49563599,358.49563599,54280500
2023-10-19,359.91630625,361.11006645,354.34210339,355.14123535,355.14123535,72274200
2023-10-20,354.63811518,355.21035179,349.61639719,349.84332275,349.84332275,72559700
2023-10-23,348.52125079,354.44076460,346.40994308,350.89892578,350.89892578,60665200
2023-10-24,352.71420573,355.08200500,351.01727739,354.31246948,354.31246948,47082100
2023-10-25,351.91514281,352.09272102,345.05835993,345.64044189,345.64044189,71190500
2023-10-26,344.43679838,345.37406684,337.75762396,339.05004883,339.05004883,78621400
2023-10-27,341.78288869,344.16056392,339.46440619,340.67791748,340.67791748,63476700
2023-10-30,343.16406894,345.83773769,341.80260605,344.51571655,344.51571655,55298500
2023-10-31,344.54531476,346.53820692,341.97031058,346.16329956,346.16329956,47671900
2023-11-01,347.00193131,352.73399195,346.90326672,352.17163086,352.17163086,58992700
2023-11-02,356.69022088,358.80149873,355.46683407,358.56472778,358.56472778,58162400
2023-11-03,359.85708939,364.06979897,359.63016387,362.77737427,362.77737427,53280500
2023-11-06,363.54692034,364.81962421,361.98812833,364.25726318,364.25726318,38848700
2023-11-07,365.30310469,368.56870120,364.09946883,367.70053101,367.70053101,50777400
2023-11-08,368.07539272,368.77589027,365.64840025,367.93728638,367.93728638,35663400
2023-11-09,368.62786126,369.77227407,364.61245060,365.10574341,365.10574341,53859400
2023-11-10,366.83233316,373.46219083,366.29956841,373.31420898,373.31420898,58309800
2023-11-13,371.73561427,373.20561725,370.20638845,372.14996338,372.14996338,40733500
2023-11-14,378.56280769,381.07861940,378.03991845,380.16107178,380.16107178,67792600
2023-11-15,382.05531359,382.54860644,379.08568098,380.44717407,380.44717407,54141400
2023-11-16,379.67764032,381.00953705,378.41481182,380.77276611,380.77276611,45343500
2023-11-17,380.04265878,381.87772379,379.13501682,380.86154175,380.86154175,46571900
2023-11-20,380.87138493,386.15949977,380.87138493,385.49847412,385.49847412,44429600
2023-11-21,383.79170635,384.00875640,381.51269583,383.25894165,383.25894165,43337000
2023-11-22,385.33080509,387.79726947,383.82133009,384.82763672,384.82763672,44121000
2023-11-24,384.42307947,385.01503687,383.28851204,384.28497314,384.28497314,15718800
2023-11-27,383.79169712,385.90297478,383.07147875,383.94955444,383.94955444,34139700
2023-11-28,383.19971989,385.53792296,382.84453341,384.95584106,384.95584106,35491100
2023-11-29,387.42233472,388.85289601,384.23565212,384.58096313,384.58096313,38811700
2023-11-30,384.84736797,385.31106449,380.64453302,383.61413574,383.61413574,52834400
2023-12-01,382.54857309,385.30115539,380.89111648,384.70919800,384.70919800,40490100
2023-12-04,380.91086132,381.41402965,377.52687967,381.13778687,381.13778687,51186900
2023-12-05,379.23369506,383.28854788,379.05608675,382.09478760,382.09478760,42933000
2023-12-06,385.03477449,385.13343908,379.53951525,379.88479614,379.88479614,41994100
2023-12-07,382.86426894,386.02132470,381.76914331,385.19259644,385.19259644,49593500
2023-12-08,383.45628228,387.35327778,383.26882859,386.90933228,386.90933228,46687500
2023-12-11,386.48506282,390.48075287,386.27788826,390.21435547,390.21435547,41198000
2023-12-12,390.25381602,393.44049850,389.11924855,393.32211304,393.32211304,39221200
2023-12-13,394.25930804,398.93571386,393.48977253,398.32403564,398.32403564,55408100
2023-12-14,399.54742718,400.84969722,394.96965577,397.97875977,397.97875977,55447800
2023-12-15,398.75817546,401.08653322,398.15637267,399.90261841,399.90261841,62896600
2023-12-18,400.29605794,403.32103752,399.96984767,402.42144775,402.42144775,46610000
2023-12-19,402.87623530,404.59631358,402.68840719,404.47769165,404.47769165,35711900
2023-12-20,403.67693466,405.77266900,398.28929124,398.46722412,398.46722412,54042400
2023-12-21,402.40171016,403.46936782,399.84135306,403.10357666,403.10357666,45568900
2023-12-22,404.31950405,405.27840481,401.82835317,403.70660400,403.70660400,34314000
2023-12-26,404.56665747,406.85022006,404.46779581,406.17800903,406.17800903,22722500
2023-12-27,406.46093342,407.29175392,405.60041165,407.00491333,407.00491333,31980500
2023-12-28,408.16209713,408.40936619,406.45098440,406.80703735,406.80703735,27029200
2023-12-29,406.78729271,407.14337587,403.12769838,405.04650879,405.04650879,42662100
2024-01-02,401.40666672,401.65393576,395.86783417,398.19216919,398.19216919,58026900
2024-01-03,395.56128792,396.61960684,393.54359395,393.97875977,393.97875977,47002800
2024-01-04,392.10939718,395.22498138,391.73354337,391.95114136,391.95114136,39432800
2024-01-05,392.11927432,395.19528683,391.02138403,392.41598511,392.41598511,44922800
2024-01-08,393.64249597,400.81329967,393.49414055,400.52648926,400.52648926,42473800
2024-01-09,397.51960859,402.24739149,397.32178128,401.31765747,401.31765747,39132900
2024-01-10,401.63421059,405.04650563,400.74404797,404.03765869,404.03765869,33962800
2024-01-11,405.31358344,406.70818463,399.82419189,404.87838745,404.87838745,54536200
2024-01-12,405.91691056,406.75763146,403.69148887,405.08609009,405.08609009,39595000
2024-01-16,403.84973494,406.62903688,402.38589117,405.04650879,405.04650879,43903000
2024-01-17,401.73310121,403.13757254,398.51860350,402.76171875,402.76171875,54386000
2024-01-18,406.03558754,409.06215857,404.69045827,408.47860718,408.47860718,59562500
2024-01-19,410.68424602,416.73738790,410.10069465,416.57913208,416.57913208,70325100
2024-01-22,418.78477929,420.09036718,416.51978622,417.12313843,417.12313843,44880600
2024-01-23,417.81542533,419.07157135,415.97575821,418.85397339,418.85397339,33003800
2024-01-24,422.77071199,425.15438913,420.68374562,421.17828369,421.17828369,46948000
2024-01-25,423.68068017,424.35327495,419.34855163,421.69265747,421.69265747,44367200
2024-01-26,419.80351225,421.55416629,418.52759548,419.18038940,419.18038940,37137000
2024-01-29,419.63537125,423.67081927,418.98257730,423.47299194,423.47299194,38694700
2024-01-30,422.43446912,423.00812006,419.74418053,420.65411377,420.65411377,36739000
2024-01-31,416.25272054,418.25064358,412.23707363,412.41510010,412.41510010,64010600
2024-02-01,414.21524245,417.76602249,413.24593688,417.27148438,417.27148438,51008600
2024-02-02,419.17046930,425.54012225,418.17152289,424.32357788,424.32357788,59602400
2024-02-05,424.38293678,424.91701620,420.35738936,423.76971436,423.76971436,39889200
2024-02-06,424.91702100,425.52037319,420.57499209,422.91909790,422.91909790,35846100
2024-02-07,425.70829946,428.10184701,424.40271161,427.27102661,427.27102661,37712700
2024-02-08,427.38975258,428.82392531,426.70731769,428.06234741,428.06234741,29889900
2024-02-09,429.19974423,433.06703594,428.40849532,432.27575684,432.27575684,36943900
2024-02-12,432.16697014,434.34294992,429.90197713,430.58444214,430.58444214,33203300
2024-02-13,422.61250583,426.55891048,420.68379504,423.86862183,423.86862183,64491700
2024-02-14,426.54905926,428.91293595,424.19505282,428.48764038,428.48764038,45092700
2024-02-15,429.17996794,430.22838632,426.61823396,429.76351929,429.76351929,38796100
2024-02-16,430.13939388,430.23827736,425.15444103,425.86657715,425.86657715,53716500
2024-02-20,423.86858295,425.38186829,418.87376034,422.65203857,422.65203857,53999500
2024-02-21,419.91227504,421.04973678,417.02418953,420.96069336,420.96069336,49779000
2024-02-22,429.74369733,434.32312484,428.97221912,433.28460693,433.28460693,53887800
2024-02-23,434.84734135,435.77707538,431.02952174,432.00869751,432.00869751,39853900
2024-02-26,432.81973705,433.80881322,431.59326208,431.78118896,431.78118896,33043200
2024-02-27,432.88900576,433.20548722,430.27783003,432.81976318,432.81976318,33713200
2024-02-28,430.67345357,431.89992862,429.55579261,430.51519775,430.51519775,32938800
2024-02-29,433.44288994,435.28255725,430.26793349,434.20446777,434.20446777,42495200
2024-03-01,435.09460153,441.70162311,435.03525938,440.74221802,440.74221802,43853000
2024-03-04,440.74227491,441.16760066,438.92237814,439.16964722,439.16964722,34325700
2024-03-05,436.12324857,436.13314899,428.91287484,431.28665161,431.28665161,57917100
2024-03-06,435.51001993,437.16176021,432.11749596,433.99673462,433.99673462,46234500
2024-03-07,437.58711515,441.84013083,436.04412847,440.58401489,440.58401489,44526700
2024-03-08,440.94007933,443.73918202,433.55167856,434.22424316,434.22424316,72096000
2024-03-11,432.73077539,433.86820708,430.68338023,432.61209106,432.61209106,45860000
2024-03-12,434.92653598,439.16965162,431.69223714,438.81359863,438.81359863,55300900
2024-03-13,437.81457274,437.83437358,434.32313497,435.44079590,435.44079590,37928700
2024-03-14,436.67719267,437.20140191,431.62302720,434.34298706,434.34298706,52195200
2024-03-15,431.30650064,434.07590215,428.01285973,429.17999268,429.17999268,73069800
2024-03-18,434.51123454,436.79901943,433.03554165,433.27325439,433.27325439,47323800
2024-03-19,431.26269859,434.75875269,429.16305925,434.35269165,434.35269165,43004100
2024-03-20,435.55115389,439.83950409,433.84769189,439.50277710,439.50277710,43653500
2024-03-21,444.56361584,445.01918406,441.38449136,441.58255005,441.58255005,39345700
2024-03-22,441.06755210,443.18695830,440.21580608,442.08764648,442.08764648,28253900
2024-03-25,439.28482888,441.96879139,438.28456155,440.48321533,440.48321533,27789200
2024-03-26,442.00839302,442.92947316,438.82926866,439.05706787,439.05706787,34142000
2024-03-27,442.14708541,442.24612986,437.68044339,440.55255127,440.55255127,41359200
2024-03-28,440.50303286,441.35477890,439.38389401,439.74044800,439.74044800,36839600
2024-04-01,440.69124456,443.22662561,438.75998334,440.67144775,440.67144775,38729000
2024-04-02,435.84819179,437.18521628,433.81791661,436.86828613,436.86828613,44259700
2024-04-03,434.73899534,439.73053966,434.72911205,437.84881592,437.84881592,39949800
2024-04-04,442.03812013,442.65218366,430.92600937,431.15380859,431.15380859,57267700
2024-04-05,432.57997723,438.90854630,431.76785499,436.23449707,436.23449707,54744600
2024-04-08,437.16545945,438.24497452,434.97671900,436.36325073,436.36325073,28144900
2024-04-09,438.70053063,438.97783696,433.23362130,437.97756958,437.97756958,39443600
2024-04-10,432.79787216,435.01632298,432.08479436,434.15469360,434.15469360,61502200
2024-04-11,436.02649330,442.03810154,433.74859184,441.08734131,441.08734131,45474600
2024-04-12,436.85843751,437.98745968,432.67901535,434.05563354,434.05563354,53665000
2024-04-15,437.80917209,437.89830303,426.07311502,426.91494751,426.91494751,63453600
2024-04-16,426.75650093,429.58901517,425.56805815,426.95458984,426.95458984,47619000
2024-04-17,428.93534571,428.95514251,420.81418426,421.74514771,421.74514771,56880500
2024-04-18,422.38893193,424.12210422,418.76412227,419.33856201,419.33856201,46549400
2024-04-19,418.15996494,418.68486729,409.09795671,410.66275024,410.66275024,75231000
2024-04-22,413.29717396,417.12995547,409.95958448,414.79266357,414.79266357,47807700
2024-04-23,416.72387451,422.18090015,414.84215091,420.98254395,420.98254395,44384700
2024-04-24,424.08241215,425.59769836,420.12087642,422.40866089,422.40866089,48440300
2024-04-25,415.20863765,421.23019016,414.11923928,420.36856079,420.36856079,57392200
2024-04-26,423.50805711,428.39064362,422.81480635,426.85556030,426.85556030,41874900
2024-04-29,428.96509593,429.58904279,425.84539188,428.58874512,428.58874512,30022200
2024-04-30,427.00408876,428.40053393,420.42795420,420.50717163,420.50717163,43665900
2024-05-01,419.08100565,426.00381072,416.61495903,417.46667480,417.46667480,52251700
2024-05-02,421.21033184,423.69620552,416.58525517,422.79495239,422.79495239,36559000
2024-05-03,430.26247254,432.28286457,428.45996621,431.29248047,431.29248047,48515300
2024-05-06,433.09492605,436.10570198,432.32242772,436.01657104,436.01657104,30227200
2024-05-07,436.46228830,437.72006523,435.35303271,436.08593750,436.08593750,30996100
2024-05-08,433.46139751,437.23475830,433.34252604,435.82839966,435.82839966,24896700
2024-05-09,436.09580737,437.35361449,434.24379399,436.77917480,436.77917480,24580100
2024-05-10,438.28459936,440.03756838,436.26420728,437.80920410,437.80920410,27116600
2024-05-13,439.72061960,439.81966405,437.40312447,438.81936646,438.81936646,22994200
2024-05-14,438.39353948,442.17681420,438.20536407,441.64199829,441.64199829,34478300
2024-05-15,444.11790404,448.79251788,442.60261769,448.54492188,448.54492188,41464700
2024-05-16,448.35675007,450.31772135,447.46541048,447.63378906,447.63378906,34780400
2024-05-17,447.76250378,448.36665375,445.21723983,447.41589355,447.41589355,35803700
2024-05-20,447.63382631,451.19918497,447.44565091,450.53564453,450.53564453,24474200
2024-05-21,448.68361370,451.60522862,448.48552480,451.41705322,451.41705322,23167700
2024-05-22,451.67455184,452.42725340,448.72319646,451.32791138,451.32791138,25120000
2024-05-23,456.12139940,456.15110972,447.50507560,449.29766846,449.29766846,40899200
2024-05-24,450.91199187,454.81410769,449.20852998,453.54641724,453.54641724,29669500
2024-05-28,454.76460405,455.31921678,452.29855709,455.25979614,455.25979614,26216800
2024-05-29,451.10017354,453.83361318,450.96150525,452.05093384,452.05093384,29739200
2024-05-30,451.11994544,451.25861372,445.88080523,447.20791626,447.20791626,30536800
2024-05-31,447.43572532,448.12900627,438.79957480,446.37600708,446.37600708,55941300
2024-06-03,450.19892168,451.19918910,443.59304623,448.77276611,448.77276611,32997500
2024-06-04,448.51521739,451.19914969,446.79195882,450.00079346,450.00079346,23767400
2024-06-05,453.57613408,459.15197134,450.04045549,459.07275391,459.07275391,33817400
2024-06-06,459.75613923,460.07306941,457.74566058,458.91430664,458.91430664,21966800
2024-06-07,458.54786358,461.26150649,457.39901433,458.50823975,458.50823975,25829700
2024-06-10,457.37919389,460.71678349,457.09197404,460.36022949,460.36022949,20660800
2024-06-11,459.08263006,463.63840272,457.58714047,463.51953125,463.51953125,22053300
2024-06-12,467.45134307,471.91798466,466.75809239,469.59057617,469.59057617,34532600
2024-06-13,473.12630943,473.78988009,469.85805388,472.13592529,472.13592529,25859000
2024-06-14,471.93784486,474.65151798,471.47236310,474.58218384,474.58218384,23372600
2024-06-17,474.84956429,482.17840077,473.54228021,480.39572144,480.39572144,37054500
2024-06-18,480.34622231,481.22764848,478.78139844,480.54428101,480.54428101,24438600
2024-06-20,481.74265393,482.15859833,475.00802382,476.84024048,476.84024048,33918700
2024-06-21,476.56295025,477.89997489,474.06719308,475.56265259,475.56265259,37456800
2024-06-24,474.33459413,476.07052108,470.00967064,470.14852905,470.14852905,37751000
2024-06-25,472.24158391,475.82253875,471.29921143,475.52496338,475.52496338,29014700
2024-06-26,474.70161721,477.05258374,474.28501169,476.50698853,476.50698853,22737100
2024-06-27,476.25899140,479.21503789,475.44557837,477.73699951,477.73699951,26222100
2024-06-28,478.53059104,483.28207961,474.61234378,475.25711060,475.25711060,34881600
2024-07-01,476.17966922,478.60994889,472.43006807,478.04455566,478.04455566,24898300
2024-07-02,476.54663966,483.12332733,476.41768025,483.06381226,483.06381226,26723600
2024-07-03,482.30997072,487.22017646,482.30997072,487.09121704,487.09121704,18064900
2024-07-05,487.93436256,492.60647748,487.63675692,492.17001343,492.17001343,28495900
2024-07-08,492.53703137,493.89600934,491.51531558,493.34051514,493.34051514,22109400
2024-07-09,494.85821948,495.97913718,492.24936438,493.76705933,493.76705933,25614500
2024-07-10,495.69147972,499.47083847,494.38211776,498.91534424,498.91534424,28046900
2024-07-11,499.02445931,499.23276208,486.78369777,487.97402954,487.97402954,49966600
2024-07-12,488.54933828,495.60214648,488.08311672,490.84075928,490.84075928,37109400
2024-07-15,492.61638755,496.98102820,490.11666358,492.16009521,492.16009521,31151400
2024-07-16,493.61824658,494.43165958,489.18419210,492.34854126,492.34854126,25950600
2024-07-17,484.35337941,484.86918681,477.82630736,477.89572144,477.89572144,56268800
2024-07-18,481.62550018,481.80404540,472.43995686,475.63406372,475.63406372,49347400
2024-07-19,475.29680392,477.81638642,470.12870975,471.41824341,471.41824341,42042900
2024-07-22,477.29066993,479.46306108,473.86840161,478.44134521,478.44134521,40300000
2024-07-23,477.53859930,480.53430216,476.27882329,476.75494385,476.75494385,23282500
2024-07-24,470.00964099,470.37666068,458.79059618,459.65359497,459.65359497,58818600
2024-07-25,459.99090161,464.17696683,451.96596264,454.58471680,454.58471680,59256800
2024-07-26,458.92948382,462.18310570,456.07263918,459.24691772,459.24691772,39992100
2024-07-29,461.96484500,464.14716515,457.90773959,460.16940308,460.16940308,28218500
2024-07-30,462.10377777,462.80805968,450.49785361,453.85067749,453.85067749,41317200
2024-07-31,464.10752068,468.98796879,462.65927005,467.28179932,467.28179932,44552100
2024-08-01,467.96623234,471.72573230,452.31313241,455.96353149,455.96353149,56653900
2024-08-02,447.26407106,449.92251191,440.89568576,445.14126587,445.14126587,66323200
2024-08-05,421.29455743,438.73319949,420.04471069,431.86883545,431.86883545,87483500
2024-08-06,433.71390007,443.47476524,431.06535832,435.99539185,435.99539185,63164400
2024-08-07,442.89943365,445.38925857,430.87690439,431.27368164,431.27368164,54929200
2024-08-08,437.51312893,445.37935105,433.63456831,444.46676636,444.46676636,47890100
2024-08-09,443.14740287,448.42462783,442.02648524,446.78790283,446.78790283,33574000
2024-08-12,447.76005134,450.71606757,444.94286326,447.75012207,447.75012207,27795000
2024-08-13,452.15439895,459.12786396,452.01551027,458.86001587,458.86001587,40084500
2024-08-14,459.78257632,461.36968529,454.71365394,459.00885010,459.00885010,34733700
2024-08-15,464.99037093,471.00163565,464.61342194,470.60485840,470.60485840,38280600
2024-08-16,468.81930738,472.57883766,467.85710666,471.20993042,471.20993042,38383600
2024-08-19,471.34882848,477.43943656,469.56328541,477.39974976,477.39974976,23737700
2024-08-20,476.48716080,479.05632908,474.70161775,476.39788818,476.39788818,29209300
2024-08-21,477.18146057,480.47476893,475.46539233,478.61981201,478.61981201,25658800
2024-08-22,480.94102511,481.63540798,469.99972703,471.03137207,471.03137207,37739600
2024-08-23,475.38605567,478.85790949,471.45790953,476.13995361,476.13995361,36061500
2024-08-26,475.59438964,476.51690354,469.43430718,471.51742554,471.51742554,27452600
2024-08-27,469.88070630,473.99732698,467.91661806,472.92602539,472.92602539,27510000
2024-08-28,472.45981610,473.18392627,464.12737263,467.55953979,467.55953979,37372400
2024-08-29,469.47401742,474.08661741,465.59545688,466.87509155,466.87509155,41081500
2024-08-30,471.21985214,473.06487994,466.72628251,472.43994141,472.43994141,33466500
2024-09-03,469.39467182,469.52360097,455.71555862,458.09625244,458.09625244,44985200
2024-09-04,454.98151260,460.71503018,454.04906940,456.90588379,456.90588379,32505100
2024-09-05,455.27906719,461.61766450,454.25735143,457.33242798,457.33242798,34452400
2024-09-06,456.62807244,457.51092971,444.58571649,445.08169556,445.08169556,50624400
2024-09-09,449.41659290,451.79728660,446.20265793,450.80532837,450.80532837,32981200
2024-09-10,452.57103578,455.47749654,448.59330366,454.97158813,454.97158813,29680300
2024-09-11,456.21155300,465.59547020,447.65094789,464.85150146,464.85150146,57843000
2024-09-12,464.88120300,470.22787222,463.09569036,469.41445923,469.41445923,40067800
2024-09-13,468.68043951,472.69785826,468.45227821,471.51742554,471.51742554,29111800
2024-09-16,469.38474037,470.04933546,466.11129016,469.43432617,469.43432617,22585600
2024-09-17,472.45978264,473.75924546,467.18255771,469.68228149,469.68228149,30084400
2024-09-18,470.88259732,474.97935950,467.04369343,467.64880371,467.64880371,39909200
2024-09-19,478.72896221,482.31987655,476.62601554,479.47293091,479.47293091,52782500
2024-09-20,478.60991905,479.80028105,474.45361163,478.56033325,478.56033325,34577700
2024-09-23,479.73945936,480.92155091,478.39842782,479.82885742,479.82885742,24843000
2024-09-24,481.23938695,483.09695067,476.97792794,482.14334106,482.14334106,25952600
2024-09-25,481.51749477,484.54723691,481.33869867,482.59033203,482.59033203,26549900
2024-09-26,490.09016243,490.41798562,482.57047912,486.21609497,486.21609497,32020200
2024-09-27,487.23926148,487.37834534,482.33209911,483.51419067,483.51419067,22851100
2024-09-30,482.55062394,485.16314504,479.70965124,484.82540894,484.82540894,30281100
2024-10-01,484.45786464,484.75585816,474.22631912,478.07058716,478.07058716,42735400
2024-10-02,477.16666753,480.66328682,474.54423338,478.74612427,478.74612427,23744000
2024-10-03,476.55075071,481.32877213,475.80573660,478.38845825,478.38845825,25337200
2024-10-04,484.20952393,484.63665809,479.18316441,484.08038330,484.08038330,30686600
2024-10-07,482.16327910,483.33542752,477.67330738,478.89514160,478.89514160,24975100
2024-10-08,481.43807233,486.73262612,480.63345949,486.04721069,486.04721069,28272000
2024-10-09,485.74923740,490.44780433,484.70622969,489.87164307,489.87164307,24995000
2024-10-10,487.58694548,491.18287568,486.27571327,489.31536865,489.31536865,25750400
2024-10-11,487.47762242,491.10338201,486.91143474,490.08020020,490.08020020,20644500
2024-10-14,492.47420829,495.51386359,491.96761928,494.19271851,494.19271851,26060100
2024-10-15,494.52049274,495.18605203,485.43132654,487.58691406,487.58691406,34784500
2024-10-16,487.91470906,488.42132837,484.32872230,487.64651489,487.64651489,22996800
2024-10-17,493.13975311,493.18940859,487.92465422,487.98425293,487.98425293,27210700
2024-10-18,490.77555280,492.27552422,490.02059548,491.18283081,491.18283081,25335000
2024-10-21,489.97096880,492.93116925,488.04386312,492.12655640,492.12655640,30336500
2024-10-22,489.45445556,494.14307930,488.69949817,492.66296387,492.66296387,26685800
2024-10-23,490.30870726,490.96432335,481.82547101,485.11346436,485.11346436,39346600
2024-10-24,488.83849337,489.72259130,486.18626021,489.04711914,489.04711914,22024900
2024-10-25,491.84842556,496.95424013,491.14312367,492.02722168,492.02722168,38762100
2024-10-28,495.14631415,495.20591286,491.80866541,492.10665894,492.10665894,20477800
2024-10-29,492.42453594,498.01711347,490.56697224,496.83502197,496.83502197,28014100
2024-10-30,496.07013880,497.02374836,492.59340631,493.08013916,493.08013916,29756000
2024-10-31,489.10677722,489.15643271,480.53414260,480.63348389,480.63348389,41245200
2024-11-01,482.27247384,487.48757268,481.97448031,484.18963623,484.18963623,33655800
2024-11-04,483.58369606,486.12667511,481.03077378,482.77908325,482.77908325,23291600
2024-11-05,484.36844014,489.60342551,484.27904208,488.93786621,488.93786621,24353600
2024-11-06,497.23237699,503.04349345,496.27876736,502.21899414,502.21899414,43082200
2024-11-07,505.02022335,510.91082459,504.96062464,510.12603760,510.12603760,32853100
2024-11-08,509.62938315,511.49689011,509.00356643,510.72210693,510.72210693,22924500
2024-11-11,511.94393068,512.15255647,507.52353147,510.42413330,510.42413330,24167500
2024-11-12,510.35460367,511.23864109,506.44076307,509.50027466,509.50027466,25835300
2024-11-13,508.99369261,511.55649764,506.55996759,508.84466553,508.84466553,24567400
2024-11-14,508.50694501,509.38106951,504.39445222,505.30834961,505.30834961,28679500
2024-11-15,499.59653880,499.98393038,491.20270091,493.26889038,493.26889038,51461100
2024-11-18,494.81850308,498.80185484,493.42781616,496.69592285,496.69592285,27080800
2024-11-19,494.11327259,500.59986134,493.77550616,500.11309814,500.11309814,24523000
2024-11-20,499.81509950,500.13297948,493.25896888,499.82504272,499.82504272,29565500
2024-11-21,502.87461954,503.58983436,494.25232953,501.62301636,501.62301636,34526700
2024-11-22,501.06669422,503.16265266,499.43758218,502.42758179,502.42758179,23826600
2024-11-25,506.51025270,508.04996671,500.90776236,503.22225952,503.22225952,26375200
2024-11-26,504.70236025,506.74869362,503.85803515,505.92419434,505.92419434,26557100
2024-11-27,504.79177253,504.86128415,498.59323454,501.94082642,501.94082642,24957400
2024-11-29,502.56664907,506.94733572,501.95077558,506.35131836,506.35131836,15334000
2024-12-02,507.61292497,512.82802409,507.22550305,511.86444092,511.86444092,25147200
2024-12-03,510.53338844,513.71212769,509.95722717,513.43395996,513.43395996,18597900
2024-12-04,516.86109687,520.03983648,516.14585166,519.78155518,519.78155518,26086200
2024-12-05,519.83115384,520.55628156,517.95370357,518.34112549,518.34112549,18169600
2024-12-06,519.00663274,523.21843633,518.87749211,522.98004150,522.98004150,23762600
2024-12-09,522.05625826,522.85092793,517.75502608,518.90734863,518.90734863,20674400
2024-12-10,520.13904198,521.88735145,515.70866962,517.13909912,517.13909912,24350000
2024-12-11,521.50994062,527.08263229,521.10269286,526.39721680,526.39721680,32168600
2024-12-12,524.17208730,525.44360723,522.52314931,522.99993896,522.99993896,23577500
2024-12-13,526.93363190,529.62557757,523.79460498,527.00317383,527.00317383,28780400
2024-12-16,529.53615690,535.56581145,529.45667175,534.59228516,534.59228516,31979900
2024-12-17,532.79443405,533.90698380,530.57927779,532.23815918,532.23815918,28579100
2024-12-18,531.59243173,533.31091156,511.58630471,513.03656006,513.03656006,54703200
2024-12-19,517.72521312,518.29143112,510.41415579,510.75186157,510.75186157,46441800
2024-12-20,507.04664991,521.33105800,505.90430106,515.21197510,515.21197510,60530000
2024-12-23,516.92837363,520.60971582,513.52564772,520.23162842,520.23162842,29672800
2024-12-24,522.18170891,527.37533949,521.54492380,527.28582764,527.28582764,17558200
2024-12-26,525.65410277,528.55935143,523.65423552,526.92761230,526.92761230,19090500
2024-12-27,523.35576016,523.79354235,515.24686082,519.92315674,519.92315674,33839600
2024-12-30,512.90870761,516.73925593,509.24725409,513.00817871,513.00817871,34584000
2024-12-31,514.29176282,515.04787687,507.68525348,508.65036011,508.65036011,29117000
2025-01-02,511.70483525,514.03305436,503.15818395,507.65539551,507.65539551,36389800
2025-01-03,510.75966660,517.02792605,509.94385767,515.96331787,515.96331787,29059500
2025-01-06,521.37579268,525.25607668,519.39584402,521.89312744,521.89312744,36109700
2025-01-07,522.93788822,523.33583338,510.69000718,512.58038330,512.58038330,36690300
2025-01-08,512.48087820,514.31155939,507.99362634,512.66992188,512.66992188,30777800
2025-01-10,508.89906782,508.99853893,501.37721823,504.63070679,504.63070679,40532500
2025-01-13,498.67095679,503.46661199,497.17852579,503.00894165,503.00894165,31694200
2025-01-14,506.17287675,507.58572476,499.05896189,502.53134155,502.53134155,33737200
2025-01-15,510.44124845,515.23687300,508.87913311,514.09271240,514.09271240,34957600
2025-01-16,516.36125101,516.44086434,510.36170946,510.49105835,510.49105835,28229000
2025-01-17,520.21162303,521.42549836,510.52078174,519.10723877,519.10723877,51837900
2025-01-21,521.83346290,523.31593466,517.43578315,522.15185547,522.15185547,23628000
2025-01-22,526.89778977,531.12634421,526.58935646,528.82800293,528.82800293,33593000
2025-01-23,526.37039996,530.07166012,525.78341115,529.95227051,529.95227051,23096600
2025-01-24,530.33036692,531.09644015,525.48494610,526.95745850,526.95745850,19878300
2025-01-27,508.42150168,515.37622053,507.57578469,511.61532593,511.61532593,60771700
2025-01-28,512.62016738,520.36093860,509.19755358,519.17694092,519.17694092,33194200
2025-01-29,519.82362293,519.95297180,514.29168182,518.20184326,518.20184326,26649000
2025-01-30,521.06728702,523.44518050,515.59504101,520.41058350,520.41058350,27431300
2025-01-31,524.26112166,528.83794629,518.56005492,519.65447998,519.65447998,38755200
2025-02-03,510.87894382,518.22170837,508.47117241,515.49554443,515.49554443,40580800
2025-02-04,516.01304943,522.46033256,515.61504350,521.82354736,521.82354736,26046800
2025-02-05,519.18694092,524.35075498,517.99298389,524.19152832,524.19152832,21134100
2025-02-06,524.69892507,527.13657451,523.08710445,526.92761230,526.92761230,19434500
2025-02-07,527.46491025,529.41498116,519.55501407,520.28131104,520.28131104,29605500
2025-02-10,524.55956016,527.68372995,524.09196098,526.57934570,526.57934570,20852800
2025-02-11,523.30601962,527.24599853,523.17667074,525.32574463,525.32574463,19325500
2025-02-12,519.66443162,526.51967886,519.31622203,525.63415527,525.63415527,25009400
2025-02-13,527.30569054,533.51419365,526.51969875,533.19586182,533.19586182,28714800
2025-02-14,533.30529318,536.12102995,532.96698211,535.43450928,535.43450928,17862600
2025-02-18,537.00648428,537.27514129,533.33510172,536.64831543,536.64831543,20565000
2025-02-19,535.85238897,538.08107623,533.75305058,536.79760742,536.79760742,19666900
2025-02-20,536.01159617,536.37972432,529.77327534,534.51916504,534.51916504,26550800
2025-02-21,535.66333704,535.68325555,523.05728692,523.42541504,523.42541504,47093800
2025-02-24,525.21635692,526.40035468,516.90851476,517.24676514,517.24676514,39268400
2025-02-25,516.61987720,516.69949052,506.86934068,510.72976685,510.72976685,48940000
2025-02-26,512.92863788,517.03774182,508.78959545,511.96350098,511.96350098,34457600
2025-02-27,515.51549894,516.45075809,497.52671438,497.74560547,497.74560547,52448000
2025-02-28,497.60636551,506.21271183,494.42250046,505.60580444,505.60580444,47654000
2025-03-03,508.93888702,510.45120625,491.08940885,494.54190063,494.54190063,44587200
2025-03-04,491.68635637,501.19811410,485.27885023,493.04943848,493.04943848,67875400
2025-03-05,493.69615720,501.08865768,488.78108230,499.47683716,499.47683716,46323700
2025-03-06,491.19886020,496.06416965,483.74666419,485.73657227,485.73657227,57574300
2025-03-07,484.70176901,490.79088231,478.10521947,489.30841064,489.30841064,54714700
2025-03-10,481.01054355,481.52790872,466.29516477,470.34463501,470.34463501,76668000
2025-03-11,469.96655245,476.39394713,464.65350146,469.22033691,469.22033691,68760800
2025-03-12,476.74217608,478.63258266,469.40936974,474.51348877,474.51348877,46971100
2025-03-13,473.84683527,473.87668267,464.07637985,465.97674561,465.97674561,46563300
2025-03-14,471.33955428,478.13507652,470.73261657,477.23962402,477.23962402,43563000
2025-03-17,477.18983479,483.38840864,475.38897063,480.33389282,480.33389282,41744400
2025-03-18,476.99089839,477.18987097,470.02622043,472.14547729,472.14547729,39072300
2025-03-19,474.40398039,482.88097693,472.47376734,478.46340942,478.46340942,40430300
2025-03-20,474.47367937,482.10495972,473.77719941,476.84167480,476.84167480,36780500
2025-03-21,471.68776718,479.17976940,470.52368804,478.41366577,478.41366577,42234900
2025-03-24,486.00252834,489.75911804,482.67442998,488.91213989,488.91213989,34567200
2025-03-25,489.63957586,491.86161265,488.67302999,491.70217896,491.70217896,26035200
2025-03-26,490.54624924,491.40320144,481.10003966,482.65447998,482.65447998,34627100
2025-03-27,480.69155227,484.84668078,478.53924302,479.90435791,479.90435791,33469800
2025-03-28,478.10080497,478.80826727,466.38268704,467.26953125,467.26953125,46363800
2025-03-31,460.27453902,468.18622678,455.70086299,467.24960327,467.24960327,53000300
2025-04-01,465.63532537,471.94279304,462.76561034,471.01611328,471.01611328,41156200
2025-04-02,464.45955752,477.85168327,464.20047398,474.45382690,474.45382690,49894500
2025-04-03,454.81406618,458.43114021,448.53652028,449.05465698,449.05465698,70456300
2025-04-04,436.57926127,438.80129805,421.16436768,421.16436768,421.16436768,117088400
2025-04-07,407.20423706,441.56142015,400.95658358,422.18069458,422.18069458,161557000
2025-04-08,436.59916085,441.56143170,408.33022722,414.57788086,414.57788086,101248100
2025-04-09,414.08964738,466.16346406,413.95013150,464.33999634,464.33999634,142876900
2025-04-10,451.94429144,453.96705880,431.08885718,444.59057617,444.59057617,108384100
2025-04-11,443.06601303,454.16634350,439.75783260,452.78128052,452.78128052,52483800
2025-04-14,462.80542668,463.39332125,451.01758255,455.85031128,455.85031128,43941200
2025-04-15,456.90654897,460.73286607,454.52504828,456.35848999,456.35848999,35404200
2025-04-16,447.43044651,451.00765442,436.20060389,442.59771729,442.59771729,48980600
2025-04-17,445.57707652,446.15499703,439.78774529,442.51800537,442.51800537,44837000
2025-04-21,436.66892549,437.51587325,426.40559843,431.56713867,431.56713867,44149300
2025-04-22,437.25682610,445.98560022,436.06108862,442.89666748,442.89666748,52304400
2025-04-23,456.53786014,461.72929188,451.26669636,452.94070435,452.94070435,55801100
2025-04-24,454.85390737,465.99407393,454.20619852,465.68518066,465.68518066,45956100
2025-04-25,465.30653410,471.40472822,463.73217584,470.87661743,470.87661743,38697100
2025-04-28,471.34492885,473.11858676,464.36986488,470.72714233,470.72714233,33550800
2025-04-29,468.49513746,474.72287322,467.91718655,473.83602905,473.83602905,30613100
2025-04-30,465.46595816,475.50009332,460.78268870,473.77624512,473.77624512,46810600
2025-05-01,481.68795952,485.44451876,479.02745744,479.96411133,479.96411133,43316500
2025-05-02,484.80683300,489.16126112,483.10290255,487.08865356,487.08865356,39218100
2025-05-05,482.87372582,487.28793763,482.37550696,484.19897461,484.19897461,28309500
2025-05-06,477.85168297,483.32211646,476.48656812,479.69509888,479.69509888,32786300
2025-05-07,480.36268339,484.06943293,475.08157563,481.57833862,481.57833862,38006300
2025-05-08,486.78973347,490.94489228,482.44527947,486.55059814,486.55059814,39577600
2025-05-09,488.46370010,489.78897922,484.46800573,486.23168945,486.23168945,27767400
2025-05-12,505.18397178,506.08079010,499.69362039,506.04092407,506.04092407,45090600
2025-05-13,507.34629948,515.54699394,506.60894520,513.75341797,513.75341797,53269600
2025-05-14,514.92910623,517.38030394,513.91272036,516.83227539,516.83227539,47014500
2025-05-15,514.68001313,520.07071426,513.33478577,517.40026855,517.40026855,50153300
2025-05-16,518.80527410,519.84160833,515.25795799,519.65228271,519.65228271,48394600
2025-05-19,512.40811130,520.66861872,512.40811130,520.15045166,520.15045166,52536200
2025-05-20,517.61942722,519.07424805,514.81943991,518.41662598,518.41662598,42517600
2025-05-21,514.43087622,521.13688203,509.41876573,511.21234131,511.21234131,71292800
2025-05-22,511.83019075,515.86581232,510.47505000,512.16900635,512.16900635,55607200
2025-05-23,504.37680652,510.01664731,503.77893784,507.42590332,507.42590332,58368100
2025-05-27,514.31133468,519.85152577,512.75689433,519.36322021,519.36322021,47226300
2025-05-28,520.31983316,521.81448971,516.54335615,517.06146240,517.06146240,46637200
2025-05-29,524.45510689,524.60453607,515.47719288,518.07788086,518.07788086,58513300
2025-05-30,517.58958365,518.82515662,510.10632704,517.26074219,517.26074219,67662800
2025-06-02,515.39742671,521.58532672,514.13193136,521.34619141,521.34619141,44762800
2025-06-03,521.69490268,526.85644250,520.82800677,525.42156982,525.42156982,44070300
2025-06-04,526.12905020,527.95254812,524.09627848,526.88635254,526.88635254,41359300
2025-06-05,528.29134616,531.15111757,520.79811501,522.92053223,522.92053223,61031200
2025-06-06,528.11201965,529.90559548,526.32841793,528.03228760,528.03228760,42467000
2025-06-09,528.25150659,530.45359502,527.12552710,528.80950928,528.80950928,33688700
2025-06-10,529.27779730,532.99455128,527.00595096,532.30700684,532.30700684,40664800
2025-06-11,533.71195360,534.86785538,528.22157216,530.51336670,530.51336670,53701000
2025-06-12,529.19811979,532.73546143,528.94901037,531.75891113,531.75891113,34104900
2025-06-13,525.80029177,529.97536859,523.85722589,525.08288574,525.08288574,55814400
2025-06-16,528.61024146,533.46288858,528.56043174,532.38671875,532.38671875,37622100
2025-06-17,529.81594870,531.43017302,526.02943652,527.19531250,527.19531250,42180900
2025-06-18,528.21156095,530.65284530,525.52122802,527.10552979,527.10552979,43983500
2025-06-20,530.36395770,531.65931459,523.01024236,524.95330811,524.95330811,61643500
2025-06-23,525.52293320,530.86982342,522.37068028,530.35113525,530.35113525,50666100
2025-06-24,535.57828889,539.37897789,534.95980854,538.46124268,538.46124268,45442000
2025-06-25,540.73559396,541.98253986,538.06214925,539.83776855,539.83776855,44804200
2025-06-26,542.02251463,545.33441083,540.19702935,544.88549805,544.88549805,43811400
2025-06-27,545.92292636,548.64623685,543.20954029,546.75091553,546.75091553,57577100
2025-06-30,549.91315988,551.44937540,547.66865713,550.29223633,550.29223633,45548700
2025-07-01,548.38686024,549.36450727,543.32924015,545.65356445,545.65356445,56166700
2025-07-02,544.82560641,549.65380821,544.78572605,549.45428467,549.45428467,36538300
2025-07-03,551.82847215,555.83867003,551.82847215,554.86102295,554.86102295,26443500
2025-07-07,552.16768541,552.98568933,548.23730900,550.68133545,550.68133545,45349300
2025-07-08,552.02803783,552.65650355,549.75357890,550.99060059,550.99060059,36153300
2025-07-09,553.12529612,556.26762452,551.74866282,554.89099121,554.89099121,43045500
2025-07-10,555.52944082,555.93841233,551.39954091,554.09295654,554.09295654,34710900
2025-07-11,551.94812186,554.43202836,550.70117596,552.84594727,552.84594727,39618600
2025-07-14,552.63646652,555.58925649,550.28224715,554.85107422,554.85107422,36453300
2025-07-15,558.88120704,559.42985111,555.29995127,555.35980225,555.35980225,43277700
2025-07-16,555.91848134,558.84131545,550.21242480,555.92840576,555.92840576,52314700
2025-07-17,556.65663532,560.93613185,555.84861679,560.42736816,560.42736816,40423800
2025-07-18,561.74417392,563.35022574,558.61183100,559.88873291,559.88873291,50484700
2025-07-21,560.71675159,564.67702302,560.68679565,562.79162598,562.79162598,39595200
2025-07-22,562.92132041,562.97118607,557.24521947,559.87878418,559.87878418,43270600
2025-07-23,560.96611585,562.47237547,558.21284935,562.43249512,562.43249512,40215300
2025-07-24,563.74927958,564.85655302,561.91374828,563.62957764,563.62957764,42275500
2025-07-25,563.54978279,566.31303475,562.89142206,564.98626709,564.98626709,30630800
2025-07-28,566.35284505,567.64965661,565.48497557,566.75189209,566.75189209,31498700
2025-07-29,569.36553330,570.71221064,565.14588749,565.87408447,565.87408447,45463300
2025-07-30,566.79184549,569.22588665,563.66948767,566.63226318,566.63226318,43433800
2025-07-31,573.13626229,573.22606919,562.49234827,563.62957764,563.62957764,64613600
2025-08-01,557.46465145,557.65418967,550.33209639,552.52673340,552.52673340,69400800
2025-08-04,557.68415178,562.94129593,557.58442045,562.72180176,562.72180176,47669800
2025-08-05,564.00860858,565.17573290,558.36240345,558.90112305,558.90112305,48666600
2025-08-06,559.73911000,566.37288741,559.26030219,565.93395996,565.93395996,41823700
2025-08-07,570.27323767,571.91923063,563.72926797,567.84918213,567.84918213,44463000
2025-08-08,569.05628176,573.36573439,568.75702690,573.14624023,573.14624023,35255500
2025-08-11,573.28590969,575.39073989,570.17353740,571.45037842,571.45037842,33112900
2025-08-12,573.75474511,578.93206736,571.09128549,578.63281250,578.63281250,42143300
2025-08-13,581.33618946,581.89481881,577.52551532,578.92211914,578.92211914,41209300
2025-08-14,576.86721466,580.45839503,576.49806260,578.47326660,578.47326660,45425000
2025-08-15,578.38339401,578.42333525,574.16374842,575.92944336,575.92944336,49480200
2025-08-18,575.03160521,576.35837271,573.83452495,575.69995117,575.69995117,29831000
2025-08-19,574.98177434,575.15134195,566.86164743,567.88916016,567.88916016,53752600
2025-08-20,566.94151194,567.06121389,557.47470700,564.51745605,564.51745605,76781100
2025-08-21,562.97114076,565.10592687,559.60937931,561.90380859,561.90380859,46436900
2025-08-22,563.29041786,572.58765515,561.89387478,570.57257080,570.57257080,51502100
2025-08-25,569.00639630,571.88928904,567.76937478,568.92657471,568.92657471,34044700
2025-08-26,568.43782222,571.52023872,567.41030947,571.21099854,571.21099854,34103000
2025-08-27,570.19354571,573.00660244,568.97649469,572.08886719,572.08886719,36927100
2025-08-28,572.70732957,576.58784020,571.06139736,575.67010498,575.67010498,46787900
2025-08-29,573.25594941,573.62510143,567.15090682,569.00640869,569.00640869,56030400
2025-09-02,559.93863058,564.58721869,558.17293548,564.23809814,564.23809814,65876800
2025-09-03,567.83927154,570.30326865,565.34537939,568.67724609,568.67724609,54230200
2025-09-04,569.34556462,574.19367611,567.63978144,573.82458496,573.82458496,47526300
2025-09-05,579.07169586,579.70016147,570.13362653,574.65252686,574.65252686,68342500
2025-09-08,576.95691009,579.42090699,576.35840037,577.45568848,577.45568848,46371400
2025-09-09,578.25376130,579.52067798,575.63018191,579.09173584,579.09173584,44007600
2025-09-10,582.31380077,582.34375670,577.13647851,579.28125000,579.28125000,49308000
2025-09-11,581.81497966,583.45098731,580.19894262,582.65295410,582.65295410,44745800
2025-09-12,583.61058645,586.42370383,582.67288066,585.22662354,585.22662354,50745900
2025-09-15,587.00230085,590.34409163,586.85264298,590.23437500,590.23437500,44360300
2025-09-16,591.16215574,591.41154496,589.04734007,589.73565674,589.73565674,36942100
2025-09-17,589.65582088,590.30425718,582.94228286,588.55853271,588.55853271,69384800
2025-09-18,593.45644616,596.67859579,591.51125925,593.86547852,593.86547852,61069300
2025-09-19,595.87059686,598.58392203,594.39417146,597.88562012,597.88562012,58196100
2025-09-22,596.97082698,602.09423065,596.95083321,601.42510986,601.42510986,57154800
2025-09-23,601.59491517,601.79467002,596.21183595,597.43029785,597.43029785,64635500
2025-09-24,598.80851035,599.12810591,592.59648221,595.33294678,595.33294678,49850300
2025-09-25,591.43799071,594.35421630,587.74273955,592.76629639,592.76629639,70920200
2025-09-26,593.58521436,595.53271745,590.29946961,595.20312500,595.20312500,54337400
2025-09-29,598.33911066,601.27533020,596.64128586,597.95959473,597.95959473,48332900
2025-09-30,597.65996699,599.93706247,595.33294803,599.59747314,599.59747314,46533800
2025-10-01,596.40156139,603.01303808,595.57267330,602.47375488,602.47375488,46899600
2025-10-02,606.27886722,606.37871417,602.15417660,604.95056152,604.95056152,43765400
2025-10-03,605.72960192,606.54855413,600.61619480,602.40386963,602.40386963,46482100
2025-10-06,607.66707759,608.57587981,605.19022733,606.92803955,606.92803955,41962100
2025-10-07,608.23638440,608.92549901,602.25410158,603.73217773,603.73217773,58209500
2025-10-08,604.63098885,610.96285796,604.48121843,610.65325928,610.65325928,50629800
2025-10-09,610.69314920,610.82298679,606.69829626,609.91418457,609.91418457,45551000
2025-10-10,610.61329942,612.39097729,588.29202193,588.74145508,588.74145508,97614800
2025-10-13,598.90833271,602.17414442,596.46147314,601.23535156,601.23535156,65872600
2025-10-14,594.54398868,601.91449742,589.37066130,597.23052979,597.23052979,69203200
2025-10-15,603.23280410,605.91934520,595.16318392,601.44506836,601.44506836,62805500
2025-10-16,604.33136354,607.52725815,594.73374378,599.21795654,599.21795654,70982000
2025-10-17,597.18060727,604.73087709,595.60262324,603.15289307,603.15289307,72024900
2025-10-20,606.35875023,612.01144015,606.28883299,610.75305176,610.75305176,45761700
2025-10-21,610.85299796,611.93156440,608.53597586,610.59332275,610.59332275,44538200
2025-10-22,610.03403516,610.62324184,598.96827527,604.71087646,604.71087646,61478800
2025-10-23,604.13162436,610.58333411,603.74217251,609.79437256,609.79437256,42844300
2025-10-24,615.19735115,617.62421698,614.33847240,616.30590820,616.30590820,47632500
2025-10-27,623.71644657,627.74122946,623.22708681,627.28186035,627.28186035,54098600
2025-10-28,629.54888727,633.86333594,628.44033016,632.10559082,632.10559082,61195700
2025-10-29,634.77220426,636.19036005,629.43904849,634.95196533,634.95196533,67422800
2025-10-30,631.35656629,632.68487204,625.13460197,625.24444580,625.24444580,61628600
2025-10-31,633.35397234,633.38396299,625.88361664,628.26055908,628.26055908,66305100
2025-11-03,634.29273193,635.00184025,629.03949069,631.26666260,631.26666260,37154300
2025-11-04,622.47802973,626.14329033,617.66422450,618.45318604,618.45318604,63830800
2025-11-05,617.69415184,625.79370171,616.41583057,622.47802734,622.47802734,48688500
2025-11-06,620.98990808,621.23958640,609.51470225,610.88293457,610.88293457,72115100
2025-11-07,607.52723072,609.16513502,597.89962074,608.95538330,608.95538330,81835400
2025-11-10,618.12358788,623.50666693,616.09623168,622.42803955,622.42803955,55919900
2025-11-11,619.77148939,621.91868630,616.72542616,620.77020264,620.77020264,44868800
2025-11-12,624.03599421,624.05592702,617.01501102,620.28082275,620.28082275,47444400
2025-11-13,616.74538061,617.32465138,605.30016536,607.61718750,607.61718750,71333600
2025-11-14,598.77852012,612.56075085,596.40157769,608.07653809,608.07653809,80087300
2025-11-17,605.51985747,611.69189831,599.09813831,602.88323975,602.88323975,63850400
2025-11-18,598.84846319,601.53500440,590.57914877,595.54272461,595.54272461,83327300
2025-11-19,596.30175947,605.38002927,593.82496999,599.09814453,599.09814453,73111500
2025-11-20,610.83300330,613.23993641,583.99758270,584.91638184,584.91638184,117743200
2025-11-21,586.71403898,596.21181166,579.99271837,589.31072998,589.31072998,103344200
2025-11-24,594.51405574,605.89935027,594.39415407,604.38128662,604.38128662,60168100
2025-11-25,602.73342435,609.47473858,596.55138709,608.10650635,608.10650635,57560900
2025-11-26,611.72186917,615.39712665,609.60460193,613.47961426,613.47961426,42393600
2025-11-28,615.31721177,618.52310328,614.62809718,618.45318604,618.45318604,23034400
2025-12-01,612.84043145,618.64295313,611.73187434,616.37585449,616.37585449,40957600
2025-12-02,618.66293627,622.94739420,616.79534735,621.19964600,621.19964600,54541800
2025-12-03,618.82270630,623.41676292,617.23478635,622.71771240,622.71771240,47841600
2025-12-04,624.12585733,624.13585421,618.74277834,622.13842773,622.13842773,47067800
2025-12-05,623.57661066,628.11074706,622.90748982,624.67517090,624.67517090,53614200
2025-12-08,626.40296815,628.03087565,620.89005143,623.47674561,623.47674561,43462400
2025-12-09,622.20837438,625.06467975,620.20095092,624.24572754,624.24572754,37156000
2025-12-10,623.04725750,628.40040703,620.19095214,626.80242920,626.80242920,55031400
2025-12-11,623.01734028,624.97484030,616.92515256,624.77508545,624.77508545,58272800
2025-12-12,621.27958072,622.73766311,610.57334255,612.83044434,612.83044434,75158700
2025-12-15,617.57433672,617.62426019,608.53599357,609.75439453,609.75439453,49538200
2025-12-16,607.47733011,612.72057466,606.12903065,610.96282959,610.96282959,55152800
2025-12-17,612.27113702,612.86040465,599.50761350,599.63739014,599.63739014,70654300
2025-12-18,609.01534751,612.14132496,606.13904838,608.32623291,608.32623291,78875800
2025-12-19,611.16256840,616.82525530,611.08265427,616.25598145,616.25598145,60369800
2025-12-22,621.34997559,621.65002441,617.77001953,619.21002197,619.21002197,43703100
2025-12-23,618.20001221,622.40997314,617.78002930,622.10998535,622.10998535,41120400
2025-12-24,621.98999023,624.28002930,621.71997070,623.92999268,623.92999268,18468700
2025-12-26,624.65997314,625.52001953,623.14001465,623.89001465,623.89001465,28959800
2025-12-29,620.09997559,622.78002930,618.72998047,620.86999512,620.86999512,32458300
2025-12-30,619.84002686,622.17999268,619.21997070,619.42999268,619.42999268,31226800
2025-12-31,619.65002441,619.96002197,614.04998779,614.30999756,614.30999756,40746500
2026-01-02,620.05999756,622.84997559,610.15002441,613.11999512,613.11999512,61859200
2026-01-05,619.32000732,620.80999756,616.71997070,617.98999023,617.98999023,46828400
2026-01-06,619.22998047,624.02001953,618.53997803,623.41998291,623.41998291,43137500
2026-01-07,623.03997803,627.94000244,622.55999756,624.02001953,624.02001953,44880300
2026-01-08,623.03002930,623.41998291,617.79998779,620.46997070,620.46997070,50435900
2026-01-09,621.40997314,627.89001465,619.05999756,626.65002441,626.65002441,49688700
2026-01-12,622.30999756,628.84997559,622.26000977,627.16998291,627.16998291,37388700
2026-01-13,627.27001953,629.46997070,623.70001221,626.23999023,626.23999023,44481400
2026-01-14,622.23999023,623.45001221,614.55999756,619.54998779,619.54998779,72598700
2026-01-15,626.59997559,630.00000000,620.75000000,621.78002930,621.78002930,53934900
2026-01-16,625.50000000,626.08001709,618.88000488,621.26000977,621.26000977,61058100
2026-01-20,610.53002930,615.05999756,607.04998779,608.05999756,608.05999756,81988900
2026-01-21,609.46997070,620.41998291,607.85998535,616.28002930,616.28002930,79837900
2026-01-22,622.34997559,622.46002197,617.78002930,620.76000977,620.76000977,42254800
2026-01-23,619.72998047,625.40002441,618.65002441,622.71997070,622.71997070,43645800
2026-01-26,623.21002197,627.60998535,622.11999512,625.46002197,625.46002197,35983000
2026-01-27,628.90997314,632.03997803,627.34002686,631.13000488,631.13000488,38997200
2026-01-28,635.46002197,636.59997559,631.80999756,633.21997070,633.21997070,50691700
2026-01-29,632.65002441,633.66998291,618.27001953,629.42999268,629.42999268,79944000
2026-01-30,625.71002197,628.26000977,619.29998779,621.86999512,621.86999512,65650700
2026-02-02,618.70001221,628.48999023,618.65997314,626.14001465,626.14001465,49020300
2026-02-03,628.29998779,629.97998047,610.96002197,616.52001953,616.52001953,81234000
2026-02-04,615.02001953,615.09997559,600.46997070,605.75000000,605.75000000,81850700
2026-02-05,600.21002197,604.80999756,594.76000977,597.03002930,597.03002930,89354500
2026-02-06,600.19000244,611.40997314,598.77001953,609.65002441,609.65002441,78019300
2026-02-09,607.53997803,616.46002197,605.07000732,614.32000732,614.32000732,56797600
2026-02-10,615.30999756,617.02001953,611.01000977,611.46997070,611.46997070,53938900
2026-02-11,616.38000488,617.52001953,607.69000244,613.10998535,613.10998535,58575100
2026-02-12,614.71002197,615.80999756,599.57000732,600.64001465,600.64001465,81378900
2026-02-13,600.42999268,606.47998047,596.41998291,601.91998291,601.91998291,69237500
2026-02-17,598.38000488,603.95001221,593.34002686,601.29998779,601.29998779,69013800
2026-02-18,602.10998535,609.77001953,600.71997070,605.78997803,605.78997803,64250700
2026-02-19,602.80999756,605.82000732,600.75000000,603.46997070,603.46997070,60960800
2026-02-20,600.11999512,610.34997559,599.22998047,608.80999756,608.80999756,74127300
2026-02-23,606.60998535,608.01000977,599.04998779,601.40997314,601.40997314,63859100
2026-02-24,602.40002441,608.98999023,599.72998047,607.86999512,607.86999512,55023700
2026-02-25,611.07000732,616.83001709,611.00000000,616.67999268,616.67999268,55710700
2026-02-26,615.48999023,615.53002930,603.97998047,609.23999023,609.23999023,94512312
