Date,Open,High,Low,Close,Adj Close,Volume
2020-04-10,0.83200502,1.31348705,0.69418699,0.95105398,0.95105398,87364276
2020-04-11,0.95105398,1.04907298,0.76502001,0.77681899,0.77681899,43862444
2020-04-12,0.78544801,0.95666999,0.76242602,0.88250703,0.88250703,38736897
2020-04-13,0.89076000,0.89160299,0.77397603,0.77783197,0.77783197,18211285
2020-04-14,0.77783197,0.79647201,0.62816900,0.66192502,0.66192502,16747614
2020-04-15,0.66928899,0.70496398,0.62153101,0.64665103,0.64665103,13075275
2020-04-16,0.63087898,0.77419198,0.62510699,0.69081599,0.69081599,21346031
2020-04-17,0.68931198,0.71961403,0.66072798,0.66072798,0.66072798,9870810
2020-04-18,0.66072798,0.71761799,0.65942699,0.68109602,0.68109602,9782112
2020-04-19,0.68151599,0.68464100,0.59848702,0.60696900,0.60696900,9289670
2020-04-20,0.61294800,0.63925397,0.52057803,0.53881198,0.53881198,8342616
2020-04-21,0.54138702,0.60458601,0.50854897,0.58765900,0.58765900,9711507
2020-04-22,0.58116603,0.70696402,0.56962103,0.69160098,0.69160098,18828400
2020-04-23,0.68534702,0.69807702,0.60032201,0.62745702,0.62745702,13485271
2020-04-24,0.62402099,0.67101997,0.61394101,0.63424200,0.63424200,9064190
2020-04-25,0.63052797,0.67094803,0.62154698,0.64332902,0.64332902,7311905
2020-04-26,0.65321499,0.69149899,0.63117099,0.63550597,0.63550597,8320760
2020-04-27,0.63571399,0.66028303,0.56102800,0.57237202,0.57237202,7406934
2020-04-28,0.57825297,0.69214797,0.56848401,0.66129303,0.66129303,7470201
2020-04-29,0.66228598,0.77777100,0.65527397,0.74584001,0.74584001,8801144
2020-04-30,0.74719501,0.80081600,0.68788099,0.69104499,0.69104499,5016892
2020-05-01,0.69104499,0.73707098,0.68590301,0.72879398,0.72879398,4164272
2020-05-02,0.72726798,0.74898100,0.70790398,0.71587598,0.71587598,3441356
2020-05-03,0.71479601,0.72980100,0.65661597,0.67953497,0.67953497,3328344
2020-05-04,0.67962497,0.70581198,0.61843401,0.66749102,0.66749102,3443698
2020-05-05,0.67343998,0.68621403,0.62649900,0.64183700,0.64183700,2847469
2020-05-06,0.64245403,0.67389101,0.62258399,0.62258399,0.62258399,2677563
2020-05-07,0.62258399,0.63226801,0.57337600,0.61297798,0.61297798,3355830
2020-05-08,0.61297798,0.63661802,0.58985198,0.60492200,0.60492200,2488195
2020-05-09,0.60404199,0.62542897,0.58844799,0.60452700,0.60452700,2128503
2020-05-10,0.60446101,0.61230302,0.51308101,0.53703398,0.53703398,2327581
2020-05-11,0.53625500,0.57186002,0.50519401,0.51527297,0.51527297,2098481
2020-05-12,0.51339102,0.55975902,0.50525099,0.53857601,0.53857601,2198625
2020-05-13,0.53837198,0.56487399,0.51803797,0.55053198,0.55053198,2326446
2020-05-14,0.55053198,0.58094603,0.55010998,0.56911802,0.56911802,2047897
2020-05-15,0.56919301,0.57462001,0.54709297,0.55975199,0.55975199,1850070
2020-05-16,0.55898100,0.60653400,0.55436099,0.59912002,0.59912002,2300409
2020-05-17,0.59522802,0.64019603,0.58917499,0.61298901,0.61298901,2936428
2020-05-18,0.61268198,0.67439300,0.60964900,0.65267003,0.65267003,3314359
2020-05-19,0.65097398,0.65447998,0.61124802,0.62445402,0.62445402,2380263
2020-05-20,0.62247503,0.62665600,0.57528299,0.57915598,0.57915598,2302926
2020-05-21,0.57969201,0.61378902,0.54334599,0.60891497,0.60891497,2863017
2020-05-22,0.60523897,0.67643201,0.58283001,0.63887501,0.63887501,3411419
2020-05-23,0.63741499,0.63884902,0.58824700,0.61303103,0.61303103,2638524
2020-05-24,0.61328900,0.61328900,0.54843199,0.54905301,0.54905301,2786816
2020-05-25,0.54856998,0.65013802,0.53806400,0.60085702,0.60085702,4509580
2020-05-26,0.59910399,0.61235303,0.56646299,0.57330698,0.57330698,2689697
2020-05-27,0.57330698,0.61108702,0.57144302,0.59098500,0.59098500,2536916
2020-05-28,0.59088397,0.59239799,0.56694800,0.57515502,0.57515502,2662788
2020-05-29,0.57469898,0.59340501,0.56685799,0.57941502,0.57941502,2066857
2020-05-30,0.58135498,0.60248899,0.56704998,0.58793300,0.58793300,2449095
2020-05-31,0.58790302,0.59399700,0.56924498,0.57002199,0.57002199,1892967
2020-06-01,0.57347202,0.58783901,0.56734800,0.57749498,0.57749498,2159877
2020-06-02,0.57714200,0.58972502,0.55229402,0.56466901,0.56466901,1295757
2020-06-03,0.56466901,0.59102499,0.56446099,0.58662099,0.58662099,877446
2020-06-04,0.58686697,0.59164000,0.56451797,0.58729899,0.58729899,901641
2020-06-05,0.58729899,0.69827902,0.57792503,0.66115499,0.66115499,4322092
2020-06-06,0.66107100,0.66161901,0.61178100,0.62244302,0.62244302,1604055
2020-06-07,0.62244302,0.62444401,0.59339797,0.61657798,0.61657798,716785
2020-06-08,0.61507797,0.67900097,0.61330998,0.66831303,0.66831303,1440234
2020-06-09,0.66778398,0.66808802,0.62724203,0.65800202,0.65800202,988327
2020-06-10,0.65803802,0.67004299,0.63340402,0.64486700,0.64486700,1096203
2020-06-11,0.64488798,0.65053499,0.57008201,0.57374197,0.57374197,1122221
2020-06-12,0.57405901,0.60465300,0.56992000,0.59386897,0.59386897,940323
2020-06-13,0.59394801,0.61143899,0.58548498,0.60894299,0.60894299,764757
2020-06-14,0.61092699,0.61825800,0.58089900,0.58707702,0.58707702,873416
2020-06-15,0.58837301,0.59189701,0.54728699,0.57063901,0.57063901,942666
2020-06-16,0.57057899,0.58982801,0.56868899,0.58557600,0.58557600,652020
2020-06-17,0.58549702,0.59012902,0.56511700,0.58156198,0.58156198,673274
2020-06-18,0.58158201,0.65030903,0.57928503,0.62095600,0.62095600,1349341
2020-06-19,0.62240702,0.83639801,0.62038398,0.68433201,0.68433201,6577471
2020-06-20,0.68252301,0.68858302,0.62562603,0.64359099,0.64359099,1714405
2020-06-21,0.64613497,0.74854201,0.63687998,0.67314899,0.67314899,2238347
2020-06-22,0.67257702,0.74311298,0.64587700,0.72684801,0.72684801,1620388
2020-06-23,0.72677302,0.76063299,0.70071203,0.70829701,0.70829701,1327340
2020-06-24,0.70853001,0.80069202,0.69350100,0.73699403,0.73699403,2769054
2020-06-25,0.73710001,0.75670499,0.69924003,0.71319401,0.71319401,1751581
2020-06-26,0.71253097,0.75199199,0.68153203,0.74114400,0.74114400,1664662
2020-06-27,0.73959702,0.75221097,0.67583799,0.71354800,0.71354800,1681428
2020-06-28,0.71354800,0.84397697,0.68709499,0.79849499,0.79849499,3412582
2020-06-29,0.79849499,0.88533902,0.77000898,0.85245401,0.85245401,2147791
2020-06-30,0.85302198,1.02917600,0.85010397,0.86009401,0.86009401,3887548
2020-07-01,0.86336398,0.90171498,0.82092702,0.83264202,0.83264202,1772560
2020-07-02,0.83211601,0.83712697,0.75366801,0.78021902,0.78021902,1749581
2020-07-03,0.78203601,0.78603500,0.75511301,0.76809299,0.76809299,1144958
2020-07-04,0.76794100,0.82315499,0.76145101,0.78037202,0.78037202,1644301
2020-07-05,0.78010100,0.78554702,0.64263499,0.69166398,0.69166398,3799016
2020-07-06,0.69166398,0.72104597,0.68658000,0.70790797,0.70790797,1120773
2020-07-07,0.70785803,0.78089303,0.70192200,0.75304800,0.75304800,1700041
2020-07-08,0.75304800,0.82752299,0.74341100,0.79671299,0.79671299,2220223
2020-07-09,0.79401797,0.88235801,0.75990599,0.85345298,0.85345298,2668724
2020-07-10,0.85330403,0.93962902,0.84285003,0.91355997,0.91355997,1856095
2020-07-11,0.91355997,0.92634702,0.85909498,0.92462403,0.92462403,1788814
2020-07-12,0.92385602,1.13097799,0.91411698,1.01671600,1.01671600,4693371
2020-07-13,1.01671600,1.28766298,1.00888395,1.17573404,1.17573404,4062069
2020-07-14,1.17247605,1.24600601,1.11916602,1.14807498,1.14807498,2213135
2020-07-15,1.14752305,1.39683497,1.14145803,1.28959799,1.28959799,3355229
2020-07-16,1.28403902,1.37496698,0.85504401,0.87244099,0.87244099,7486568
2020-07-17,0.87076098,1.04684198,0.80188400,0.97783703,0.97783703,8973774
2020-07-18,0.97751498,1.00071597,0.93172598,0.96658301,0.96658301,2923007
2020-07-19,0.96800399,0.97035402,0.89951497,0.92034900,0.92034900,2206671
2020-07-20,0.92051500,0.92158401,0.85187799,0.87308902,0.87308902,3036871
2020-07-21,0.87292802,1.00825405,0.86031598,0.97716600,0.97716600,4299502
2020-07-22,0.97719800,1.10470402,0.97248501,1.04408705,1.04408705,5295002
2020-07-23,1.04615498,1.10121799,0.99739403,1.04984403,1.04984403,2970423
2020-07-24,1.04984403,1.05395401,0.97478002,0.99534601,0.99534601,1991763
2020-07-25,0.99544001,1.43273997,0.99539697,1.25222301,1.25222301,9978279
2020-07-26,1.24472797,1.62464797,1.23828304,1.56510997,1.56510997,10463130
2020-07-27,1.56509805,2.04274011,1.56108701,1.77863598,1.77863598,32838355
2020-07-28,1.78411102,1.85867202,1.61176896,1.78406703,1.78406703,9692632
2020-07-29,1.78566206,2.09562206,1.59316599,1.65828896,1.65828896,10348945
2020-07-30,1.65828896,1.79644895,1.63571203,1.68680704,1.68680704,5222980
2020-07-31,1.68680704,1.68848801,1.51040494,1.53817797,1.53817797,4822046
2020-08-01,1.53275895,1.66222894,1.49887204,1.52661002,1.52661002,4589882
2020-08-02,1.52990997,1.74682295,1.41197300,1.74281001,1.74281001,7216576
2020-08-03,1.73229003,1.83003402,1.66872597,1.80261099,1.80261099,5836036
2020-08-04,1.80001199,1.94987500,1.79498398,1.87163901,1.87163901,5495665
2020-08-05,1.87073600,1.88812196,1.70950902,1.75454998,1.75454998,5405764
2020-08-06,1.75454998,2.22800303,1.74678302,2.20634794,2.20634794,11143557
2020-08-07,2.20316601,2.20316601,1.88557196,2.08590293,2.08590293,8068102
2020-08-08,2.08388901,2.56959009,2.02653790,2.47362494,2.47362494,10919229
2020-08-09,2.47155595,2.70682311,2.30250096,2.66522789,2.66522789,12107837
2020-08-10,2.66522789,3.39792895,2.52589798,3.13179302,3.13179302,22863251
2020-08-11,3.13104200,3.48653507,2.75363398,3.30341911,3.30341911,36356155
2020-08-12,3.30795789,3.91616797,3.10397911,3.76975107,3.76975107,28461707
2020-08-13,3.77070308,4.15581417,3.52852011,3.75597095,3.75597095,28236179
2020-08-14,3.76016808,3.78999710,3.33265400,3.40938807,3.40938807,18427950
2020-08-15,3.41255498,3.71994495,3.16546512,3.18379498,3.18379498,13155762
2020-08-16,3.18540597,3.47068810,3.13868809,3.38565302,3.38565302,10395313
2020-08-17,3.38565302,3.38599896,3.08798504,3.09860802,3.09860802,10723919
2020-08-18,3.10446906,3.70991111,2.89441395,3.32997608,3.32997608,30350145
2020-08-19,3.32869601,3.48386312,2.83810806,2.89904094,2.89904094,14838389
2020-08-20,2.89904094,3.43184304,2.89623594,3.20826697,3.20826697,13756478
2020-08-21,3.20971799,3.22328997,2.91377091,2.94366789,2.94366789,11796736
2020-08-22,2.94530797,3.19486499,2.75732708,3.02088594,3.02088594,10296805
2020-08-23,3.02086306,3.40341496,3.01883793,3.32243109,3.32243109,11991402
2020-08-24,3.31222200,3.60753894,3.22443104,3.34498596,3.34498596,15785208
2020-08-25,3.34966397,3.35824704,3.02771902,3.26484990,3.26484990,13444308
2020-08-26,3.26604104,3.79532409,3.19431090,3.55837488,3.55837488,22147431
2020-08-27,3.55784392,3.85470605,3.29221392,3.44506001,3.44506001,21031356
2020-08-28,3.45249510,4.30959320,3.44728088,4.01139307,4.01139307,27212888
2020-08-29,4.01421595,4.10524082,3.78711200,3.96880889,3.96880889,14585964
2020-08-30,3.97001100,4.70500517,3.91913199,4.43582296,4.43582296,22220239
2020-08-31,4.42167902,4.87294102,4.10968113,4.78204584,4.78204584,20950150
2020-09-01,4.78105021,4.94473124,4.34451580,4.34451580,4.34451580,16944927
2020-09-02,4.35269308,4.35593891,3.70516396,4.16447210,4.16447210,23655802
2020-09-03,4.16877222,4.44081402,3.52733994,3.52733994,3.52733994,26473634
2020-09-04,3.52339005,3.83410406,3.19889402,3.54579401,3.54579401,17729340
2020-09-05,3.55098391,3.66024399,2.19167495,2.59791589,2.59791589,25062205
2020-09-06,2.60031700,3.17563701,2.28819108,3.08604288,3.08604288,20375890
2020-09-07,3.08608389,3.18955994,2.39149308,2.92852807,2.92852807,17135013
2020-09-08,2.92762899,2.93973589,2.39864111,2.46897697,2.46897697,10163725
2020-09-09,2.47117805,3.75171590,2.38980603,3.63637805,3.63637805,52354542
2020-09-10,3.63637805,3.85130906,3.32080889,3.46983695,3.46983695,31177875
2020-09-11,3.46733499,3.50101304,3.04017091,3.42742801,3.42742801,17090627
2020-09-12,3.41910195,3.46705198,3.15072703,3.33265996,3.33265996,10368518
2020-09-13,3.33638096,3.46678209,3.00540209,3.22583890,3.22583890,15316353
2020-09-14,3.23152590,3.52493405,3.09417391,3.26913309,3.26913309,21301450
2020-09-15,3.26913309,3.32006693,2.91847301,2.93912101,2.93912101,11992538
2020-09-16,2.93930697,2.93930697,2.45383906,2.54539895,2.54539895,24199804
2020-09-17,2.54539895,2.93410206,2.37003398,2.89187407,2.89187407,23792220
2020-09-18,2.89187407,3.15931702,2.74167609,3.10793996,3.10793996,23510207
2020-09-19,3.11174703,3.25342011,2.97170401,3.02889109,3.02889109,10763973
2020-09-20,3.03102803,3.03287697,2.72013807,2.87090302,2.87090302,9217295
2020-09-21,2.87090302,3.02694011,2.50041890,2.78250909,2.78250909,19492894
2020-09-22,2.77368808,2.99436998,2.66860294,2.91551900,2.91551900,18556523
2020-09-23,2.93035507,3.06533790,2.74630308,2.83675694,2.83675694,16096650
2020-09-24,2.83812094,3.25156307,2.79564691,3.13271499,3.13271499,18993326
2020-09-25,3.14554405,3.26516509,2.91177201,3.18861198,3.18861198,15935143
2020-09-26,3.18803000,3.20390606,3.04126692,3.13470292,3.13470292,11018475
2020-09-27,3.13383794,3.17349911,3.01055098,3.15294695,3.15294695,9734368
2020-09-28,3.15270495,3.20419097,2.93595409,2.95667791,2.95667791,10950201
2020-09-29,2.95836091,3.01009488,2.90178990,2.94643307,2.94643307,8821253
2020-09-30,2.94907403,2.97934794,2.83566999,2.89787602,2.89787602,7767702
2020-10-01,2.89816189,2.98583388,2.65739799,2.86102796,2.86102796,10825966
2020-10-02,2.86419702,2.87663507,2.45779109,2.62608290,2.62608290,15856539
2020-10-03,2.62733507,2.66949511,2.54730296,2.54730296,2.54730296,6155891
2020-10-04,2.54301190,2.58803606,2.42888904,2.51599503,2.51599503,7075729
2020-10-05,2.51913500,2.66262388,2.46731997,2.65764403,2.65764403,8105684
2020-10-06,2.65520000,2.65520000,2.14769197,2.17624998,2.17624998,9739071
2020-10-07,2.17580891,2.39193702,2.09576011,2.29179597,2.29179597,11759752
2020-10-08,2.29998207,2.43060994,2.02852607,2.36522007,2.36522007,14931922
2020-10-09,2.36774206,2.62526798,2.31709003,2.53985906,2.53985906,12002959
2020-10-10,2.53693295,2.59409499,2.40317202,2.40609002,2.40609002,8842884
2020-10-11,2.40736699,2.45756602,2.34492111,2.42657804,2.42657804,7170647
2020-10-12,2.42611504,2.69863892,2.41586208,2.58707190,2.58707190,12289969
2020-10-13,2.58489108,2.58489108,2.34817100,2.40491009,2.40491009,11415737
2020-10-14,2.40819597,2.43661404,2.24625707,2.31463504,2.31463504,9436239
2020-10-15,2.31480002,2.33579612,2.20341802,2.26643610,2.26643610,8332483
2020-10-16,2.26519990,2.26567101,2.12792110,2.14938593,2.14938593,13637728
2020-10-17,2.14563608,2.23830509,2.13240910,2.20184302,2.20184302,6612612
2020-10-18,2.20274997,2.24884605,2.17832708,2.21426702,2.21426702,6294162
2020-10-19,2.21337199,2.21351194,2.05321097,2.05807996,2.05807996,8248860
2020-10-20,2.05810189,2.09786105,1.85415399,1.88867199,1.88867199,13129043
2020-10-21,1.88861203,2.06620598,1.86123502,1.89037800,1.89037800,19275509
2020-10-22,1.89037204,2.08243394,1.88981700,1.95565295,1.95565295,11445663
2020-10-23,1.95706797,1.98477101,1.85330999,1.96003497,1.96003497,11497445
2020-10-24,1.96003497,1.96165001,1.88234401,1.91182804,1.91182804,7581827
2020-10-25,1.91182804,1.92294204,1.76864398,1.78745902,1.78745902,9092334
2020-10-26,1.78745902,1.86299002,1.62936497,1.68546605,1.68546605,13396736
2020-10-27,1.68546605,1.74540305,1.60528696,1.71023202,1.71023202,14384427
2020-10-28,1.71023202,1.71902704,1.39457202,1.49005306,1.49005306,17089719
2020-10-29,1.49005306,1.56689203,1.41242599,1.42893600,1.42893600,8024138
2020-10-30,1.42893600,1.46731901,1.34221303,1.44133604,1.44133604,8528336
2020-10-31,1.44133604,1.54932702,1.42989397,1.54069996,1.54069996,6449388
2020-11-01,1.54069996,1.63790298,1.51354301,1.59984004,1.59984004,6877557
2020-11-02,1.59984004,1.63018000,1.46769500,1.47407198,1.47407198,6366346
2020-11-03,1.47407198,1.48050106,1.41218603,1.41223395,1.41223395,6536977
2020-11-04,1.41223395,1.41289794,1.28186798,1.39225495,1.39225495,11406316
2020-11-05,1.39225495,1.48617005,1.30382502,1.40521801,1.40521801,8924132
2020-11-06,1.40521801,1.94070697,1.40001094,1.91374004,1.91374004,22547497
2020-11-07,1.91374004,2.48136902,1.84483099,2.03196406,2.03196406,51426100
2020-11-08,2.03196406,2.26477909,1.97440195,2.15659809,2.15659809,25931043
2020-11-09,2.15659809,2.18931293,1.95875299,2.02865195,2.02865195,18210626
2020-11-10,2.02865195,2.30798793,2.01232100,2.24798703,2.24798703,16170833
2020-11-11,2.24798703,2.28414106,1.97416496,2.00212502,2.00212502,13877949
2020-11-12,2.00212502,2.05029798,1.83172798,1.89913797,1.89913797,11506048
2020-11-13,1.89913797,2.06111598,1.89913797,2.02079201,2.02079201,11621744
2020-11-14,2.02079201,2.03349090,1.87527895,1.91701603,1.91701603,8134593
2020-11-15,1.91701603,2.20905900,1.91684794,2.04323411,2.04323411,18621333
2020-11-16,2.04323411,2.36021090,1.99485302,2.25535488,2.25535488,22156135
2020-11-17,2.28108001,2.31818604,2.13259006,2.20218110,2.20218110,17074175
2020-11-18,2.20218110,2.20592189,2.01269293,2.11502910,2.11502910,14629648
2020-11-19,2.11502910,2.17502189,2.01816607,2.07676911,2.07676911,10155987
2020-11-20,2.07676911,2.23039103,2.05697203,2.09539199,2.09539199,11113990
2020-11-21,2.09539199,2.49882793,2.04852390,2.38220501,2.38220501,20288343
2020-11-22,2.38220501,2.40382099,2.05393791,2.14484501,2.14484501,16416065
2020-11-23,2.14484501,2.35159898,2.12031507,2.27637696,2.27637696,15487339
2020-11-24,2.27724099,2.46638393,2.14379501,2.26796699,2.26796699,25036626
2020-11-25,2.26948500,2.47758698,2.18277693,2.27003407,2.27003407,24870951
2020-11-26,2.26653409,2.29170203,1.74149299,1.90303695,1.90303695,33038223
2020-11-27,1.90333498,1.97065306,1.78036296,1.85794902,1.85794902,13307808
2020-11-28,1.85982502,1.93971503,1.81070995,1.88893497,1.88893497,11661883
2020-11-29,1.88791299,1.94388497,1.85722697,1.91515505,1.91515505,6139511
2020-11-30,1.91514206,2.01359105,1.91192997,1.96689105,1.96689105,8716571
2020-12-01,1.96832097,2.13034105,1.93226397,1.97630799,1.97630799,12847022
2020-12-02,1.97726595,2.18743706,1.95669997,2.11540103,2.11540103,15849828
2020-12-03,2.11711693,2.22130990,2.08503008,2.10037088,2.10037088,18106122
2020-12-04,2.09860206,2.11207104,1.84734499,1.85595298,1.85595298,9019864
2020-12-05,1.85596800,1.98072195,1.82549405,1.97877395,1.97877395,7750781
2020-12-06,1.97865796,1.98389804,1.81585395,1.85424900,1.85424900,7167230
2020-12-07,1.85345101,1.89568806,1.80948496,1.83117294,1.83117294,6425070
2020-12-08,1.83122206,1.83158100,1.64510596,1.66535199,1.66535199,11304051
2020-12-09,1.66462195,1.67427695,1.50367606,1.66230404,1.66230404,10461119
2020-12-10,1.66241395,1.66513503,1.54524004,1.57415104,1.57415104,6167983
2020-12-11,1.57236600,1.57670903,1.44060194,1.44458497,1.44458497,8273918
2020-12-12,1.44158995,1.53742898,1.44070601,1.49091196,1.49091196,7085231
2020-12-13,1.49071503,1.64291596,1.45811796,1.56545603,1.56545603,8389349
2020-12-14,1.56796801,1.62286901,1.52369797,1.59164596,1.59164596,8672052
2020-12-15,1.59103000,1.79941297,1.58926296,1.76067102,1.76067102,19470080
2020-12-16,1.76009202,1.78758395,1.61001801,1.78359795,1.78359795,18277631
2020-12-17,1.78389204,1.80312002,1.65521705,1.67863405,1.67863405,15461477
2020-12-18,1.67902398,1.70632696,1.63698697,1.69879997,1.69879997,7879397
2020-12-19,1.69926703,1.76425397,1.66426301,1.66865098,1.66865098,9095045
2020-12-20,1.67071402,1.68443000,1.52771401,1.56357598,1.56357598,9093229
2020-12-21,1.56377494,1.61832595,1.49515104,1.54191506,1.54191506,8333991
2020-12-22,1.53960896,1.57407999,1.47448504,1.49028599,1.49028599,11066565
2020-12-23,1.49021995,1.51058495,1.09016097,1.20569205,1.20569205,16776307
2020-12-24,1.20770502,1.38366795,1.17300701,1.36240804,1.36240804,9236939
2020-12-25,1.36149597,1.45292401,1.34723604,1.44540298,1.44540298,9359549
2020-12-26,1.44601405,1.44751704,1.31342399,1.32423794,1.32423794,6798656
2020-12-27,1.32507396,1.40874505,1.26824999,1.30304205,1.30304205,12286531
2020-12-28,1.30399299,1.51703799,1.29434896,1.51568496,1.51568496,12668150
2020-12-29,1.51546204,1.72758198,1.43972003,1.67434502,1.67434502,26355259
2020-12-30,1.66969395,1.68079102,1.52983296,1.53545702,1.53545702,12663616
2020-12-31,1.53560603,1.55060995,1.43026304,1.51089799,1.51089799,12763260
2021-01-01,1.50977504,1.85965598,1.50203800,1.84208405,1.84208405,25722549
2021-01-02,1.84558594,1.98929501,1.72148204,1.79927504,1.79927504,31671064
2021-01-03,1.79990196,2.36498094,1.79990196,2.16175199,2.16175199,55073422
2021-01-04,2.16241193,2.48509693,1.87634206,2.48509693,2.48509693,59955405
2021-01-05,2.49098206,2.50261593,2.07774210,2.15721703,2.15721703,50555207
2021-01-06,2.15962601,2.18589211,1.90758502,1.92921698,1.92921698,50263975
2021-01-07,1.93658602,2.61183095,1.93304300,2.37274504,2.37274504,159870278
2021-01-08,2.36874008,3.77932000,2.18092895,3.21988702,3.21988702,206412154
2021-01-09,3.22354102,3.66278791,2.93830705,3.38538194,3.38538194,91906875
2021-01-10,3.39002609,3.73355103,3.19623494,3.46611094,3.46611094,62766977
2021-01-11,3.46106505,3.51357102,2.59712410,3.10808992,3.10808992,82877500
2021-01-12,3.10368800,3.84441590,3.08003497,3.61339808,3.61339808,73484689
2021-01-13,3.62838292,3.62882495,3.27492094,3.51378202,3.51378202,57994893
2021-01-14,3.51603603,3.54286599,3.18197393,3.27816391,3.27816391,59283112
2021-01-15,3.28039908,3.43592191,2.98519111,3.25016093,3.25016093,45331739
2021-01-16,3.24893403,3.70323205,3.24893403,3.44705510,3.44705510,68035606
2021-01-17,3.43487000,3.96537209,3.31974602,3.81813908,3.81813908,85407766
2021-01-18,3.82213092,4.14792013,3.65576100,3.79551506,3.79551506,70601713
2021-01-19,3.79204297,4.03144884,3.60902309,3.64186597,3.64186597,44547768
2021-01-20,3.63557506,3.73700309,3.34408402,3.72357798,3.72357798,46698656
2021-01-21,3.72166991,3.73432589,2.98269606,2.99053597,2.99053597,43834765
2021-01-22,2.98991990,3.49714589,2.54098606,3.34622908,3.34622908,63361382
2021-01-23,3.34103489,3.59730196,3.31576204,3.50411201,3.50411201,27904470
2021-01-24,3.50711012,3.79304910,3.48949409,3.63441110,3.63441110,32747555
2021-01-25,3.63464499,3.97435689,3.45130992,3.69998097,3.69998097,80055958
2021-01-26,3.69895911,4.09691620,3.68263197,4.04734993,4.04734993,78823456
2021-01-27,4.04863024,4.04863024,3.53160191,3.69058704,3.69058704,35195110
2021-01-28,3.68636990,3.94349098,3.60988092,3.82207203,3.82207203,31410527
2021-01-29,3.86158109,3.89260197,3.63938594,3.83467603,3.83467603,44053151
2021-01-30,3.83768201,4.31197596,3.77410412,4.22427607,4.22427607,53378198
2021-01-31,4.23731422,4.78701019,4.17049789,4.26414394,4.26414394,78376267
2021-02-01,4.26125097,4.61160183,4.11825514,4.61160183,4.61160183,39361629
2021-02-02,4.61374092,5.40364218,4.48011923,5.26750803,5.26750803,98755962
2021-02-03,5.24659204,5.78078079,5.07273817,5.71599007,5.71599007,49386327
2021-02-04,5.73174810,6.53101110,5.60323620,6.42606497,6.42606497,108249482
2021-02-05,6.43536997,7.12711716,6.42644691,6.68171978,6.68171978,92892157
2021-02-06,6.68730116,6.79913092,5.71382809,6.11080694,6.11080694,102365494
2021-02-07,6.11764479,6.87151384,5.76859188,6.70046282,6.70046282,105451103
2021-02-08,6.70244694,8.05593300,6.48892784,7.88325024,7.88325024,155254261
2021-02-09,7.86979485,8.46778393,7.57021523,7.81679296,7.81679296,121037873
2021-02-10,7.81855202,9.07260418,7.61384678,9.07221413,9.07221413,120679902
2021-02-11,9.08035660,9.70700359,8.76131630,9.21535206,9.21535206,53600048
2021-02-12,9.21479034,9.92445183,9.07901192,9.24701214,9.24701214,91484664
2021-02-13,9.23603344,9.49903870,8.68300915,8.73245525,8.73245525,91417968
2021-02-14,8.74298859,9.22029972,8.55971527,8.73889637,8.73889637,93500423
2021-02-15,8.72426605,9.31063843,7.84047079,8.86173916,8.86173916,109854635
2021-02-16,8.86074829,8.98036766,7.98355722,8.29786682,8.29786682,71625205
2021-02-17,8.29868889,8.43329811,7.54439878,8.22257710,8.22257710,89948578
2021-02-18,8.23287106,9.27917480,8.23287106,8.98045158,8.98045158,77306770
2021-02-19,8.97996998,11.68057728,8.55698109,11.46565342,11.46565342,261175711
2021-02-20,11.47808743,11.78673744,9.81585407,10.00266361,10.00266361,140264810
2021-02-21,9.98754978,11.64028931,9.88704681,11.08551311,11.08551311,137742366
2021-02-22,11.07303619,14.54564095,9.25590420,14.45478535,14.45478535,574136241
2021-02-23,14.42162609,15.74337101,11.59989357,15.20153809,15.20153809,485252846
2021-02-24,15.21384239,18.14662170,14.86179924,17.30270767,17.30270767,375439707
2021-02-25,17.23018265,17.69544411,13.79591274,13.81601429,13.81601429,364505276
2021-02-26,13.86589146,15.48370457,13.12014103,13.58794117,13.58794117,289687328
2021-02-27,13.60157394,14.61206532,13.05727291,13.20116806,13.20116806,247640940
2021-02-28,13.20776653,13.77901554,11.48998260,13.08924675,13.08924675,300493226
2021-03-01,13.10843468,15.51605701,13.05738544,14.95558834,14.95558834,306451693
2021-03-02,14.96684456,15.22412491,13.46074867,13.95892143,13.95892143,178549852
2021-03-03,13.96354008,14.72935867,13.76704884,14.11559105,14.11559105,153830742
2021-03-04,14.09486675,14.26036072,12.77126980,13.09798336,13.09798336,116364466
2021-03-05,13.06630611,13.07986164,12.18460846,12.61044312,12.61044312,90978408
2021-03-06,12.56993675,13.27048111,11.90122795,13.03645802,13.03645802,118851546
2021-03-07,13.04392719,13.99690342,12.72638512,13.87773228,13.87773228,117548176
2021-03-08,13.82681465,13.87082577,13.08228874,13.60218811,13.60218811,115525659
2021-03-09,13.61529064,14.98644447,13.32018661,14.84631062,14.84631062,134867044
2021-03-10,14.85092926,15.18793774,14.07906437,14.23108387,14.23108387,103150901
2021-03-11,14.21983719,16.23939896,13.70422554,15.99227905,15.99227905,229272516
2021-03-12,16.02091980,16.48579597,14.11122894,14.55214214,14.55214214,185287457
2021-03-13,14.56380272,15.39439774,13.92005634,15.30880260,15.30880260,145102757
2021-03-14,15.30158138,15.34983158,14.37876415,14.50826645,14.50826645,90232804
2021-03-15,14.47712708,14.79047298,13.69805717,14.18666172,14.18666172,102600692
2021-03-16,14.16391182,14.28289604,13.22981453,13.62277317,13.62277317,112303590
2021-03-17,13.63496399,14.26679707,13.13052940,14.22020340,14.22020340,94696339
2021-03-18,14.21067715,14.74547672,13.82728386,14.23002529,14.23002529,79074263
2021-03-19,14.23264980,14.48821926,13.93245792,14.20479584,14.20479584,68715211
2021-03-20,14.19582558,14.97821808,14.15204525,14.21198082,14.21198082,68049683
2021-03-21,14.21832848,14.36572266,13.66825390,14.33220577,14.33220577,64229338
2021-03-22,14.35027790,16.59987259,14.20288563,14.91929340,14.91929340,260995136
2021-03-23,14.84861946,15.24370861,14.09705734,14.20483112,14.20483112,106780662
2021-03-24,14.19039631,15.37143135,13.66129780,13.66129780,13.66129780,118813690
2021-03-25,13.65058613,13.70524979,12.61472511,13.02508545,13.02508545,116277943
2021-03-26,13.01952839,14.80429363,12.37045765,14.77942085,14.77942085,149987319
2021-03-27,14.78624630,16.80416489,14.75804615,16.50832176,16.50832176,223872587
2021-03-28,16.47942352,19.38600540,16.34500885,18.01623344,18.01623344,426120062
2021-03-29,18.08330345,18.98784256,17.70036316,18.85480881,18.85480881,216748601
2021-03-30,18.89140320,20.86947441,18.89140320,19.23392487,19.23392487,264028427
2021-03-31,19.10168457,19.79580116,18.15625572,19.46522903,19.46522903,206011018
2021-04-01,19.41568184,20.36153984,18.84424591,19.08490181,19.08490181,173731886
2021-04-02,19.08463097,19.82457352,18.56841850,19.81022263,19.81022263,131061660
2021-04-03,19.79645157,23.82718849,19.78944969,22.55227661,22.55227661,483057740
2021-04-04,22.52737045,25.56953239,22.21296883,24.06132317,24.06132317,426557980
2021-04-05,23.92883873,24.77763748,22.80645180,22.98428345,22.98428345,264085329
2021-04-06,22.97784042,25.34652519,21.87661362,24.95714569,24.95714569,320886935
2021-04-07,25.14555931,27.48761559,23.08935928,26.47808075,26.47808075,676846221
2021-04-08,26.51459312,27.97001076,25.72493553,27.03398705,27.03398705,377988327
2021-04-09,26.98580360,29.01473427,26.90382576,27.77827454,27.77827454,282477938
2021-04-10,27.64971161,28.25797081,25.96322632,26.84140396,26.84140396,270235258
2021-04-11,26.80805016,28.68722725,25.57831955,27.93189049,27.93189049,232938762
2021-04-12,27.91836739,29.86230278,26.84274292,28.51212311,28.51212311,308804546
2021-04-13,28.54101181,28.79794121,26.41760254,27.43555260,27.43555260,258183912
2021-04-14,27.40000534,27.48269272,24.79202080,26.47511101,26.47511101,342565805
2021-04-15,26.43684387,28.24939919,25.53941536,27.81831360,27.81831360,221346739
2021-04-16,27.82032394,28.22687912,24.97291756,25.39736557,25.39736557,240665351
2021-04-17,25.36920547,26.81976700,25.09987450,25.09987450,25.09987450,201720376
2021-04-18,25.13550186,32.90256882,21.53920937,32.30291748,32.30291748,1155150688
2021-04-19,32.33952332,36.08025742,29.92590714,31.67589569,31.67589569,1219130981
2021-04-20,31.47628975,32.69721985,28.93257141,31.77005386,31.77005386,793008154
2021-04-21,31.68153763,35.00430298,30.16749191,32.51304245,32.51304245,729130141
2021-04-22,32.68342972,40.97186279,31.60069084,38.87976074,38.87976074,1638622971
2021-04-23,38.89918137,41.46326065,31.66427040,36.97842026,36.97842026,1612232268
2021-04-24,37.25749588,43.53222275,34.68329239,40.73731613,40.73731613,1101380795
2021-04-25,40.84547043,48.43426514,40.51201630,47.36762619,47.36762619,1583800800
2021-04-26,47.54185486,48.31078339,43.37172699,43.97651672,43.97651672,1357487872
2021-04-27,43.89356995,46.54861069,42.55732727,43.23900223,43.23900223,904891996
2021-04-28,43.16144180,46.91656494,40.67207336,44.82598495,44.82598495,1021154320
2021-04-29,44.84994888,46.07149124,40.95098495,42.46054077,42.46054077,772259307
2021-04-30,42.50004578,44.27015305,41.24350357,42.95600128,42.95600128,534976437
2021-05-01,42.89333725,49.84457779,42.03086472,49.50802231,49.50802231,859524423
2021-05-02,49.50080490,49.89667130,45.98182297,46.89098740,46.89098740,571072187
2021-05-03,46.90397644,49.00945282,45.04447556,45.93368912,45.93368912,609194252
2021-05-04,45.98336029,47.75715637,42.31310272,42.72955704,42.72955704,682976428
2021-05-05,42.63723755,45.92779160,42.31573486,44.92357635,44.92357635,503781975
2021-05-06,44.97405243,44.97405243,42.59158325,43.45567703,43.45567703,391497018
2021-05-07,43.50265503,46.05956268,41.43837357,43.15501785,43.15501785,514344601
2021-05-08,43.15206528,46.63902664,42.29801941,45.56153107,45.56153107,451056655
2021-05-09,45.61763000,47.12121582,43.29694366,44.33019638,44.33019638,510603312
2021-05-10,44.34209442,45.87750244,39.55884933,42.90963364,42.90963364,499528076
2021-05-11,42.87227249,45.15120316,39.76296997,44.57746887,44.57746887,473731333
2021-05-12,44.59152603,48.97903442,42.45730972,42.45730972,42.45730972,1151668076
2021-05-13,43.23508453,45.41709900,37.52689362,40.99785233,40.99785233,1016860656
2021-05-14,41.03451920,44.79143524,39.98605347,42.71786499,42.71786499,504167711
2021-05-15,42.69994736,45.39178848,39.37460709,43.46130753,43.46130753,500445722
2021-05-16,43.40169144,52.50135040,41.91549683,47.20082855,47.20082855,1990976771
2021-05-17,46.89802170,51.87602997,43.30291748,46.86320496,46.86320496,1951921366
2021-05-18,46.66041946,58.30292511,46.18755722,55.91096115,55.91096115,2025388219
2021-05-19,56.08925629,57.52577209,29.42985916,35.10718155,35.10718155,2772224999
2021-05-20,35.04304504,51.25844955,32.31814194,44.74274826,44.74274826,2487748626
2021-05-21,44.44725418,47.64559174,33.83739471,38.81285095,38.81285095,1769762028
2021-05-22,38.98838043,40.00957870,31.25486183,31.31558228,31.31558228,1078751751
2021-05-23,31.22576714,32.43626785,19.13983917,24.68874741,24.68874741,1925832341
2021-05-24,24.49831963,32.09445190,24.49831963,31.28357124,31.28357124,1346786023
2021-05-25,31.39634705,33.13012695,26.10007477,29.99707794,29.99707794,909470305
2021-05-26,30.04799080,37.23763657,29.00855446,35.53981781,35.53981781,1069991365
2021-05-27,35.48244858,35.52705002,31.12712860,33.58459091,33.58459091,649389058
2021-05-28,33.67552567,34.50250626,28.06714439,29.03927612,29.03927612,600255582
2021-05-29,29.00312996,30.02233887,25.75094032,27.37642097,27.37642097,376859866
2021-05-30,27.40831566,29.74925423,25.65029335,28.60265923,28.60265923,359661704
2021-05-31,28.60424042,32.98358917,27.52474594,32.81624603,32.81624603,534826504
2021-06-01,32.77088547,33.28991699,29.88017273,30.98526001,30.98526001,432053117
2021-06-02,30.93523788,35.03815460,30.43285751,33.95631790,33.95631790,497567418
2021-06-03,34.01871490,41.14537811,33.79223251,39.47090530,39.47090530,960056106
2021-06-04,39.58130264,39.60986328,34.31090164,37.41506958,37.41506958,1056279506
2021-06-05,37.41737747,42.82267380,37.09910965,39.58539963,39.58539963,1112426664
2021-06-06,39.74912643,43.37719345,38.96399689,42.30837631,42.30837631,794387364
2021-06-07,42.25367737,44.10055923,38.09083939,38.26233292,38.26233292,923157614
2021-06-08,38.25127029,42.47829056,33.68545914,41.51781464,41.51781464,1786996802
2021-06-09,41.27979279,43.99756622,39.36863327,42.03177643,42.03177643,1218831041
2021-06-10,42.02403641,43.00490952,39.59678268,41.09867477,41.09867477,595246689
2021-06-11,41.11015320,41.31248474,35.31117249,36.04608536,36.04608536,518666603
2021-06-12,36.16435242,37.61422348,34.31815720,36.44168854,36.44168854,549070417
2021-06-13,36.51470947,39.35997391,34.78298950,38.77043533,38.77043533,452988674
2021-06-14,38.70452118,40.47652054,36.81413269,38.71305466,38.71305466,477871463
2021-06-15,40.53583908,41.75867462,39.43581390,41.15364838,41.15364838,605285143
2021-06-16,39.54534912,41.49630737,37.50349808,39.70361710,39.70361710,576016902
2021-06-17,39.68927002,41.23743057,38.28608322,39.26459122,39.26459122,417775600
2021-06-18,39.26678467,39.42712784,35.00401688,36.64879608,36.64879608,424163369
2021-06-19,36.81910706,37.35458755,34.98160553,35.35343552,35.35343552,264640750
2021-06-20,35.23702621,35.92838669,31.36209488,35.32201385,35.32201385,452587531
2021-06-21,35.26143646,35.49761581,25.94907951,26.65740013,26.65740013,760344541
2021-06-22,26.59283066,28.71296883,20.38044357,26.77185631,26.77185631,1258580061
2021-06-23,26.91294289,32.77296066,25.69648552,30.04888725,30.04888725,1111302687
2021-06-24,30.84607887,32.99131012,28.54838562,31.18103409,31.18103409,641150364
2021-06-25,31.16853142,32.90251541,28.03507996,28.69886208,28.69886208,632052177
2021-06-26,28.60789871,30.00703621,26.71081352,29.71285439,29.71285439,560342710
2021-06-27,29.75263977,31.92939186,29.27119637,31.92939186,31.92939186,497353288
2021-06-28,31.88083076,34.24322510,31.03512764,32.92778015,32.92778015,473612135
2021-06-29,33.00978470,35.78857803,32.72668457,33.86680222,33.86680222,471854279
2021-06-30,33.96297073,35.95472336,31.60135078,35.55640411,35.55640411,570984168
2021-07-01,35.50565338,35.53819275,32.38627243,33.40403366,33.40403366,474665321
2021-07-02,33.30630875,34.03178787,31.47992325,34.02048111,34.02048111,440298780
2021-07-03,34.01557541,35.40476990,33.29847336,34.47881699,34.47881699,327019964
2021-07-04,34.49511719,35.50237274,33.55573654,34.31060028,34.31060028,303420520
2021-07-05,34.28255081,34.46182251,32.48269272,32.98458862,32.98458862,313839322
2021-07-06,32.93030548,34.97831726,32.93030548,34.26913834,34.26913834,365336040
2021-07-07,34.23280716,38.01170349,33.84202957,36.59136963,36.59136963,519252659
2021-07-08,36.71971893,36.91528320,32.80227280,33.20372772,33.20372772,498201257
2021-07-09,33.13433075,34.38794708,31.99104881,33.26464844,33.26464844,327170629
2021-07-10,33.31843948,34.14048767,31.18678474,31.78864479,31.78864479,296566657
2021-07-11,31.69303894,32.53633499,31.41175652,32.17784119,32.17784119,211679810
2021-07-12,32.17338943,32.64405441,30.07420158,30.84808731,30.84808731,221058993
2021-07-13,30.78640366,31.09370422,28.91860771,29.12118912,29.12118912,197825362
2021-07-14,29.14269257,31.43533897,27.51570320,31.28100014,31.28100014,331866434
2021-07-15,31.36070061,31.48340416,28.00840378,28.45210075,28.45210075,329918376
2021-07-16,28.54906654,29.44220352,26.22880936,26.37000847,26.37000847,374718328
2021-07-17,26.25412369,27.69698715,26.04067039,26.72166824,26.72166824,289689475
2021-07-18,26.78417015,27.73356438,26.36097717,26.75190926,26.75190926,230336396
2021-07-19,26.67123985,26.72174644,24.01224518,24.44757652,24.44757652,361915410
2021-07-20,24.51030159,24.97560310,22.17754173,23.48955536,23.48955536,413439963
2021-07-21,23.44345665,27.41649818,22.86536980,26.62307930,26.62307930,555770206
2021-07-22,26.66532326,28.13599014,25.95220947,27.70208168,27.70208168,364666998
2021-07-23,27.70650864,28.69061089,26.42571068,28.51387978,28.51387978,407955237
2021-07-24,28.51790047,29.50779915,28.06863785,28.70261955,28.70261955,353750758
2021-07-25,28.64940071,28.87297821,26.52855301,28.16877365,28.16877365,309208018
2021-07-26,28.22702599,31.05401611,27.90379715,28.30664253,28.30664253,743673802
2021-07-27,28.21049881,28.95267105,27.00543022,28.06532669,28.06532669,375599550
2021-07-28,28.14564133,28.74695396,27.41233253,27.81541061,27.81541061,315682626
2021-07-29,27.87797546,31.88614845,27.37243843,31.28113747,31.28113747,448009571
2021-07-30,31.27541542,33.05512619,30.06767273,32.39394379,32.39394379,617830199
2021-07-31,32.35328674,36.86825943,31.68321991,36.82731247,36.82731247,587168181
2021-08-01,36.67912674,36.71991348,33.28300476,34.25436020,34.25436020,490639931
2021-08-02,34.19056320,35.91239548,33.06065369,33.22241974,33.22241974,407399691
2021-08-03,33.19142532,35.83309174,32.40266037,33.99644089,33.99644089,474629269
2021-08-04,34.10835648,36.65247726,33.27318192,35.76362610,35.76362610,413657602
2021-08-05,35.77197647,38.20886612,35.53385544,37.35513687,37.35513687,595137193
2021-08-06,37.35535812,40.38808441,35.68829346,39.44610214,39.44610214,589190671
2021-08-07,39.49230194,40.50587845,37.62660217,39.40347290,39.40347290,534979916
2021-08-08,39.46590424,39.53329086,36.93557739,37.67382431,37.67382431,358570315
2021-08-09,37.66049576,40.00484085,36.48117065,38.76778412,38.76778412,377034585
2021-08-10,38.67881012,41.66090775,38.22317123,40.63979721,40.63979721,452480699
2021-08-11,40.64894104,43.73913956,40.62823868,41.74411392,41.74411392,507980107
2021-08-12,41.70451355,43.40190887,39.38155746,41.09936142,41.09936142,527833804
2021-08-13,41.11436844,44.90052414,40.72161865,44.89450073,44.89450073,541894525
2021-08-14,44.85142517,44.87123871,42.93766022,44.11285019,44.11285019,363834257
2021-08-15,44.14995575,54.62955093,43.45000839,53.74515915,53.74515915,1448656564
2021-08-16,53.54114914,68.82237244,52.46585083,62.43246460,62.43246460,3799339365
2021-08-17,62.11532974,74.88925934,58.98133469,64.21070862,64.21070862,4043742154
2021-08-18,64.16835022,80.11990356,60.26971436,72.54331207,72.54331207,4507409622
2021-08-19,72.83856201,75.09242249,68.61049652,72.75760651,72.75760651,2467398203
2021-08-20,72.74890137,79.99000549,70.93728638,78.72461700,78.72461700,1844455899
2021-08-21,78.69892883,81.81377411,72.69692993,73.75621033,73.75621033,1513097171
2021-08-22,73.86833954,77.48115540,71.55394745,72.80391693,72.80391693,968933849
2021-08-23,72.76940918,76.70532990,71.68074799,75.70803833,75.70803833,1372134245
2021-08-24,75.78017426,79.37094879,68.61978912,70.67090607,70.67090607,2153611667
2021-08-25,70.67996216,72.70286560,66.22276306,71.95156860,71.95156860,1551240766
2021-08-26,71.97343445,78.05520630,66.26455688,75.31620789,75.31620789,2713050538
2021-08-27,74.81178284,88.85427856,72.71512604,88.08698273,88.08698273,3263988286
2021-08-28,88.00001526,97.84294891,85.79064178,96.70317078,96.70317078,2580080503
2021-08-29,96.56397247,97.77787781,90.99362183,94.46967316,94.46967316,1830344091
2021-08-30,94.34487152,116.85022736,94.03771973,110.54480743,110.54480743,5274104165
2021-08-31,109.75614929,130.01461792,103.35130310,108.48377228,108.48377228,7590894022
2021-09-01,107.44448090,119.53011322,106.27082062,111.03300476,111.03300476,3974443896
2021-09-02,110.73123932,131.96188354,109.65261841,128.10238647,128.10238647,5074399603
2021-09-03,128.38908386,148.83418274,128.38908386,146.58305359,146.58305359,7526373837
2021-09-04,146.41841125,150.42855835,136.44955444,139.11306763,139.11306763,3970422964
2021-09-05,138.99014282,144.99786377,135.07997131,142.07087708,142.07087708,2996918105
2021-09-06,142.06282043,165.87873840,138.03820801,164.38092041,164.38092041,5774090688
2021-09-07,164.18368530,194.81970215,133.10025024,173.14892578,173.14892578,17068643416
2021-09-08,173.27856445,197.98901367,147.99118042,191.04139709,191.04139709,13187213606
2021-09-09,209.47079468,214.95718384,181.44587708,188.19580078,188.19580078,12676272744
2021-09-10,187.61280823,196.94519043,168.69082642,179.86523438,179.86523438,7087524572
2021-09-11,179.36622620,193.40560913,175.56541443,178.86787415,178.86787415,5367389010
2021-09-12,179.23016357,181.56825256,170.58459473,174.53762817,174.53762817,3012633094
2021-09-13,174.41845703,174.93186951,150.97441101,169.26954651,169.26954651,6437530449
2021-09-14,169.77452087,171.30116272,143.55311584,158.09481812,158.09481812,5799758794
2021-09-15,158.41543579,166.17529297,154.23954773,159.11738586,159.11738586,3908939772
2021-09-16,158.80728149,163.12283325,147.65327454,152.47406006,152.47406006,3215168472
2021-09-17,152.35144043,153.44493103,135.24522400,147.59306335,147.59306335,4675731485
2021-09-18,147.44876099,171.14277649,144.39225769,169.18421936,169.18421936,5415012910
2021-09-19,169.22633362,170.65211487,151.25097656,152.51669312,152.51669312,3350530308
2021-09-20,152.79447937,153.38766479,131.26103210,132.13446045,132.13446045,5623667250
2021-09-21,132.76231384,144.46844482,116.34320068,123.95039368,123.95039368,5243953819
2021-09-22,124.17745209,150.94151306,122.34915924,147.92425537,147.92425537,4952222859
2021-09-23,148.05516052,152.36499023,143.20126343,149.75357056,149.75357056,3389212044
2021-09-24,149.93547058,151.20190430,128.80131531,139.39564514,139.39564514,3852350632
2021-09-25,139.29655457,144.07255554,134.10775757,136.17892456,136.17892456,2037106949
2021-09-26,136.21615601,140.78178406,125.11542511,135.69937134,135.69937134,2674182809
2021-09-27,135.93136597,148.49783325,133.98428345,136.72842407,136.72842407,2867246888
2021-09-28,136.50891113,139.29435730,128.24482727,131.53721619,131.53721619,2422542861
2021-09-29,132.33853149,140.03817749,131.23368835,135.35145569,135.35145569,2428105040
2021-09-30,135.41290283,142.85316467,134.31326294,141.06904602,141.06904602,2244376110
2021-10-01,141.38291931,164.73754883,138.43693542,161.68237305,161.68237305,4387488320
2021-10-02,161.59439087,174.90069580,156.32234192,169.09301758,169.09301758,3471658582
2021-10-03,169.11370850,176.97033691,166.07000732,172.58915710,172.58915710,3149579954
2021-10-04,172.96162415,172.96162415,162.77333069,166.73191833,166.73191833,3109040100
2021-10-05,166.99496460,169.97937012,160.59315491,164.11582947,164.11582947,2541087419
2021-10-06,164.60519409,165.36198425,150.76837158,154.10774231,154.10774231,3259712887
2021-10-07,153.96115112,161.36299133,150.54203796,154.28118896,154.28118896,2579187256
2021-10-08,154.25654602,168.84637451,152.75576782,158.94920349,158.94920349,2781848650
2021-10-09,158.70469666,161.40731812,154.86979675,156.82583618,156.82583618,1522023824
2021-10-10,156.75192261,158.36157227,146.89823914,148.04870605,148.04870605,1556965341
2021-10-11,147.80044556,153.92114258,140.36396790,144.85813904,144.85813904,1851795187
2021-10-12,145.00765991,153.26397705,137.81156921,152.73712158,152.73712158,2853992440
2021-10-13,152.52392578,155.34799194,144.40786743,148.17604065,148.17604065,2105226551
2021-10-14,148.01727295,155.32974243,147.33093262,149.75680542,149.75680542,1948101208
2021-10-15,150.04660034,165.12220764,146.98483276,162.59620667,162.59620667,3970589003
2021-10-16,163.00703430,164.71371460,156.73756409,157.53881836,157.53881836,1531502795
2021-10-17,157.46356201,167.42599487,154.09034729,159.74380493,159.74380493,2168838138
2021-10-18,159.99748230,162.85627747,155.03022766,157.23127747,157.23127747,1698878759
2021-10-19,157.21020508,159.40586853,153.22100830,156.01702881,156.01702881,1400902548
2021-10-20,155.88339233,176.44067383,155.19984436,175.94686890,175.94686890,3315306825
2021-10-21,176.76554871,193.59915161,176.76554871,190.31843567,190.31843567,6865815461
2021-10-22,190.45489502,214.04444885,188.27362061,196.43153381,196.43153381,7486821306
2021-10-23,196.30047607,205.66987610,192.56275940,197.70385742,197.70385742,3253670286
2021-10-24,197.97311401,204.71910095,185.57243347,202.36198425,202.36198425,3413057378
2021-10-25,202.31648254,218.73188782,198.20243835,210.10429382,210.10429382,4837376169
2021-10-26,209.53164673,213.98286438,197.48664856,199.80725098,199.80725098,3194205752
2021-10-27,199.87448120,205.40473938,178.73086548,183.77459717,183.77459717,4552692842
2021-10-28,184.51570129,201.04536438,182.21752930,194.86398315,194.86398315,3463958628
2021-10-29,194.90643311,204.89660645,194.90643311,200.18275452,200.18275452,2468703579
2021-10-30,200.22572327,200.38623047,187.81657410,195.41606140,195.41606140,1732207667
2021-10-31,195.77377319,205.16337585,186.06298828,202.42102051,202.42102051,2577364486
2021-11-01,202.62921143,211.36083984,198.23896790,203.54508972,203.54508972,3157612663
2021-11-02,203.51791382,222.23303223,201.18038940,220.23959351,220.23959351,3020087232
2021-11-03,221.07675171,246.32153320,216.19619751,242.89881897,242.89881897,6024951132
2021-11-04,243.09780884,250.46633911,235.15087891,247.38777161,247.38777161,4440296290
2021-11-05,247.27093506,248.38391113,231.16081238,236.47433472,236.47433472,2752870913
2021-11-06,236.49275208,260.06210327,235.28996277,258.93432617,258.93432617,3869779683
2021-11-07,258.78155518,258.85009766,246.12242126,249.82348633,249.82348633,2624869522
2021-11-08,249.97926331,253.25418091,241.14013672,248.46717834,248.46717834,3344410176
2021-11-09,248.35684204,253.17982483,237.89529419,239.21313477,239.21313477,2819309492
2021-11-10,239.13374329,247.94703674,218.38854980,233.77952576,233.77952576,3873202098
2021-11-11,233.91398621,246.44718933,229.74851990,234.24075317,234.24075317,2693456862
2021-11-12,233.72126770,238.69567871,221.25294495,228.50209045,228.50209045,3022054714
2021-11-13,228.59625244,241.82502747,225.07592773,241.82502747,241.82502747,2322796265
2021-11-14,241.86210632,242.04489136,230.68940735,238.42552185,238.42552185,1705211600
2021-11-15,238.73139954,245.97610474,235.09910583,237.55360413,237.55360413,2414551003
2021-11-16,238.49714661,238.49714661,215.44209290,219.23902893,219.23902893,3557977024
2021-11-17,219.29563904,222.02883911,210.02694702,218.71524048,218.71524048,2982505239
2021-11-18,218.87557983,222.87693787,187.67312622,195.48741150,195.48741150,3911214658
2021-11-19,195.06628418,219.36706543,189.75016785,215.28001404,215.28001404,3431624914
2021-11-20,215.40690613,221.44534302,206.28587341,218.01527405,218.01527405,2003638941
2021-11-21,217.78402710,235.23091125,210.80973816,231.28262329,231.28262329,2636480460
2021-11-22,230.98963928,231.90481567,212.03009033,215.73727417,215.73727417,3254258844
2021-11-23,215.84295654,226.06173706,211.31222534,221.83689880,221.83689880,2328763768
2021-11-24,221.86061096,222.45927429,200.50260925,214.92153931,214.92153931,2293934142
2021-11-25,205.88616943,216.40051270,202.32341003,206.25299072,206.25299072,2586718627
2021-11-26,210.04827881,210.50457764,184.32827759,191.51174927,191.51174927,3380122748
2021-11-27,192.28356934,199.36499023,191.04054260,193.10215759,193.10215759,1443178833
2021-11-28,193.27560425,201.62870789,182.37245178,200.67665100,200.67665100,2033215941
2021-11-29,200.82127380,212.44580078,199.95429993,204.31936646,204.31936646,2110532147
2021-11-30,204.23294067,218.33938599,200.08433533,208.67098999,208.67098999,2888387657
2021-12-01,208.39315796,232.38621521,208.15226746,229.79924011,229.79924011,3532771294
2021-12-02,229.85470581,243.11166382,220.38717651,233.99304199,233.99304199,4074103518
2021-12-03,233.60189819,239.12210083,207.32977295,211.22439575,211.22439575,4061060881
2021-12-04,212.11238098,212.80754089,171.55357361,201.12483215,201.12483215,5949505665
2021-12-05,200.78060913,204.61747742,182.01681519,196.16825867,196.16825867,3402591975
2021-12-06,196.54748535,197.66302490,176.88806152,194.19921875,194.19921875,3693853028
2021-12-07,194.27659607,204.11849976,188.28080750,190.59690857,190.59690857,2556849839
2021-12-08,190.50500488,196.37411499,184.13270569,194.62170410,194.62170410,2277446203
2021-12-09,194.48329163,196.68974304,178.79214478,181.17808533,181.17808533,1968182104
2021-12-10,181.46755981,184.68942261,167.95483398,167.95483398,167.95483398,2118266396
2021-12-11,167.91662598,173.89848328,161.86000061,171.94949341,171.94949341,1877844189
2021-12-12,171.94831848,176.64941406,167.86125183,173.43167114,173.43167114,1196808540
2021-12-13,173.09992981,173.09992981,148.57182312,155.21305847,155.21305847,2547597256
2021-12-14,155.14166260,161.61827087,150.11798096,153.34144592,153.34144592,2604045117
2021-12-15,161.35890198,182.51316833,157.65321350,178.34078979,178.34078979,3783787658
2021-12-16,178.59153748,188.87870789,174.45097351,176.95466614,176.95466614,2766320569
2021-12-17,176.89497375,182.39363098,168.51873779,175.50329590,175.50329590,2711688386
2021-12-18,175.65635681,184.37518311,171.19656372,182.83512878,182.83512878,1690397976
2021-12-19,182.85090637,189.26254272,178.75502014,180.09805298,180.09805298,1678714066
2021-12-20,179.97773743,181.15325928,168.68351746,173.67178345,173.67178345,1982986558
2021-12-21,173.69439697,182.41751099,170.49063110,180.09254456,180.09254456,1821107818
2021-12-22,179.85833740,187.47343445,177.42733765,178.59712219,178.59712219,1889229699
2021-12-23,178.50276184,193.27604675,176.11645508,190.03631592,190.03631592,2191634326
2021-12-24,190.10285950,197.15771484,185.01937866,190.27319336,190.27319336,2286837232
2021-12-25,190.53160095,195.14923096,189.03222656,193.12092590,193.12092590,1443209769
2021-12-26,192.92051697,200.64419556,190.82368469,198.00073242,198.00073242,1971114647
2021-12-27,197.88340759,204.57856750,195.16079712,195.42950439,195.42950439,1800094698
2021-12-28,195.62165833,195.62165833,177.04035950,177.42562866,177.42562866,2826063568
2021-12-29,177.38903809,180.59077454,170.44342041,170.65756226,170.65756226,2175731146
2021-12-30,170.76478577,175.69116211,168.39848328,172.75119019,172.75119019,1540637869
2021-12-31,172.70384216,177.35704041,168.31207275,170.29907227,170.29907227,1567918820
2022-01-01,170.31083679,178.96224976,170.19554138,178.51794434,178.51794434,1084780603
2022-01-02,178.53240967,179.43235779,175.01231384,176.38284302,176.38284302,995389409
2022-01-03,176.38630676,176.38630676,167.53398132,170.29774475,170.29774475,1345778058
2022-01-04,170.28611755,173.73510742,166.74012756,167.93890381,167.93890381,1499265336
2022-01-05,167.94033813,171.11045837,148.21611023,155.09973145,155.09973145,2123759721
2022-01-06,155.10592651,155.10592651,146.66766357,150.43135071,150.43135071,2097172620
2022-01-07,150.41340637,150.52095032,135.14999390,136.40281677,136.40281677,2926269672
2022-01-08,136.40016174,147.83731079,134.02101135,142.51345825,142.51345825,2730000333
2022-01-09,142.54312134,145.44041443,138.39410400,140.83900452,140.83900452,1599123912
2022-01-10,140.83363342,143.56336975,130.79699707,135.95494080,135.95494080,2040883379
2022-01-11,135.94090271,143.29904175,134.13397217,140.18385315,140.18385315,1554197314
2022-01-12,140.20375061,152.93647766,138.54626465,151.70310974,151.70310974,2242337550
2022-01-13,151.69059753,157.54373169,146.01004028,146.01004028,146.01004028,2177023564
2022-01-14,146.02590942,150.46948242,142.39068604,146.15902710,146.15902710,1822320951
2022-01-15,146.18002319,149.35018921,144.41914368,147.80117798,147.80117798,1123271784
2022-01-16,147.78660583,151.77233887,146.40177917,147.85652161,147.85652161,1172854751
2022-01-17,147.87678528,148.20587158,137.50003052,139.92601013,139.92601013,1487772250
2022-01-18,139.93276978,142.46649170,134.89579773,141.58718872,141.58718872,1449435942
2022-01-19,141.54699707,142.29408264,133.35517883,135.79238892,135.79238892,1444663456
2022-01-20,135.79133606,143.61740112,127.17404175,127.20528412,127.20528412,984099352
2022-01-21,127.33333588,128.43286133,107.90899658,111.96605682,111.96605682,3771688473
2022-01-22,111.97653961,113.58767700,89.28715515,94.17836761,94.17836761,4039466376
2022-01-23,94.30760193,104.51920319,93.59348297,99.57822418,99.57822418,2548191912
2022-01-24,99.61751556,99.77051544,81.22605133,91.65016174,91.65016174,4664539688
2022-01-25,91.66015625,99.70123291,87.75712585,94.72035217,94.72035217,2842652332
2022-01-26,94.71883392,103.72155762,89.80755615,92.23804474,92.23804474,3177186515
2022-01-27,92.21805573,94.05999756,86.18603516,89.63249207,89.63249207,2513945822
2022-01-28,89.52909088,93.36466980,87.57424164,91.31289673,91.31289673,2156098049
2022-01-29,91.35469818,98.61104584,90.96379852,96.22348785,96.22348785,1727329992
2022-01-30,96.24900055,97.29832458,91.70702362,93.29767609,93.29767609,1110338981
2022-01-31,93.30117035,100.72507477,89.58599091,99.73883820,99.73883820,1888454241
2022-02-01,99.72594452,112.98012543,99.47785950,109.97898102,109.97898102,3568466349
2022-02-02,110.01945496,111.95736694,97.73559570,101.83760071,101.83760071,3297984784
2022-02-03,101.82810211,102.66846466,94.63531494,101.45903778,101.45903778,2618951519
2022-02-04,101.34093475,112.41033173,100.67737579,112.17424774,112.17424774,3121470028
2022-02-05,112.20548248,118.21311951,110.53406525,113.89430237,113.89430237,2337469324
2022-02-06,113.90282440,115.86648560,112.18635559,115.29975891,115.29975891,1488437091
2022-02-07,115.27619171,121.55403137,113.14046478,117.35514832,117.35514832,2501444983
2022-02-08,117.40891266,119.96955109,110.24194336,113.59548187,113.59548187,2670414753
2022-02-09,113.53403473,116.82732391,109.97865295,114.01937866,114.01937866,1844036035
2022-02-10,114.02164459,114.78842163,106.20280457,106.20280457,106.20280457,2534257400
2022-02-11,106.22976685,107.84539032,95.60428619,96.38188171,96.38188171,2244853464
2022-02-12,96.40148926,99.55365753,93.49864197,95.91820526,95.91820526,1722515979
2022-02-13,95.89258575,97.20621490,91.81570435,93.24410248,93.24410248,1150014559
2022-02-14,93.19368744,97.74172974,91.20769501,96.43327332,96.43327332,1787236369
2022-02-15,96.43740845,105.29197693,96.43329620,104.87330627,104.87330627,2134576044
2022-02-16,104.92504120,105.34634399,98.58037567,101.93289948,101.93289948,1908954820
2022-02-17,101.89823151,102.63293457,92.67624664,93.41042328,93.41042328,1872498133
2022-02-18,93.46298218,96.20182037,89.70610809,90.06546021,90.06546021,1669246812
2022-02-19,90.05187988,92.54096222,88.95311737,91.49665070,91.49665070,1084605729
2022-02-20,91.44432068,93.32028198,86.01744080,90.90141296,90.90141296,1912980153
2022-02-21,90.88302612,95.90409088,83.11844635,83.12316132,83.12316132,2892900595
2022-02-22,83.10639954,87.16397858,81.20485687,86.46538544,86.46538544,2046554018
2022-02-23,86.47079468,92.73844147,84.90278625,84.90278625,84.90278625,2293962445
2022-02-24,84.86357880,92.27939606,76.85957336,89.19474792,89.19474792,5253578948
2022-02-25,89.22813416,94.77780914,87.27616119,92.59882355,92.59882355,3069242551
2022-02-26,92.60886383,94.60433197,89.75767517,90.14156342,90.14156342,1721041901
2022-02-27,90.12463379,91.98943329,84.49292755,85.51905060,85.51905060,2012522473
2022-02-28,85.50110626,101.04179382,84.57584381,99.52034760,99.52034760,3457872746
2022-03-01,99.54046631,101.55915833,94.89342499,98.65355682,98.65355682,3225742519
2022-03-02,98.64907074,105.98477173,97.10579681,100.64963531,100.64963531,3800592927
2022-03-03,100.65377045,101.42726898,94.37796021,95.53919983,95.53919983,2309311748
2022-03-04,95.56703949,95.70812988,87.55444336,88.24597931,88.24597931,2592829728
2022-03-05,88.29053497,91.03617859,86.28884125,89.64784241,89.64784241,1437161887
2022-03-06,89.64859009,89.86537933,84.32964325,84.54218292,84.54218292,1467561782
2022-03-07,84.55287170,86.48308563,80.31684875,82.13006592,82.13006592,2375648176
2022-03-08,82.11260223,84.77989960,81.54011536,82.25476074,82.25476074,2112765959
2022-03-09,82.27992249,89.48204803,82.20623779,88.20206451,88.20206451,2624860794
2022-03-10,88.19039917,88.45394897,81.01934052,82.93908691,82.93908691,2196400279
2022-03-11,82.94074249,84.05066681,80.28123474,80.74499512,80.74499512,1852734626
2022-03-12,80.74752045,82.66375732,80.72209930,81.55381775,81.55381775,1036290480
2022-03-13,81.53121948,82.88303375,78.00438690,78.93607330,78.93607330,1316842580
2022-03-14,78.92557526,82.09930420,78.27435303,81.17333984,81.17333984,1676601058
2022-03-15,81.17005920,85.51931000,79.07177734,82.95508575,82.95508575,1627848455
2022-03-16,82.95167542,87.90362549,81.65324402,87.90362549,87.90362549,2370877301
2022-03-17,87.86245728,90.75728607,86.75122833,87.87684631,87.87684631,2440062581
2022-03-18,87.86626434,91.84861755,84.63697815,89.82203674,89.82203674,2745357460
2022-03-19,89.82045746,94.36089325,89.39261627,92.41815186,92.41815186,1951674158
2022-03-20,92.41366577,92.43592072,88.15045929,88.61486053,88.61486053,1286133603
2022-03-21,88.60500336,91.01198578,87.20764160,88.75720215,88.75720215,1598537312
2022-03-22,88.74190521,93.76680756,88.18277740,90.51296997,90.51296997,1879747152
2022-03-23,90.51393127,96.05184174,89.81146240,95.10268402,95.10268402,2099467745
2022-03-24,95.02090454,103.45579529,94.06550598,102.22369385,102.22369385,3601646600
2022-03-25,102.23835754,104.58296204,97.31824493,98.65810394,98.65810394,2175497007
2022-03-26,98.66674805,103.19357300,97.82968140,101.76418304,101.76418304,1282869612
2022-03-27,101.77369690,107.29871368,99.26909637,107.08422089,107.08422089,1572329892
2022-03-28,107.07796478,113.17594910,105.47787476,106.46525574,106.46525574,2877146388
2022-03-29,106.32798767,115.27571869,105.99919128,111.71031189,111.71031189,3052274877
2022-03-30,111.69025421,124.60500336,107.76725769,120.69948578,120.69948578,3908170428
2022-03-31,120.68155670,128.93011475,120.19783020,122.66146088,122.66146088,4115229587
2022-04-01,122.73610687,137.55841064,118.78791046,134.43093872,134.43093872,4434807484
2022-04-02,134.45358276,143.02001953,132.13919067,132.19886780,132.19886780,3394186456
2022-04-03,132.24107361,140.26370239,131.22615051,136.77532959,136.77532959,2585967812
2022-04-04,136.76078796,137.63351440,126.86532593,132.41262817,132.41262817,2828117206
2022-04-05,132.38786316,136.18284607,126.56397247,126.86223602,126.86223602,2239922210
2022-04-06,126.85795593,127.28115845,112.77368164,112.88338470,112.88338470,3281009143
2022-04-07,112.93579865,119.76071167,111.95746613,118.79651642,118.79651642,2431083313
2022-04-08,118.81621552,122.25411987,108.54116058,109.80088043,109.80088043,2376864565
2022-04-09,109.79875946,113.11489105,108.63433838,112.97279358,112.97279358,1202250516
2022-04-10,112.97270966,115.80832672,110.07783508,111.74243927,111.74243927,1280232450
2022-04-11,111.69898987,111.83113861,98.67085266,99.33910370,99.33910370,2272498194
2022-04-12,99.38467407,109.11756134,98.93530273,103.30638885,103.30638885,2317008207
2022-04-13,103.28101349,105.67684937,100.48845673,105.00194550,105.00194550,1675840412
2022-04-14,104.94060516,107.32963562,99.25684357,100.70780182,100.70780182,1686576071
2022-04-15,100.70652771,102.67264557,100.10089874,101.30977631,101.30977631,1050639351
2022-04-16,101.29869080,103.27172089,100.96472168,102.25731659,102.25731659,774939305
2022-04-17,102.24843597,105.29455566,99.95817566,100.40969849,100.40969849,1057908299
2022-04-18,100.40795135,102.51702881,95.24277496,102.15853119,102.15853119,1846133932
2022-04-19,102.20238495,108.58203125,101.30172729,108.58203125,108.58203125,1711909607
2022-04-20,108.60219574,110.72297668,104.77265930,105.49700165,105.49700165,1761531528
2022-04-21,105.49767303,109.76532745,100.76715088,101.77613831,101.77613831,1838571747
2022-04-22,101.75742340,103.49814606,99.57942963,100.61205292,100.61205292,1274793594
2022-04-23,100.61978149,102.77123260,98.78157043,100.74443817,100.74443817,823252482
2022-04-24,100.72718811,102.21668243,99.00851440,99.23579407,99.23579407,818266008
2022-04-25,99.24140930,101.44058990,94.75575256,101.24763489,101.24763489,1538486689
2022-04-26,101.22487640,101.74248505,95.17789459,95.78215027,95.78215027,1301074534
2022-04-27,95.78552246,100.54492950,95.28350067,98.37886810,98.37886810,1253566599
2022-04-28,98.38214874,100.40122986,96.69452667,98.18572998,98.18572998,1307131609
2022-04-29,98.18296051,98.56856537,92.88426971,94.01134491,94.01134491,1234575023
2022-04-30,94.01355743,94.92884827,82.90953827,85.09593201,85.09593201,1293033765
2022-05-01,85.09468842,92.43013000,84.94415283,89.67150879,89.67150879,1426749080
2022-05-02,89.67205811,90.69336700,85.40721893,87.58101654,87.58101654,1265220129
2022-05-03,87.56274414,88.68785858,84.92210388,85.84237671,85.84237671,1011988792
2022-05-04,85.84172821,92.93719482,85.72806549,92.77085114,92.77085114,1428455342
2022-05-05,92.76979065,95.03282166,81.83486938,84.59602356,84.59602356,1805979399
2022-05-06,84.58849335,84.64693451,80.46861267,81.76410675,81.76410675,1585081920
2022-05-07,81.76667023,82.18078613,77.88323212,78.98342133,78.98342133,1139093165
2022-05-08,78.98763275,79.28379059,74.52718353,75.22018433,75.22018433,1439700868
2022-05-09,75.23445892,76.98309326,63.26965332,63.26965332,63.26965332,2773999164
2022-05-10,63.36931229,73.75988770,61.02658463,66.76615143,66.76615143,3677013066
2022-05-11,66.73474884,68.11722565,44.00382614,50.21084976,50.21084976,4432811558
2022-05-12,50.23923111,53.65938950,38.05009079,44.68358994,44.68358994,4471167155
2022-05-13,44.63357162,55.90211487,44.07636642,48.59355164,48.59355164,2854210432
2022-05-14,48.67664337,53.06116486,46.22056580,52.41722488,52.41722488,2042138537
2022-05-15,52.43134308,58.87806702,49.83480072,58.81126022,58.81126022,1843835578
2022-05-16,58.80391312,58.80391312,52.26792908,53.64646149,53.64646149,2067312217
2022-05-17,53.65600586,58.03807068,53.50530243,57.12562561,57.12562561,1823895389
2022-05-18,57.11631775,57.69771957,49.73109436,49.75621033,49.75621033,1745565671
2022-05-19,49.79486465,53.61748886,48.63555145,52.21397781,52.21397781,1958004386
2022-05-20,52.21197128,53.43804169,48.05058289,49.53850937,49.53850937,1830699507
2022-05-21,49.53544998,51.05504990,48.76748657,50.31798172,50.31798172,979492374
2022-05-22,50.32065964,53.02165985,49.86278534,52.75518036,52.75518036,1105760506
2022-05-23,52.73608780,54.47464752,48.92724609,49.05685043,49.05685043,1661669360
2022-05-24,49.06423187,50.57752228,47.50082397,49.65333557,49.65333557,1508166642
2022-05-25,49.64841843,50.44237137,47.67314529,47.98242569,47.98242569,1304580067
2022-05-26,47.98397446,48.55102158,42.32138062,43.49121094,43.49121094,2208994514
2022-05-27,43.47438049,43.81364822,40.26896286,40.98134613,40.98134613,2256358026
2022-05-28,41.49373245,44.65801239,40.54867935,44.34316254,44.34316254,1254325884
2022-05-29,44.33879089,45.38625336,41.99804688,44.90961456,44.90961456,1317843243
2022-05-30,44.90866852,47.93682861,44.35740662,47.17944336,47.17944336,1708817065
2022-05-31,47.18132782,48.03899002,44.84001541,45.76784134,45.76784134,1509191627
2022-06-01,45.76512909,45.94665909,40.05035019,40.26966858,40.26966858,1422647092
2022-06-02,40.25527954,41.32786560,38.36067200,40.89134598,40.89134598,1554022054
2022-06-03,40.89575195,41.43334579,37.80271912,38.25922012,38.25922012,1348656102
2022-06-04,38.27455139,39.04042816,36.04072571,38.93144608,38.93144608,1130762770
2022-06-05,38.93410110,39.99529648,38.03535080,38.48053360,38.48053360,998532387
2022-06-06,38.50159836,44.45061874,38.43878937,42.43313217,42.43313217,1955057411
2022-06-07,42.42977524,42.44931030,37.77632523,39.43757248,39.43757248,1974825213
2022-06-08,39.43405151,40.52680588,38.40160751,38.84336853,38.84336853,1211034282
2022-06-09,38.84558487,41.72376251,38.55569458,39.97260666,39.97260666,1265873005
2022-06-10,39.96762466,40.76977921,37.00125885,37.08976746,37.08976746,1177042406
2022-06-11,37.09238052,37.84325790,33.43591690,33.82111740,33.82111740,1086904917
2022-06-12,33.83749008,34.22850418,30.74327087,30.74327087,30.74327087,1430666510
2022-06-13,30.73029327,30.91798210,26.13961029,28.19236183,28.19236183,2577135234
2022-06-14,28.18289566,31.61031914,26.06031990,29.71461868,29.71461868,2317785256
2022-06-15,29.69576836,34.56552887,26.86840057,34.48794174,34.48794174,2574959860
2022-06-16,34.50612259,35.71171951,29.73169899,29.98974228,29.98974228,1908909523
2022-06-17,30.00250244,32.00886917,29.47806358,30.74291992,30.74291992,1283536081
2022-06-18,30.74092484,31.83863258,27.46303940,31.80793571,31.80793571,1804420726
2022-06-19,31.80913353,35.16057587,28.91050911,34.24374771,34.24374771,2005402608
2022-06-20,34.23836517,36.76423645,31.89291191,35.41711426,35.41711426,1958378683
2022-06-21,35.39715576,38.80477142,34.40011215,36.12115860,36.12115860,1790090431
2022-06-22,36.18272400,36.70468140,33.80274200,34.12163544,34.12163544,1533123071
2022-06-23,34.12080383,38.34735489,34.08358765,38.17523193,38.17523193,1666479184
2022-06-24,38.20144272,42.72931671,37.85293579,42.21204758,42.21204758,1765927064
2022-06-25,42.20299911,42.49069214,39.87532806,42.33281326,42.33281326,1271293523
2022-06-26,42.30241776,42.34132385,39.38430405,39.40808868,39.40808868,1138724690
2022-06-27,39.40908813,41.08215714,38.17092514,38.45125198,38.45125198,1253389517
2022-06-28,38.44542694,39.70593262,35.22913742,35.32643890,35.32643890,1361946847
2022-06-29,35.32723618,35.96923065,33.25113678,33.87390137,33.87390137,1366803516
2022-06-30,33.90878296,34.04575348,31.05734634,33.58841705,33.58841705,1321861663
2022-07-01,33.64565277,35.23074341,31.93406677,32.80307007,32.80307007,1427407655
2022-07-02,32.81100464,33.93459702,31.95758629,33.35940933,33.35940933,765552187
2022-07-03,33.35625839,33.57749939,32.21907806,33.38593292,33.38593292,605659825
2022-07-04,33.38526917,36.80650711,32.52071381,36.78503036,36.78503036,1091202628
2022-07-05,36.76126862,36.87248993,33.26679230,35.39555359,35.39555359,1569156882
2022-07-06,35.40472031,37.47623062,34.88948822,37.07356262,37.07356262,1410588451
2022-07-07,37.07526779,39.11948013,36.49771118,38.51830673,38.51830673,1189167903
2022-07-08,38.51742935,39.35284042,36.55620956,38.28672028,38.28672028,1485794730
2022-07-09,38.29243469,38.79253387,37.87006378,38.07196045,38.07196045,789899204
2022-07-10,38.07108307,38.07108307,36.38676834,36.69760895,36.69760895,714119421
2022-07-11,36.69319534,36.69319534,33.33729935,33.46360016,33.46360016,930216020
2022-07-12,33.46503067,34.50124359,32.75759506,32.75759506,32.75759506,916386230
2022-07-13,32.74802780,34.93966675,31.95947075,34.91093826,34.91093826,1313110217
2022-07-14,34.91226196,37.22102356,33.69094849,37.10782242,37.10782242,1320137563
2022-07-15,37.11223984,38.85118103,36.64623260,37.41592789,37.41592789,1266226950
2022-07-16,37.41275787,40.08470154,36.40153885,39.57412338,39.57412338,1149921714
2022-07-17,39.57989120,40.96872330,38.54647446,38.64472198,38.64472198,1119935904
2022-07-18,38.64695740,43.74615860,38.60856247,43.74615860,43.74615860,1793335611
2022-07-19,43.66854477,47.09938049,42.71699905,44.89987564,44.89987564,2530289999
2022-07-20,44.89685440,46.09572983,41.64255142,42.09366989,42.09366989,2020822242
2022-07-21,42.08842468,43.91940689,39.81828690,43.19059372,43.19059372,1926399176
2022-07-22,43.18901062,44.22321701,40.13887787,40.61850357,40.61850357,1523873136
2022-07-23,40.59116745,41.82637787,38.71431732,40.04097748,40.04097748,1151436691
2022-07-24,40.03881073,42.02112198,39.60561752,41.00658417,41.00658417,1115260733
2022-07-25,41.00947952,41.04818344,36.71199799,36.71199799,36.71199799,1465847128
2022-07-26,36.71542358,36.71542358,34.81983948,36.19085312,36.19085312,1362323126
2022-07-27,36.20374680,40.39472961,35.75505829,40.30784988,40.30784988,1829226049
2022-07-28,40.30208206,44.07329559,39.13290024,42.84526825,42.84526825,2454901807
2022-07-29,42.87696838,44.22874832,41.27700806,41.92699814,41.92699814,2066610408
2022-07-30,41.92341614,46.47602463,41.61918640,43.75588989,43.75588989,1980341418
2022-07-31,43.76065826,45.05152893,42.35273743,42.40020370,42.40020370,1356657075
2022-08-01,42.40155411,43.11629105,40.73676300,41.78648376,41.78648376,1082119921
2022-08-02,41.77414703,42.33211136,39.74711990,39.75450516,39.75450516,1205226999
2022-08-03,39.75486374,40.73065186,37.89313126,38.54441833,38.54441833,2312325350
2022-08-04,38.54463959,39.67987823,38.04472733,38.83067322,38.83067322,1235137178
2022-08-05,38.82399368,41.17465210,38.79571915,40.56103134,40.56103134,1198859111
2022-08-06,40.56116867,40.84541321,39.95309830,40.05700684,40.05700684,650997770
2022-08-07,40.06004715,41.49406815,39.33648300,40.60559082,40.60559082,614104051
2022-08-08,40.60964203,43.53985596,40.60379791,42.17055130,42.17055130,1117550363
2022-08-09,42.17539215,42.70239258,39.94392776,40.37262344,40.37262344,895263875
2022-08-10,40.37052536,42.61181641,39.25737381,42.36586761,42.36586761,1389333742
2022-08-11,42.37364960,45.12477112,42.37364960,42.82178879,42.82178879,1735349568
2022-08-12,42.82052994,45.37518311,42.23114014,45.33475876,45.33475876,1128246063
2022-08-13,45.34074402,48.18428421,45.34074402,46.48534775,46.48534775,1416039040
2022-08-14,46.50598526,47.96087646,44.69403839,44.91656876,44.91656876,1061034922
2022-08-15,44.92243958,47.12754059,42.90903091,43.82322311,43.82322311,1364253429
2022-08-16,43.80609512,44.18712234,42.78215408,43.15880585,43.15880585,1131452045
2022-08-17,43.15305710,44.63308716,40.28676987,40.40305328,40.40305328,1336772691
2022-08-18,40.42650986,41.60730362,39.52593613,39.54523087,39.54523087,885648540
2022-08-19,39.54132843,39.54132843,35.75502777,35.89025879,35.89025879,1821467945
2022-08-20,35.87661362,37.22320938,34.35833740,35.26973343,35.26973343,1203622743
2022-08-21,35.26417923,36.98236847,34.78230667,36.53319931,36.53319931,982071275
2022-08-22,36.52580643,36.52580643,33.90044022,35.47438049,35.47438049,1139846770
2022-08-23,35.47530746,36.05042267,34.31291580,35.64625168,35.64625168,854779221
2022-08-24,35.64565659,36.28606796,34.43351746,34.95791626,34.95791626,946325778
2022-08-25,34.95910263,36.42266846,34.93364334,35.31646347,35.31646347,828503624
2022-08-26,35.31325531,35.58013153,31.49932671,31.72636223,31.72636223,1315871629
2022-08-27,31.71382713,32.20508575,30.95301819,31.54243279,31.54243279,764882265
2022-08-28,31.53886414,32.12961197,30.38878059,30.39228630,30.39228630,562501615
2022-08-29,30.39385986,32.52074814,30.11916161,32.46529770,32.46529770,891913484
2022-08-30,32.46004105,33.07263565,30.79652405,31.41205597,31.41205597,861409804
2022-08-31,31.41651535,32.87642288,31.23788452,31.47295570,31.47295570,769308937
2022-09-01,31.47508240,31.70931435,30.51126671,31.58567810,31.58567810,666487074
2022-09-02,31.58498764,32.35882950,30.84394836,31.22793007,31.22793007,659575995
2022-09-03,31.22819328,31.23231316,30.85836792,31.10948372,31.10948372,314531753
2022-09-04,31.10894012,32.13935089,31.08186531,32.10695648,32.10695648,392954663
2022-09-05,32.10802841,32.37053299,31.21106911,32.19464874,32.19464874,512588616
2022-09-06,32.19966888,33.78529739,30.64054680,30.89174271,30.89174271,1196204019
2022-09-07,30.88389969,32.89689636,30.48895073,32.71091843,32.71091843,779212909
2022-09-08,32.70803070,33.79605103,32.10250092,33.60864639,33.60864639,978070646
2022-09-09,33.60664368,35.79993439,33.60639954,34.73976517,34.73976517,1186140934
2022-09-10,34.73285675,35.36214066,34.36941528,35.12672806,35.12672806,731145106
2022-09-11,35.12284088,35.89952087,34.12443542,34.96596146,34.96596146,757216096
2022-09-12,34.96744156,38.16907883,34.50792313,37.42418289,37.42418289,1701399970
2022-09-13,37.42160797,38.87038422,32.87045288,33.43081665,33.43081665,1785181627
2022-09-14,33.01827621,34.28319550,32.87045288,34.09157181,34.09157181,1003604224
2022-09-15,34.09429169,34.71526718,32.72189331,33.04768372,33.04768372,1139377803
2022-09-16,33.04459381,33.20312500,31.64116478,32.20885849,32.20885849,765952525
2022-09-17,32.21224594,33.84817886,32.21224594,33.75077820,33.75077820,501302380
2022-09-18,33.74827576,33.95471573,30.97914314,31.05985451,31.05985451,694870049
2022-09-19,31.05361366,32.98985672,30.69324875,32.68530273,32.68530273,971182780
2022-09-20,32.68706512,32.79011154,31.38903236,31.43304062,31.43304062,819978937
2022-09-21,31.43379021,33.13396072,30.19506836,30.82637787,30.82637787,1193686258
2022-09-22,30.81577110,32.80704498,30.63888168,32.40890503,32.40890503,833702543
2022-09-23,32.40623856,33.90916443,31.36355400,33.67663574,33.67663574,982495447
2022-09-24,33.67512894,34.69917679,33.27409744,33.46265030,33.46265030,872691785
2022-09-25,33.46106339,33.98523712,32.01491928,32.33536148,32.33536148,610529879
2022-09-26,32.33634949,33.88150787,31.96014977,33.88055420,33.88055420,936313674
2022-09-27,33.87862778,35.23724365,32.27183533,32.75012970,32.75012970,1223724195
2022-09-28,32.73825455,33.74109650,31.72770119,33.23543930,33.23543930,998520503
2022-09-29,33.23528290,34.33831406,32.79304886,33.95244980,33.95244980,951223921
2022-09-30,33.95177841,35.13334656,32.73581314,33.21244431,33.21244431,1210784941
2022-10-01,33.21569061,33.22508240,32.46694183,32.46939468,32.46939468,572976679
2022-10-02,32.47042084,32.99811935,31.99713898,32.05569839,32.05569839,532211084
2022-10-03,32.05710983,33.20492935,31.95493126,32.96762085,32.96762085,633204077
2022-10-04,32.95677185,34.34199905,32.88138199,34.12247086,34.12247086,717157069
2022-10-05,34.11719131,34.31154251,33.27922058,34.07388306,34.07388306,655950188
2022-10-06,34.07375336,34.45728302,33.33332443,33.34281921,33.34281921,712289836
2022-10-07,33.34446716,33.72856903,32.55199814,33.00146484,33.00146484,649212486
2022-10-08,33.00006866,33.04252625,32.44584274,32.57793427,32.57793427,367021196
2022-10-09,32.57801437,33.10311508,32.47802353,32.91388321,32.91388321,405849928
2022-10-10,32.91293716,33.33945465,31.97083473,31.97083473,31.97083473,640691958
2022-10-11,31.96603203,31.96603203,30.57949257,30.77686882,30.77686882,733071932
2022-10-12,30.77969170,31.46022987,30.72916985,31.16548538,31.16548538,490127096
2022-10-13,31.16441345,31.18108559,28.19737053,30.54451942,30.54451942,1302451856
2022-10-14,30.54248810,31.90965652,29.75993156,30.00741768,30.00741768,836283411
2022-10-15,30.00613213,30.15125465,29.53400612,29.57534790,29.57534790,547825492
2022-10-16,29.57884216,30.44472885,29.57884216,30.16884041,30.16884041,608389719
2022-10-17,30.16809082,31.26399231,29.88315964,31.22487640,31.22487640,658840500
2022-10-18,31.22425270,31.41119194,29.83369446,30.16433144,30.16433144,715092973
2022-10-19,30.16461754,30.21255112,28.83027649,28.90079880,28.90079880,697269954
2022-10-20,28.89457130,29.43212128,28.07379532,28.08509636,28.08509636,803871622
2022-10-21,28.08042908,28.24317169,26.98640442,28.10867691,28.10867691,967208274
2022-10-22,28.10832787,28.14439011,27.55768394,28.01386261,28.01386261,474234383
2022-10-23,28.01367569,29.33153915,27.85795975,29.27007103,29.27007103,633157057
2022-10-24,29.27252007,29.41394615,28.21503258,28.31006432,28.31006432,667625312
2022-10-25,28.30998993,32.19131088,28.11930466,30.93997574,30.93997574,1336242036
2022-10-26,30.92886543,31.83754921,30.76510239,31.28472137,31.28472137,1250974763
2022-10-27,31.28702736,32.20396423,30.58534622,30.63062477,30.63062477,1275994871
2022-10-28,30.63079453,32.44870758,30.18933296,32.11126328,32.11126328,1063403956
2022-10-29,32.10906219,33.73913956,31.91681290,32.85712814,32.85712814,1165931963
2022-10-30,32.85777664,33.47927856,32.06162262,32.96593094,32.96593094,731319297
2022-10-31,32.96102142,34.30774307,32.28626633,32.61103821,32.61103821,1174404933
2022-11-01,32.60760880,33.32598114,32.20141220,32.24842453,32.24842453,729292793
2022-11-02,32.24597931,32.83482361,30.29411316,30.78807640,30.78807640,1166999748
2022-11-03,30.79291916,32.14349365,30.67714882,30.84387970,30.84387970,832207929
2022-11-04,30.84173775,34.10426331,30.73159027,33.78085327,33.78085327,1364403572
2022-11-05,33.77741623,38.54962158,33.73513412,36.76576233,36.76576233,2470595904
2022-11-06,36.77216721,36.90202713,32.54630280,32.68358231,32.68358231,1650006613
2022-11-07,32.67894745,33.06750488,28.92673492,29.60134506,29.60134506,2545092967
2022-11-08,29.59744072,31.06096840,21.78398323,24.15293694,24.15293694,6120104231
2022-11-09,24.15943527,24.15943527,12.50562382,13.94085693,13.94085693,4647808136
2022-11-10,13.98506927,18.67563820,13.41102695,17.68140793,17.68140793,4084381465
2022-11-11,17.66345024,18.13648224,15.50747204,16.32674599,16.32674599,2191908978
2022-11-12,16.34028244,16.40843391,14.53801346,14.53900146,14.53900146,866923655
2022-11-13,14.53756237,14.66088772,13.12266445,13.16452885,13.16452885,880792311
2022-11-14,13.16571331,14.88998795,12.25461769,14.00135612,14.00135612,1365413449
2022-11-15,13.99962711,14.96986294,13.93203640,14.30129433,14.30129433,833458645
2022-11-16,14.29958725,14.56210709,13.71196365,14.28550816,14.28550816,487495993
2022-11-17,14.28602314,14.46368980,13.07825470,13.63873482,13.63873482,673219780
2022-11-18,13.63884544,13.79063225,13.03916836,13.24749660,13.24749660,357193046
2022-11-19,13.24738979,13.25535297,12.64458084,12.85101414,12.85101414,314294255
2022-11-20,12.85231209,13.41673374,12.20330811,12.25283337,12.25283337,508411732
2022-11-21,12.25412178,12.25759792,11.34163761,11.84620857,11.84620857,504498729
2022-11-22,11.84251499,12.46562767,11.01065159,12.43562508,12.43562508,529418278
2022-11-23,12.43791962,14.40245533,12.42763329,14.35151196,14.35151196,859905329
2022-11-24,14.35300255,14.85400963,13.91685677,14.58235073,14.58235073,620159372
2022-11-25,14.58062840,14.58117294,13.96150684,14.06313801,14.06313801,323667943
2022-11-26,14.06280041,14.88780880,14.03124809,14.15919399,14.15919399,333271818
2022-11-27,14.15953732,14.40946579,14.08296585,14.11576653,14.11576653,225035409
2022-11-28,14.11313248,14.14507675,12.82484055,13.40451813,13.40451813,447463511
2022-11-29,13.40342331,13.89747334,13.28012753,13.36973381,13.36973381,265372933
2022-11-30,13.37102413,14.21945000,13.30828476,14.11544514,14.11544514,331594403
2022-12-01,14.13345242,14.15432358,13.44118500,13.48096848,13.48096848,232200065
2022-12-02,13.48258591,13.77305222,13.37707901,13.71564007,13.71564007,245049936
2022-12-03,13.71678257,13.73070908,13.27840233,13.30245781,13.30245781,161314094
2022-12-04,13.30177784,13.72401810,13.29936790,13.71821880,13.71821880,141802483
2022-12-05,13.71610069,14.13531971,13.63022614,13.83111286,13.83111286,335440747
2022-12-06,13.83092499,14.32291317,13.82865334,14.28885460,14.28885460,279979830
2022-12-07,14.29236698,14.31062984,13.49742508,13.51965332,13.51965332,223134812
2022-12-08,13.51982880,13.75301743,13.31049061,13.68922234,13.68922234,195918913
2022-12-09,13.68907356,13.97989178,13.53689575,13.58018780,13.58018780,211833041
2022-12-10,13.58131599,13.69578743,13.56840801,13.57699585,13.57699585,109293691
2022-12-11,13.57621384,13.77830505,13.41335964,13.42780972,13.42780972,117436002
2022-12-12,13.42675114,13.45808506,12.95115662,13.31854439,13.31854439,205298705
2022-12-13,13.31824684,14.05764961,12.82897186,13.83398628,13.83398628,315949878
2022-12-14,13.83617783,14.88766670,13.83106232,14.14052582,14.14052582,441479811
2022-12-15,14.14031792,14.46716404,13.90906429,14.02151108,14.02151108,272679087
2022-12-16,14.02193928,14.14501190,12.14768028,12.26660633,12.26660633,358747840
2022-12-17,12.26579857,12.51194096,11.98780823,12.50440407,12.50440407,222801055
2022-12-18,12.50468445,12.56893158,12.31215763,12.41312027,12.41312027,110722042
2022-12-19,12.41584969,12.56692314,11.73771000,11.93265533,11.93265533,206060595
2022-12-20,11.93452072,12.43645000,11.87538910,12.28051472,12.28051472,177388342
2022-12-21,12.27906132,12.27906132,11.92959690,12.12898540,12.12898540,167974882
2022-12-22,12.12986469,12.16859436,11.72010899,11.79482937,11.79482937,181200151
2022-12-23,11.79452324,12.08467579,11.75558472,11.78616619,11.78616619,157181374
2022-12-24,11.78625488,11.78625488,11.23962402,11.44427586,11.44427586,202780776
2022-12-25,11.44453430,11.53402615,11.27482986,11.38790321,11.38790321,105389060
2022-12-26,11.38768959,11.45341015,11.13846397,11.30661106,11.30661106,132410401
2022-12-27,11.30917931,11.39070797,10.76620960,11.08543015,11.08543015,223332961
2022-12-28,11.08486271,11.09810925,9.52294922,9.75590611,9.75590611,468728777
2022-12-29,9.75577545,9.82712936,8.14126778,9.65178299,9.65178299,772500177
2022-12-30,9.65191460,10.02177238,9.06271458,9.88017654,9.88017654,837030648
2022-12-31,9.88100529,10.15116692,9.69262409,9.96103859,9.96103859,285758573
2023-01-01,9.96103573,10.05280113,9.72101116,9.98217297,9.98217297,194221164
2023-01-02,9.98322201,11.37201309,9.84521103,11.27296734,11.27296734,558570124
2023-01-03,11.27472687,13.50026798,11.05326653,13.34404564,13.34404564,1149255381
2023-01-04,13.35150909,14.09533978,12.92294598,13.43511295,13.43511295,1142852070
2023-01-05,13.43493938,13.76920033,12.99019241,13.41932964,13.41932964,564255825
2023-01-06,13.42055225,13.54129410,12.77132416,13.52584171,13.52584171,517147909
2023-01-07,13.52675724,13.52675724,13.05507278,13.09226799,13.09226799,210349250
2023-01-08,13.09150505,14.33325672,12.92428589,14.31993294,14.31993294,535020165
2023-01-09,14.32553291,17.36155701,14.32553291,16.30246353,16.30246353,2029272608
2023-01-10,16.29619789,16.64008713,15.71121311,16.19672394,16.19672394,833408341
2023-01-11,16.19657707,16.44658852,15.36848736,16.35941505,16.35941505,630606082
2023-01-12,16.78926086,16.80843353,15.74472237,16.61904335,16.61904335,884719784
2023-01-13,16.61872673,18.51446533,16.38135910,18.28844452,18.28844452,1037251176
2023-01-14,18.28750610,24.56501770,18.26682472,24.24945831,24.24945831,3399684035
2023-01-15,24.25912285,24.65198708,22.11684799,22.87330627,22.87330627,1661787281
2023-01-16,22.87508583,24.75278854,22.58559608,23.57756424,23.57756424,1596086615
2023-01-17,23.58060074,23.80280113,22.88289261,22.88406372,22.88406372,926501252
2023-01-18,22.88648415,23.48263359,20.69349861,20.85063362,20.85063362,1427677518
2023-01-19,20.85082817,21.76544380,20.52894974,21.42676544,21.42676544,799641392
2023-01-20,21.42640686,25.67833328,21.00454330,25.54827118,25.54827118,1419157455
2023-01-21,25.55152512,26.41049957,24.61499405,24.62783813,24.62783813,1948796870
2023-01-22,24.62404251,25.38924980,23.75632286,24.23278999,24.23278999,1029738787
2023-01-23,24.23154640,24.88598251,23.97373581,24.35780716,24.35780716,874649827
2023-01-24,24.35210228,25.16766548,22.64778328,22.79567337,22.79567337,837211317
2023-01-25,22.79620361,25.21659279,22.39700699,24.57144547,24.57144547,1166026842
2023-01-26,24.56139755,25.12034798,23.95353889,24.35069656,24.35069656,809826004
2023-01-27,24.35098076,24.86176491,23.49876595,24.40785789,24.40785789,682926581
2023-01-28,24.41060257,25.01738548,23.84182739,23.98180199,23.98180199,489857934
2023-01-29,23.98078728,26.65280533,23.82784462,26.13238716,26.13238716,1131621628
2023-01-30,26.13530159,26.24931526,23.48917580,23.94632149,23.94632149,1084170329
2023-01-31,23.94932175,24.34128761,23.59224892,23.95254707,23.95254707,617019880
2023-02-01,23.94851494,25.12623596,22.64312172,24.99335861,24.99335861,984317489
2023-02-02,24.98878670,26.03715134,24.25430679,24.26505852,24.26505852,1017290364
2023-02-03,24.26081085,25.00357246,24.11897469,24.68089676,24.68089676,643813200
2023-02-04,24.67998314,24.89257812,24.31774521,24.31774521,24.31774521,321758043
2023-02-05,24.31952095,24.42566681,23.11682701,23.49343872,23.49343872,578466008
2023-02-06,23.49368477,23.68735695,22.60390472,22.70638847,22.70638847,449884793
2023-02-07,22.69782257,23.89979935,22.60705376,23.86135674,23.86135674,625438600
2023-02-08,23.86072922,24.14807320,22.88185501,23.19267082,23.19267082,534148944
2023-02-09,23.19809151,23.27908707,20.20357704,20.45212746,20.45212746,797436250
2023-02-10,20.45359039,21.11772728,19.84334373,20.13010979,20.13010979,654189930
2023-02-11,20.12839127,20.86067963,20.11946869,20.83009529,20.83009529,267159267
2023-02-12,20.82887459,22.26061821,20.64662552,21.48997879,21.48997879,532943787
2023-02-13,21.48678780,21.52965546,19.87074471,20.79010010,20.79010010,693292656
2023-02-14,20.78159523,22.24566460,20.71122360,21.82495308,21.82495308,865868623
2023-02-15,21.82472229,23.90115356,21.50210190,23.88390160,23.88390160,747616299
2023-02-16,23.88418961,24.03055382,22.26426125,22.28595161,22.28595161,885086333
2023-02-17,22.28212929,23.49330902,22.15391350,23.16675758,23.16675758,580803415
2023-02-18,23.16739655,23.75763512,22.96770477,23.47859192,23.47859192,370892073
2023-02-19,23.47620773,25.52073097,23.26829338,24.84075165,24.84075165,993875671
2023-02-20,24.84637451,26.92558098,24.34207153,26.18138695,26.18138695,1459545676
2023-02-21,26.18273163,26.42429733,24.67382812,24.94855881,24.94855881,925847245
2023-02-22,24.94975090,25.13520050,23.37793350,24.18134880,24.18134880,892548647
2023-02-23,24.18242073,24.63583374,23.68366814,23.90080070,23.90080070,579213279
2023-02-24,23.89963722,24.05632973,22.63655663,23.05303574,23.05303574,612377428
2023-02-25,23.05884933,23.27343941,21.64186287,22.52339935,22.52339935,547286025
2023-02-26,22.52385712,23.48444748,22.32423973,23.25608826,23.25608826,370371591
2023-02-27,23.25573921,23.36746216,22.40076637,22.69258881,22.69258881,475987023
2023-02-28,22.69098473,22.72503281,21.82581329,21.91638756,21.91638756,351065863
2023-03-01,21.91213608,22.79533768,21.73867798,22.50643158,22.50643158,346532018
2023-03-02,22.50531387,22.57521629,21.73250961,21.98487854,21.98487854,322545445
2023-03-03,21.98651695,22.00171089,20.54107857,21.39935303,21.39935303,489228523
2023-03-04,21.40002632,21.53683853,20.37414551,20.96683884,20.96683884,249364880
2023-03-05,20.96639252,21.61699677,20.89556313,20.97858429,20.97858429,278729462
2023-03-06,20.97841263,21.09886551,20.52221489,20.63501167,20.63501167,318022843
2023-03-07,20.63469124,20.88684845,19.82059669,20.24473190,20.24473190,394901279
2023-03-08,20.24393082,20.33236694,18.28630447,18.42119408,18.42119408,620543521
2023-03-09,18.42470741,18.68904686,16.94313240,17.30814743,17.30814743,754162560
2023-03-10,17.31225014,18.32339668,16.11734581,18.24364281,18.24364281,944032048
2023-03-11,18.24310493,18.84818840,17.17135429,18.22584343,18.22584343,696894876
2023-03-12,18.22479820,20.39289093,17.94247627,20.31053162,20.31053162,666940879
2023-03-13,20.31079292,21.34041214,18.96447182,20.43371201,20.43371201,1161164364
2023-03-14,20.43470764,22.10667229,19.91452789,20.92803383,20.92803383,1130224251
2023-03-15,20.93529510,21.48890877,18.83035851,19.29098129,19.29098129,816614774
2023-03-16,19.29949570,19.88351059,19.03631020,19.73054314,19.73054314,438673097
2023-03-17,19.73006630,21.67624092,19.49981880,21.62910271,21.62910271,623518286
2023-03-18,21.63244057,22.86198807,21.14187050,21.19590187,21.19590187,789771840
2023-03-19,21.19828987,22.45381165,21.19828987,21.90340233,21.90340233,475166077
2023-03-20,21.90461159,23.83119392,21.58555984,22.17646408,22.17646408,1147250538
2023-03-21,22.17758942,23.22371483,21.63910294,22.61826706,22.61826706,745081556
2023-03-22,22.61427689,23.06732178,21.14965057,21.48048592,21.48048592,851680842
2023-03-23,21.47551346,22.70059776,21.21627617,22.21677780,22.21677780,555730954
2023-03-24,22.21415138,22.25843430,20.35582733,20.67885590,20.67885590,547225198
2023-03-25,20.67774582,20.95248222,20.18485260,20.44664574,20.44664574,272949711
2023-03-26,20.44417763,21.12998199,20.34568977,20.97551918,20.97551918,226663968
2023-03-27,20.97608566,20.97982407,19.50805473,19.92167473,19.92167473,359607077
2023-03-28,19.92219543,20.76420784,19.66556740,20.47069740,20.47069740,347656506
2023-03-29,20.46544075,21.50514412,20.45812225,21.11146736,21.11146736,378726667
2023-03-30,21.11384010,21.59051323,20.23296928,20.55104637,20.55104637,472449267
2023-03-31,20.55251503,21.44199944,20.15524292,21.17049599,21.17049599,352864960
2023-04-01,21.17135239,21.31388855,20.85890579,20.97564125,20.97564125,209186327
2023-04-02,21.08799171,21.28608513,20.31570053,20.53697586,20.53697586,229561591
2023-04-03,20.53603745,20.93409729,20.02490234,20.44305038,20.44305038,437266506
2023-04-04,20.44264984,21.23637772,20.35272026,20.92461967,20.92461967,305630170
2023-04-05,20.92453766,21.31917763,20.67097664,20.96600723,20.96600723,324885702
2023-04-06,20.96971321,20.97062111,20.50641441,20.61012840,20.61012840,222557225
2023-04-07,20.61134529,20.77172470,20.26767540,20.46994019,20.46994019,171660856
2023-04-08,20.46667480,20.71323586,19.94769669,20.03644943,20.03644943,194413927
2023-04-09,20.03837013,20.42070580,19.96437836,20.29946518,20.29946518,152580905
2023-04-10,20.30023575,20.93652725,20.11570740,20.88235664,20.88235664,224169192
2023-04-11,20.88392830,23.63595581,20.86019325,23.01882744,23.01882744,1083533914
2023-04-12,23.01880074,24.34465218,22.42322922,23.98530579,23.98530579,1204250258
2023-04-13,23.81088257,25.24245644,23.70479584,24.43230820,24.43230820,792335438
2023-04-14,24.43577766,25.46139336,23.81744766,24.77272224,24.77272224,859037933
2023-04-15,24.77461052,24.77461052,23.87202835,24.07937813,24.07937813,379745930
2023-04-16,24.07978630,25.45414352,23.94781494,25.36192703,25.36192703,466841333
2023-04-17,25.36248016,25.93833542,24.40689850,24.55884552,24.55884552,789077237
2023-04-18,24.56468582,25.42329216,24.10208893,24.85268974,24.85268974,487693856
2023-04-19,24.85041046,24.93950844,22.26666451,22.71283531,22.71283531,836873906
2023-04-20,22.70462036,23.12053680,21.66496277,22.18144035,22.18144035,658826580
2023-04-21,22.18380165,22.37648964,21.13329887,21.27813530,21.27813530,489546774
2023-04-22,21.27747345,21.94816208,21.10849190,21.81628799,21.81628799,246809009
2023-04-23,21.81642723,22.21738243,21.06771851,21.48013878,21.48013878,314447869
2023-04-24,21.47945976,21.95017242,21.07879257,21.39106941,21.39106941,358681450
2023-04-25,21.38992119,21.93714142,20.78375626,21.92725372,21.92725372,367752382
2023-04-26,21.92747688,22.92137718,20.57401466,21.28301239,21.28301239,690088236
2023-04-27,21.28469086,22.48358154,21.22615242,22.34011459,22.34011459,509745191
2023-04-28,22.33973122,23.46005249,22.21075439,23.36628723,23.36628723,511781472
2023-04-29,23.36691475,23.75076294,22.98707771,23.18299675,23.18299675,369964075
2023-04-30,23.18365860,23.92972374,22.83201408,22.83201408,22.83201408,368042267
2023-05-01,22.82850456,22.87849236,21.64071083,21.98663330,21.98663330,438350469
2023-05-02,21.98655319,22.37387848,21.77289581,22.26497841,22.26497841,296722866
2023-05-03,22.26513481,22.26718521,21.28269958,22.21800232,22.21800232,445797367
2023-05-04,22.21875191,22.44113922,21.65181541,21.73034859,21.73034859,291826693
2023-05-05,21.73081589,23.02972221,21.70645714,22.82611084,22.82611084,423211212
2023-05-06,22.82809258,23.22230148,21.72997093,21.97426224,21.97426224,351934449
2023-05-07,21.97192574,22.73860550,21.80872726,21.84422874,21.84422874,303626005
2023-05-08,21.80777931,21.80777931,20.26062965,20.65746307,20.65746307,553548056
2023-05-09,20.65800285,20.96478844,20.45963669,20.68364525,20.68364525,272780907
2023-05-10,20.68277931,21.29500961,20.16568756,20.95371056,20.95371056,490700208
2023-05-11,20.95549965,20.95549965,19.85569572,20.23488045,20.23488045,376535594
2023-05-12,20.23247910,20.92959785,19.86431313,20.91179466,20.91179466,362726295
2023-05-13,20.91591072,21.24797821,20.82196808,20.86876106,20.86876106,224618367
2023-05-14,20.86826706,21.24398804,20.66663742,20.95339775,20.95339775,184522451
2023-05-15,20.95322800,21.48563957,20.64780998,21.00718880,21.00718880,307353987
2023-05-16,21.00801277,21.12025261,20.47537994,20.67942047,20.67942047,279283146
2023-05-17,20.67901230,21.17076874,20.50047874,21.06839943,21.06839943,279742763
2023-05-18,21.06819344,21.06819344,20.16850662,20.34869576,20.34869576,293327002
2023-05-19,20.34809875,20.55809975,20.31267357,20.34987068,20.34987068,149073606
2023-05-20,20.35030937,20.36148834,20.14699936,20.28544617,20.28544617,121021517
2023-05-21,20.28570175,20.38383865,19.50821686,19.60943794,19.60943794,210641913
2023-05-22,19.61201859,19.98162842,19.38337326,19.54204559,19.54204559,216922971
2023-05-23,19.54226303,20.15293503,19.45125961,20.04318237,20.04318237,258761187
2023-05-24,20.04434967,20.06201363,18.91432571,19.22366333,19.22366333,297840141
2023-05-25,19.22257233,19.52549553,18.89226341,19.26066208,19.26066208,194537149
2023-05-26,19.26094055,19.54116440,19.12045288,19.36695671,19.36695671,140228468
2023-05-27,19.36615753,20.49924469,19.35017014,20.42523384,20.42523384,179682882
2023-05-28,20.42608070,21.15098953,20.33688927,20.79857826,20.79857826,291460886
2023-05-29,20.80004692,20.97068596,20.29768181,20.58650970,20.58650970,228295637
2023-05-30,20.58713722,21.38171768,20.51950073,21.25408363,21.25408363,367512387
2023-05-31,21.25528526,21.31887817,20.46875191,20.82450294,20.82450294,246152341
2023-06-01,20.82489204,20.97260857,20.46446991,20.50221825,20.50221825,209047110
2023-06-02,20.50272942,21.35614014,20.38359261,21.25759506,21.25759506,237609887
2023-06-03,21.25862312,21.33546829,21.01707840,21.15556526,21.15556526,144933830
2023-06-04,21.15740967,22.28459167,21.06132317,21.81897545,21.81897545,317802167
2023-06-05,21.82179642,22.04202461,19.42383194,20.07505989,20.07505989,594214946
2023-06-06,20.06250572,20.68378067,19.32053185,20.39848328,20.39848328,441408235
2023-06-07,20.39931488,20.48658371,18.54992104,18.63428307,18.63428307,390444801
2023-06-08,18.63564682,19.07776451,18.29473686,18.90947533,18.90947533,258460307
2023-06-09,18.90840340,19.29947662,17.16129303,17.37969971,17.37969971,463344687
2023-06-10,17.38135338,17.39295769,13.37944889,15.65610123,15.65610123,1230339924
2023-06-11,15.65445042,16.11569214,15.19849300,15.55877590,15.55877590,446176848
2023-06-12,15.55723190,15.60623741,14.81719017,15.19670773,15.19670773,384209938
2023-06-13,15.19628716,15.87308598,14.81658459,15.01819324,15.01819324,363876713
2023-06-14,15.01819038,15.30515003,14.19595337,14.48657227,14.48657227,296502336
2023-06-15,14.48628616,15.01039314,14.21414757,14.75947285,14.75947285,329864409
2023-06-16,14.76041603,15.39917183,14.46956730,15.30825424,15.30825424,232544705
2023-06-17,15.30858135,16.06578255,15.18542671,15.65052128,15.65052128,206436912
2023-06-18,15.64947510,15.81269073,15.36124420,15.43823528,15.43823528,141612316
2023-06-19,15.43876553,16.07537079,15.41437721,16.07304192,16.07304192,163949883
2023-06-20,16.07803726,16.66510582,15.75937080,16.63523102,16.63523102,265787114
2023-06-21,16.63548660,17.37957382,16.58346939,17.25704575,17.25704575,357788986
2023-06-22,17.25714874,17.69850540,16.61034584,16.64262009,16.64262009,299233520
2023-06-23,16.64296913,17.51069260,16.23674774,17.14953423,17.14953423,386994632
2023-06-24,17.14927483,17.51759720,16.46331787,16.65286255,16.65286255,260480952
2023-06-25,16.65147209,17.34068489,16.60713768,16.97138023,16.97138023,252839095
2023-06-26,16.96964645,17.10167694,16.02097511,16.27002716,16.27002716,275948459
2023-06-27,16.26987076,16.90989685,16.17858887,16.61964989,16.61964989,259041273
2023-06-28,16.62190437,16.62732887,15.74758244,15.98684311,15.98684311,327399744
2023-06-29,15.98551083,18.19975471,15.90637684,17.97045708,17.97045708,737633196
2023-06-30,17.97107124,19.85512543,17.31487083,18.89732170,18.89732170,1120379648
2023-07-01,18.89606476,18.97142792,17.94579887,18.68390274,18.68390274,349552752
2023-07-02,18.68966866,19.70455933,18.58200455,19.45359421,19.45359421,497231250
2023-07-03,19.45241356,19.61315918,18.94314575,19.24053764,19.24053764,324227812
2023-07-04,19.24203110,19.87669563,19.09673882,19.14322853,19.14322853,345225951
2023-07-05,19.14561272,19.35526657,18.49862862,18.99286461,18.99286461,260416081
2023-07-06,18.99199295,20.92277527,18.88626099,19.72938538,19.72938538,903770571
2023-07-07,19.72611046,21.60171127,19.31893158,21.48466492,21.48466492,988591308
2023-07-08,21.48525238,22.40300179,21.35688210,21.85926819,21.85926819,693929963
2023-07-09,21.85495567,22.32202530,21.08757782,21.34900475,21.34900475,405174806
2023-07-10,21.34778786,21.77714539,20.57258606,21.31377602,21.31377602,543191863
2023-07-11,21.31472206,22.28520012,21.24249268,22.09293365,22.09293365,453810523
2023-07-12,22.09242439,22.71272469,21.82825470,21.97760201,21.97760201,541605988
2023-07-13,21.97846031,26.62434578,21.49482536,26.02569580,26.02569580,1527996472
2023-07-14,26.02075958,30.05769539,25.43497849,26.73571777,26.73571777,2184090884
2023-07-15,26.72903442,29.05739594,26.68886757,27.39135551,27.39135551,1323279744
2023-07-16,27.39552689,28.55108833,26.89769936,27.38408279,27.38408279,753056132
2023-07-17,27.38576889,28.38091850,25.89572906,26.87276649,26.87276649,970813262
2023-07-18,26.86900711,27.04559708,24.82485390,25.54450417,25.54450417,696782373
2023-07-19,25.55088234,26.92208862,25.41806221,26.37235260,26.37235260,603189951
2023-07-20,26.36872673,26.89643860,25.16942596,25.37516785,25.37516785,606255421
2023-07-21,25.37552452,25.94792175,25.14233780,25.54426765,25.54426765,410907584
2023-07-22,25.54317856,25.95035744,24.30647469,24.53505325,24.53505325,335432006
2023-07-23,24.53266335,25.21361160,24.25096703,24.76681519,24.76681519,330741258
2023-07-24,24.76552010,24.81063843,23.06942558,23.38149071,23.38149071,492344649
2023-07-25,23.38324928,23.52588272,22.86436272,23.27932167,23.27932167,346742173
2023-07-26,23.27935791,25.51834679,23.20773125,25.17705345,25.17705345,688135176
2023-07-27,25.17807961,25.58637619,24.72016144,25.09933662,25.09933662,514211484
2023-07-28,25.09872818,25.47324753,24.57767296,24.84685707,24.84685707,374045446
2023-07-29,24.84393311,25.36704445,24.78037453,25.16897392,25.16897392,265061245
2023-07-30,25.16937256,25.19329262,23.84540749,24.26101875,24.26101875,365262222
2023-07-31,24.26183891,24.75018311,23.65881920,23.72095680,23.72095680,376948332
2023-08-01,23.72489166,23.99875259,23.08723831,23.99875259,23.99875259,428254164
2023-08-02,23.99351501,24.21962738,22.98431587,23.14572144,23.14572144,393185796
2023-08-03,23.14489365,23.35301590,22.54010010,22.63604927,22.63604927,365983702
2023-08-04,22.63271523,23.52178192,22.52266693,22.79361916,22.79361916,382245804
2023-08-05,22.79360199,22.89552879,22.32799721,22.63220406,22.63220406,250613466
2023-08-06,22.63254738,23.41609955,22.59660339,23.18569565,23.18569565,320595154
2023-08-07,23.18540573,23.50393867,22.48735237,23.06875610,23.06875610,353804981
2023-08-08,23.06925201,24.72762489,23.02173805,24.21176338,24.21176338,495649796
2023-08-09,24.21103096,24.95158577,24.19420815,24.37852669,24.37852669,447009018
2023-08-10,24.37830162,24.80949974,24.15066719,24.61305237,24.61305237,339616018
2023-08-11,24.61062622,24.86531448,24.35961533,24.58286095,24.58286095,314045619
2023-08-12,24.58554268,25.11195183,24.40580559,24.90673065,24.90673065,253389584
2023-08-13,24.90521622,24.91316032,24.23648262,24.24288559,24.24288559,263449955
2023-08-14,24.24240303,25.22711754,24.09539795,25.14282227,25.14282227,359715099
2023-08-15,25.14717102,25.24112129,23.76166153,23.89658546,23.89658546,424193111
2023-08-16,23.90001488,23.99312019,22.48752785,22.81197548,22.81197548,441171937
2023-08-17,22.81141853,23.38061905,20.30415344,21.70997429,21.70997429,620931325
2023-08-18,21.71242714,22.17001343,21.08913422,21.33549309,21.33549309,411279768
2023-08-19,21.33571053,22.14778519,21.31599426,21.87903786,21.87903786,244048976
2023-08-20,21.87975121,22.00470352,21.63009453,21.77327538,21.77327538,198853112
2023-08-21,21.77326393,21.77742577,20.68357658,21.20825958,21.20825958,339125910
2023-08-22,21.20706558,21.25051308,19.73546791,20.54654121,20.54654121,381594696
2023-08-23,20.54734993,21.74602890,20.45146751,21.70362473,21.70362473,404686524
2023-08-24,21.70798683,21.98844337,20.75108719,21.03303146,21.03303146,328472951
2023-08-25,21.03511047,21.04962730,20.15310097,20.39271927,20.39271927,278312420
2023-08-26,20.39297485,20.40377617,20.21757507,20.28042412,20.28042412,144065112
2023-08-27,20.28070068,20.87012672,20.26211166,20.78683853,20.78683853,177496132
2023-08-28,20.78696442,20.78696442,20.16868973,20.55710030,20.55710030,200600033
2023-08-29,20.55686569,21.98325729,20.12834358,21.78076363,21.78076363,469679540
2023-08-30,21.78202629,21.93271446,20.64166451,20.83490372,20.83490372,292322455
2023-08-31,20.83383751,21.00721359,19.54976273,19.73509216,19.73509216,343649256
2023-09-01,19.73475647,19.90793610,19.09251022,19.32784462,19.32784462,286842939
2023-09-02,19.32852364,19.66608429,19.18891525,19.49374390,19.49374390,200858690
2023-09-03,19.49425316,19.65727615,19.28093147,19.57874680,19.57874680,164570332
2023-09-04,19.57785034,19.94986534,19.24225616,19.49940872,19.49940872,220024399
2023-09-05,19.50067711,20.54744339,19.09431076,20.27238464,20.27238464,387328289
2023-09-06,20.27223778,20.34898949,19.21592712,19.62002945,19.62002945,313630984
2023-09-07,19.62108040,19.97297859,19.36778831,19.89049911,19.89049911,242438252
2023-09-08,19.89376831,20.21482849,19.42186546,19.59904480,19.59904480,219114497
2023-09-09,19.60000610,19.60288811,19.40461540,19.44607162,19.44607162,101925453
2023-09-10,19.44618797,19.44618797,17.87034035,18.24883080,18.24883080,520683204
2023-09-11,18.24670792,18.41311646,17.46147728,17.73916626,17.73916626,380225621
2023-09-12,17.73886490,18.65507126,17.60665703,17.92982674,17.92982674,361388393
2023-09-13,17.93087196,18.50878716,17.73951340,18.40299988,18.40299988,356729875
2023-09-14,18.40332222,19.26730728,18.40332222,18.83830643,18.83830643,349380172
2023-09-15,18.83917999,19.40658188,18.59033012,19.16884422,19.16884422,205202282
2023-09-16,19.16949844,19.41681480,18.91741562,19.14036942,19.14036942,146477836
2023-09-17,19.13982773,19.13982773,18.71294022,18.83162880,18.83162880,112594680
2023-09-18,18.83238029,20.10010147,18.65157127,19.65724564,19.65724564,316245106
2023-09-19,19.65707588,20.35854340,19.61443710,20.03618813,20.03618813,253895801
2023-09-20,20.03628922,20.48303986,19.85378075,20.30493736,20.30493736,233206126
2023-09-21,20.30481529,20.30481529,19.37391472,19.47907066,19.47907066,253809695
2023-09-22,19.47825050,19.77411270,19.22129631,19.43814468,19.43814468,170874161
2023-09-23,19.43851089,19.55816078,19.31374931,19.47390366,19.47390366,97379053
2023-09-24,19.47389412,19.65769577,19.30803680,19.37429047,19.37429047,115380619
2023-09-25,19.37414551,19.70343971,19.21724892,19.40414047,19.40414047,163848456
2023-09-26,19.40274429,19.50536537,18.94138908,19.02328682,19.02328682,170201883
2023-09-27,19.02251434,19.44652557,18.77421570,19.13002205,19.13002205,210385139
2023-09-28,19.12947464,19.96086502,19.11030769,19.95761681,19.95761681,225954938
2023-09-29,19.95958138,20.41597748,19.87516022,20.30065536,20.30065536,219571069
2023-09-30,20.29958916,21.72997093,20.12467957,21.39514732,21.39514732,328987954
2023-10-01,21.39205933,24.39601898,21.17007256,23.83648682,23.83648682,637123111
2023-10-02,23.83795547,24.60342407,22.97602272,23.37170029,23.37170029,658084028
2023-10-03,23.36992073,24.66207314,23.29671097,23.55269432,23.55269432,653491878
2023-10-04,23.55691528,23.75437737,22.69284248,23.14478683,23.14478683,429268875
2023-10-05,23.14655113,23.71764755,22.62894821,22.69414139,22.69414139,361288781
2023-10-06,22.69216728,23.70509148,22.69216728,23.42445374,23.42445374,402665506
2023-10-07,23.42395020,24.10172272,23.11711693,23.28730202,23.28730202,278403509
2023-10-08,23.28933525,23.61370659,23.14427948,23.24642563,23.24642563,190670414
2023-10-09,23.24490929,23.35351181,21.81448936,22.11839676,22.11839676,356967743
2023-10-10,22.11751747,22.45848846,21.73872757,22.10511589,22.10511589,241087146
2023-10-11,22.10520172,22.39118195,21.67980766,22.00741959,22.00741959,278925381
2023-10-12,22.00748444,22.01992607,21.06897163,21.30026817,21.30026817,283320977
2023-10-13,21.29995537,22.15665436,21.13203621,21.83491707,21.83491707,269268807
2023-10-14,21.83435440,22.19681358,21.82191277,22.01171875,22.01171875,174004594
2023-10-15,22.01053429,22.13581467,21.71138382,21.92202759,21.92202759,178940996
2023-10-16,21.92258644,24.41446877,21.92258644,23.98295784,23.98295784,726713710
2023-10-17,23.98159027,24.48526573,23.64439011,23.95931816,23.95931816,520830665
2023-10-18,23.95922470,24.30299950,23.42407799,23.43213844,23.43213844,362606644
2023-10-19,23.43347740,25.38907623,23.25644684,24.93791962,24.93791962,663249208
2023-10-20,24.93754387,27.31616974,24.77450562,27.03367424,27.03367424,910991447
2023-10-21,27.03448105,30.14244843,26.71261215,29.38622856,29.38622856,1160814433
2023-10-22,29.38422775,29.96619225,28.20864487,29.03668213,29.03668213,665340924
2023-10-23,29.26222038,32.46877289,28.90173912,31.85098457,31.85098457,1581590969
2023-10-24,31.84965706,32.36031723,29.70209312,30.15153694,30.15153694,1450364573
2023-10-25,30.15122032,33.69322205,30.05987358,32.46306610,32.46306610,1458706203
2023-10-26,32.46185684,33.22134018,30.79706764,32.77549362,32.77549362,1015617285
2023-10-27,32.77643585,33.30240250,31.52513885,31.73969841,31.73969841,870812666
2023-10-28,31.73992157,32.47766876,31.50631332,31.65331841,31.65331841,380462073
2023-10-29,31.65210152,33.13132858,31.43420219,32.82260895,32.82260895,507672244
2023-10-30,32.81903458,35.17289352,32.39456558,34.96233749,34.96233749,1099930941
2023-10-31,34.95983124,38.54643250,34.90843582,38.51951599,38.51951599,1577034191
2023-11-01,38.51305771,46.25090027,37.96105194,41.46154404,41.46154404,3630725002
2023-11-02,41.38594818,44.48912430,38.97534561,40.20756912,40.20756912,2583692673
2023-11-03,40.20892715,40.22572327,38.21837616,39.51976013,39.51976013,1755955299
2023-11-04,39.52021027,42.69524002,39.16879272,42.34659576,42.34659576,1454107898
2023-11-05,42.37336731,42.80353928,40.38012695,41.23860168,41.23860168,884855278
2023-11-06,41.23856354,42.15506744,39.82507706,42.12858963,42.12858963,1010459088
2023-11-07,42.13777161,44.42584991,40.31990814,43.09254456,43.09254456,1780187159
2023-11-08,43.08591843,43.80505753,42.39422989,43.18988800,43.18988800,1009177437
2023-11-09,43.18186951,48.70306778,42.60818481,45.44482803,45.44482803,2830770419
2023-11-10,45.44237137,57.34910202,45.21684647,56.64385223,56.64385223,3795204638
2023-11-11,56.64099503,63.41544724,54.04486847,56.10266113,56.10266113,4182963132
2023-11-12,56.13203049,61.71490479,54.94210434,56.15409851,56.15409851,2987356952
2023-11-13,56.18062592,59.71365738,51.90705109,51.90705109,51.90705109,2942685126
2023-11-14,51.90221786,57.73010635,51.71446228,56.83837509,56.83837509,3195616616
2023-11-15,56.83993912,66.86766815,56.30898666,65.53440094,65.53440094,3793937162
2023-11-16,65.53944397,67.99214935,56.81013107,57.87140274,57.87140274,3922608772
2023-11-17,57.92103958,60.41629028,54.55164719,58.41593552,58.41593552,3185454735
2023-11-18,58.39267349,59.28344345,55.06231308,58.51272583,58.51272583,1942321169
2023-11-19,58.52428436,62.02115250,56.88264847,61.39355850,61.39355850,1998656461
2023-11-20,61.37046051,61.37046051,56.35343170,56.53383255,56.53383255,1937313546
2023-11-21,56.54036713,57.36568832,51.55591583,52.00047302,52.00047302,2440890238
2023-11-22,52.00212860,58.79156494,51.73749542,57.58855820,57.58855820,1985653842
2023-11-23,57.57801819,59.47392273,56.28756332,56.59936905,56.59936905,1379316733
2023-11-24,56.57889175,58.68601227,56.34909058,56.86643982,56.86643982,1146346831
2023-11-25,56.86628723,59.65414429,56.32527924,58.84648895,58.84648895,1183793273
2023-11-26,58.84542084,58.95796204,56.51145554,57.64270020,57.64270020,871154750
2023-11-27,57.62886810,58.02122498,53.71446991,55.06462097,55.06462097,1237763215
2023-11-28,55.06262970,58.60682297,54.08532333,58.19437027,58.19437027,1412314015
2023-11-29,58.19305038,61.65335846,57.85509109,59.25012970,59.25012970,1941361674
2023-11-30,59.25351715,61.43787384,58.94692230,59.24162292,59.24162292,1263841021
2023-12-01,59.23817825,61.75801849,58.77820969,59.80399704,59.80399704,1376669760
2023-12-02,59.80374527,63.83285904,59.77376175,63.83285904,63.83285904,1346327049
2023-12-03,63.82087708,65.39625549,62.41662216,63.03996658,63.03996658,1368876645
2023-12-04,63.03776932,65.13323975,60.28052139,61.52661514,61.52661514,2211865569
2023-12-05,61.52917480,62.54000473,59.25082779,60.99483109,60.99483109,1693517649
2023-12-06,60.97986603,66.38362122,60.97986603,61.90295792,61.90295792,3030993886
2023-12-07,61.93404388,69.30046844,61.87300873,67.83782959,67.83782959,3002455075
2023-12-08,67.84671783,75.12979126,67.84123230,75.00243378,75.00243378,3612712432
2023-12-09,74.98954773,77.50202179,72.03968811,72.25760651,72.25760651,2893248364
2023-12-10,72.27294922,74.72459412,70.91922760,74.70588684,74.70588684,1849363354
2023-12-11,74.71422577,74.83811188,67.21549225,70.36717224,70.36717224,3729540309
2023-12-12,70.34428406,72.34092712,65.96899414,68.54067993,68.54067993,2366453484
2023-12-13,68.53224945,72.35475922,64.36977386,70.76778412,70.76778412,2414610075
2023-12-14,70.74867249,76.17998505,69.85732269,75.62033081,75.62033081,2464938440
2023-12-15,75.63668823,79.15106964,72.36663818,72.36898804,72.36898804,2821390652
2023-12-16,72.43347931,77.07920074,71.56934357,73.47350311,73.47350311,1781972898
2023-12-17,73.47478485,74.72001648,70.82445526,71.00051880,71.00051880,1552380672
2023-12-18,70.93263245,75.38053894,67.33440399,74.34716034,74.34716034,2281865174
2023-12-19,74.34918976,76.27140808,72.01061249,72.98976898,72.98976898,1900875405
2023-12-20,72.98999023,83.95745087,72.98999023,82.19123077,82.19123077,3745738278
2023-12-21,82.18564606,95.32344055,81.23770905,93.85481262,93.85481262,4711493441
2023-12-22,93.85801697,99.12442780,90.79840088,98.00369263,98.00369263,5284203995
2023-12-23,98.00168610,109.50884247,93.10676575,107.59423065,107.59423065,3957434568
2023-12-24,107.72513580,117.38066864,107.72513580,112.48521423,112.48521423,6365529251
2023-12-25,112.56411743,125.19389343,108.90338135,121.14646149,121.14646149,5951791518
2023-12-26,121.08433533,121.14399719,104.72821808,112.67673492,112.67673492,6117657160
2023-12-27,112.65483093,115.03387451,105.42523193,107.02379608,107.02379608,4267938569
2023-12-28,107.02270508,109.42065430,97.66864777,102.10456848,102.10456848,4492625126
2023-12-29,102.06928253,109.67111969,100.05551147,106.31151581,106.31151581,4445797973
2023-12-30,106.29850006,107.32822418,101.06812286,101.84508514,101.84508514,1863177830
2023-12-31,101.84417725,105.13354492,99.88642883,101.50582123,101.50582123,1748630533
2024-01-01,101.51280975,109.50868225,101.51280975,109.50868225,109.50868225,2157671990
2024-01-02,109.54906464,116.88249207,106.38898468,106.61122131,106.61122131,3782057553
2024-01-03,106.61653137,109.84809113,92.92366791,98.59443665,98.59443665,5472216595
2024-01-04,98.58697510,107.98246765,97.10832977,105.07753754,105.07753754,3272723247
2024-01-05,105.05200958,105.23542786,95.94272614,99.97879028,99.97879028,3022127826
2024-01-06,99.98799133,100.03740692,92.02278900,93.85771942,93.85771942,2235902092
2024-01-07,93.86035156,96.69239807,88.22345734,89.27634430,89.27634430,2288061692
2024-01-08,89.27817535,99.76187134,85.64669800,97.79044342,97.79044342,4152448360
2024-01-09,97.81603241,103.79616547,95.89379120,99.40918732,99.40918732,4070131683
2024-01-10,99.38423920,105.08237457,92.56326294,102.03302002,102.03302002,4216429514
2024-01-11,102.10365295,106.93573761,98.41249847,99.90943909,99.90943909,4174026719
2024-01-12,99.91187286,100.25449371,88.30984497,91.72090912,91.72090912,2868799888
2024-01-13,91.75974274,96.91764832,89.75449371,95.73004913,95.73004913,1880329065
2024-01-14,95.73265076,102.17358398,93.89056396,94.13314056,94.13314056,2736734725
2024-01-15,94.03654480,96.82123566,93.24111176,94.49022675,94.49022675,1755858499
2024-01-16,94.43834686,98.59530640,94.39668274,97.62691498,97.62691498,1806576879
2024-01-17,97.61580658,102.43373871,97.05516052,102.06359863,102.06359863,3220344763
2024-01-18,102.02949524,102.92314148,92.14057922,94.25095367,94.25095367,2684524713
2024-01-19,94.25067139,95.16472626,87.48365784,93.38616943,93.38616943,2631067383
2024-01-20,93.39379883,94.02531433,90.49375153,92.56983948,92.56983948,1204443546
2024-01-21,92.58952332,93.71378326,90.84843445,90.84843445,90.84843445,894963197
2024-01-22,90.90369415,91.63616180,82.65976715,83.62281036,83.62281036,2662287481
2024-01-23,83.62184143,85.84018707,79.06669617,84.27450562,84.27450562,2990436327
2024-01-24,84.28726196,89.26772308,83.41868591,88.73200989,88.73200989,2352477736
2024-01-25,88.73780060,89.37682343,85.27368164,86.88921356,86.88921356,1674093024
2024-01-26,86.88945007,93.52867126,86.14839172,92.44236755,92.44236755,2027305107
2024-01-27,92.38762665,94.43761444,90.84476471,94.16321564,94.16321564,1256585307
2024-01-28,94.18190002,99.37737274,93.53833008,95.93798065,95.93798065,2425625612
2024-01-29,95.93798065,101.77191162,95.17613220,101.56666565,101.56666565,2604890575
2024-01-30,101.56666565,106.21345520,101.10939026,101.47297668,101.47297668,3328090833
2024-01-31,101.44925690,102.54806519,96.10359192,97.02870941,97.02870941,3814467068
2024-02-01,97.02484131,97.94419098,93.37918854,97.84669495,97.84669495,2951395444
2024-02-02,97.83469391,102.41262817,97.57415771,100.44052124,100.44052124,2574044077
2024-02-03,100.45113373,101.05898285,96.81257629,97.87998199,97.87998199,1349320819
2024-02-04,97.88506317,98.45758820,95.26637268,95.47695923,95.47695923,1304106726
2024-02-05,95.47146606,98.54404449,94.29252625,95.54866028,95.54866028,1635327054
2024-02-06,95.54961395,97.79078674,93.28073883,96.86107635,96.86107635,1699997346
2024-02-07,96.86189270,101.23660278,94.72022247,100.97927856,100.97927856,1733607189
2024-02-08,100.99549866,104.79804230,100.55369568,102.78563690,102.78563690,2288429230
2024-02-09,102.79017639,108.98772430,102.79017639,106.93333435,106.93333435,2852770180
2024-02-10,106.93366241,110.74279022,106.93366241,109.13146973,109.13146973,1836561570
2024-02-11,109.11667633,110.55686951,107.35765076,107.49528503,107.49528503,1370383843
2024-02-12,107.49263000,112.06966400,103.60929108,111.99275208,111.99275208,2650731894
2024-02-13,111.97724915,114.81064606,108.49378204,112.57930756,112.57930756,2709494768
2024-02-14,112.57496643,118.32778168,110.87847137,116.97632599,116.97632599,2391239729
2024-02-15,116.98538971,118.30649567,111.77587891,113.69940948,113.69940948,2471486178
2024-02-16,113.67307281,114.25308990,108.34872437,110.44591522,110.44591522,1921299579
2024-02-17,110.44330597,111.07304382,106.12522125,108.98401642,108.98401642,1370606631
2024-02-18,108.98760223,114.00138092,107.60671997,112.17467499,112.17467499,1516321334
2024-02-19,112.17882538,114.71797943,111.08141327,111.48532867,111.48532867,1898655220
2024-02-20,111.48344421,112.03674316,104.89022827,108.45964050,108.45964050,2656976089
2024-02-21,108.45266724,108.45266724,100.41201782,105.12522125,105.12522125,2246861647
2024-02-22,105.12030792,106.99540710,101.64240265,101.66979218,101.66979218,1830636004
2024-02-23,101.67462158,103.02283478,98.95835114,99.95469666,99.95469666,1483285120
2024-02-24,99.95437622,104.64539337,98.58520508,104.13352203,104.13352203,1083637514
2024-02-25,104.13266754,104.32994080,102.17102814,103.45349121,103.45349121,909662462
2024-02-26,103.45070648,110.58035278,100.45520020,109.91853333,109.91853333,2334408023
2024-02-27,109.91878510,112.20471191,105.89693451,108.38808441,108.38808441,2723995106
2024-02-28,108.39923859,118.05220032,107.46087646,118.05220032,118.05220032,5029492553
2024-02-29,118.23874664,134.46569824,117.66751862,125.71151733,125.71151733,6950123902
2024-03-01,125.63670349,137.60186768,125.63670349,129.99040222,129.99040222,4743077738
2024-03-02,129.98231506,131.45486450,127.68088531,129.70018005,129.70018005,2741772676
2024-03-03,129.79338074,132.06274414,125.76932526,130.45086670,130.45086670,2875614168
2024-03-04,130.42323303,134.87417603,127.79814148,133.19458008,133.19458008,4429758300
2024-03-05,133.15936279,142.65093994,109.53875732,125.70671082,125.70671082,8980294607
2024-03-06,125.69921112,134.81062317,120.31733704,130.74201965,130.74201965,5146680159
2024-03-07,130.74201965,149.22473145,130.70175171,143.97785950,143.97785950,7111178325
2024-03-08,143.97727966,152.41792297,142.53614807,145.24003601,145.24003601,5474659974
2024-03-09,145.24032593,149.35128784,144.29037476,144.60725403,144.60725403,2946261381
2024-03-10,144.60733032,148.67192078,140.83999634,144.51518250,144.51518250,3407621981
2024-03-11,144.51448059,150.01797485,137.63298035,148.75096130,148.75096130,5383624184
2024-03-12,148.74967957,154.94229126,142.87014771,151.01544189,151.01544189,6413617983
2024-03-13,151.01544189,166.44876099,148.94561768,163.83981323,163.83981323,5917471836
2024-03-14,163.83993530,177.89262390,160.23355103,176.67974854,176.67974854,8399967972
2024-03-15,176.67974854,188.50135803,165.41271973,182.96469116,182.96469116,14093348410
2024-03-16,182.96751404,197.65599060,177.46127319,181.88034058,181.88034058,11794134069
2024-03-17,181.88034058,204.29254150,179.22560120,202.12356567,202.12356567,10876218562
2024-03-18,202.12260437,209.69606018,194.84941101,195.99275208,195.99275208,11137647410
2024-03-19,195.99275208,198.24107361,166.17674255,170.01628113,170.01628113,11658593922
2024-03-20,170.01628113,192.91181946,163.29626465,191.54962158,191.54962158,8673957460
2024-03-21,191.54962158,195.30612183,176.28332520,179.22074890,179.22074890,5613811275
2024-03-22,179.23980713,181.32324219,167.87785339,174.36370850,174.36370850,4150938142
2024-03-23,174.36370850,178.80010986,171.01696777,172.90225220,172.90225220,2711581881
2024-03-24,172.89787292,186.62942505,171.67372131,183.57345581,183.57345581,2661231893
2024-03-25,183.57345581,194.43026733,181.25234985,189.08354187,189.08354187,4066489821
2024-03-26,189.08338928,196.29304504,186.75282288,190.69985962,190.69985962,3520179571
2024-03-27,190.69998169,192.49658203,180.42044067,186.36146545,186.36146545,3844985014
2024-03-28,186.36146545,190.88346863,180.99761963,189.62162781,189.62162781,2910414256
2024-03-29,189.62162781,192.96981812,183.64616394,192.22795105,192.22795105,3031009580
2024-03-30,192.22785950,199.73094177,191.21678162,194.38554382,194.38554382,2999311846
2024-03-31,194.37579346,203.02679443,194.03532410,202.87413025,202.87413025,2342185476
2024-04-01,202.87443542,204.17976379,187.48889160,192.56782532,192.56782532,3872515434
2024-04-02,192.56782532,192.56942749,176.13208008,181.17225647,181.17225647,4553269015
2024-04-03,181.17272949,191.69267273,177.39550781,185.24861145,185.24861145,4160370221
2024-04-04,185.24861145,190.06968689,180.51229858,183.95811462,183.95811462,4101220964
2024-04-05,183.95811462,184.97778320,168.23606873,174.50151062,174.50151062,7398400404
2024-04-06,174.50151062,179.69752502,173.87431335,178.91534424,178.91534424,4672922789
2024-04-07,178.91534424,182.53820801,177.06579590,179.64985657,179.64985657,1854793003
2024-04-08,179.65069580,184.30287170,175.58998108,180.78477478,180.78477478,2744377905
2024-04-09,180.77951050,180.82568359,169.36776733,172.41362000,172.41362000,2688188866
2024-04-10,172.41426086,175.32261658,163.81312561,173.43736267,173.43736267,3344074648
2024-04-11,173.43736267,176.23551941,170.39343262,172.57637024,172.57637024,2712334365
2024-04-12,172.57637024,175.80863953,145.51638794,153.63546753,153.63546753,4727185451
2024-04-13,153.63447571,154.94395447,119.83334351,139.34169006,139.34169006,8976793985
2024-04-14,139.34169006,152.50100708,131.28717041,151.28494263,151.28494263,7110974218
2024-04-15,151.29943848,155.96116638,134.57255554,138.50862122,138.50862122,5699439234
2024-04-16,138.50756836,140.27830505,126.86528015,136.27932739,136.27932739,5156084639
2024-04-17,136.27911377,142.60438538,127.52895355,131.86618042,131.86618042,4888546522
2024-04-18,131.86717224,143.72735596,128.07675171,142.08239746,142.08239746,4193561506
2024-04-19,142.08239746,147.33378601,128.86282349,142.68049622,142.68049622,5857667913
2024-04-20,142.67845154,152.09918213,140.00570679,151.13356018,151.13356018,2795892211
2024-04-21,151.13407898,153.42225647,147.16952515,148.60931396,148.60931396,2211663291
2024-04-22,148.60931396,158.37271118,146.99169922,157.03121948,157.03121948,2959650502
2024-04-23,157.03121948,159.94459534,153.32312012,154.70130920,154.70130920,2750685937
2024-04-24,154.70130920,159.58090210,145.77056885,147.74514771,147.74514771,3932336720
2024-04-25,147.74961853,149.30375671,142.26457214,144.89212036,144.89212036,3674969172
2024-04-26,144.88917542,145.85461426,138.90838623,139.10433960,139.10433960,2564389027
2024-04-27,139.10433960,142.87451172,134.02891541,141.28916931,141.28916931,2373155947
2024-04-28,141.28916931,144.51388550,137.23301697,137.85641479,137.85641479,1959005342
2024-04-29,137.86018372,138.73872375,133.70916748,137.77665710,137.77665710,2464951751
2024-04-30,137.77729797,139.66764832,121.63745880,126.96270752,126.96270752,3407320371
2024-05-01,126.96254730,135.11386108,119.38481140,134.62797546,134.62797546,4136407963
2024-05-02,134.62797546,140.28152466,128.26028442,137.81448364,137.81448364,3380078368
2024-05-03,137.81448364,144.96003723,136.12342834,143.77255249,143.77255249,3216962298
2024-05-04,143.77220154,148.93574524,142.56625366,146.13505554,146.13505554,3050187811
2024-05-05,146.13505554,147.91647339,143.47845459,145.71302795,145.71302795,2034794725
2024-05-06,145.71205139,156.62669373,145.58432007,152.80239868,152.80239868,2926902880
2024-05-07,152.80667114,159.05345154,148.08361816,148.13432312,148.13432312,2687619013
2024-05-08,148.13432312,149.81089783,140.16909790,142.29473877,142.29473877,2502237557
2024-05-09,142.29473877,153.08624268,140.78964233,152.84994507,152.84994507,2249863780
2024-05-10,152.85290527,155.41159058,144.93879700,146.21690369,146.21690369,2471594251
2024-05-11,146.21696472,147.42643738,143.33140564,145.31437683,145.31437683,1243751505
2024-05-12,145.31437683,147.57147217,142.88183594,143.52081299,143.52081299,936690341
2024-05-13,143.52081299,150.54666138,138.03285217,147.28233337,147.28233337,2556255769
2024-05-14,147.27908325,148.82868958,141.90686035,142.03039551,142.03039551,2586166419
2024-05-15,142.03039551,158.64071655,141.35032654,158.18682861,158.18682861,3585715674
2024-05-16,158.18775940,164.31932068,156.77262878,159.11645508,159.11645508,3498272951
2024-05-17,159.11645508,171.60607910,159.11645508,169.53054810,169.53054810,3371355809
2024-05-18,169.53054810,175.77909851,168.93305969,172.53913879,172.53913879,2479657643
2024-05-19,172.53919983,175.18933105,166.73262024,170.09135437,170.09135437,2300080451
2024-05-20,170.09135437,187.44712830,168.03044128,186.52049255,186.52049255,4636864705
2024-05-21,186.51951599,188.49383545,174.71170044,178.11614990,178.11614990,4568414163
2024-05-22,178.11567688,183.06767273,175.44746399,176.86077881,176.86077881,3833758536
2024-05-23,176.86311340,180.16528320,167.40368652,175.98577881,175.98577881,5117258940
2024-05-24,175.98577881,176.03147888,162.86589050,167.79692078,167.79692078,4013502065
2024-05-25,167.79692078,170.35505676,166.11300659,168.43763733,168.43763733,1875205755
2024-05-26,168.43763733,168.43927002,161.26387024,163.35090637,163.35090637,2543881488
2024-05-27,163.35090637,171.98854065,163.33544922,169.99613953,169.99613953,2745440475
2024-05-28,169.99613953,173.01713562,164.97340393,168.65084839,168.65084839,3342283019
2024-05-29,168.65084839,173.64195251,167.32385254,168.07267761,168.07267761,2852496248
2024-05-30,168.07267761,172.41778564,163.68395996,166.97653198,166.97653198,2932316784
2024-05-31,166.97653198,170.63156128,163.93309021,165.63771057,165.63771057,2415920333
2024-06-01,165.63772583,167.73709106,165.58561707,166.03067017,166.03067017,1058869941
2024-06-02,166.02961731,166.91548157,161.65324402,163.24990845,163.24990845,1562269041
2024-06-03,163.25015259,167.03875732,161.85371399,164.92346191,164.92346191,2182487608
2024-06-04,164.92506409,171.81681824,164.51553345,171.80192566,171.80192566,2057558426
2024-06-05,171.80192566,175.47531128,171.38299561,173.48291016,173.48291016,2405906612
2024-06-06,173.48291016,174.30470276,167.86421204,170.01622009,170.01622009,1965442993
2024-06-07,170.01583862,172.43815613,155.79876709,162.50704956,162.50704956,3298527575
2024-06-08,162.49674988,163.62017822,157.54295349,157.96890259,157.96890259,1722237785
2024-06-09,157.96371460,162.91897583,156.76876831,162.08360291,162.08360291,1475878151
2024-06-10,162.07888794,162.82775879,157.77020264,158.92802429,158.92802429,1815361482
2024-06-11,158.93412781,159.52310181,145.86518860,149.42898560,149.42898560,2812642453
2024-06-12,149.42231750,161.51483154,145.82144165,155.17756653,155.17756653,2853692260
2024-06-13,155.19235229,155.19235229,146.17224121,147.31442261,147.31442261,2085097655
2024-06-14,147.28204346,148.78933716,140.11538696,143.09443665,143.09443665,2330458883
2024-06-15,143.07408142,145.54096985,143.02365112,145.41221619,145.41221619,1065293341
2024-06-16,145.41796875,151.12550354,143.17953491,151.12550354,151.12550354,1147997523
2024-06-17,151.13723755,151.58477783,140.13880920,143.33427429,143.33427429,2244770232
2024-06-18,143.31469727,143.61065674,130.28907776,137.50399780,137.50399780,4046511952
2024-06-19,137.47981262,141.66993713,134.73263550,135.60960388,135.60960388,2241396569
2024-06-20,135.60960388,141.07524109,132.08764648,133.47296143,133.47296143,2343938226
2024-06-21,133.47195435,135.22915649,128.92192078,134.58830261,134.58830261,2214701928
2024-06-22,134.56765747,136.46005249,133.14248657,133.67024231,133.67024231,948392979
2024-06-23,133.66000366,135.00585938,128.26969910,128.59042358,128.59042358,1063910411
2024-06-24,128.59800720,132.31123352,123.66933441,132.24139404,132.24139404,3420423301
2024-06-25,132.26934814,139.72958374,131.29635620,136.55920410,136.55920410,2517391150
2024-06-26,136.55497742,140.16876221,134.92576599,136.60914612,136.60914612,1670038554
2024-06-27,136.61341858,150.76721191,135.24499512,149.44837952,149.44837952,2831651846
2024-06-28,149.45426941,150.05158997,139.30589294,139.70339966,139.70339966,2396070692
2024-06-29,139.71931458,142.82385254,139.66780090,140.01014709,140.01014709,1139066175
2024-06-30,140.01272583,147.19932556,137.14137268,146.49249268,146.49249268,1567841881
2024-07-01,146.48127747,148.79850769,145.82279968,146.59506226,146.59506226,1814659116
2024-07-02,146.58854675,154.71296692,146.12054443,153.70048523,153.70048523,2024773533
2024-07-03,153.71113586,154.19799805,139.51725769,140.73141479,140.73141479,2813419415
2024-07-04,140.71533203,142.51486206,127.55081940,127.55081940,127.55081940,3243822145
2024-07-05,127.60507202,135.84579468,122.44230652,134.36933899,134.36933899,4644036182
2024-07-06,134.36329651,144.00846863,132.61329651,143.24118042,143.24118042,2078535871
2024-07-07,143.18705750,143.18705750,131.77409363,131.77409363,131.77409363,1842515124
2024-07-08,131.79702759,141.63410950,128.56292725,139.46369934,139.46369934,3692404575
2024-07-09,139.53735352,143.92938232,136.74093628,141.34844971,141.34844971,2418798702
2024-07-10,141.37414551,145.85371399,138.85604858,141.97479248,141.97479248,1952272010
2024-07-11,141.98280334,145.32443237,135.84751892,135.88322449,135.88322449,2286890972
2024-07-12,135.86402893,140.42477417,134.15914917,139.52801514,139.52801514,1990173458
2024-07-13,139.52639771,143.36743164,138.17953491,141.92497253,141.92497253,1131518484
2024-07-14,141.92665100,148.54705811,141.92665100,147.62231445,147.62231445,2009294488
2024-07-15,147.66613770,159.94206238,147.20288086,159.93397522,159.93397522,2580623500
2024-07-16,159.77333069,162.46951294,153.05372620,160.55187988,160.55187988,3034234774
2024-07-17,160.56329346,163.59523010,155.06703186,155.58410645,155.58410645,2255652667
2024-07-18,155.59104919,161.58715820,155.56604004,159.07241821,159.07241821,2044591406
2024-07-19,159.09233093,171.50674438,156.60653687,169.18586731,169.18586731,3617009839
2024-07-20,169.18261719,174.83129883,167.55731201,173.89178467,173.89178467,1908476088
2024-07-21,173.89373779,184.87031555,171.11820984,184.54161072,184.54161072,3080452915
2024-07-22,184.54556274,184.79246521,177.04412842,178.97828674,178.97828674,2808509242
2024-07-23,178.97828674,180.49615479,170.98854065,172.75756836,172.75756836,3230351478
2024-07-24,172.75851440,182.35760498,171.21041870,178.03230286,178.03230286,3112174836
2024-07-25,178.02952576,179.52093506,165.93254089,171.96307373,171.96307373,4067186719
2024-07-26,171.96257019,183.53836060,171.87789917,183.13671875,183.13671875,2816314095
2024-07-27,183.13809204,188.14059448,178.59835815,184.08540344,184.08540344,3248901126
2024-07-28,184.08599854,186.51461792,181.39533997,184.88607788,184.88607788,1852374783
2024-07-29,184.88719177,193.73228455,181.88536072,182.78059387,182.78059387,3654304391
2024-07-30,182.77159119,184.18013000,176.02243042,179.10719299,179.10719299,2766172800
2024-07-31,179.10804749,184.17944336,171.81919861,171.82615662,171.82615662,3055204208
2024-08-01,171.82566833,172.68980408,157.98838806,167.67211914,167.67211914,4402828194
2024-08-02,167.66053772,169.04396057,150.08499146,152.63822937,152.63822937,4507521137
2024-08-03,152.63822937,153.77685547,140.22140503,142.92199707,142.92199707,3620526646
2024-08-04,142.92195129,145.83766174,132.13967896,138.05508423,138.05508423,4333596296
2024-08-05,138.05268860,139.14146423,110.60955811,129.86430359,129.86430359,14114308949
2024-08-06,129.86294556,149.35296631,129.78857422,144.09036255,144.09036255,5813459735
2024-08-07,144.08821106,155.00779724,142.74690247,144.63209534,144.63209534,5529725414
2024-08-08,144.63247681,163.02590942,142.01992798,162.93074036,162.93074036,5385642745
2024-08-09,162.93074036,163.24948120,151.22613525,156.45721436,156.45721436,3217916997
2024-08-10,156.45721436,158.58605957,152.87304688,153.95916748,153.95916748,1662980960
2024-08-11,153.96166992,157.93190002,141.34829712,141.52685547,141.52685547,2411765937
2024-08-12,141.53207397,150.81463623,141.44079590,146.45423889,146.45423889,3380174341
2024-08-13,146.45455933,149.61012268,143.15202332,146.71269226,146.71269226,2224488388
2024-08-14,146.71269226,151.72604370,142.71792603,143.92346191,143.92346191,2714536693
2024-08-15,143.92266846,147.35154724,138.16192627,142.74581909,142.74581909,3032770371
2024-08-16,142.74287415,144.79545593,136.38464355,139.33056641,139.33056641,2707615564
2024-08-17,139.33056641,141.96282959,137.86630249,141.79850769,141.79850769,1199702073
2024-08-18,141.79850769,146.96298218,140.95962524,142.58688354,142.58688354,1866239536
2024-08-19,142.58688354,145.92362976,140.74871826,144.34368896,144.34368896,2077549615
2024-08-20,144.34684753,148.64860535,141.36070251,143.16773987,143.16773987,2124392770
2024-08-21,142.33303833,144.15629578,139.26654053,142.70960999,142.70960999,1923259439
2024-08-22,142.70960999,144.81321716,140.93440247,143.25793457,143.25793457,1368400829
2024-08-23,143.25793457,153.77124023,143.16477966,153.10708618,153.10708618,2560976300
2024-08-24,153.10833740,162.16932678,152.15208435,160.73175049,160.73175049,2749419604
2024-08-25,160.73175049,161.94796753,155.50714111,158.90911865,158.90911865,2085078554
2024-08-26,158.91149902,161.91110229,155.88449097,157.23687744,157.23687744,2588808155
2024-08-27,157.23658752,159.62355042,145.65640259,146.89709473,146.89709473,2783392784
2024-08-28,146.89709473,148.69497681,140.97080994,143.89138794,143.89138794,2932401182
2024-08-29,143.89106750,147.22058105,138.26606750,140.05403137,140.05403137,2098251665
2024-08-30,140.05403137,141.01318359,132.45133972,138.09999084,138.09999084,2683385690
2024-08-31,138.09999084,138.99224854,134.63642883,135.37425232,135.37425232,892155699
2024-09-01,135.37425232,135.99781799,128.24325562,128.69055176,128.69055176,1974170865
2024-09-02,128.69055176,135.35238647,127.26619720,135.00236511,135.00236511,2092221241
2024-09-03,135.00236511,137.14476013,127.57423401,127.57758331,127.57758331,1787700523
2024-09-04,127.57758331,134.86917114,123.61295319,133.60391235,133.60391235,2663812153
2024-09-05,133.60437012,135.08520508,128.14137268,129.32894897,129.32894897,1926178088
2024-09-06,129.32894897,134.16807556,121.05538177,124.99007416,124.99007416,3520537699
2024-09-07,124.99007416,129.29089355,124.26908112,127.72156525,127.72156525,1321261949
2024-09-08,127.72156525,131.51524353,126.81302643,129.98951721,129.98951721,1317794291
2024-09-09,129.98951721,136.18653870,127.21979523,135.02561951,135.02561951,2443769044
2024-09-10,135.02636719,137.80635071,132.63108826,135.63522339,135.63522339,1642358500
2024-09-11,135.63494873,135.80387878,128.43400574,132.49739075,132.49739075,2122617674
2024-09-12,132.49708557,136.61480713,132.44332886,136.14190674,136.14190674,1597055803
2024-09-13,136.14190674,139.83250427,131.86395264,139.10054016,139.10054016,1668690414
2024-09-14,139.10253906,139.73457336,135.94355774,137.17977905,137.17977905,952465288
2024-09-15,137.17977905,137.92349243,130.96980286,131.49938965,131.49938965,1358403273
2024-09-16,131.49938965,132.29637146,129.13807678,131.47259521,131.47259521,1623218789
2024-09-17,131.47244263,135.48713684,130.47569275,131.53707886,131.53707886,1726861492
2024-09-18,131.53707886,133.99185181,127.25076294,133.99185181,133.99185181,2260675347
2024-09-19,133.99185181,143.90437317,133.99185181,142.83627319,142.83627319,2884543933
2024-09-20,142.83654785,151.76094055,141.31616211,146.56680298,146.56680298,3241123621
2024-09-21,146.56680298,149.83645630,144.79803467,149.52703857,149.52703857,1385610390
2024-09-22,149.52703857,149.86582947,141.38461304,144.80364990,144.80364990,1597826979
2024-09-23,144.80364990,148.97042847,142.64384460,144.81498718,144.81498718,2344229720
2024-09-24,144.81498718,153.53628540,143.30413818,152.89215088,152.89215088,2927238360
2024-09-25,152.89096069,153.54763794,147.45013428,148.02342224,148.02342224,2138602628
2024-09-26,148.02110291,157.85815430,146.87075806,155.57609558,155.57609558,3009969111
2024-09-27,155.57609558,160.98139954,154.13027954,157.74993896,157.74993896,2765830721
2024-09-28,157.75190735,159.34521484,155.29931641,156.91242981,156.91242981,1300870644
2024-09-29,156.91242981,161.62306213,155.24308777,158.62916565,158.62916565,1773980028
2024-09-30,158.63241577,159.50892639,152.01983643,152.61846924,152.61846924,2376780676
2024-10-01,152.61846924,157.25819397,142.84233093,145.28988647,145.28988647,3656164855
2024-10-02,145.28988647,148.82568359,138.91874695,140.38555908,140.38555908,2892264150
2024-10-03,140.38490295,142.80543518,133.55316162,136.78518677,136.78518677,2914986844
2024-10-04,136.78518677,144.42678833,136.07563782,143.17227173,143.17227173,2361841303
2024-10-05,143.17227173,144.83428955,141.16966248,142.71174622,142.71174622,1113937760
2024-10-06,142.71171570,146.62001038,142.11424255,146.44236755,146.44236755,1168715645
2024-10-07,146.44354248,152.10383606,143.60458374,143.99179077,143.99179077,2678803498
2024-10-08,143.99179077,145.44879150,141.23637390,143.39442444,143.39442444,1710617951
2024-10-09,143.39533997,145.12951660,138.79743958,139.31553650,139.31553650,1697499287
2024-10-10,139.31376648,140.58058167,135.58270264,138.88841248,138.88841248,1770157917
2024-10-11,138.88674927,146.43063354,138.75585938,145.38114929,145.38114929,1797846253
2024-10-12,145.38114929,147.13690186,144.76176453,146.50028992,146.50028992,1118630507
2024-10-13,146.50033569,148.71333313,144.62364197,147.57243347,147.57243347,1294444111
2024-10-14,147.57025146,157.75410461,147.00582886,157.44512939,157.44512939,2929339176
2024-10-15,157.44512939,158.71575928,150.90951538,154.72062683,154.72062683,3451652506
2024-10-16,154.72062683,158.13703918,153.08169556,154.23422241,154.23422241,2397546608
2024-10-17,154.23817444,155.55163574,147.94349670,150.31602478,150.31602478,2157747733
2024-10-18,150.32270813,156.53741455,149.70101929,154.97593689,154.97593689,1754226839
2024-10-19,154.97593689,159.71041870,153.91282654,159.63935852,159.63935852,1440375026
2024-10-20,159.64122009,167.58564758,157.76573181,166.93981934,166.93981934,2579198899
2024-10-21,166.93861389,171.43066406,161.81050110,166.21687317,166.21687317,3924173188
2024-10-22,166.21760559,170.76008606,163.28536987,167.26014709,167.26014709,3470792372
2024-10-23,167.26063538,173.81501770,164.19381714,170.93249512,170.93249512,3861697575
2024-10-24,171.11087036,178.99530029,170.51737976,177.15693665,177.15693665,3529481044
2024-10-25,177.15713501,177.19194031,160.03527832,164.75689697,164.75689697,4869966180
2024-10-26,164.75599670,172.82283020,162.44335938,170.70596313,170.70596313,2755373492
2024-10-27,170.70596313,177.89515686,170.19244385,176.54919434,176.54919434,2427933420
2024-10-28,176.55368042,179.40797424,172.87225342,178.10490417,178.10490417,3623055701
2024-10-29,178.10363770,183.03944397,176.85548401,179.36074829,179.36074829,3919545873
2024-10-30,179.36074829,181.15266418,173.39939880,174.92497253,174.92497253,2772422773
2024-10-31,174.92507935,176.27984619,167.57678223,168.42999268,168.42999268,2652620406
2024-11-01,168.43022156,173.85002136,164.03254700,166.26213074,166.26213074,3157093060
2024-11-02,166.26213074,168.46057129,162.38702393,166.01034546,166.01034546,1618170398
2024-11-03,166.01034546,166.37632751,158.13676453,162.55130005,162.55130005,2645801646
2024-11-04,162.55169678,164.71389771,155.16552734,157.74710083,157.74710083,2809006700
2024-11-05,157.74710083,169.12664795,156.98818970,166.72239685,166.72239685,3243848057
2024-11-06,166.72239685,189.91548157,166.69824219,186.95478821,186.95478821,9822932731
2024-11-07,186.95478821,197.90093994,186.13604736,196.33459473,196.33459473,4700842780
2024-11-08,196.33459473,204.96975708,196.02374268,199.93901062,199.93901062,5673142495
2024-11-09,199.93960571,203.34729004,195.47410583,200.19491577,200.19491577,3363617004
2024-11-10,200.19595337,215.17907715,198.98310852,210.61372375,210.61372375,8564655765
2024-11-11,210.61372375,223.21980286,204.56230164,222.64167786,222.64167786,10290809023
2024-11-12,222.64167786,225.01152039,205.44786072,212.23181152,212.23181152,11308516682
2024-11-13,212.20800781,220.33918762,201.47058105,215.18455505,215.18455505,11296665808
2024-11-14,215.18446350,222.63914490,207.49681091,209.21907043,209.21907043,8094554275
2024-11-15,209.23623657,219.53878784,204.82801819,218.09490967,218.09490967,6109860311
2024-11-16,218.56936646,221.66236877,213.80477905,215.84883118,215.84883118,4698955745
2024-11-17,215.84779358,241.23533630,212.72816467,237.57553101,237.57553101,9981076722
2024-11-18,237.57553101,248.19281006,234.40104675,239.79425049,239.79425049,8798714213
2024-11-19,239.80088806,247.09056091,234.15306091,238.09754944,238.09754944,6711919414
2024-11-20,238.09257507,242.10787964,230.91055298,235.42366028,235.42366028,6454141445
2024-11-21,235.42739868,259.05355835,230.34156799,257.06588745,257.06588745,10735314060
2024-11-22,257.08142090,263.70086670,252.13542175,256.51867676,256.51867676,7249493783
2024-11-23,256.51815796,263.83154297,253.18743896,255.17851257,255.17851257,6234742858
2024-11-24,255.17851257,259.62564087,243.12216187,252.91952515,252.91952515,5330146683
2024-11-25,252.91606140,256.42269897,231.55198669,234.44660950,234.44660950,6616015635
2024-11-26,234.44567871,239.63780212,222.95719910,230.97819519,230.97819519,6996936265
2024-11-27,230.97221375,243.12480164,228.13005066,242.30221558,242.30221558,5381404312
2024-11-28,242.30046082,245.20445251,233.20286560,237.76400757,237.76400757,4047310070
2024-11-29,237.76397705,246.77629089,236.82124329,243.54949951,243.54949951,4152396835
2024-11-30,243.54884338,245.23687744,237.72253418,237.74374390,237.74374390,3549156564
2024-12-01,237.74383545,239.80657959,234.53039551,237.06993103,237.06993103,3726118866
2024-12-02,237.06542969,237.87661743,220.55119324,225.75619507,225.75619507,7374176295
2024-12-03,225.76856995,239.27252197,216.47302246,234.20031738,234.20031738,8404095315
2024-12-04,234.20031738,240.71958923,225.25491333,229.11929321,229.11929321,6569129896
2024-12-05,229.11938477,244.68095398,223.46054077,233.99870300,233.99870300,8820663279
2024-12-06,236.54147339,246.41865540,231.42596436,237.05107117,237.05107117,6726557034
2024-12-07,237.05107117,243.12402344,234.65905762,238.54795837,238.54795837,4003422914
2024-12-08,239.48516846,241.44071960,233.71337891,236.67233276,236.67233276,3204778349
2024-12-09,237.45744324,237.45744324,209.70613098,217.34146118,217.34146118,8610208198
2024-12-10,217.32894897,220.74098206,203.72383118,213.82461548,213.82461548,8419973004
2024-12-11,213.83522034,230.50737000,211.99317932,227.44683838,227.44683838,5615074058
2024-12-12,227.44511414,234.33322144,225.95188904,227.02671814,227.02671814,4935392005
2024-12-13,227.02671814,228.27305603,220.82472229,224.83729553,224.83729553,4029626623
2024-12-14,224.83729553,227.24194336,215.34423828,219.84075928,219.84075928,2925240730
2024-12-15,219.84075928,225.06665039,215.91073608,223.65766907,223.65766907,2969473030
2024-12-16,223.65612793,227.04476929,213.48239136,216.33496094,216.33496094,5071129914
2024-12-17,216.33377075,228.68629456,211.90963745,222.81672668,222.81672668,6445051900
2024-12-18,222.82318115,225.89439392,205.00486755,206.38174438,206.38174438,6888988933
2024-12-19,206.38281250,211.99520874,188.02752686,194.28451538,194.28451538,8043974299
2024-12-20,194.28227234,199.36219788,175.90516663,194.20817566,194.20817566,9600073165
2024-12-21,194.20739746,201.63169861,178.74005127,181.30145264,181.30145264,5368845730
2024-12-22,181.28681946,187.53346252,177.13406372,180.16891479,180.16891479,4001292417
2024-12-23,180.17428589,193.04814148,176.71888733,189.75369263,189.75369263,4922594345
2024-12-24,189.75369263,198.69613647,186.11529541,196.98902893,196.98902893,3412375255
2024-12-25,196.99136353,201.63464355,195.35304260,197.47908020,197.47908020,2688415733
2024-12-26,197.47515869,199.39797974,186.85559082,188.21810913,188.21810913,2864701219
2024-12-27,188.21655273,193.75335693,182.94712830,183.82847595,183.82847595,2788285851
2024-12-28,183.83338928,195.43544006,183.83332825,195.01353455,195.01353455,2158687217
2024-12-29,195.02244568,197.18107605,188.34100342,189.74426270,189.74426270,2165753102
2024-12-30,189.74420166,196.12290955,185.93760681,191.02804565,191.02804565,3246300054
2024-12-31,191.04530334,198.67839050,187.97987366,189.26448059,189.26448059,3276526561
2025-01-01,189.26692200,194.81849670,187.87945557,193.87373352,193.87373352,2324231668
2025-01-02,193.87213135,209.06672668,193.25852966,207.76704407,207.76704407,4230329837
2025-01-03,207.76760864,219.55952454,205.65240479,217.74732971,217.74732971,4064420852
2025-01-04,217.74804688,217.90504456,213.83145142,216.62292480,216.62292480,2432220391
2025-01-05,216.62275696,218.87840271,211.76522827,213.39363098,213.39363098,2403765299
2025-01-06,213.39483643,222.95297241,211.65313721,218.72312927,218.72312927,3408034919
2025-01-07,218.41293335,219.14230347,202.12490845,202.23025513,202.23025513,4360983978
2025-01-08,202.22787476,203.06031799,188.95788574,197.55905151,197.55905151,5028291858
2025-01-09,197.55905151,198.90100098,182.32232666,185.02528381,185.02528381,3815664216
2025-01-10,185.01313782,192.75631714,183.86676025,187.57917786,187.57917786,3739014100
2025-01-11,187.57118225,191.71881104,184.27743530,187.99551392,187.99551392,2174290937
2025-01-12,187.99533081,190.74917603,185.25227356,188.56037903,188.56037903,1544086708
2025-01-13,188.55091858,191.77517700,170.62898254,182.83535767,182.83535767,5225490858
2025-01-14,182.83299255,189.93731689,181.95666504,187.49859619,187.49859619,2748310371
2025-01-15,187.49818420,205.93495178,186.00299072,205.91134644,205.91134644,4071481523
2025-01-16,205.92196655,216.83995056,198.66252136,211.22784424,211.22784424,6099125467
2025-01-17,211.22840881,221.85241699,209.96925354,219.62161255,219.62161255,5118230275
2025-01-18,219.62069702,268.74658203,217.57504272,261.86975098,261.86975098,23186958912
2025-01-19,261.87243652,294.33496094,239.61058044,250.58636475,250.58636475,33172955667
2025-01-20,250.62496948,272.15304565,231.63455200,242.25022888,242.25022888,22690757561
2025-01-21,242.23652649,259.82934570,231.67591858,250.41378784,250.41378784,10694802909
2025-01-22,250.41378784,271.53002930,248.75160217,257.23736572,257.23736572,8880832578
2025-01-23,257.23623657,258.12915039,242.49618530,253.45520020,253.45520020,9264528949
2025-01-24,253.45520020,269.80578613,247.63146973,253.36122131,253.36122131,7483041553
2025-01-25,253.36631775,260.58248901,246.65911865,256.07357788,256.07357788,5035419721
2025-01-26,256.07388306,259.63449097,240.85243225,240.88345337,240.88345337,4178231600
2025-01-27,240.88533020,242.42901611,221.97532654,235.07444763,235.07444763,10736630238
2025-01-28,235.07296753,243.89477539,225.25985718,227.20396423,227.20396423,5105320114
2025-01-29,227.20278931,237.70976257,222.92350769,227.94493103,227.94493103,5385638692
2025-01-30,227.95304871,244.32595825,227.13761902,239.02314758,239.02314758,4636567306
2025-01-31,239.01669312,241.66659546,228.47883606,231.63790894,231.63790894,4043216055
2025-02-01,231.64060974,233.86383057,213.43640137,213.78501892,213.78501892,3546350864
2025-02-02,213.78094482,218.38438416,195.44923401,203.11962891,203.11962891,8432593480
2025-02-03,203.12150574,218.64768982,180.40930176,216.14958191,216.14958191,15260840772
2025-02-04,216.15051270,219.99588013,202.84884644,207.09197998,207.09197998,7328632702
2025-02-05,207.07710266,209.31875610,195.39057922,195.98814392,195.98814392,3826498437
2025-02-06,195.98638916,203.88781738,188.16552734,189.77249146,189.77249146,3936545265
2025-02-07,189.75770569,203.15052795,188.48074341,192.20465088,192.20465088,4593806344
2025-02-08,192.20254517,200.83197021,190.12876892,199.59989929,199.59989929,2387525186
2025-02-09,199.58979797,207.27464294,194.24131775,200.49755859,200.49755859,3380872965
2025-02-10,200.49824524,208.82749939,196.38076782,200.35635376,200.35635376,4106376694
2025-02-11,200.35891724,205.92419434,195.32150269,197.98236084,197.98236084,3907611299
2025-02-12,197.98385620,198.44981384,189.60842896,196.77380371,196.77380371,4290836657
2025-02-13,196.77380371,198.26075745,189.42771912,194.46095276,194.46095276,2755407329
2025-02-14,194.45455933,205.12501526,194.35404968,199.93566895,199.93566895,3732334277
2025-02-15,199.88677979,200.05339050,192.81378174,194.48208618,194.48208618,1869221857
2025-02-16,194.48115540,196.07031250,186.97987366,188.48640442,188.48640442,2160799161
2025-02-17,188.48521423,189.50650024,175.26354980,177.68974304,177.68974304,4345262539
2025-02-18,177.68861389,178.94607544,161.30545044,169.08428955,169.08428955,6684824301
2025-02-19,169.08543396,174.12147522,163.95939636,169.01080322,169.01080322,3717681436
2025-02-20,169.00534058,176.58813477,167.87345886,176.04888916,176.04888916,3347070717
2025-02-21,176.03500366,180.43395996,167.30506897,168.89163208,168.89163208,4684370707
2025-02-22,168.89163208,174.46559143,168.36743164,172.16285706,172.16285706,2026581266
2025-02-23,172.16346741,173.03605652,166.62765503,168.03811646,168.03811646,1621130854
2025-02-24,168.03811646,169.56248474,140.56651306,141.98948669,141.98948669,7062261489
2025-02-25,141.99234009,146.73986816,132.48583984,144.10775757,144.10775757,9341433919
2025-02-26,144.09996033,144.87467957,130.69107056,134.83132935,134.83132935,4916419994
2025-02-27,134.83160400,142.18147278,134.72973633,137.62080383,137.62080383,3723520943
2025-02-28,137.62077332,148.18383789,125.74221802,148.03001404,148.03001404,7544673033
2025-03-01,148.03021240,150.78715515,138.68467712,143.67570496,143.67570496,3305410077
2025-03-02,143.67672729,178.50856018,140.29757690,178.49549866,178.49549866,11540413390
2025-03-03,178.49523926,178.63464355,139.79010010,142.02108765,142.02108765,9241009702
2025-03-04,142.03318787,146.39646912,131.57347107,144.91658020,144.91658020,8035056091
2025-03-05,144.91880798,149.48547363,140.59686279,146.26730347,146.26730347,4501939048
2025-03-06,146.27066040,152.77925110,142.78039551,143.35522461,143.35522461,4204376336
2025-03-07,143.35522461,150.02325439,135.71716309,139.20913696,139.20913696,6090751623
2025-03-08,139.20913696,140.90457153,135.48297119,136.94207764,136.94207764,2270939562
2025-03-09,136.94282532,139.72576904,125.93571472,126.43543243,126.43543243,3429886567
2025-03-10,126.43543243,131.24095154,115.91789246,118.29174805,118.29174805,5519806938
2025-03-11,118.29167175,128.14886475,113.18920898,125.26394653,125.26394653,5259428587
2025-03-12,125.26190186,130.65510559,121.36756134,126.58324432,126.58324432,4112201839
2025-03-13,126.58324432,128.15863037,120.90947723,123.28614807,123.28614807,2871050068
2025-03-14,123.28659821,135.64347839,123.11714935,133.31448364,133.31448364,3161542602
2025-03-15,133.31324768,136.48133850,132.55995178,135.91253662,135.91253662,1844463215
2025-03-16,135.91679382,136.46899414,125.38740540,125.98810577,125.98810577,2456569508
2025-03-17,125.98741913,130.52687073,125.86190033,128.16371155,128.16371155,2487364373
2025-03-18,128.16134644,128.16134644,121.94453430,125.31269836,125.31269836,2534317858
2025-03-19,125.31228638,135.92552185,124.29732513,135.57250977,135.57250977,3539287974
2025-03-20,135.57415771,135.77261353,126.85357666,127.49718475,127.49718475,2469659459
2025-03-21,127.49885559,129.95623779,124.97737122,128.43031311,128.43031311,2370317364
2025-03-22,128.42993164,131.57618713,127.93255615,128.48498535,128.48498535,1442831196
2025-03-23,128.48448181,133.96195984,128.34225464,132.59931946,132.59931946,1711242607
2025-03-24,132.59931946,144.88308716,132.16180420,140.86927795,140.86927795,4207560020
2025-03-25,140.87472534,147.05799866,138.34667969,143.81707764,143.81707764,3585353324
2025-03-26,143.81707764,145.36848450,136.13635254,137.28857422,137.28857422,3083070981
2025-03-27,137.29095459,140.17451477,135.92221069,138.34738159,138.34738159,2660348034
2025-03-28,138.34724426,138.95281982,127.98094177,129.42315674,129.42315674,3532896573
2025-03-29,129.42451477,130.38050842,123.07389069,124.58764648,124.58764648,2253256988
2025-03-30,124.58648682,126.62339020,123.30075836,124.64263153,124.64263153,1639017444
2025-03-31,124.64402771,127.69689941,123.07923889,124.69412994,124.69412994,3206702485
2025-04-01,124.69533539,130.03242493,123.94904327,126.68238068,126.68238068,2993289339
2025-04-02,126.67960358,135.69578552,117.74427795,117.75762939,117.75762939,5399672438
2025-04-03,117.74919891,120.78982544,112.47826385,117.06145477,117.06145477,4633002432
2025-04-04,117.06481171,123.90060425,113.60323334,122.78688049,122.78688049,5182517335
2025-04-05,122.78643036,122.78691101,117.18880463,120.25899506,120.25899506,1667996329
2025-04-06,120.25850677,120.93267822,104.00412750,105.71201324,105.71201324,3822458629
2025-04-07,105.71201324,111.47198486,96.58806610,106.90277863,106.90277863,8644174246
2025-04-08,106.90526581,112.29893494,103.14452362,105.51219177,105.51219177,5353641480
2025-04-09,105.50959015,120.47077179,101.43473816,119.05754089,119.05754089,7096350476
2025-04-10,119.06228638,119.08255768,108.60169220,112.80392456,112.80392456,4310698523
2025-04-11,112.80731964,122.39859009,112.18642426,121.53237915,121.53237915,3953610468
2025-04-12,121.53269958,133.75885010,119.65934753,132.26055908,132.26055908,4089397536
2025-04-13,132.26258850,133.50683594,125.52386475,128.58079529,128.58079529,3818650340
2025-04-14,128.57817078,135.18695068,128.23287964,129.31037903,129.31037903,4425565001
2025-04-15,129.31101990,134.19319153,126.13686371,126.26313019,126.26313019,3272094237
2025-04-16,126.26312256,133.59011841,123.72075653,131.44969177,131.44969177,4448562334
2025-04-17,131.45022583,135.90934753,129.73309326,134.69874573,134.69874573,3504448606
2025-04-18,134.70419312,135.86889648,132.58799744,134.07350159,134.07350159,2142264993
2025-04-19,134.07350159,140.09260559,133.69476318,139.75025940,139.75025940,2522912658
2025-04-20,139.75289917,141.83036804,135.77146912,137.77459717,137.77459717,2796023398
2025-04-21,137.77459717,142.66159058,134.12236023,136.70439148,136.70439148,4162691832
2025-04-22,136.70184326,149.94924927,135.37776184,148.73941040,148.73941040,4659792312
2025-04-23,148.74000549,153.86874390,147.45079041,151.15272522,151.15272522,4699152180
2025-04-24,151.15394592,152.75404358,145.66134644,152.30363464,152.30363464,3903057847
2025-04-25,152.32135010,156.04518127,150.12779236,150.91500854,150.91500854,4411923686
2025-04-26,150.91726685,153.01953125,148.03741455,149.28936768,149.28936768,2128235815
2025-04-27,149.28970337,150.20872498,145.76660156,148.24583435,148.24583435,2015737709
2025-04-28,148.24516296,153.20770264,144.89144897,147.80993652,147.80993652,3819502747
2025-04-29,147.80993652,150.04418945,145.16932678,146.42787170,146.42787170,2872743502
2025-04-30,146.42749023,148.20928955,140.71209717,147.64320374,147.64320374,3017472875
2025-05-01,147.64497375,153.86590576,147.61297607,150.84658813,150.84658813,3224541533
2025-05-02,150.84313965,151.73170471,147.45223999,148.05003357,148.05003357,2823970426
2025-05-03,148.04985046,148.95945740,146.10949707,146.79605103,146.79605103,1567415096
2025-05-04,146.79595947,147.68251038,143.82241821,143.98306274,143.98306274,1636835620
2025-05-05,143.98593140,147.61659241,142.89988708,146.69664001,146.69664001,2238980623
2025-05-06,146.69577026,147.08964539,141.67053223,146.76640320,146.76640320,2728680947
2025-05-07,146.76689148,149.33984375,144.88270569,147.21374512,147.21374512,4316881378
2025-05-08,147.21726990,163.97505188,147.21418762,163.96078491,163.96078491,6372889923
2025-05-09,163.96023560,175.86207581,161.24777222,172.82827759,172.82827759,7452318987
2025-05-10,172.82769775,178.57185364,168.92941284,177.62181091,177.62181091,4012477696
2025-05-11,177.62289429,179.62252808,169.71772766,173.02645874,173.02645874,4025374577
2025-05-12,173.03668213,180.95149231,169.07826233,174.24789429,174.24789429,6940951587
2025-05-13,174.24620056,184.70140076,166.80731201,184.00625610,184.00625610,5170161208
2025-05-14,184.00630188,184.71818542,173.73173523,176.70922852,176.70922852,4610872279
2025-05-15,176.70866394,178.10504150,167.28016663,169.00999451,169.00999451,4347587992
2025-05-16,169.01469421,173.95809937,166.75723267,167.33395386,167.33395386,3495576096
2025-05-17,167.33395386,169.76828003,164.22494507,165.93083191,165.93083191,2783616834
2025-05-18,165.93197632,176.49247742,165.51353455,173.89871216,173.89871216,3866092629
2025-05-19,173.83578491,173.83853149,159.64749146,166.86422729,166.86422729,4498613127
2025-05-20,166.86421204,172.86056519,164.77964783,168.48368835,168.48368835,3787047019
2025-05-21,168.48411560,175.52241516,166.30487061,173.68173218,173.68173218,5254974027
2025-05-22,173.68220520,180.54624939,172.75524902,179.69094849,179.69094849,4913432701
2025-05-23,179.69146729,187.27975464,173.57063293,173.82542419,173.82542419,7488253558
2025-05-24,173.84040833,178.14274597,172.79171753,176.04240417,176.04240417,3002798120
2025-05-25,176.03448486,176.72129822,169.35778809,175.72547913,175.72547913,3395309315
2025-05-26,175.72566223,178.97799683,173.70024109,174.90789795,174.90789795,2872898398
2025-05-27,174.90769958,179.22126770,171.57545471,176.81518555,176.81518555,3737068836
2025-05-28,176.81465149,177.37599182,169.10569763,172.18955994,172.18955994,3454599629
2025-05-29,172.19059753,175.18428040,166.25851440,166.58818054,166.58818054,3480369993
2025-05-30,166.59342957,167.34712219,156.03465271,156.23471069,156.23471069,4458908034
2025-05-31,156.23594666,157.93669128,152.44165039,156.63894653,156.63894653,2817151487
2025-06-01,156.63789368,157.82785034,150.84341431,157.78454590,157.78454590,2554572841
2025-06-02,157.78373718,158.89463806,151.99745178,156.99806213,156.99806213,3070599881
2025-06-03,156.99809265,163.39369202,154.70765686,155.34317017,155.34317017,3739800274
2025-06-04,155.34172058,157.85304260,153.17564392,153.35964966,153.35964966,2694510572
2025-06-05,153.35932922,154.56042480,141.90293884,144.54295349,144.54295349,4691163987
2025-06-06,144.54290771,152.02252197,144.44039917,147.91313171,147.91313171,2780168622
2025-06-07,147.90805054,152.82553101,147.18727112,150.13406372,150.13406372,1895979261
2025-06-08,150.13389587,155.04188538,148.22442627,152.43009949,152.43009949,1928262265
2025-06-09,152.43009949,161.49909973,149.83992004,161.08865356,161.08865356,3689102023
2025-06-10,161.09471130,165.53392029,156.84259033,165.02816772,165.02816772,4891108456
2025-06-11,165.02816772,168.01811218,159.42578125,161.05586243,161.05586243,5292694830
2025-06-12,161.05586243,161.20278931,152.23741150,152.78967285,152.78967285,3655760294
2025-06-13,152.78704834,152.78704834,141.43714905,148.62835693,148.62835693,6346327306
2025-06-14,148.63223267,148.64666748,142.22569275,144.76374817,144.76374817,2159011897
2025-06-15,144.76339722,153.21786499,144.36363220,152.81439209,152.81439209,3600058127
2025-06-16,152.81439209,158.60787964,150.86999512,150.86999512,150.86999512,4629439778
2025-06-17,150.86486816,154.14801025,145.87115479,147.74980164,147.74980164,4505742897
2025-06-18,147.74905396,149.15914917,143.96722412,146.35311890,146.35311890,3507323344
2025-06-19,146.35527039,147.78707886,143.11187744,147.07147217,147.07147217,2754965137
2025-06-20,147.07290649,148.71890259,136.51240540,140.16859436,140.16859436,4112242022
2025-06-21,140.16804504,142.49974060,132.41424561,135.16101074,135.16101074,3335622844
2025-06-22,135.19635010,137.55213928,126.82627869,131.61569214,131.61569214,4990284543
2025-06-23,131.61585999,146.59849548,131.16085815,144.84672546,144.84672546,5742740781
2025-06-24,144.84672546,146.58947754,142.56668091,145.95452881,145.95452881,3709899362
2025-06-25,145.95350647,147.77401733,142.55795288,143.50512695,143.50512695,3095794422
2025-06-26,143.50529480,147.73014832,138.80822754,139.05986023,139.05986023,3480832173
2025-06-27,139.05978394,144.40373230,137.79420471,142.19148254,142.19148254,3327165986
2025-06-28,142.19203186,152.43739319,141.34931946,150.82756042,150.82756042,2847495210
2025-06-29,150.82598877,154.42337036,149.53247070,153.35308838,153.35308838,2462940245
2025-06-30,153.35308838,159.63160706,149.61244202,154.73530579,154.73530579,4752163067
2025-07-01,154.73503113,155.34742737,145.21289062,146.92663574,146.92663574,3599415509
2025-07-02,146.92874146,154.40983582,146.23217773,152.22763062,152.22763062,3941952132
2025-07-03,152.22856140,156.18847656,150.15145874,152.40179443,152.40179443,3748228101
2025-07-04,152.40202332,153.55760193,145.45196533,147.76364136,147.76364136,3575641174
2025-07-05,147.76290894,148.59071350,146.07684326,147.64144897,147.64144897,1579874806
2025-07-06,147.64146423,153.38705444,146.89973450,151.87294006,151.87294006,2921512526
2025-07-07,151.87333679,153.27696228,147.78939819,148.87234497,148.87234497,3661294298
2025-07-08,148.87196350,152.79660034,147.94987488,151.81039429,151.81039429,3885408944
2025-07-09,151.81039429,157.88002014,150.69989014,157.28150940,157.28150940,4759358090
2025-07-10,157.28150940,165.07658386,156.04606628,164.06277466,164.06277466,5703252463
2025-07-11,164.06253052,167.92196655,160.06564331,162.88337708,162.88337708,7095844188
2025-07-12,162.88337708,163.84532166,157.99803162,160.68484497,160.68484497,3795297694
2025-07-13,160.68484497,163.95759583,159.91584778,161.19401550,161.19401550,3865898680
2025-07-14,161.19401550,168.33612061,160.77778625,162.27522278,162.27522278,7130680773
2025-07-15,162.27561951,164.12208557,157.60275269,163.95043945,163.95043945,6533486768
2025-07-16,163.95043945,175.83580017,161.69142151,173.70848083,173.70848083,8415349750
2025-07-17,173.70848083,178.06843567,169.03152466,175.79304504,175.79304504,7913250794
2025-07-18,175.79193115,184.36900330,173.91468811,177.38197327,177.38197327,8439352014
2025-07-19,177.38191223,178.36938477,174.31314087,177.07012939,177.07012939,4074891432
2025-07-20,177.07049561,183.31976318,176.52830505,181.54603577,181.54603577,6503778374
2025-07-21,181.54525757,198.91555786,178.56219482,195.99426270,195.99426270,11211509986
2025-07-22,195.98789978,205.87147522,194.28230286,205.70054626,205.70054626,14508715185
2025-07-23,205.71124268,205.75608826,184.32736206,189.54293823,189.54293823,10671351702
2025-07-24,189.53930664,191.88336182,179.94815063,182.60606384,182.60606384,8921891799
2025-07-25,182.60394287,186.78858948,176.41354370,186.77966309,186.77966309,8613557362
2025-07-26,186.77980042,189.64695740,184.53266907,184.91387939,184.91387939,3756183776
2025-07-27,184.91197205,190.44314575,184.74012756,188.73348999,188.73348999,4713357652
2025-07-28,188.73210144,194.65802002,182.36875916,182.54156494,182.54156494,7456216270
2025-07-29,182.55848694,186.48844910,178.57058716,181.33531189,181.33531189,5430304723
2025-07-30,181.33531189,182.37951660,172.34226990,177.69401550,177.69401550,6074764559
2025-07-31,177.69378662,182.48248291,171.85279846,172.42434692,172.42434692,5443530167
2025-08-01,172.41711426,172.41711426,159.78857422,162.87709045,162.87709045,8200357157
2025-08-02,162.87709045,165.10700989,156.08435059,158.48301697,158.48301697,4455060056
2025-08-03,158.48341370,162.82405090,156.87167358,161.95497131,161.95497131,3702562222
2025-08-04,161.96296692,169.71173096,161.43699646,169.42568970,169.42568970,4977909460
2025-08-05,169.42778015,171.56015015,161.64089966,164.09643555,164.09643555,4979304041
2025-08-06,164.09857178,169.86183167,161.40118408,168.17573547,168.17573547,3851544154
2025-08-07,168.17543030,175.48870850,166.89454651,175.48542786,175.48542786,5177005321
2025-08-08,175.48545837,179.35963440,173.70159912,176.76329041,176.76329041,6565011386
2025-08-09,176.76312256,183.14248657,176.75984192,180.18234253,180.18234253,5297615193
2025-08-10,180.18289185,185.91674805,177.99513245,182.90301514,182.90301514,6719478867
2025-08-11,182.90303040,186.65730286,173.68667603,174.97781372,174.97781372,7353962794
2025-08-12,174.97782898,193.44084167,173.83561707,191.85682678,191.85682678,8611505118
2025-08-13,191.85682678,204.47001648,191.49545288,201.59042358,201.59042358,11831412257
2025-08-14,201.58673096,209.66685486,187.78337097,192.58595276,192.58595276,14664456934
2025-08-15,192.58776855,198.13832092,183.76400757,185.74125671,185.74125671,7685764515
2025-08-16,185.73954773,189.98114014,185.45777893,189.76699829,189.76699829,3716008732
2025-08-17,189.76585388,195.44079590,187.72367859,191.16482544,191.16482544,4221788171
2025-08-18,191.16448975,191.35415649,180.41410828,183.06987000,183.06987000,6328028844
2025-08-19,183.06968689,185.78373718,175.99241638,176.11227417,176.11227417,5990636025
2025-08-20,176.11387634,187.68954468,176.10101318,187.58630371,187.58630371,6283111574
2025-08-21,187.58630371,189.40052795,179.71333313,180.28062439,180.28062439,5379108039
2025-08-22,180.27969360,201.93734741,177.47476196,200.64744568,200.64744568,10256417346
2025-08-23,200.64616394,207.83900452,195.37184143,203.93673706,203.93673706,7845395369
2025-08-24,203.93714905,211.76023865,201.70719910,205.85237122,205.85237122,11456987571
2025-08-25,205.85543823,213.00613403,186.02505493,187.27844238,187.27844238,13048248034
2025-08-26,187.26841736,197.84652710,186.17344666,195.90509033,195.90509033,8032115173
2025-08-27,195.90600586,211.85757446,194.06311035,202.92337036,202.92337036,12883119559
2025-08-28,202.92570496,216.08740234,202.00714111,214.40563965,214.40563965,12079041801
2025-08-29,214.40133667,217.83670044,200.43594360,205.22000122,205.22000122,14055051455
2025-08-30,205.21447754,206.80039978,197.89419556,202.86013794,202.86013794,5828701739
2025-08-31,202.85719299,206.50695801,200.65669250,200.86354065,200.86354065,5028997406
2025-09-01,200.86186218,204.21784973,194.37802124,197.10833740,197.10833740,7253329838
2025-09-02,197.10958862,209.48153687,197.09365845,209.48153687,209.48153687,8625200488
2025-09-03,209.48278809,212.82351685,207.58407593,210.74630737,210.74630737,6966454259
2025-09-04,210.74630737,211.79501343,202.12701416,202.56018066,202.56018066,5241887525
2025-09-05,202.54673767,209.86006165,201.18000793,203.49851990,203.49851990,7780086538
2025-09-06,203.49851990,204.55754089,199.64039612,200.24630737,200.24630737,3057210360
2025-09-07,200.24736023,207.86734009,200.22850037,206.46818542,206.46818542,4153166545
2025-09-08,206.46453857,216.89978027,205.71736145,214.18640137,214.18640137,10019366594
2025-09-09,214.18653870,219.52349854,211.15824890,217.25068665,217.25068665,8798692220
2025-09-10,217.25039673,225.51246643,215.27252197,223.98690796,223.98690796,9070263027
2025-09-11,223.98568726,228.90882874,222.02514648,228.75617981,228.75617981,9580815361
2025-09-12,228.75624084,243.78890991,228.26354980,242.30328369,242.30328369,13008621197
2025-09-13,242.30097961,244.14328003,236.47329712,242.59590149,242.59590149,7478581447
2025-09-14,242.59559631,249.12413025,240.21392822,240.55769348,240.55769348,9358190854
2025-09-15,240.54809570,244.00041199,230.48400879,234.35755920,234.35755920,10017744936
2025-09-16,234.35922241,240.68351746,231.87297058,236.98957825,236.98957825,7521208086
2025-09-17,236.97752380,246.46394348,232.77397156,244.85745239,244.85745239,10420751509
2025-09-18,244.85130310,253.20989990,242.90658569,247.63713074,247.63713074,9258651570
2025-09-19,247.63824463,248.50660706,235.87193298,238.55270386,238.55270386,7513642552
2025-09-20,238.54975891,240.99896240,237.17776489,239.59248352,239.59248352,3518711912
2025-09-21,239.59330750,241.80892944,235.71669006,236.57545471,236.57545471,3513052984
2025-09-22,236.57421875,236.86926270,216.91777039,220.49644470,220.49644470,12102727916
2025-09-23,220.50390625,221.35005188,212.80285645,213.71730042,213.71730042,7373425460
2025-09-24,213.71072388,216.38018799,206.04060364,211.75625610,211.75625610,8377116522
2025-09-25,211.75344849,212.40075684,192.08314514,192.38076782,192.38076782,12314273479
2025-09-26,192.39796448,205.41528320,191.12664795,205.35255432,205.35255432,10334548744
2025-09-27,205.34518433,205.39913940,200.26908875,203.58332825,203.58332825,4016294139
2025-09-28,203.58323669,210.89622498,198.32043457,210.73774719,210.73774719,4467879569
2025-09-29,210.73973083,214.68811035,205.13081360,213.05340576,213.05340576,6886600486
2025-09-30,213.04496765,213.50680542,204.56564331,208.74311829,208.74311829,6873718512
2025-10-01,208.74223328,221.67587280,206.62066650,221.67587280,221.67587280,8264703260
2025-10-02,221.69473267,234.86058044,219.85984802,234.85687256,234.85687256,9665302715
2025-10-03,234.85398865,236.79118347,227.67674255,233.00196838,233.00196838,9289248668
2025-10-04,233.00097656,233.90084839,224.47383118,228.00320435,228.00320435,4553115834
2025-10-05,228.00250244,236.77723694,226.89816284,228.60119629,228.60119629,7132874650
2025-10-06,228.60110474,237.32254028,227.99804688,232.51603699,232.51603699,7521265450
2025-10-07,232.51477051,235.08648682,220.45469666,220.48271179,220.48271179,9339230314
2025-10-08,220.48554993,229.56433105,218.18418884,229.10121155,229.10121155,7198664384
2025-10-09,229.09687805,229.31578064,217.19894409,220.99107361,220.99107361,7901186012
2025-10-10,220.99305725,224.25440979,174.06973267,188.66386414,188.66386414,16784427014
2025-10-11,188.63890076,190.87913513,173.75479126,178.05416870,178.05416870,12850012618
2025-10-12,178.05619812,198.87397766,173.52139282,197.50854492,197.50854492,11797041281
2025-10-13,197.51219177,209.24919128,191.94416809,208.36729431,208.36729431,11469454798
2025-10-14,208.36355591,211.10504150,191.67102051,202.46034241,202.46034241,13600198608
2025-10-15,202.46186829,208.33116150,192.70005798,194.02186584,194.02186584,9867608882
2025-10-16,194.02186584,197.95574951,182.25134277,184.68894958,184.68894958,10042886154
2025-10-17,184.68620300,187.42857361,174.74417114,182.03479004,182.03479004,10401735741
2025-10-18,182.03616333,188.26788330,182.02398682,187.66029358,187.66029358,4108902789
2025-10-19,187.66029358,192.20060730,183.45825195,187.79820251,187.79820251,4863227045
2025-10-20,187.79830933,194.34115601,184.04663086,189.75067139,189.75067139,6103945646
2025-10-21,189.76203918,197.37448120,183.31324768,185.66627502,185.66627502,8186574439
2025-10-22,185.66732788,187.32662964,177.67314148,180.14813232,180.14813232,7337365275
2025-10-23,180.14813232,193.17556763,179.80087280,191.38827515,191.38827515,6358339771
2025-10-24,191.38859558,195.31233215,189.10888672,193.56022644,193.56022644,5855077941
2025-10-25,193.56082153,195.08335876,191.60333252,194.04037476,194.04037476,3170047006
2025-10-26,194.03758240,200.62121582,192.16076660,200.02862549,200.02862549,4753310567
2025-10-27,200.02748108,205.02005005,197.59854126,198.74171448,198.74171448,6714497027
2025-10-28,198.74099731,203.83175659,191.38519287,194.44279480,194.44279480,8093133805
2025-10-29,194.43362427,201.67744446,190.60920715,194.41087341,194.41087341,8057327834
2025-10-30,194.40017700,198.03947449,179.22172546,184.62442017,184.62442017,8688393422
2025-10-31,184.62895203,189.85353088,184.02078247,187.20947266,187.20947266,5699604751
2025-11-01,187.20925903,187.34556580,184.06208801,186.38005066,186.38005066,2742470897
2025-11-02,186.37965393,188.14152527,182.82925415,187.82597351,187.82597351,3213989849
2025-11-03,187.82604980,188.74121094,163.54528809,166.09069824,166.09069824,10083921329
2025-11-04,166.09553528,168.20030212,146.74955750,155.40318298,155.40318298,11720472283
2025-11-05,155.39945984,163.65786743,147.89247131,162.56607056,162.56607056,7278004532
2025-11-06,162.56338501,162.77929688,153.79432678,155.06591797,155.06591797,5543550041
2025-11-07,155.06640625,164.09254456,150.44387817,161.70817566,161.70817566,6565811742
2025-11-08,161.70852661,164.70510864,156.08547974,158.10250854,158.10250854,3777278818
2025-11-09,158.10298157,166.23103333,155.38453674,164.45384216,164.45384216,4538025398
2025-11-10,164.45126343,170.15528870,163.85639954,167.36700439,167.36700439,5424364139
2025-11-11,167.36734009,171.60734558,154.26486206,154.56832886,154.56832886,6202061657
2025-11-12,154.56333923,161.01406860,151.46876526,153.26203918,153.26203918,5979682267
2025-11-13,153.26005554,156.98609924,141.39765930,145.10847473,145.10847473,7354986019
2025-11-14,145.10847473,145.46722412,136.04133606,138.67660522,138.67660522,8170562276
2025-11-15,138.67660522,143.59059143,138.67660522,139.53520203,139.53520203,3449336899
2025-11-16,139.53266907,143.15945435,134.96566772,137.26573181,137.26573181,4722106857
2025-11-17,137.26535034,142.46754456,129.01918030,130.84826660,130.84826660,7330608944
2025-11-18,130.84869385,141.83172607,129.30940247,140.71438599,140.71438599,7400753648
2025-11-19,140.71438599,142.47825623,130.64390564,136.76695251,136.76695251,6005404886
2025-11-20,136.76776123,144.33061218,131.38912964,133.51715088,133.51715088,8497498957
2025-11-21,133.51396179,134.78764343,122.27206421,128.50050354,128.50050354,10081815694
2025-11-22,128.49856567,129.64389038,125.40487671,127.55120087,127.55120087,3490973210
2025-11-23,127.55113220,133.32691956,127.55113220,130.70506287,130.70506287,3820042054
2025-11-24,130.70603943,139.48390198,128.54151917,138.37135315,138.37135315,6046925667
2025-11-25,138.37889099,140.34663391,133.50813293,138.89114380,138.89114380,4512057787
2025-11-26,138.88987732,144.47103882,135.63246155,143.01219177,143.01219177,5361639551
2025-11-27,143.01252747,144.17321777,140.69575500,140.84640503,140.84640503,3419017564
2025-11-28,140.84648132,143.30421448,136.28543091,137.39019775,137.39019775,4865188881
2025-11-29,137.39064026,137.88578796,135.12068176,136.08171082,136.08171082,2428334173
2025-11-30,136.08210754,139.93711853,133.56481934,133.56481934,133.56481934,3123775023
2025-12-01,133.56481934,133.60720825,123.31387329,126.70902252,126.70902252,6212210725
2025-12-02,126.70861816,140.66482544,126.14125824,138.67420959,138.67420959,6173683503
2025-12-03,138.67309570,145.73007202,137.94105530,144.89849854,144.89849854,5809364566
2025-12-04,144.89154053,146.72038269,138.06799316,139.01452637,139.01452637,4304817495
2025-12-05,139.01397705,140.37988281,131.13529968,133.32299805,133.32299805,4557254539
2025-12-06,133.32437134,134.06983948,131.50657654,132.34844971,132.34844971,2061286212
2025-12-07,132.34986877,136.23268127,128.28511047,132.09356689,132.09356689,3824892147
2025-12-08,132.09599304,139.20735168,131.67465210,133.27822876,133.27822876,4710407082
2025-12-09,133.27833557,144.74278259,131.87072754,137.90161133,137.90161133,5869893316
2025-12-10,137.90609741,142.44235229,135.86286926,136.46902466,136.46902466,5949930252
2025-12-11,136.46376038,137.67807007,129.38401794,136.37156677,136.37156677,5833676784
2025-12-12,136.36993408,139.98731995,130.67987061,132.32429504,132.32429504,5282060650
2025-12-13,132.32403564,134.24513245,131.98580933,133.24746704,133.24746704,2024059188
2025-12-14,133.24761963,133.59098816,128.90165710,129.48109436,129.48109436,2489001258
2025-12-15,129.48333740,134.71762085,123.99804688,127.75711823,127.75711823,5120043768
2025-12-16,127.75730896,129.94526672,125.45384979,129.25120544,129.25120544,3918682307
2025-12-17,129.25282288,133.44177246,121.55805206,123.11980438,123.11980438,5452646038
2025-12-18,123.12610626,128.76417542,117.31623077,119.57015228,119.57015228,5835673225
2025-12-19,119.57015228,127.50522614,117.79812622,126.19274902,126.19274902,5045203467
2025-12-20,126.19405365,126.76323700,125.39103699,125.80903625,125.80903625,1703857955
2025-12-21,125.81024170,126.45636749,123.60157776,125.99150085,125.99150085,2335972346
2025-12-22,125.99151611,128.38507080,124.40661621,125.80123138,125.80123138,3657779407
2025-12-23,125.80123138,126.73116302,122.32801819,123.85721588,123.85721588,3084149409
2025-12-24,123.85684204,124.10684204,120.78385925,122.45860291,122.45860291,2313559221
2025-12-25,122.45835876,124.19391632,119.90099335,119.94712067,119.94712067,2194207451
2025-12-26,119.94737244,124.92918396,119.57316589,122.19595337,122.19595337,3779508002
2025-12-27,122.19612122,124.74816132,121.86039734,124.64771271,124.64771271,1711358748
2025-12-28,124.64841461,125.21761322,123.07058716,125.19935608,125.19935608,2003713687
2025-12-29,125.19874573,129.30441284,122.42872620,123.12522888,123.12522888,4871847248
2025-12-30,123.12448883,126.19066620,122.53900146,124.93132019,124.93132019,3096711898
2025-12-31,124.93132019,127.11942291,123.46351624,124.48446655,124.48446655,3627228070
2026-01-01,124.48474121,126.98711395,124.05153656,126.76112366,126.76112366,2461653813
2026-01-02,126.76112366,132.98789978,125.79122162,132.13366699,132.13366699,4508641946
2026-01-03,132.13339233,133.60838318,129.93521118,133.29847717,133.29847717,2477037555
2026-01-04,133.29821777,135.35447693,133.22732544,133.89961243,133.89961243,2982580991
2026-01-05,133.90263367,139.63558960,133.34866333,137.98997498,137.98997498,5200675282
2026-01-06,137.98982239,143.03657532,136.36613464,141.09841919,141.09841919,5874437271
2026-01-07,141.09611511,141.09892273,134.69160461,136.31301880,136.31301880,3910044770
2026-01-08,136.31301880,139.83444214,132.82118225,138.29342651,138.29342651,4776764584
2026-01-09,138.29727173,140.89506531,135.04872131,135.75639343,135.75639343,5002612595
2026-01-10,135.75704956,136.81883240,135.29322815,135.72700500,135.72700500,1631651535
2026-01-11,135.72767639,141.04338074,135.64050293,139.49046326,139.49046326,3148787073
2026-01-12,139.49087524,143.91157532,138.42050171,139.13618469,139.13618469,6095296933
2026-01-13,139.13543701,147.30531311,137.80845642,145.36087036,145.36087036,6784244711
2026-01-14,145.36163330,148.21600342,143.52069092,146.75280762,146.75280762,6358680886
2026-01-15,146.75563049,146.76199341,141.03555298,142.33244324,142.33244324,4616638822
2026-01-16,142.33288574,145.38098145,140.43679810,144.86047363,144.86047363,3652609587
2026-01-17,144.86015320,144.86576843,143.57345581,143.72567749,143.72567749,1900249993
2026-01-18,143.72593689,143.82252502,137.96003723,137.99542236,137.99542236,2984193864
2026-01-19,137.99720764,137.99765015,132.81777954,133.33869934,133.33869934,5018545520
2026-01-20,133.33859253,134.38629150,125.67015839,125.70572662,125.70572662,5647782627
2026-01-21,125.70572662,131.83930969,125.58707428,129.37907410,129.37907410,5435243612
2026-01-22,129.37895203,130.49163818,126.85424042,128.28834534,128.28834534,3212054901
2026-01-23,128.28851318,129.72862244,125.37660980,127.36157990,127.36157990,3766000022
2026-01-24,127.36303711,127.90245056,126.56280518,127.05381775,127.05381775,1620566908
2026-01-25,127.05250549,127.22686005,117.57979584,118.77285767,118.77285767,5349293195
2026-01-26,118.77265167,125.06038666,118.66184235,124.13972473,124.13972473,4273720547
2026-01-27,124.13898468,127.62338257,123.04519653,127.05479431,127.05479431,3683537052
2026-01-28,127.05332184,127.96628571,124.89337921,125.11844635,125.11844635,3544660044
2026-01-29,125.11925507,125.18667603,115.41664124,117.60576630,117.60576630,6044075471
2026-01-30,117.60324097,118.86773682,112.96723175,117.36303711,117.36303711,6818716389
2026-01-31,117.36463165,118.61029053,99.98045349,105.44165039,105.44165039,9542017060
2026-02-01,105.44039917,106.20301819,98.52946472,100.85052490,100.85052490,5440089988
2026-02-02,100.84494781,105.69131470,96.42904663,104.47115326,104.47115326,6949524331
2026-02-03,104.47044373,104.91223907,96.81313324,97.56390381,97.56390381,5824450887
2026-02-04,97.56403351,99.45185852,89.66161346,92.02930450,92.02930450,7163239530
2026-02-05,92.02930450,92.90266418,77.77494049,78.18741608,78.18741608,10561367080
2026-02-06,78.18553162,89.50743866,68.69181824,87.46477509,87.46477509,11668451362
2026-02-07,87.46730804,89.05918121,84.32820892,87.63983154,87.63983154,5200795827
2026-02-08,87.63983154,88.67376709,85.87124634,87.04410553,87.04410553,3068974562
2026-02-09,87.04224396,88.46911621,82.93884277,86.70178223,86.70178223,4074999909
2026-02-10,86.70360565,87.34439087,81.98999023,82.91548157,82.91548157,2879051689
2026-02-11,82.91615295,84.22687531,78.39973450,79.25424957,79.25424957,4305057649
2026-02-12,79.25389862,82.10655975,76.66899109,78.34844208,78.34844208,3687924145
2026-02-13,78.34674072,85.46414185,77.61656952,84.32254028,84.32254028,3663739655
2026-02-14,84.32231140,88.80354309,84.23580933,88.16083527,88.16083527,2954230209
2026-02-15,88.16121674,91.07579041,85.00820160,86.00509644,86.00509644,4172988583
2026-02-16,86.00759888,86.67033386,82.73191071,86.42878723,86.42878723,3523436883
2026-02-17,86.42883301,87.55017090,83.13166046,85.19760895,85.19760895,3175385366
2026-02-18,85.19692993,85.85118866,80.57131195,81.56694794,81.56694794,3282222779
2026-02-19,81.56705475,82.57433319,79.75370026,82.39324951,82.39324951,2887552822
2026-02-20,82.39338684,85.26191711,81.85164642,84.63510895,84.63510895,3866512374
2026-02-21,84.63516998,86.64064789,84.02863312,85.21113586,85.21113586,2020472698
2026-02-22,85.21121979,85.48234558,82.55017853,82.79097748,82.79097748,2030721314
2026-02-23,82.78715515,82.78715515,77.27669525,77.75331879,77.75331879,4967335032
2026-02-24,77.75441742,79.57894897,76.02326965,79.03652191,79.03652191,3622232562
2026-02-25,79.03652191,91.04756927,78.80804443,87.91560364,87.91560364,5782225888
2026-02-26,87.95225525,89.11733246,84.53693390,86.05934906,86.05934906,4290705152
