Date,Open,High,Low,Close,Adj Close,Volume
2018-01-02,267.83999634,268.80999756,267.39999390,268.76998901,237.20825195,86655700
2018-01-03,268.95999146,270.64001465,268.95999146,270.47000122,238.70858765,90070400
2018-01-04,271.20001221,272.16000366,270.54000854,271.60998535,239.71476746,80636400
2018-01-05,272.51000977,273.55999756,271.95001221,273.42001343,241.31214905,83524000
2018-01-08,273.30999756,274.10000610,272.98001099,273.92001343,241.75352478,57319200
2018-01-09,274.39999390,275.25000000,274.07998657,274.54000854,242.30058289,57254000
2018-01-10,273.67999268,274.42001343,272.92001343,274.11999512,241.92996216,69574300
2018-01-11,274.75000000,276.11999512,274.55999756,276.11999512,243.69517517,62361500
2018-01-12,276.42001343,278.10998535,276.07998657,277.92001343,245.28379822,90816100
2018-01-16,279.35000610,280.08999634,276.17999268,276.97000122,244.44534302,106555100
2018-01-17,278.02999878,280.04998779,276.97000122,279.60998535,246.77532959,113258800
2018-01-18,279.48001099,279.95999146,278.57998657,279.14001465,246.36051941,100728000
2018-01-19,279.79998779,280.41000366,279.14001465,280.41000366,247.48136902,140920100
2018-01-22,280.17001343,282.69000244,280.10998535,282.69000244,249.49363708,91322400
2018-01-23,282.73999023,283.61999512,282.36999512,283.29000854,250.02307129,97084700
2018-01-24,284.01998901,284.70001221,281.83999634,283.17999268,249.92607117,134816100
2018-01-25,284.16000366,284.26998901,282.39999390,283.29998779,250.03192139,84587300
2018-01-26,284.25000000,286.63000488,283.95999146,286.57998657,252.92675781,107743100
2018-01-29,285.92999268,286.42999268,284.50000000,284.67999268,251.24987793,90118300
2018-01-30,282.60000610,284.73999023,281.22000122,281.76000977,248.67286682,131796400
2018-01-31,282.73001099,283.29998779,280.67999268,281.89999390,248.79638672,108364800
2018-02-01,281.07000732,283.05999756,280.67999268,281.57998657,248.51399231,90102500
2018-02-02,280.07998657,280.23001099,275.41000366,275.45001221,243.10380554,173174800
2018-02-05,273.45001221,275.85000610,263.30999756,263.92999268,232.93655396,294681800
2018-02-06,259.94000244,269.70001221,258.70001221,269.13000488,237.52590942,355026800
2018-02-07,268.50000000,272.35998535,267.57998657,267.67001343,236.23739624,167376100
2018-02-08,268.01000977,268.17001343,257.58999634,257.63000488,227.37644958,246449500
2018-02-09,260.79998779,263.60998535,252.91999817,261.50000000,230.79199219,283565300
2018-02-12,263.82998657,267.01000977,261.66000366,265.33999634,234.18095398,143736000
2018-02-13,263.97000122,266.61999512,263.30999756,266.00000000,234.76347351,81223600
2018-02-14,264.30999756,270.00000000,264.29998779,269.58999634,237.93193054,120735700
2018-02-15,271.57000732,273.04000854,268.76998901,273.02999878,240.96798706,111200300
2018-02-16,272.32000732,275.32000732,272.26998901,273.10998535,241.03854370,160420100
2018-02-20,272.02999878,273.67001343,270.50000000,271.39999390,239.52934265,86369700
2018-02-21,271.89999390,274.72000122,269.94000244,270.04998779,238.33796692,98883700
2018-02-22,271.10000610,273.04998779,269.64001465,270.39999390,238.64680481,110511300
2018-02-23,271.79000854,274.70999146,271.25000000,274.70999146,242.45074463,92766400
2018-02-26,275.92999268,278.01000977,275.26000977,277.89999390,245.26611328,86491400
2018-02-27,278.10998535,278.92001343,274.35998535,274.42999268,242.20358276,99099200
2018-02-28,275.67999268,276.19000244,271.29000854,271.64999390,239.75007629,121907800
2018-03-01,271.41000366,273.17001343,266.00000000,267.70001221,236.26387024,176855100
2018-03-02,265.79998779,269.72000122,264.82000732,269.07998657,237.48181152,139083200
2018-03-05,267.73001099,272.89001465,267.60998535,272.19000244,240.22663879,97307400
2018-03-06,273.29998779,273.39001465,271.17999268,272.88000488,240.83567810,79213200
2018-03-07,270.42001343,273.17999268,270.20001221,272.77999878,240.74732971,87063500
2018-03-08,273.54998779,274.23999023,272.42001343,274.10000610,241.91238403,66901200
2018-03-09,275.70001221,278.86999512,275.33999634,278.86999512,246.12220764,113625300
2018-03-12,279.20001221,279.91000366,278.07998657,278.51998901,245.81321716,71924800
2018-03-13,279.83999634,280.41000366,276.02999878,276.72000122,244.22468567,91968900
2018-03-14,277.80999756,278.01998901,274.67001343,275.29998779,242.97140503,105895100
2018-03-15,275.88000488,276.60998535,274.42999268,275.00000000,242.70658875,83433000
2018-03-16,274.50000000,275.39001465,274.14001465,274.20001221,242.96983337,100343700
2018-03-19,273.35000610,274.39999390,268.61999512,270.48999023,239.68235779,109208400
2018-03-20,270.94000244,271.67001343,270.17999268,270.95001221,240.08995056,59757300
2018-03-21,270.89999390,273.26998901,270.19000244,270.42999268,239.62918091,78709600
2018-03-22,267.91000366,268.86999512,263.35998535,263.67001343,233.63916016,148785900
2018-03-23,264.17001343,264.54000854,257.82998657,258.04998779,228.65921021,183534800
2018-03-26,262.13000488,265.42999268,259.41000366,265.10998535,234.91508484,141956100
2018-03-27,266.17001343,266.76998901,258.83999634,260.60000610,230.91877747,129941400
2018-03-28,260.75000000,262.64001465,258.57998657,259.82998657,230.23648071,146452300
2018-03-29,261.11999512,265.26000977,259.83999634,263.14999390,233.17839050,111601600
2018-04-02,262.54998779,263.13000488,254.66999817,257.47000122,228.14529419,186286300
2018-04-03,258.86999512,261.30999756,256.83999634,260.76998901,231.06941223,119956900
2018-04-04,256.75000000,264.35998535,256.60000610,263.55999756,233.54164124,123715300
2018-04-05,265.54998779,266.64001465,264.32000732,265.64001465,235.38476562,82652600
2018-04-06,263.42001343,265.10998535,258.00000000,259.72000122,230.13900757,179521200
2018-04-09,261.36999512,264.83999634,259.94000244,261.00000000,231.27322388,105442900
2018-04-10,264.26998901,266.04000854,262.98001099,265.14999390,234.95054626,103529000
2018-04-11,263.47000122,265.64001465,263.39001465,263.76000977,233.71887207,91140200
2018-04-12,265.26000977,267.00000000,265.05999756,265.92999268,235.64172363,68890500
2018-04-13,267.41000366,267.54000854,264.01000977,265.14999390,234.95054626,85079200
2018-04-16,267.00000000,268.20001221,266.07000732,267.32998657,236.88224792,63405300
2018-04-17,269.32998657,270.86999512,268.75000000,270.19000244,239.41648865,64682000
2018-04-18,270.69000244,271.29998779,269.86999512,270.39001465,239.59370422,57303900
2018-04-19,269.64999390,269.88000488,267.72000122,268.89001465,238.26458740,77655900
2018-04-20,268.80999756,269.05999756,265.60998535,266.60998535,236.24421692,99953100
2018-04-23,267.26000977,267.89001465,265.35000610,266.57000732,236.20889282,65558000
2018-04-24,267.73001099,267.98001099,261.27999878,262.98001099,233.02777100,112885500
2018-04-25,262.91000366,264.13000488,260.85000610,263.63000488,233.60366821,103840900
2018-04-26,264.79000854,267.25000000,264.29000854,266.30999756,235.97843933,67731900
2018-04-27,267.00000000,267.33999634,265.50000000,266.55999756,236.19996643,57053600
2018-04-30,267.26000977,267.89001465,264.42999268,264.51000977,234.38348389,82182300
2018-05-01,263.86999512,265.10000610,262.10998535,264.98001099,234.79992676,74203400
2018-05-02,264.76000977,265.67999268,262.76000977,263.20001221,233.22270203,86368900
2018-05-03,262.26000977,263.35998535,259.04998779,262.61999512,232.70880127,136311500
2018-05-04,261.51998901,266.79000854,261.14999390,266.01998901,235.72148132,91222100
2018-05-07,266.89001465,268.01998901,266.10998535,266.92001343,236.51895142,55304900
2018-05-08,266.50000000,267.32998657,265.14999390,266.92001343,236.51895142,67499200
2018-05-09,267.67999268,269.86999512,267.08999634,269.50000000,238.80513000,59666100
2018-05-10,270.33999634,272.39001465,270.22000122,272.01998901,241.03811646,72063900
2018-05-11,272.16000366,273.14999390,271.57998657,272.85000610,241.77362061,59871500
2018-05-14,273.33999634,274.07998657,272.35998535,272.98001099,241.88880920,54790600
2018-05-15,271.58999634,271.60998535,270.02999878,271.10000610,240.22286987,87036100
2018-05-16,271.14001465,272.76000977,271.10998535,272.23999023,241.23306274,53942600
2018-05-17,271.94000244,273.23001099,271.13000488,272.01000977,241.02923584,56536400
2018-05-18,271.61999512,272.02999878,270.92999268,271.32998657,240.42674255,64368000
2018-05-21,273.01000977,273.98001099,272.57000732,273.36999512,242.23423767,58025900
2018-05-22,273.95999146,274.25000000,272.23999023,272.60998535,241.56085205,52966400
2018-05-23,271.17001343,273.39001465,270.98999023,273.35998535,242.22544861,64694200
2018-05-24,272.91000366,273.22000122,270.77999878,272.79998779,241.72923279,76043800
2018-05-25,272.14999390,272.85998535,271.57998657,272.14999390,241.15324402,56374800
2018-05-29,270.30999756,271.17001343,267.76000977,269.01998901,238.37980652,115908600
2018-05-30,270.50000000,273.10998535,270.42001343,272.60998535,241.56085205,69678400
2018-05-31,272.14999390,272.48999023,270.26000977,270.94000244,240.08111572,93519900
2018-06-01,272.41000366,273.94000244,272.32998657,273.60000610,242.43814087,71258400
2018-06-04,274.52999878,275.19000244,274.26000977,274.89999390,243.59002686,45385200
2018-06-05,275.04998779,275.52999878,274.17999268,275.10000610,243.76733398,51135000
2018-06-06,275.79000854,277.51998901,275.08999634,277.39999390,245.80532837,62732200
2018-06-07,277.95001221,278.27999878,276.33999634,277.36999512,245.77880859,72969400
2018-06-08,276.85000610,278.25000000,276.66000366,278.19000244,246.50531006,72139700
2018-06-11,278.44000244,279.36999512,278.30999756,278.55999756,246.83319092,58892500
2018-06-12,279.02999878,279.32998657,278.19000244,278.92001343,247.15223694,72329000
2018-06-13,279.19000244,279.48001099,277.79998779,278.02999878,246.36354065,79070600
2018-06-14,279.01000977,279.32998657,278.05999756,278.73001099,246.98391724,77097600
2018-06-15,276.60000610,277.51000977,275.35000610,277.13000488,246.66876221,120041600
2018-06-18,275.48999023,276.70001221,274.95001221,276.55999756,246.16140747,52917600
2018-06-19,274.00000000,275.75000000,273.52999878,275.50000000,245.21784973,97531500
2018-06-20,276.26998901,276.72000122,275.58999634,275.97000122,245.63627625,53785500
2018-06-21,275.95999146,275.98001099,273.67999268,274.23999023,244.09646606,71061400
2018-06-22,275.66000366,275.79000854,274.48999023,274.73999023,244.54154968,54898500
2018-06-25,273.44000244,273.61999512,269.10000610,271.00000000,241.21253967,137854200
2018-06-26,271.64001465,272.55999756,270.79000854,271.60000610,241.74662781,68547400
2018-06-27,272.26000977,273.86999512,269.17999268,269.35000610,239.74391174,105110700
2018-06-28,269.29000854,271.75000000,268.48999023,270.89001465,241.11470032,76650500
2018-06-29,272.11999512,273.66000366,271.14999390,271.27999878,241.46177673,97592500
2018-07-02,269.51000977,272.04000854,269.23999023,271.85998535,241.97804260,63554800
2018-07-03,272.86999512,272.98001099,270.42001343,270.89999390,241.12359619,42187100
2018-07-05,272.17001343,273.17999268,270.95999146,273.10998535,243.09057617,56925900
2018-07-06,273.14001465,275.83999634,272.70999146,275.42001343,245.14674377,66493700
2018-07-09,276.54998779,277.95999146,276.50000000,277.89999390,247.35415649,50550400
2018-07-10,278.41000366,279.01000977,278.07998657,278.89999390,248.24417114,51966800
2018-07-11,277.14999390,278.04000854,276.51998901,276.85998535,246.42852783,77054700
2018-07-12,278.27999878,279.42999268,277.60000610,279.36999512,248.66249084,60124700
2018-07-13,279.17001343,279.92999268,278.66000366,279.58999634,248.85836792,48216000
2018-07-16,279.64001465,279.79998779,278.83999634,279.33999634,248.63580322,48201000
2018-07-17,278.47000122,280.91000366,278.41000366,280.47000122,249.64158630,52315500
2018-07-18,280.55999756,281.17999268,280.05999756,281.05999756,250.16679382,44593500
2018-07-19,280.30999756,280.73999023,279.45999146,280.00000000,249.22334290,61412100
2018-07-20,279.76998901,280.48001099,279.50000000,279.67999268,248.93853760,82337700
2018-07-23,279.45001221,280.42999268,279.05999756,280.20001221,249.40138245,47047600
2018-07-24,281.79000854,282.55999756,280.63000488,281.60998535,250.65638733,68026900
2018-07-25,281.32998657,284.36999512,281.27999878,284.01000977,252.79249573,78882900
2018-07-26,283.20001221,284.10998535,283.08999634,283.33999634,252.19621277,57919500
2018-07-27,283.70999146,283.82000732,280.38000488,281.42001343,250.48718262,76768700
2018-07-30,281.51000977,281.69000244,279.35998535,279.95001221,249.17883301,63742500
2018-07-31,280.80999756,282.01998901,280.38000488,281.32998657,250.40704346,68570500
2018-08-01,281.55999756,282.13000488,280.13000488,280.85998535,249.98878479,53853300
2018-08-02,279.39001465,282.57998657,279.16000366,282.39001465,251.35061646,63426400
2018-08-03,282.52999878,283.66000366,282.32998657,283.60000610,252.42765808,53935400
2018-08-06,283.64001465,284.98999023,283.20001221,284.64001465,253.35327148,39400900
2018-08-07,285.39001465,286.01000977,285.23999023,285.57998657,254.18991089,43196600
2018-08-08,285.39001465,285.91000366,284.94000244,285.45999146,254.08317566,42114600
2018-08-09,285.52999878,285.97000122,284.92001343,285.07000732,253.73603821,35717000
2018-08-10,283.45001221,284.05999756,282.35998535,283.16000366,252.03602600,77076000
2018-08-13,283.47000122,284.16000366,281.76998901,282.10000610,251.09249878,65732900
2018-08-14,282.92001343,284.17001343,282.48001099,283.89999390,252.69458008,43842000
2018-08-15,282.38000488,282.54000854,280.16000366,281.77999878,250.80766296,102925400
2018-08-16,283.39999390,285.04000854,283.35998535,284.05999756,252.83706665,69967900
2018-08-17,283.82998657,285.55999756,283.36999512,285.05999756,253.72712708,65618500
2018-08-20,285.57000732,285.97000122,285.05999756,285.67001343,254.27008057,39807500
2018-08-21,286.25000000,287.30999756,285.70999146,286.33999634,254.86653137,67272000
2018-08-22,285.88000488,286.76000977,285.57998657,286.17001343,254.71511841,44993300
2018-08-23,285.97000122,286.94000244,285.42999268,285.79000854,254.37687683,49204900
2018-08-24,286.44000244,287.67001343,286.38000488,287.51000977,255.90779114,57487400
2018-08-27,288.85998535,289.89999390,288.67999268,289.77999878,257.92828369,57072400
2018-08-28,290.29998779,290.42001343,289.39999390,289.92001343,258.05291748,46943500
2018-08-29,290.16000366,291.73999023,289.89001465,291.48001099,259.44149780,61485500
2018-08-30,290.94000244,291.35998535,289.63000488,290.29998779,258.39120483,61229500
2018-08-31,289.83999634,290.80999756,289.29000854,290.30999756,258.40011597,66140800
2018-09-04,289.83999634,290.20999146,288.67999268,289.80999756,257.95498657,57594400
2018-09-05,289.41000366,289.64001465,287.89001465,289.02999878,257.26074219,72452400
2018-09-06,289.14999390,289.48999023,287.00000000,288.16000366,256.48629761,65909900
2018-09-07,286.98001099,288.70001221,286.70999146,287.60000610,255.98802185,73524800
2018-09-10,288.73999023,289.04000854,287.88000488,288.10000610,256.43304443,50210900
2018-09-11,287.36999512,289.54998779,286.98001099,289.04998779,257.27862549,50530500
2018-09-12,289.05999756,289.79998779,288.23001099,289.11999512,257.34078979,59810800
2018-09-13,290.32000732,291.04000854,290.00000000,290.82998657,258.86297607,51034200
2018-09-14,291.05999756,291.26998901,290.00000000,290.88000488,258.90737915,55079900
2018-09-17,290.82000732,290.85998535,289.02999878,289.33999634,257.53668213,68244000
2018-09-18,289.57998657,291.57998657,289.54998779,290.91000366,258.93420410,61930400
2018-09-19,290.97000122,291.69000244,290.82998657,291.22000122,259.21005249,49080600
2018-09-20,292.64001465,293.94000244,291.23999023,293.57998657,261.31054688,100360600
2018-09-21,293.08999634,293.22000122,291.80999756,291.98999023,261.07189941,105479700
2018-09-24,291.33999634,291.50000000,290.36999512,291.01998901,260.20455933,53409600
2018-09-25,291.52999878,291.64999390,290.48001099,290.75000000,259.96325684,44370000
2018-09-26,290.91000366,292.23999023,289.41000366,289.88000488,259.18533325,79739700
2018-09-27,290.41000366,291.91000366,290.10000610,290.69000244,259.90957642,59249500
2018-09-28,289.98999023,291.27999878,289.95001221,290.72000122,259.93634033,70091400
2018-10-01,292.10998535,292.92999268,290.98001099,291.73001099,260.83941650,62078900
2018-10-02,291.55999756,292.35998535,291.14001465,291.55999756,260.68750000,47258200
2018-10-03,292.73999023,293.20999146,291.32000732,291.72000122,260.83050537,64694600
2018-10-04,291.17999268,291.23999023,287.66000366,289.44000244,258.79199219,111545900
2018-10-05,289.69000244,290.26998901,286.22000122,287.82000732,257.34344482,105951700
2018-10-08,287.04998779,288.22000122,285.50000000,287.82000732,257.34344482,87742200
2018-10-09,287.39001465,288.85998535,286.76998901,287.39999390,256.96792603,74339000
2018-10-10,286.82998657,286.91000366,277.88000488,278.29998779,248.83149719,214731000
2018-10-11,277.07998657,278.89999390,270.35998535,272.17001343,243.35060120,274840500
2018-10-12,276.76998901,277.08999634,272.36999512,275.95001221,246.73036194,183186500
2018-10-15,275.54998779,277.04000854,274.29998779,274.39999390,245.34448242,102263700
2018-10-16,276.60000610,280.82000732,276.07000732,280.39999390,250.70916748,118255800
2018-10-17,280.44000244,281.14999390,277.55999756,280.45001221,250.75379944,110626000
2018-10-18,279.39999390,280.07000732,274.97000122,276.39999390,247.13270569,134557500
2018-10-19,277.13000488,279.29998779,275.47000122,276.25000000,246.99861145,139901600
2018-10-22,277.00000000,277.35998535,274.41000366,275.01000977,245.88983154,82415800
2018-10-23,270.95001221,274.86999512,268.60998535,273.60998535,244.63813782,146352700
2018-10-24,273.32998657,273.76000977,264.70001221,265.32000732,237.22598267,177806700
2018-10-25,267.38000488,271.80999756,266.23001099,270.07998657,241.48191833,138061500
2018-10-26,265.92001343,271.00000000,262.29000854,265.32998657,237.23489380,201574600
2018-10-29,268.79998779,270.25000000,259.85000610,263.85998535,235.92053223,160749100
2018-10-30,263.67001343,268.11999512,263.11999512,267.76998901,239.41648865,157116000
2018-10-31,270.64999390,273.23001099,270.11999512,270.63000488,241.97367859,128296300
2018-11-01,271.60000610,273.73001099,270.38000488,273.51000977,244.54876709,99495000
2018-11-02,274.75000000,275.23001099,269.58999634,271.89001465,243.10023499,122634100
2018-11-05,272.44000244,274.01000977,271.35000610,273.39001465,244.44140625,65622500
2018-11-06,273.32000732,275.29998779,273.25000000,275.11999512,245.98820496,60085900
2018-11-07,277.55999756,281.10000610,277.07998657,281.01000977,251.25456238,102752100
2018-11-08,280.10998535,281.22000122,279.22000122,280.50000000,250.79853821,65584900
2018-11-09,279.02999878,279.23999023,276.17999268,277.76000977,248.34866333,98812600
2018-11-12,277.19000244,277.45999146,271.98999023,272.57000732,243.70826721,99673600
2018-11-13,273.08999634,275.32998657,271.25000000,272.05999756,243.25227356,98176600
2018-11-14,274.16000366,274.60998535,268.45001221,270.20001221,241.58923340,125335900
2018-11-15,268.77999878,273.54000854,267.01000977,273.01998901,244.11051941,135101400
2018-11-16,271.79000854,274.75000000,271.20999146,273.73001099,244.74536133,126668000
2018-11-19,273.04998779,273.38000488,268.07000732,269.10000610,240.60563660,103061700
2018-11-20,265.35998535,267.00000000,263.14999390,264.11999512,236.15298462,136021300
2018-11-21,265.85998535,267.14999390,265.01000977,265.01998901,236.95765686,75563700
2018-11-23,263.17999268,264.82000732,263.07000732,263.25000000,235.37510681,42807900
2018-11-26,265.77999878,267.75000000,265.33999634,267.50000000,239.17515564,79981400
2018-11-27,266.33999634,268.39999390,265.66000366,268.39999390,239.97981262,75502400
2018-11-28,269.60000610,274.57998657,268.32998657,274.57998657,245.50540161,127629600
2018-11-29,273.70999146,275.54998779,272.42999268,273.98001099,244.96893311,82346400
2018-11-30,273.80999756,276.27999878,273.45001221,275.64999390,246.46214294,98204200
2018-12-03,280.27999878,280.39999390,277.51000977,279.29998779,249.72560120,103176300
2018-12-04,278.36999512,278.85000610,269.89999390,270.25000000,241.63389587,177986000
2018-12-06,265.92001343,269.97000122,262.44000244,269.83999634,241.26736450,204185400
2018-12-07,269.45999146,271.22000122,262.63000488,263.57000732,235.66125488,161018900
2018-12-10,263.36999512,265.16000366,258.61999512,264.07000732,236.10827637,151445900
2018-12-11,267.66000366,267.86999512,262.48001099,264.13000488,236.16191101,121504400
2018-12-12,267.47000122,269.00000000,265.36999512,265.45999146,237.35112000,97976700
2018-12-13,266.51998901,267.48999023,264.11999512,265.36999512,237.27062988,96662700
2018-12-14,262.95999146,264.02999878,259.85000610,260.47000122,232.88952637,116961100
2018-12-17,259.39999390,260.64999390,253.52999878,255.36000061,228.32055664,165492300
2018-12-18,257.20001221,257.95001221,253.27999878,255.08000183,228.07023621,134515100
2018-12-19,255.16999817,259.39999390,249.35000610,251.25999451,224.65472412,214992800
2018-12-20,249.86000061,251.61999512,244.64999390,247.16999817,220.99775696,252053400
2018-12-21,246.74000549,249.71000671,239.97999573,240.69999695,216.46966553,255345600
2018-12-24,239.03999329,240.83999634,234.27000427,234.33999634,210.74987793,147311600
2018-12-26,235.97000122,246.17999268,233.75999451,246.17999268,221.39801025,218485400
2018-12-27,242.57000732,248.28999329,238.96000671,248.07000732,223.09773254,186267300
2018-12-28,249.58000183,251.39999390,246.44999695,247.75000000,222.80995178,153100200
2018-12-31,249.55999756,250.19000244,247.47000122,249.91999817,224.76148987,144299400
2019-01-02,245.97999573,251.21000671,245.94999695,250.17999268,224.99531555,126925200
2019-01-03,248.22999573,248.57000732,243.66999817,244.21000671,219.62625122,144140700
2019-01-04,247.58999634,253.11000061,247.16999817,252.38999939,226.98283386,142628800
2019-01-07,252.69000244,255.94999695,251.69000244,254.38000488,228.77256775,103139100
2019-01-08,256.82000732,257.30999756,254.00000000,256.76998901,230.92193604,102512600
2019-01-09,257.55999756,258.91000366,256.19000244,257.97000122,232.00108337,95006600
2019-01-10,256.26000977,259.16000366,255.50000000,258.88000488,232.81953430,96823900
2019-01-11,257.67999268,259.01000977,257.02999878,258.98001099,232.90945435,73858100
2019-01-14,256.85998535,258.29998779,256.41000366,257.39999390,231.48857117,70908200
2019-01-15,257.82000732,260.70001221,257.80999756,260.35000610,234.14158630,85208300
2019-01-16,260.82998657,261.97000122,260.60000610,260.98001099,234.70811462,77636700
2019-01-17,260.01000977,263.92001343,259.95999146,262.95999146,236.48876953,96118400
2019-01-18,264.98001099,266.98001099,263.00000000,266.45999146,239.63642883,127900300
2019-01-22,264.82000732,265.05999756,261.05999756,262.85998535,236.39884949,115531200
2019-01-23,264.01000977,264.79000854,260.66000366,263.41000366,236.89347839,86030300
2019-01-24,263.20999146,264.20001221,262.07998657,263.54998779,237.01943970,59204100
2019-01-25,265.60998535,266.70001221,263.66000366,265.77999878,239.02490234,96883400
2019-01-28,263.39001465,263.82998657,261.79000854,263.76000977,237.20832825,85613700
2019-01-29,263.92001343,264.54998779,262.48001099,263.41000366,236.89347839,66136300
2019-01-30,265.10000610,268.51998901,264.25000000,267.57998657,240.64373779,92473700
2019-01-31,267.51000977,270.47000122,267.26998901,269.92999268,242.75715637,104012100
2019-02-01,270.14999390,271.20001221,269.17999268,270.05999756,242.87411499,85782500
2019-02-04,270.10998535,272.02999878,269.35998535,271.95999146,244.58285522,60744800
2019-02-05,272.44000244,273.44000244,271.88000488,273.10000610,245.60797119,79552800
2019-02-06,272.79000854,273.33999634,271.92001343,272.73999023,245.28433228,58347800
2019-02-07,270.94000244,271.54998779,268.29000854,270.14001465,242.94602966,95482000
2019-02-08,268.75000000,270.57998657,267.82998657,270.47000122,243.24282837,75788900
2019-02-11,271.20001221,271.48999023,270.02999878,270.61999512,243.37768555,68021400
2019-02-12,272.42001343,274.51998901,272.33999634,274.10000610,246.50744629,72270200
2019-02-13,275.02999878,275.92999268,274.55999756,274.98999023,247.30780029,65277200
2019-02-14,273.77999878,275.64001465,272.86999512,274.38000488,246.75920105,83234400
2019-02-15,276.35998535,277.41000366,276.13000488,277.36999512,249.44827271,97088700
2019-02-19,276.48001099,278.57998657,276.47000122,277.85000610,249.87989807,59120800
2019-02-20,277.80999756,278.92001343,277.25000000,278.41000366,250.38356018,76610800
2019-02-21,277.70001221,278.10000610,276.35000610,277.42001343,249.49320984,64214700
2019-02-22,278.10998535,279.35998535,277.39999390,279.14001465,251.04003906,78114600
2019-02-25,280.73001099,281.30999756,279.42999268,279.51998901,251.38175964,69030700
2019-02-26,279.13000488,280.29998779,278.89999390,279.32000732,251.20195007,56844100
2019-02-27,278.51998901,279.58999634,277.48001099,279.20001221,251.09399414,56921600
2019-02-28,278.95999146,279.45001221,278.32000732,278.67999268,250.62626648,69268300
2019-03-01,280.44000244,280.88000488,278.82000732,280.42001343,252.19123840,78880500
2019-03-04,281.60000610,281.86999512,276.83999634,279.39999390,251.27386475,106494600
2019-03-05,279.54000854,279.76000977,278.41000366,279.01998901,250.93209839,59114600
2019-03-06,279.14999390,279.16000366,276.97000122,277.32998657,249.41223145,75039800
2019-03-07,276.82998657,276.98999023,274.07000732,275.01000977,247.32583618,94885100
2019-03-08,272.94000244,274.64999390,272.42001343,274.45999146,246.83114624,85795800
2019-03-11,275.26000977,278.61999512,275.23001099,278.44000244,250.41055298,65098900
2019-03-12,279.05999756,280.07000732,278.85000610,279.48999023,251.35479736,79667500
2019-03-13,280.48001099,282.38000488,280.29998779,281.33999634,253.01853943,80639200
2019-03-14,281.36999512,281.83999634,280.67001343,281.16000366,252.85668945,67518400
2019-03-15,280.54000854,282.20999146,280.32998657,281.30999756,254.10594177,81309000
2019-03-18,281.54998779,282.66000366,281.29998779,282.32998657,255.02735901,62199800
2019-03-19,283.51000977,284.35998535,281.41000366,282.39999390,255.09049988,90268100
2019-03-20,282.16000366,283.50000000,280.32000732,281.54998779,254.32266235,84609200
2019-03-21,280.64001465,285.17999268,280.58999634,284.73001099,257.19515991,79550400
2019-03-22,283.22000122,283.79998779,279.17999268,279.25000000,252.24517822,122659300
2019-03-25,278.86999512,280.19000244,277.64001465,279.04000854,252.05541992,85575200
2019-03-26,280.98999023,282.17999268,279.55999756,281.11999512,253.93431091,68125900
2019-03-27,281.10998535,281.76000977,277.92999268,279.64999390,252.60649109,72224700
2019-03-28,280.35000610,281.20999146,279.07000732,280.70999146,253.56402588,56238500
2019-03-29,282.39001465,282.83999634,281.14001465,282.48001099,255.16282654,82186800
2019-04-01,284.70001221,286.16000366,284.39999390,285.82998657,258.18881226,77617900
2019-04-02,286.04000854,286.23001099,285.08999634,285.97000122,258.31521606,40070400
2019-04-03,287.32000732,287.76000977,285.75000000,286.42001343,258.72180176,68243200
2019-04-04,286.77999878,287.45999146,286.01000977,287.17999268,259.40826416,48997500
2019-04-05,287.92001343,288.63000488,287.60000610,288.57000732,260.66387939,58621700
2019-04-08,288.10000610,288.91000366,287.36999512,288.79000854,260.86270142,53566300
2019-04-09,287.72000122,288.07998657,286.70001221,287.30999756,259.52575684,66142300
2019-04-10,287.76998901,288.39001465,287.30999756,288.29000854,260.41098022,52601500
2019-04-11,288.82998657,288.83999634,287.57998657,288.20999146,260.33871460,55093100
2019-04-12,290.00000000,290.47000122,288.26000977,290.16000366,262.10015869,69727800
2019-04-15,290.23999023,290.35000610,289.07998657,289.97000122,261.92843628,49596700
2019-04-16,290.95001221,291.01000977,289.50000000,290.16000366,262.10015869,52153200
2019-04-17,291.39999390,291.42999268,288.98999023,289.45001221,261.45883179,58268300
2019-04-18,290.10000610,290.32000732,288.66000366,290.01998901,261.97366333,68708500
2019-04-22,289.17001343,290.44000244,289.07000732,290.26998901,262.19943237,40160100
2019-04-23,290.67999268,293.14001465,290.42001343,292.88000488,264.55709839,52246600
2019-04-24,292.79000854,293.16000366,292.07000732,292.23001099,263.97000122,50392900
2019-04-25,292.11999512,292.77999878,290.73001099,292.04998779,263.80728149,57770900
2019-04-26,292.10000610,293.48999023,291.23999023,293.41000366,265.03585815,50916400
2019-04-29,293.51000977,294.45001221,293.41000366,293.86999512,265.45132446,57197700
2019-04-30,293.48999023,294.33999634,291.92001343,294.01998901,265.58688354,81111700
2019-05-01,294.72000122,294.95001221,291.79998779,291.80999756,263.59048462,71671900
2019-05-02,291.67999268,292.70001221,289.51998901,291.17999268,263.02151489,65030200
2019-05-03,292.82000732,294.33999634,291.29998779,294.02999878,265.59594727,56543700
2019-05-06,289.25000000,293.30999756,288.89999390,292.82000732,264.50277710,107198100
2019-05-07,290.14999390,290.80999756,285.80999756,287.92999268,260.08575439,144729900
2019-05-08,287.52999878,289.42999268,286.86999512,287.52999878,259.72439575,91568300
2019-05-09,285.23001099,287.32998657,283.29998779,286.66000366,258.93856812,103471100
2019-05-10,285.61999512,288.94000244,282.29998779,288.10000610,260.23937988,112429300
2019-05-13,282.42001343,283.48999023,279.92999268,280.85998535,253.69949341,127290500
2019-05-14,281.98999023,285.10000610,281.85000610,283.39999390,255.99378967,77003200
2019-05-15,281.58999634,285.76998901,281.35998535,285.05999756,257.49331665,73956400
2019-05-16,285.83999634,289.20999146,285.76000977,287.70001221,259.87802124,76749600
2019-05-17,285.14001465,288.60000610,285.11999512,285.83999634,258.19793701,100353000
2019-05-20,284.05999756,285.95999146,283.11999512,283.95001221,256.49063110,62877600
2019-05-21,285.82998657,286.92999268,285.54998779,286.51000977,258.80313110,46847100
2019-05-22,285.45001221,286.69000244,285.10000610,285.63000488,258.00817871,49482500
2019-05-23,283.16000366,283.20999146,280.57000732,282.14001465,254.85574341,98733800
2019-05-24,283.73999023,284.20001221,282.08999634,282.77999878,255.43382263,55268100
2019-05-28,283.08999634,284.14999390,280.13000488,280.14999390,253.05801392,70029400
2019-05-29,278.91000366,279.35998535,276.70999146,278.26998901,251.35987854,104972900
2019-05-30,279.10998535,280.04000854,277.80999756,279.02999878,252.04634094,62523800
2019-05-31,276.20001221,277.11999512,275.23999023,275.26998901,248.65003967,86862800
2019-06-03,275.30999756,276.54998779,273.08999634,274.57000732,248.01776123,96428000
2019-06-04,277.11999512,280.67999268,276.61999512,280.52999878,253.40141296,77231900
2019-06-05,282.32998657,282.98999023,280.32000732,282.95999146,255.59638977,71169700
2019-06-06,283.29000854,285.54998779,282.57000732,284.79998779,257.25845337,69430400
2019-06-07,285.92999268,288.85000610,285.73999023,287.64999390,259.83282471,74272200
2019-06-10,289.36999512,290.82000732,288.86999512,288.97000122,261.02511597,60799100
2019-06-11,290.98999023,291.39999390,288.17999268,288.89999390,260.96197510,58641300
2019-06-12,288.64001465,289.26000977,287.82000732,288.39001465,260.50137329,47096300
2019-06-13,289.39999390,289.98001099,288.61999512,289.57998657,261.57617188,48945200
2019-06-14,289.26000977,289.92999268,288.41000366,289.26000977,261.28713989,52324700
2019-06-17,289.51998901,290.22000122,289.17999268,289.36999512,261.38656616,39205700
2019-06-18,291.39001465,293.57000732,290.98999023,292.39999390,264.12347412,85434800
2019-06-19,292.54998779,293.64999390,291.47000122,293.05999756,264.71966553,78674400
2019-06-20,296.04000854,296.30999756,293.13000488,295.85998535,267.24890137,116570000
2019-06-21,294.13000488,295.51998901,293.76000977,294.00000000,266.86053467,83309500
2019-06-24,294.23001099,294.57998657,293.47000122,293.64001465,266.53366089,47582700
2019-06-25,293.70001221,293.73001099,290.64001465,290.76000977,263.91943359,82028700
2019-06-26,291.75000000,292.30999756,290.35000610,290.47000122,263.65631104,51584900
2019-06-27,291.30999756,292.05999756,290.89001465,291.50000000,264.59121704,40355200
2019-06-28,292.57998657,293.54998779,292.01000977,293.00000000,265.95275879,59350900
2019-07-01,296.67999268,296.92001343,294.32998657,295.66000366,268.36715698,78705600
2019-07-02,295.60998535,296.48999023,294.67999268,296.42999268,269.06604004,61504500
2019-07-03,297.17999268,298.82000732,297.01998901,298.79998779,271.21731567,40898900
2019-07-05,297.44000244,298.64001465,296.01000977,298.45999146,270.90859985,51677300
2019-07-08,297.01000977,298.26000977,296.22000122,296.82000732,269.42010498,45841800
2019-07-09,295.54000854,297.51998901,295.48001099,297.19000244,269.75592041,41101300
2019-07-10,298.36999512,299.66000366,297.77999878,298.60998535,271.04486084,58448500
2019-07-11,299.32000732,299.57998657,298.20001221,299.30999756,271.68026733,50826100
2019-07-12,299.85000610,300.73001099,299.51000977,300.64999390,272.89666748,40326000
2019-07-15,301.13000488,301.13000488,300.19000244,300.75000000,272.98727417,33900000
2019-07-16,300.64999390,300.88000488,299.44000244,299.77999878,272.10693359,36650100
2019-07-17,299.75000000,299.92999268,297.73999023,297.73999023,270.25518799,36036300
2019-07-18,297.19000244,299.25000000,296.70001221,298.82998657,271.24450684,51392600
2019-07-19,300.04000854,300.07000732,296.98001099,297.17001343,269.73779297,58678600
2019-07-22,297.60998535,298.50000000,297.04000854,297.89999390,270.40036011,43638100
2019-07-23,299.14001465,300.02999878,298.22000122,300.02999878,272.33374023,44564500
2019-07-24,299.19000244,301.44000244,299.08999634,301.44000244,273.61355591,47213200
2019-07-25,300.94000244,301.00000000,299.10998535,300.00000000,272.30648804,55394100
2019-07-26,300.76000977,302.23001099,300.61999512,302.01000977,274.13098145,45084100
2019-07-29,301.88000488,302.01000977,300.85000610,301.45999146,273.63171387,38126500
2019-07-30,299.91000366,301.17001343,299.48999023,300.72000122,272.96005249,45849000
2019-07-31,300.98999023,301.20001221,295.20001221,297.42999268,269.97375488,104245200
2019-08-01,297.60000610,300.86999512,293.95999146,294.83999634,267.62286377,142646600
2019-08-02,293.85000610,294.11999512,290.89999390,292.61999512,265.60781860,116749700
2019-08-05,288.08999634,288.20999146,281.72000122,283.82000732,257.62011719,178745400
2019-08-06,285.91000366,288.04000854,284.27999878,287.79998779,261.23275757,120711700
2019-08-07,284.39999390,288.82000732,282.04000854,287.97000122,261.38702393,140572300
2019-08-08,289.61999512,293.61999512,289.01000977,293.61999512,266.51544189,87713900
2019-08-09,292.57998657,293.23999023,289.64999390,291.61999512,264.70013428,93730000
2019-08-12,289.95999146,291.60998535,287.01998901,288.07000732,261.47781372,65527600
2019-08-13,287.73999023,294.14999390,287.35998535,292.54998779,265.54425049,94299800
2019-08-14,288.07000732,288.73999023,283.76000977,283.89999390,257.69268799,135622100
2019-08-15,284.88000488,285.64001465,282.39001465,284.64999390,258.37353516,99556600
2019-08-16,286.48001099,289.32998657,284.70999146,288.85000610,262.18582153,83018300
2019-08-19,292.19000244,293.07998657,291.44000244,292.32998657,265.34454346,53571800
2019-08-20,291.76998901,292.35998535,289.95001221,290.08999634,263.31137085,51596400
2019-08-21,292.48001099,292.85998535,291.72000122,292.45001221,265.45352173,49524700
2019-08-22,293.23001099,293.92999268,290.39999390,292.35998535,265.37185669,51666400
2019-08-23,290.92001343,292.76000977,283.47000122,284.85000610,258.55502319,149161500
2019-08-26,287.26998901,288.00000000,285.57998657,288.00000000,261.41427612,72423800
2019-08-27,289.54000854,289.95001221,286.02999878,286.86999512,260.38861084,66668900
2019-08-28,286.14001465,289.07000732,285.25000000,288.89001465,262.22219849,59696700
2019-08-29,291.72000122,293.16000366,290.60998535,292.57998657,265.57150269,57899400
2019-08-30,294.22000122,294.23999023,291.42001343,292.45001221,265.45352173,62901200
2019-09-03,290.57000732,291.57998657,289.26998901,290.73999023,263.90133667,69101400
2019-09-04,293.14001465,294.05999756,292.30999756,294.04000854,266.89675903,46887300
2019-09-05,296.79000854,298.82998657,294.00000000,297.82000732,270.32778931,83258100
2019-09-06,298.17001343,298.76000977,297.42001343,298.04998779,270.53656006,49584300
2019-09-09,299.14001465,299.23999023,297.16000366,298.20001221,270.67272949,51260300
2019-09-10,297.35998535,298.20001221,295.97000122,298.13000488,270.60916138,57947100
2019-09-11,298.47000122,300.33999634,297.75000000,300.25000000,272.53332520,68821100
2019-09-12,301.25000000,302.45999146,300.41000366,301.29000854,273.47741699,72908700
2019-09-13,301.77999878,302.17001343,300.67999268,301.08999634,273.29589844,62104800
2019-09-16,299.83999634,301.14001465,299.45001221,300.16000366,272.45169067,58191200
2019-09-17,299.94000244,301.01998901,299.75000000,300.92001343,273.14160156,41475500
2019-09-18,300.48999023,301.22000122,298.23999023,301.10000610,273.30496216,73375800
2019-09-19,301.52999878,302.63000488,300.70999146,301.07998657,273.28686523,76560500
2019-09-20,300.35998535,300.67001343,297.41000366,298.27999878,271.99563599,89565000
2019-09-23,297.54998779,299.00000000,297.26998901,298.20999146,271.93185425,43476800
2019-09-24,299.41000366,299.83999634,294.80999756,295.86999512,269.79794312,94869400
2019-09-25,295.95999146,298.10998535,294.32998657,297.61999512,271.39373779,71854000
2019-09-26,297.63000488,297.85998535,295.45001221,297.00000000,270.82836914,56179700
2019-09-27,297.82998657,297.95001221,293.69000244,295.39999390,269.36938477,84746600
2019-09-30,295.97000122,297.54998779,295.92001343,296.76998901,270.61874390,51662400
2019-10-01,297.73999023,298.45999146,293.00000000,293.23999023,267.39968872,88242400
2019-10-02,291.50000000,291.51000977,286.64001465,288.05999756,262.67623901,122539500
2019-10-03,287.80999756,290.45001221,284.82000732,290.42001343,264.82827759,85278800
2019-10-04,291.14001465,294.63000488,291.07998657,294.35000610,268.41189575,65091200
2019-10-07,293.47000122,295.26000977,292.76998901,293.07998657,267.25378418,59610500
2019-10-08,291.04000854,291.85000610,288.48999023,288.52999878,263.10482788,95708100
2019-10-09,290.75000000,292.29998779,290.05999756,291.26998901,265.60339355,62359400
2019-10-10,291.17999268,294.20999146,291.00000000,293.23999023,267.39968872,55296300
2019-10-11,296.26998901,298.73999023,296.14001465,296.27999878,270.17184448,98720400
2019-10-14,295.92999268,296.67001343,295.57000732,295.95001221,269.87094116,40394800
2019-10-15,297.10000610,299.70001221,296.97000122,298.88000488,272.54281616,46754500
2019-10-16,298.36999512,299.16000366,297.92001343,298.39999390,272.10501099,48928200
2019-10-17,299.67999268,300.23999023,298.51998901,299.27999878,272.90753174,45736600
2019-10-18,298.69000244,299.39999390,297.02999878,297.97000122,271.71292114,64304000
2019-10-21,299.42001343,300.20999146,298.94000244,299.98999023,273.55496216,39048600
2019-10-22,300.57998657,300.89999390,298.91000366,299.01000977,272.66125488,48594700
2019-10-23,298.73001099,299.94000244,298.50000000,299.88000488,273.45468140,34352200
2019-10-24,300.91000366,301.07000732,299.45999146,300.36999512,273.90136719,35453100
2019-10-25,299.73999023,302.20001221,299.67999268,301.60000610,275.02301025,45205400
2019-10-28,302.94000244,303.85000610,302.91000366,303.29998779,276.57321167,42147000
2019-10-29,303.00000000,304.23001099,302.85998535,303.20999146,276.49118042,44284900
2019-10-30,303.42999268,304.54998779,301.98999023,304.14001465,277.33923340,49643900
2019-10-31,304.13000488,304.13000488,301.73001099,303.32998657,276.60058594,69053800
2019-11-01,304.92001343,306.19000244,304.73999023,306.14001465,279.16299438,71141500
2019-11-04,307.85000610,308.00000000,306.95999146,307.36999512,280.28454590,60606900
2019-11-05,307.58999634,307.92001343,306.70999146,307.02999878,279.97451782,42933200
2019-11-06,307.02999878,307.39999390,306.05999756,307.10000610,280.03839111,46487100
2019-11-07,308.57000732,309.64999390,307.66000366,308.17999268,281.02313232,54272300
2019-11-08,307.79998779,309.00000000,307.02999878,308.94000244,281.71627808,49032100
2019-11-11,307.42001343,308.54000854,307.26998901,308.35000610,281.17822266,35797300
2019-11-12,308.75000000,309.98999023,308.14999390,309.00000000,281.77099609,46484600
2019-11-13,307.91000366,309.54000854,307.66000366,309.10000610,281.86212158,53917700
2019-11-14,308.79000854,309.64001465,308.08999634,309.54998779,282.27252197,51219900
2019-11-15,311.01998901,311.83999634,310.26000977,311.79000854,284.31509399,62023600
2019-11-18,311.52999878,312.27999878,311.02999878,312.01998901,284.52481079,49228000
2019-11-19,312.67999268,312.69000244,311.22000122,311.92999268,284.44271851,67804700
2019-11-20,311.27999878,311.85000610,309.05999756,310.76998901,283.38497925,79406200
2019-11-21,310.89001465,311.01000977,309.39001465,310.26998901,282.92904663,54664700
2019-11-22,311.08999634,311.23999023,309.85000610,310.95999146,283.55825806,44850200
2019-11-25,311.98001099,313.36999512,311.98001099,313.36999512,285.75592041,48647200
2019-11-26,313.41000366,314.27999878,313.05999756,314.07998657,286.40328979,37569000
2019-11-27,314.60998535,315.48001099,314.36999512,315.48001099,287.68005371,44444600
2019-11-29,314.85998535,315.13000488,314.05999756,314.30999756,286.61306763,36592700
2019-12-02,314.58999634,314.66000366,311.17001343,311.64001465,284.17837524,75767800
2019-12-03,308.64999390,309.64001465,307.13000488,309.54998779,282.27252197,73941700
2019-12-04,310.70001221,312.11999512,310.32000732,311.45999146,284.01419067,49080000
2019-12-05,312.23001099,312.25000000,310.57998657,312.01998901,284.52481079,40709000
2019-12-06,314.11999512,315.30999756,314.10998535,314.86999512,287.12371826,48927000
2019-12-09,314.44000244,315.17999268,313.79998779,313.88000488,286.22091675,34838500
2019-12-10,313.82000732,314.54998779,312.80999756,313.52999878,285.90179443,52649800
2019-12-11,314.02999878,314.70001221,313.44000244,314.42001343,286.71334839,53429100
2019-12-12,314.42999268,317.98999023,314.17001343,317.13000488,289.18466187,96389600
2019-12-13,316.86999512,318.67001343,316.01998901,317.32000732,289.35769653,81503900
2019-12-16,319.22000122,320.14999390,317.25000000,319.50000000,291.34576416,82749700
2019-12-17,319.92001343,320.25000000,319.48001099,319.57000732,291.40948486,61097700
2019-12-18,320.00000000,320.25000000,319.52999878,319.58999634,291.42782593,48133000
2019-12-19,319.79998779,320.98001099,319.51998901,320.89999390,292.62234497,85310500
2019-12-20,320.45999146,321.97000122,319.39001465,320.73001099,293.90521240,147142100
2019-12-23,321.58999634,321.64999390,321.05999756,321.22000122,294.35427856,52990000
2019-12-24,321.47000122,321.51998901,320.89999390,321.23001099,294.36343384,20270000
2019-12-26,321.64999390,322.95001221,321.64001465,322.94000244,295.93041992,30911200
2019-12-27,323.73999023,323.79998779,322.27999878,322.85998535,295.85702515,42528800
2019-12-30,322.95001221,323.10000610,320.54998779,321.07998657,294.22601318,49729100
2019-12-31,320.52999878,322.13000488,320.14999390,321.85998535,294.94073486,57077300
2020-01-02,323.54000854,324.89001465,322.52999878,324.86999512,297.69900513,59151200
2020-01-03,321.16000366,323.64001465,321.10000610,322.41000366,295.44473267,77709700
2020-01-06,320.48999023,323.73001099,320.35998535,323.64001465,296.57189941,55653900
2020-01-07,323.01998901,323.54000854,322.23999023,322.73001099,295.73794556,40496400
2020-01-08,322.94000244,325.77999878,322.67001343,324.45001221,297.31411743,68296000
2020-01-09,326.16000366,326.73001099,325.51998901,326.64999390,299.33016968,48473300
2020-01-10,327.29000854,327.45999146,325.20001221,325.70999146,298.46875000,53029300
2020-01-13,326.39001465,327.95999146,325.92001343,327.95001221,300.52139282,47086800
2020-01-14,327.47000122,328.61999512,326.83999634,327.45001221,300.06326294,62832800
2020-01-15,327.35000610,329.01998901,327.26000977,328.19000244,300.74130249,72056600
2020-01-16,329.70001221,330.92001343,329.45001221,330.92001343,303.24295044,54050300
2020-01-17,331.70001221,332.17999268,330.85000610,331.95001221,304.18688965,95846000
2020-01-21,330.89999390,332.17999268,330.82000732,331.29998779,303.59124756,77742400
2020-01-22,332.23999023,332.95001221,331.17001343,331.33999634,303.62783813,48914900
2020-01-23,330.63000488,332.17001343,329.41000366,331.72000122,303.97607422,51963000
2020-01-24,332.44000244,332.52999878,327.35998535,328.76998901,301.27285767,87578400
2020-01-27,323.02999878,325.11999512,322.66000366,323.50000000,296.44360352,84062500
2020-01-28,325.05999756,327.85000610,323.60000610,326.89001465,299.55007935,63834000
2020-01-29,328.38000488,328.63000488,326.39999390,326.61999512,299.30267334,53888900
2020-01-30,324.35998535,327.91000366,323.54000854,327.67999268,300.27404785,75491800
2020-01-31,327.00000000,327.17001343,320.73001099,321.73001099,294.82159424,113845600
2020-02-03,323.35000610,326.16000366,323.22000122,324.11999512,297.01171875,69083000
2020-02-04,328.07000732,330.01000977,327.72000122,329.05999756,301.53857422,62573200
2020-02-05,332.26998901,333.08999634,330.67001343,332.85998535,305.02069092,65951100
2020-02-06,333.91000366,334.19000244,332.79998779,333.98001099,306.04705811,50359700
2020-02-07,332.82000732,333.98999023,331.60000610,332.20001221,304.41592407,64139400
2020-02-10,331.23001099,334.75000000,331.19000244,334.67999268,306.68853760,42070000
2020-02-11,336.16000366,337.01998901,334.67999268,335.26000977,307.21997070,54864500
2020-02-12,336.82998657,337.64999390,336.42999268,337.42001343,309.19937134,43992700
2020-02-13,335.85998535,338.11999512,335.55999756,337.05999756,308.86944580,54501900
2020-02-14,337.51000977,337.73001099,336.20001221,337.60000610,309.36434937,64582200
2020-02-18,336.51000977,337.67001343,335.20999146,336.73001099,308.56704712,57226200
2020-02-19,337.79000854,339.07998657,337.48001099,338.33999634,310.04238892,48814700
2020-02-20,337.73999023,338.64001465,333.67999268,336.95001221,308.76861572,74163400
2020-02-21,335.47000122,335.80999756,332.57998657,333.48001099,305.58889771,113788200
2020-02-24,323.14001465,333.55999756,321.23999023,322.42001343,295.45388794,161088400
2020-02-25,323.94000244,324.60998535,311.69000244,312.64999390,286.50100708,218913200
2020-02-26,314.17999268,318.10998535,310.70001221,311.50000000,285.44720459,194773800
2020-02-27,305.45999146,311.55999756,297.51000977,297.51000977,272.62728882,284353500
2020-02-28,288.70001221,297.89001465,285.54000854,296.26000977,271.48184204,384975800
2020-03-02,298.20999146,309.16000366,294.45999146,309.08999634,283.23870850,238703600
2020-03-03,309.50000000,313.83999634,297.57000732,300.23999023,275.12893677,300139100
2020-03-04,306.11999512,313.10000610,303.32998657,312.85998535,286.69348145,176613400
2020-03-05,304.98001099,308.47000122,300.01000977,302.45999146,277.16326904,186366800
2020-03-06,293.14999390,298.77999878,290.23001099,297.45999146,272.58142090,228667200
2020-03-09,275.29998779,284.19000244,273.45001221,274.23001099,251.29437256,309417300
2020-03-10,284.64001465,288.51998901,273.50000000,288.42001343,264.29748535,276444100
2020-03-11,280.70001221,281.94000244,270.88000488,274.35998535,251.41345215,255316300
2020-03-12,256.00000000,266.66000366,247.67999268,248.11000061,227.35891724,392220700
2020-03-13,263.08999634,271.48001099,248.52000427,269.32000732,246.79501343,329566100
2020-03-16,241.17999268,256.89999390,237.36000061,239.85000610,219.78973389,297240000
2020-03-17,245.03999329,256.17001343,237.07000732,252.80000305,231.65669250,262070500
2020-03-18,236.25000000,248.36999512,228.02000427,240.00000000,219.92724609,327597100
2020-03-19,239.25000000,247.38000488,232.22000122,240.50999451,220.39456177,289322000
2020-03-20,242.52999878,244.47000122,228.50000000,228.80000305,210.89685059,347158800
2020-03-23,228.19000244,229.67999268,218.25999451,222.94999695,205.50457764,326025200
2020-03-24,234.41999817,244.10000610,233.80000305,243.14999390,224.12397766,235494500
2020-03-25,244.86999512,256.35000610,239.75000000,246.78999329,227.47917175,299430300
2020-03-26,249.52000427,262.79998779,249.05000305,261.20001221,240.76158142,257632800
2020-03-27,253.27000427,260.80999756,251.05000305,253.41999817,233.59037781,224341200
2020-03-30,255.69999695,262.42999268,253.52999878,261.64999390,241.17639160,171369500
2020-03-31,260.55999756,263.32998657,256.22000122,257.75000000,237.58158875,194881100
2020-04-01,247.97999573,257.66000366,243.89999390,246.14999390,226.88923645,189554600
2020-04-02,245.19000244,252.67999268,244.58999634,251.83000183,232.12475586,177660400
2020-04-03,250.75999451,253.32000732,245.22000122,248.19000244,228.76959229,135561200
2020-04-06,257.83999634,267.00000000,248.16999817,264.85998535,244.13522339,188061200
2020-04-07,274.20999146,275.02999878,264.89001465,265.13000488,244.38406372,201427200
2020-04-08,267.95999146,276.00000000,265.25000000,274.02999878,252.58767700,153774500
2020-04-09,277.57998657,281.20001221,275.47000122,278.20001221,256.43136597,189999200
2020-04-13,277.14001465,277.51000977,271.41000366,275.66000366,254.09019470,114839100
2020-04-14,280.98001099,284.89999390,275.51000977,283.79000854,261.58404541,134143400
2020-04-15,277.57000732,283.94000244,275.45999146,277.76000977,256.02578735,121775000
2020-04-16,279.14999390,280.02999878,275.76000977,279.10000610,257.26098633,131798300
2020-04-17,285.38000488,287.29998779,282.39999390,286.64001465,264.21090698,146684800
2020-04-20,282.60998535,286.79000854,281.35000610,281.58999634,259.55603027,100109300
2020-04-21,276.73001099,278.04000854,272.01998901,273.04000854,251.67510986,126385700
2020-04-22,278.35000610,281.00000000,276.91000366,279.10000610,257.26098633,92951600
2020-04-23,280.48999023,283.94000244,278.75000000,279.07998657,257.24252319,104709700
2020-04-24,280.73001099,283.70001221,278.50000000,282.97000122,260.82809448,85063200
2020-04-27,285.11999512,288.26998901,284.61999512,287.04998779,264.58886719,77896600
2020-04-28,291.01998901,291.39999390,285.39999390,285.73001099,263.37216187,105270000
2020-04-29,291.52999878,294.88000488,290.41000366,293.20999146,270.26690674,118745600
2020-04-30,291.70999146,293.32000732,288.58999634,290.48001099,267.75045776,122901700
2020-05-01,285.30999756,290.66000366,281.51998901,282.79000854,260.66226196,125180000
2020-05-04,280.73999023,283.89999390,279.13000488,283.57000732,261.38125610,80873200
2020-05-05,286.64001465,289.25000000,283.70999146,286.19000244,263.79617310,79569900
2020-05-06,288.04000854,288.45999146,283.77999878,284.25000000,262.00799561,73632600
2020-05-07,287.75000000,289.77999878,287.13000488,287.67999268,265.16955566,75250400
2020-05-08,291.08999634,292.95001221,289.85998535,292.44000244,269.55712891,76452400
2020-05-11,290.33999634,294.00000000,289.88000488,292.50000000,269.61245728,79514200
2020-05-12,293.79000854,294.23999023,286.51998901,286.67001343,264.23852539,95870800
2020-05-13,286.05999756,287.19000244,278.95999146,281.60000610,259.56530762,144721100
2020-05-14,278.95001221,285.10998535,272.98999023,284.97000122,262.67163086,121977900
2020-05-15,282.36999512,286.32998657,281.33999634,286.27999878,263.87911987,111146300
2020-05-18,293.04998779,296.75000000,292.70001221,295.00000000,271.91680908,119703800
2020-05-19,294.35000610,296.20999146,291.95001221,291.97000122,269.12393188,95189300
2020-05-20,295.82000732,297.86999512,295.57000732,296.92999268,273.69580078,85861700
2020-05-21,296.79000854,297.67001343,293.69000244,294.88000488,271.80624390,78293900
2020-05-22,294.57000732,295.63000488,293.22000122,295.44000244,272.32238770,63958200
2020-05-26,301.92999268,302.19000244,295.45999146,299.07998657,275.67755127,88951400
2020-05-27,302.11999512,303.57000732,296.86999512,303.52999878,279.77935791,104817400
2020-05-28,304.64999390,306.83999634,302.23999023,302.97000122,279.26321411,90405200
2020-05-29,302.45999146,304.95999146,299.47000122,304.32000732,280.50750732,119090800
2020-06-01,303.61999512,306.20999146,303.05999756,305.54998779,281.64120483,55758300
2020-06-02,306.54998779,308.13000488,305.10000610,308.07998657,283.97326660,74267200
2020-06-03,310.23999023,313.22000122,309.94000244,312.17999268,287.75250244,92567600
2020-06-04,311.10998535,313.00000000,309.07998657,311.35998535,286.99670410,75794400
2020-06-05,317.23001099,321.26998901,317.16000366,319.33999634,294.35214233,150524700
2020-06-08,320.22000122,323.41000366,319.63000488,323.20001221,297.91018677,73641200
2020-06-09,320.29998779,323.27999878,319.35998535,320.79000854,295.68887329,77479200
2020-06-10,321.42001343,322.39001465,318.22000122,319.00000000,294.03884888,95000800
2020-06-11,311.45999146,312.14999390,300.01000977,300.60998535,277.08776855,209243600
2020-06-12,308.23999023,309.07998657,298.60000610,304.20999146,280.40612793,194678900
2020-06-15,298.01998901,308.27999878,296.73999023,307.04998779,283.02389526,135782700
2020-06-16,315.48001099,315.64001465,307.67001343,312.95999146,288.47152710,137627500
2020-06-17,314.07000732,314.39001465,310.85998535,311.66000366,287.27325439,83398900
2020-06-18,310.01000977,312.29998779,309.51000977,311.77999878,287.38385010,80828700
2020-06-19,314.17001343,314.38000488,306.52999878,308.64001465,285.74142456,135549600
2020-06-22,307.98999023,311.04998779,306.75000000,310.61999512,287.57458496,74649400
2020-06-23,313.48999023,314.50000000,311.60998535,312.04998779,288.89840698,68471200
2020-06-24,309.83999634,310.51000977,302.10000610,304.08999634,281.52896118,132813500
2020-06-25,303.47000122,307.64001465,301.27999878,307.35000610,284.54714966,89468000
2020-06-26,306.16000366,306.39001465,299.42001343,300.04998779,277.78869629,127961000
2020-06-29,301.41000366,304.60998535,298.92999268,304.45999146,281.87145996,79773300
2020-06-30,303.98999023,310.20001221,303.82000732,308.35998535,285.48217773,113394800
2020-07-01,309.57000732,311.89001465,309.07000732,310.51998901,287.48190308,72396500
2020-07-02,314.23999023,315.70001221,311.51000977,312.23001099,289.06509399,69344200
2020-07-06,316.36999512,317.67999268,315.55999756,317.04998779,293.52749634,61713800
2020-07-07,315.38000488,317.51998901,313.36999512,313.77999878,290.50003052,82910000
2020-07-08,314.60998535,316.29998779,312.70001221,316.17999268,292.72204590,54638600
2020-07-09,316.83999634,317.10000610,310.67999268,314.38000488,291.05560303,83354200
2020-07-10,314.30999756,317.88000488,312.76000977,317.58999634,294.02746582,57550400
2020-07-13,320.13000488,322.70999146,314.13000488,314.83999634,291.48147583,102997500
2020-07-14,313.29998779,319.76000977,312.00000000,318.92001343,295.25869751,93657000
2020-07-15,322.41000366,323.04000854,319.26998901,321.85000610,297.97143555,87196500
2020-07-16,319.79000854,321.27999878,319.08999634,320.79000854,296.99011230,54622500
2020-07-17,321.88000488,322.57000732,319.73999023,321.72000122,297.85098267,62774900
2020-07-20,321.42999268,325.13000488,320.61999512,324.32000732,300.25808716,56308800
2020-07-21,326.45001221,326.92999268,323.94000244,325.01000977,300.89691162,57292200
2020-07-22,324.61999512,327.20001221,324.50000000,326.85998535,302.60961914,57792900
2020-07-23,326.47000122,327.23001099,321.48001099,322.95999146,298.99896240,75738000
2020-07-24,320.95001221,321.98999023,319.25000000,320.88000488,297.07330322,73766600
2020-07-27,321.63000488,323.41000366,320.76998901,323.22000122,299.23968506,48293000
2020-07-28,322.42999268,323.64001465,320.85000610,321.17001343,297.34188843,57495000
2020-07-29,322.11999512,325.73001099,322.07998657,325.11999512,300.99871826,48454200
2020-07-30,321.89999390,324.41000366,319.64001465,323.95999146,299.92480469,61861700
2020-07-31,325.89999390,326.63000488,321.32998657,326.51998901,302.29486084,84986800
2020-08-03,328.32000732,329.61999512,327.73001099,328.79000854,304.39648438,53077900
2020-08-04,327.85998535,330.05999756,327.85998535,330.05999756,305.57226562,41917900
2020-08-05,331.47000122,332.39001465,331.17999268,332.10998535,307.47021484,42697700
2020-08-06,331.48001099,334.45999146,331.13000488,334.32998657,309.52545166,43679400
2020-08-07,333.27999878,334.88000488,332.29998779,334.57000732,309.74765015,57308300
2020-08-10,335.05999756,335.76998901,332.95999146,335.57000732,310.67340088,44282100
2020-08-11,336.85000610,337.54000854,332.01000977,332.79998779,308.10897827,69601100
2020-08-12,335.44000244,338.27999878,335.41000366,337.44000244,312.40472412,53774400
2020-08-13,336.60998535,338.25000000,335.82998657,336.82998657,311.83993530,41816100
2020-08-14,336.41000366,337.42001343,335.61999512,336.83999634,311.84918213,47260400
2020-08-17,337.94000244,338.33999634,336.85000610,337.91000366,312.83981323,35481000
2020-08-18,338.33999634,339.10000610,336.60998535,338.64001465,313.51571655,38733900
2020-08-19,339.04998779,339.60998535,336.61999512,337.23001099,312.21029663,68054200
2020-08-20,335.35998535,338.79998779,335.22000122,338.27999878,313.18237305,42207800
2020-08-21,337.92001343,339.72000122,337.54998779,339.48001099,314.29327393,55106600
2020-08-24,342.11999512,343.00000000,339.45001221,342.92001343,317.47811890,48588700
2020-08-25,343.52999878,344.20999146,342.26998901,344.11999512,318.58908081,38463400
2020-08-26,344.76000977,347.85998535,344.17001343,347.57000732,321.78305054,50790200
2020-08-27,348.51000977,349.89999390,346.52999878,348.32998657,322.48675537,58034100
2020-08-28,349.44000244,350.72000122,348.14999390,350.57998657,324.56976318,48588900
2020-08-31,350.35000610,351.29998779,349.05999756,349.30999756,323.39398193,66099200
2020-09-01,350.20999146,352.70999146,349.23999023,352.60000610,326.43994141,54908700
2020-09-02,354.67001343,358.75000000,353.42999268,357.70001221,331.16162109,69540000
2020-09-03,355.86999512,356.38000488,342.58999634,345.39001465,319.76483154,148011100
2020-09-04,346.13000488,347.82998657,334.86999512,342.57000732,317.15411377,139156300
2020-09-08,336.70999146,342.64001465,332.88000488,333.20999146,308.48861694,114465300
2020-09-09,337.54998779,342.45999146,336.60998535,339.79000854,314.58029175,91462300
2020-09-10,341.82000732,342.52999878,332.85000610,333.89001465,309.11813354,90569500
2020-09-11,335.82000732,336.97000122,331.00000000,334.05999756,309.27554321,84680200
2020-09-14,337.48999023,340.38000488,334.22000122,338.45999146,313.34906006,65605700
2020-09-15,341.11999512,342.01998901,338.47000122,340.17001343,314.93212891,52920900
2020-09-16,341.51000977,343.05999756,338.51998901,338.82000732,313.68231201,82096000
2020-09-17,333.55999756,337.70001221,332.98999023,335.83999634,310.92346191,91523300
2020-09-18,335.36999512,335.48999023,327.97000122,330.64999390,307.34393311,105877900
2020-09-21,325.70001221,327.13000488,321.73001099,326.97000122,303.92333984,99450800
2020-09-22,328.57000732,330.89999390,325.85998535,330.29998779,307.01849365,63612100
2020-09-23,330.89999390,331.20001221,322.10000610,322.64001465,299.89849854,93112200
2020-09-24,321.22000122,326.79998779,319.79998779,323.50000000,300.69784546,76681300
2020-09-25,322.57998657,329.57998657,321.64001465,328.73001099,305.55917358,71069400
2020-09-28,333.22000122,334.95999146,332.14999390,334.19000244,310.63427734,64584600
2020-09-29,333.97000122,334.76998901,331.61999512,332.36999512,308.94262695,51304000
2020-09-30,333.08999634,338.29000854,332.88000488,334.89001465,311.28497314,104081100
2020-10-01,337.69000244,338.73999023,335.01000977,337.04000854,313.28347778,88698700
2020-10-02,331.70001221,337.01000977,331.19000244,333.83999634,310.30902100,89431100
2020-10-05,336.05999756,339.95999146,336.01000977,339.76000977,315.81164551,45713100
2020-10-06,339.91000366,342.17001343,334.38000488,334.92999268,311.32208252,90128900
2020-10-07,338.11999512,341.63000488,338.08999634,340.76000977,316.74127197,56999600
2020-10-08,342.85000610,343.85000610,341.85998535,343.77999878,319.54833984,45242500
2020-10-09,345.55999756,347.35000610,344.89001465,346.85000610,322.40197754,59528600
2020-10-12,349.58999634,354.01998901,349.05999756,352.42999268,327.58868408,80388500
2020-10-13,352.27999878,352.47000122,349.08999634,350.13000488,325.45077515,73255500
2020-10-14,350.75000000,351.92999268,347.14001465,347.92999268,323.40579224,57727900
2020-10-15,343.70999146,348.01998901,343.13000488,347.50000000,323.00616455,60357700
2020-10-16,348.95999146,350.75000000,347.10000610,347.29000854,322.81094360,89501900
2020-10-19,348.64999390,349.32998657,341.04000854,342.01000977,317.90310669,68425600
2020-10-20,343.45999146,346.88000488,342.64001465,343.38000488,319.17657471,60051900
2020-10-21,343.32998657,345.67001343,342.39999390,342.73001099,318.57238770,63575000
2020-10-22,342.95999146,345.23999023,340.64999390,344.60998535,320.31988525,55399300
2020-10-23,345.92999268,345.98999023,343.13000488,345.77999878,321.40740967,49143900
2020-10-26,342.13000488,342.98001099,335.61999512,339.39001465,315.46783447,91473000
2020-10-27,339.76000977,340.11999512,337.98999023,338.22000122,314.38024902,65994100
2020-10-28,332.10000610,338.25000000,326.13000488,326.66000366,303.63510132,127094300
2020-10-29,326.91000366,333.39999390,325.08999634,329.98001099,306.72109985,90597700
2020-10-30,328.27999878,329.69000244,322.60000610,326.54000854,303.52359009,120287300
2020-11-02,330.20001221,332.35998535,327.23999023,330.20001221,306.92556763,86068300
2020-11-03,333.69000244,338.25000000,330.29000854,336.02999878,312.34457397,93294200
2020-11-04,340.85998535,347.94000244,339.58999634,343.54000854,319.32534790,126959700
2020-11-05,349.23999023,352.19000244,348.85998535,350.23999023,325.55300903,82039700
2020-11-06,349.92999268,351.51000977,347.64999390,350.16000366,325.47860718,74973000
2020-11-09,363.97000122,364.38000488,354.05999756,354.55999756,329.56848145,172304200
2020-11-10,353.48999023,355.17999268,350.51000977,354.04000854,329.08520508,85552000
2020-11-11,356.39999390,357.55999756,355.05999756,356.67001343,331.52975464,58649000
2020-11-12,355.57998657,356.72000122,351.26000977,353.20999146,328.31365967,67546200
2020-11-13,355.26998901,358.89999390,354.70999146,358.10000610,332.85900879,62892200
2020-11-16,360.98001099,362.77999878,359.58999634,362.57000732,337.01397705,74541100
2020-11-17,359.97000122,361.92001343,358.33999634,360.61999512,335.20144653,66111000
2020-11-18,360.91000366,361.50000000,356.23999023,356.27999878,331.16729736,70591300
2020-11-19,355.60000610,358.17999268,354.14999390,357.77999878,332.56158447,59940900
2020-11-20,357.50000000,357.72000122,355.25000000,355.32998657,330.28427124,70417300
2020-11-23,357.27999878,358.82000732,354.86999512,357.45999146,332.26412964,63230600
2020-11-24,360.20999146,363.80999756,359.29000854,363.22000122,337.61816406,62415900
2020-11-25,363.13000488,363.16000366,361.48001099,362.66000366,337.09759521,45330900
2020-11-27,363.83999634,364.17999268,362.57998657,363.67001343,338.03640747,28514100
2020-11-30,362.82998657,363.11999512,359.17001343,362.05999756,336.53991699,83872700
2020-12-01,365.57000732,367.67999268,364.92999268,366.01998901,340.22070312,74231400
2020-12-02,364.82000732,366.95999146,364.20001221,366.79000854,340.93649292,45927000
2020-12-03,366.67999268,368.19000244,365.50000000,366.69000244,340.84344482,62882000
2020-12-04,367.32000732,369.85000610,367.22000122,369.85000610,343.78079224,50749900
2020-12-07,369.01998901,369.61999512,367.72000122,369.08999634,343.07434082,48944300
2020-12-08,367.72000122,370.77999878,367.67001343,370.17001343,344.07827759,42458900
2020-12-09,370.88000488,371.04998779,365.95001221,366.85000610,340.99230957,74098300
2020-12-10,365.36999512,367.85998535,364.42999268,366.73001099,340.88076782,57735400
2020-12-11,364.89999390,366.73999023,363.26000977,366.29998779,340.48101807,57698600
2020-12-14,368.64001465,369.79998779,364.47000122,364.66000366,338.95654297,69216200
2020-12-15,367.39999390,369.58999634,365.92001343,369.58999634,343.53909302,63865300
2020-12-16,369.82000732,371.16000366,368.86999512,370.17001343,344.07827759,58420500
2020-12-17,371.94000244,372.45999146,371.04998779,372.23999023,346.00228882,64119500
2020-12-18,370.97000122,371.14999390,367.01998901,369.17999268,344.62081909,136542300
2020-12-21,364.97000122,378.45999146,362.02999878,367.85998535,343.38861084,96386700
2020-12-22,368.20999146,368.32998657,366.02999878,367.23999023,342.80981445,47949000
2020-12-23,368.27999878,369.61999512,367.22000122,367.57000732,343.11798096,46201400
2020-12-24,368.07998657,369.02999878,367.45001221,369.00000000,344.45275879,26457900
2020-12-28,371.73999023,372.58999634,371.07000732,372.17001343,347.41186523,39000400
2020-12-29,373.80999756,374.00000000,370.82998657,371.45999146,346.74917603,53680500
2020-12-30,372.33999634,373.10000610,371.57000732,371.98999023,347.24392700,49455300
2020-12-31,371.77999878,374.66000366,371.23001099,373.88000488,349.00817871,78520700
2021-01-04,375.30999756,375.45001221,364.82000732,368.79000854,344.25674438,110210800
2021-01-05,368.10000610,372.50000000,368.04998779,371.32998657,346.62777710,66426200
2021-01-06,369.70999146,376.98001099,369.11999512,373.54998779,348.70004272,107997700
2021-01-07,376.10000610,379.89999390,375.91000366,379.10000610,353.88085938,68766800
2021-01-08,380.58999634,381.48999023,377.10000610,381.26000977,355.89718628,71677200
2021-01-11,377.85000610,380.57998657,377.72000122,378.69000244,353.49816895,51034700
2021-01-12,378.89001465,379.85998535,376.35998535,378.76998901,353.57278442,52547700
2021-01-13,378.69000244,380.85998535,377.85000610,379.79000854,354.52505493,45303600
2021-01-14,380.58999634,381.13000488,378.10000610,378.45999146,353.28344727,49989100
2021-01-15,376.72000122,377.57998657,373.70001221,375.70001221,350.70712280,107160000
2021-01-19,378.33999634,379.23001099,376.75000000,378.64999390,353.46075439,51233300
2021-01-20,381.10998535,384.79000854,380.69000244,383.89001465,358.35223389,61836100
2021-01-21,384.48999023,384.95001221,383.25000000,384.23999023,358.67892456,47840100
2021-01-22,382.25000000,384.13000488,381.83999634,382.88000488,357.40948486,52860500
2021-01-25,383.67001343,384.76998901,378.45999146,384.39001465,358.81893921,70402000
2021-01-26,385.41000366,385.85000610,383.54000854,383.79000854,358.25888062,42665300
2021-01-27,380.22000122,380.32000732,372.01000977,374.41000366,349.50286865,123351100
2021-01-28,376.35998535,381.92999268,375.89001465,377.63000488,352.50866699,94198100
2021-01-29,375.63000488,376.67001343,368.26998901,370.07000732,345.45156860,126765100
2021-02-01,373.72000122,377.33999634,370.38000488,376.23001099,351.20181274,75817600
2021-02-02,379.64999390,383.22000122,376.32000732,381.54998779,356.16790771,64450700
2021-02-03,382.44000244,383.70001221,380.48001099,381.85000610,356.44793701,52427100
2021-02-04,382.95999146,386.23999023,381.97000122,386.19000244,360.49914551,47142600
2021-02-05,388.20001221,388.47000122,386.14001465,387.70999146,361.91809082,48669800
2021-02-08,389.26998901,390.55999756,388.35000610,390.51000977,364.53189087,38365200
2021-02-09,389.60998535,390.89001465,389.17001343,390.25000000,364.28912354,35551100
2021-02-10,392.11999512,392.27999878,387.50000000,390.07998657,364.13046265,59154400
2021-02-11,391.23999023,391.69000244,388.10000610,390.70999146,364.71853638,42913300
2021-02-12,389.85000610,392.89999390,389.76998901,392.64001465,366.52014160,50593300
2021-02-16,393.95999146,394.17001343,391.52999878,392.29998779,366.20275879,50972400
2021-02-17,390.42001343,392.66000366,389.32998657,392.39001465,366.28677368,52290600
2021-02-18,389.58999634,391.51998901,387.73999023,390.72000122,364.72790527,59712800
2021-02-19,392.07000732,392.38000488,389.54998779,390.02999878,364.08380127,83241000
2021-02-22,387.05999756,389.61999512,386.73999023,387.02999878,361.28335571,67414200
2021-02-23,384.66000366,388.95001221,380.20001221,387.50000000,361.72210693,107284100
2021-02-24,386.32998657,392.23001099,385.26998901,391.76998901,365.70806885,72433900
2021-02-25,390.41000366,391.88000488,380.77999878,382.32998657,356.89599609,146670500
2021-02-26,384.35000610,385.57998657,378.23001099,380.35998535,355.05706787,152701600
2021-03-01,385.58999634,390.92001343,380.57000732,389.57998657,363.66369629,105348800
2021-03-02,389.82000732,390.07000732,386.00000000,386.54000854,360.82598877,79595300
2021-03-03,385.79000854,386.82998657,381.30999756,381.42001343,356.04650879,119940200
2021-03-04,381.22000122,384.00000000,371.88000488,376.70001221,351.64059448,183433000
2021-03-05,380.45999146,384.76000977,372.64001465,383.63000488,358.10955811,152039600
2021-03-08,384.66000366,387.67999268,381.42001343,381.72000122,356.32662964,123149200
2021-03-09,385.85000610,389.91000366,385.30999756,387.17001343,361.41403198,113633600
2021-03-10,389.69000244,391.39999390,388.17001343,389.57998657,363.66369629,109899400
2021-03-11,392.23001099,395.64999390,391.73999023,393.52999878,367.35101318,86245000
2021-03-12,392.07000732,394.20999146,391.20001221,394.05999756,367.84573364,64653600
2021-03-15,394.32998657,396.69000244,392.02999878,396.41000366,370.03936768,73427200
2021-03-16,397.07000732,397.82998657,395.07998657,395.91000366,369.57260132,73722500
2021-03-17,394.52999878,398.11999512,393.29998779,397.26000977,370.83273315,97959300
2021-03-18,394.48001099,396.72000122,390.75000000,391.48001099,365.43725586,115349100
2021-03-19,389.88000488,391.57000732,387.14999390,389.48001099,364.76107788,113624500
2021-03-22,390.02999878,394.07000732,389.97000122,392.58999634,367.67376709,73778600
2021-03-23,391.91000366,393.45999146,388.66000366,389.50000000,364.77981567,90686600
2021-03-24,391.00000000,392.75000000,387.47000122,387.51998901,362.92556763,97588600
2021-03-25,385.98001099,390.54998779,383.89999390,389.70001221,364.96713257,116128600
2021-03-26,390.92999268,396.41000366,390.29000854,395.98001099,370.84869385,114409100
2021-03-29,394.39999390,396.75000000,392.80999756,395.77999878,370.66134644,108107600
2021-03-30,394.42001343,395.45001221,393.01998901,394.73001099,369.67791748,76262200
2021-03-31,395.33999634,398.00000000,395.30999756,396.32998657,371.17639160,112734200
2021-04-01,398.39999390,400.67001343,398.17999268,400.60998535,375.18484497,99682900
2021-04-05,403.45999146,406.94000244,403.38000488,406.35998535,380.56982422,91684800
2021-04-06,405.76000977,407.23999023,405.39999390,406.11999512,380.34506226,62021000
2021-04-07,405.94000244,406.95999146,405.45001221,406.58999634,380.78521729,55836300
2021-04-08,407.92999268,408.57998657,406.92999268,408.51998901,382.59271240,57863100
2021-04-09,408.39001465,411.67001343,408.26000977,411.48999023,385.37420654,61104600
2021-04-12,410.85000610,411.92999268,410.20001221,411.64001465,385.51473999,56704900
2021-04-13,411.52999878,413.52999878,411.11999512,412.85998535,386.65725708,56551000
2021-04-14,412.82998657,413.95999146,410.86999512,411.45001221,385.33679199,61659900
2021-04-15,413.73999023,416.16000366,413.69000244,415.86999512,389.47619629,60229800
2021-04-16,417.25000000,417.91000366,415.73001099,417.26000977,390.77804565,82037300
2021-04-19,416.26000977,416.73999023,413.79000854,415.20999146,388.85818481,78498500
2021-04-20,413.91000366,415.08999634,410.58999634,412.17001343,386.01110840,81851800
2021-04-21,411.51000977,416.29000854,411.35998535,416.07000732,389.66357422,66793000
2021-04-22,415.89001465,416.77999878,411.13000488,412.26998901,386.10470581,97582800
2021-04-23,412.86999512,418.25000000,412.79000854,416.73999023,390.29104614,73209200
2021-04-26,417.44000244,418.22000122,416.80999756,417.60998535,391.10583496,52182400
2021-04-27,417.92999268,418.14001465,416.29998779,417.51998901,391.02151489,51303100
2021-04-28,417.80999756,419.01000977,416.89999390,417.39999390,390.90911865,51238900
2021-04-29,420.32000732,420.72000122,416.44000244,420.05999756,393.40032959,78544300
2021-04-30,417.63000488,418.54000854,416.33999634,417.29998779,390.81549072,85527000
2021-05-03,419.42999268,419.83999634,417.67001343,418.20001221,391.65835571,68128300
2021-05-04,416.07000732,416.60000610,411.67001343,415.61999512,389.24218750,101591200
2021-05-05,417.38000488,417.63000488,415.14999390,415.75000000,389.36395264,60162200
2021-05-06,415.82998657,419.20999146,413.67999268,419.07000732,392.47323608,74321400
2021-05-07,419.89001465,422.82000732,419.16000366,422.11999512,395.32952881,67733800
2021-05-10,422.50000000,422.73999023,417.80999756,417.94000244,391.41488647,81852400
2021-05-11,413.10000610,415.26998901,410.05999756,414.20999146,387.92166138,116888000
2021-05-12,411.23001099,412.58999634,404.00000000,405.41000366,379.68008423,134811000
2021-05-13,407.07000732,412.35000610,407.01998901,410.27999878,384.24102783,106394000
2021-05-14,413.20999146,417.48999023,413.17999268,416.57998657,390.14126587,82201600
2021-05-17,415.39001465,416.39001465,413.35998535,415.51998901,389.14849854,65129200
2021-05-18,415.79998779,416.05999756,411.76998901,411.94000244,385.79571533,59810200
2021-05-19,406.92001343,411.04998779,405.32998657,410.85998535,384.78421021,106467100
2021-05-20,411.79998779,416.63000488,411.67001343,415.27999878,388.92370605,78022200
2021-05-21,416.86999512,418.20001221,414.45001221,414.94000244,388.60528564,76578700
2021-05-24,417.33999634,420.32000732,417.07998657,419.17001343,392.56686401,51376700
2021-05-25,420.32998657,420.70999146,417.61999512,418.23999023,391.69583130,57451400
2021-05-26,418.86999512,419.60998535,417.76000977,419.07000732,392.47323608,43088600
2021-05-27,420.17001343,420.72000122,418.98999023,419.29000854,392.67922974,56707700
2021-05-28,420.97000122,421.25000000,419.79000854,420.04000854,393.38162231,58520200
2021-06-01,422.57000732,422.72000122,419.20001221,419.67001343,393.03509521,54216600
2021-06-02,420.36999512,421.23001099,419.29000854,420.32998657,393.65319824,49097100
2021-06-03,417.85000610,419.98999023,416.27999878,418.76998901,392.19219971,58138800
2021-06-04,420.75000000,422.92001343,418.83999634,422.60000610,395.77917480,55938800
2021-06-07,422.58999634,422.77999878,421.19000244,422.19000244,395.39511108,51555000
2021-06-08,423.10998535,423.20999146,420.32000732,422.27999878,395.47949219,47134300
2021-06-09,423.17999268,423.26000977,421.41000366,421.64999390,394.88946533,48436300
2021-06-10,422.95999146,424.63000488,421.54998779,423.60998535,396.72500610,51020100
2021-06-11,424.20001221,424.42999268,422.82000732,424.30999756,397.38058472,45570800
2021-06-14,424.42999268,425.36999512,423.10000610,425.26000977,398.27035522,42358500
2021-06-15,425.42001343,425.45999146,423.54000854,424.48001099,397.53982544,51508500
2021-06-16,424.63000488,424.86999512,419.92001343,422.10998535,395.32015991,80386100
2021-06-17,421.67001343,423.01998901,419.32000732,421.97000122,395.18914795,90949700
2021-06-18,417.08999634,417.82998657,414.70001221,414.92001343,389.85787964,118676300
2021-06-21,416.79998779,421.05999756,415.92999268,420.85998535,395.43902588,72822000
2021-06-22,420.85000610,424.00000000,420.07998657,423.10998535,397.55310059,57700300
2021-06-23,423.19000244,424.04998779,422.51000977,422.60000610,397.07400513,49445400
2021-06-24,424.89001465,425.54998779,424.61999512,425.10000610,399.42288208,45110300
2021-06-25,425.89999390,427.08999634,425.54998779,426.60998535,400.84173584,58129500
2021-06-28,427.17001343,427.64999390,425.89001465,427.47000122,401.64981079,53159600
2021-06-29,427.88000488,428.55999756,427.13000488,427.70001221,401.86593628,35970500
2021-06-30,427.20999146,428.77999878,427.17999268,428.05999756,402.20416260,64827900
2021-07-01,428.86999512,430.60000610,428.79998779,430.42999268,404.43103027,53441000
2021-07-02,431.67001343,434.10000610,430.51998901,433.72000122,407.52221680,57697700
2021-07-06,433.77999878,434.01000977,430.01000977,432.92999268,406.77990723,68710400
2021-07-07,433.66000366,434.76000977,431.51000977,434.45999146,408.21755981,63549500
2021-07-08,428.77999878,431.73001099,427.51998901,430.92001343,404.89141846,97595200
2021-07-09,432.52999878,435.83999634,430.70999146,435.51998901,409.21353149,76238600
2021-07-12,435.42999268,437.35000610,434.97000122,437.07998657,410.67932129,52889600
2021-07-13,436.23999023,437.83999634,435.30999756,435.58999634,409.27932739,52911300
2021-07-14,437.39999390,437.92001343,434.91000366,436.23999023,409.89007568,64130400
2021-07-15,434.80999756,435.52999878,432.72000122,434.75000000,408.49002075,55126400
2021-07-16,436.01000977,436.05999756,430.92001343,431.33999634,405.28601074,75874700
2021-07-19,426.19000244,431.41000366,421.97000122,424.97000122,399.30087280,147987000
2021-07-20,425.67999268,432.42001343,424.82998657,431.05999756,405.02297974,99608200
2021-07-21,432.33999634,434.70001221,431.01000977,434.54998779,408.30212402,64724400
2021-07-22,434.73999023,435.72000122,433.69000244,435.45999146,409.15713501,47878500
2021-07-23,437.51998901,440.29998779,436.79000854,439.94000244,413.36657715,63766600
2021-07-26,439.30999756,441.02999878,439.26000977,441.01998901,414.38131714,43719200
2021-07-27,439.91000366,439.94000244,435.98999023,439.01000977,412.49276733,67397100
2021-07-28,439.67999268,440.29998779,437.30999756,438.82998657,412.32360840,52472400
2021-07-29,439.82000732,441.79998779,439.80999756,440.64999390,414.03372192,47435300
2021-07-30,437.91000366,440.05999756,437.76998901,438.51000977,412.02297974,68951200
2021-08-02,440.33999634,440.92999268,437.20999146,437.58999634,411.15853882,58783300
2021-08-03,438.44000244,441.27999878,436.10000610,441.14999390,414.50347900,58053900
2021-08-04,439.77999878,441.11999512,438.73001099,438.98001099,412.46450806,46732200
2021-08-05,440.22000122,441.85000610,439.88000488,441.76000977,415.07669067,38969700
2021-08-06,442.10000610,442.94000244,441.79998779,442.48999023,415.76254272,46930000
2021-08-09,442.45999146,442.79998779,441.30999756,442.13000488,415.42431641,41222600
2021-08-10,442.60998535,443.44000244,441.88000488,442.67999268,415.94110107,43339300
2021-08-11,443.82000732,443.88000488,442.61999512,443.77999878,416.97467041,44034300
2021-08-12,443.61999512,445.26000977,442.66000366,445.10998535,418.22427368,38909400
2021-08-13,445.58999634,445.94000244,445.07000732,445.92001343,418.98541260,39470300
2021-08-16,444.52999878,447.10998535,442.86999512,446.97000122,419.97192383,73740000
2021-08-17,444.23999023,444.95999146,440.85000610,444.04000854,417.21893311,92673900
2021-08-18,442.95999146,444.63000488,438.92001343,439.17999268,412.65249634,89351900
2021-08-19,436.26998901,441.14001465,436.11999512,439.85998535,413.29138184,92812200
2021-08-20,440.23001099,443.70999146,439.70999146,443.35998535,416.57998657,72008700
2021-08-23,445.16000366,448.23001099,443.44000244,447.26000977,420.24438477,54973000
2021-08-24,447.97000122,448.54000854,447.42001343,447.97000122,420.91152954,38744700
2021-08-25,448.17001343,449.45999146,447.76998901,448.91000366,421.79479980,40529700
2021-08-26,448.60998535,448.85998535,446.16000366,446.26000977,419.30490112,57829600
2021-08-27,447.11999512,450.64999390,447.05999756,450.25000000,423.05377197,77235100
2021-08-30,450.97000122,453.07000732,450.70999146,452.23001099,424.91424561,48357400
2021-08-31,452.13000488,452.48999023,450.92001343,451.55999756,424.28472900,59300200
2021-09-01,452.55999756,453.10998535,451.54998779,451.79998779,424.51022339,48721400
2021-09-02,453.32000732,454.04998779,451.91000366,453.19000244,425.81625366,42501000
2021-09-03,451.98001099,453.63000488,451.54998779,453.07998657,425.71292114,47170500
2021-09-07,452.70999146,452.80999756,450.73999023,451.45999146,424.19079590,51671500
2021-09-08,450.89001465,451.67001343,448.85998535,450.91000366,423.67401123,56181900
2021-09-09,450.70001221,452.57000732,448.72000122,448.98001099,421.86053467,57970400
2021-09-10,451.04000854,451.48999023,445.30999756,445.44000244,418.53439331,89948200
2021-09-13,448.64001465,448.92001343,444.10998535,446.57998657,419.60546875,83738600
2021-09-14,448.11999512,448.33999634,443.22000122,444.17001343,417.34112549,78197100
2021-09-15,444.61999512,448.41000366,443.44000244,447.88000488,420.82699585,78792200
2021-09-16,447.32000732,448.35998535,444.01998901,447.17001343,420.15988159,77786700
2021-09-17,444.92001343,445.36999512,441.01998901,441.39999390,416.06704712,118425000
2021-09-20,434.88000488,436.55999756,428.85998535,434.04000854,409.12945557,166445500
2021-09-21,436.52999878,437.91000366,433.07000732,433.63000488,408.74301147,92526100
2021-09-22,436.04998779,440.02999878,433.75000000,437.85998535,412.73025513,102350100
2021-09-23,439.85000610,444.89001465,439.60000610,443.17999268,417.74487305,76396000
2021-09-24,441.44000244,444.67001343,441.20999146,443.91000366,418.43304443,62094800
2021-09-27,442.80999756,444.04998779,441.89999390,442.64001465,417.23593140,61371100
2021-09-28,439.69000244,440.04000854,432.94000244,433.72000122,408.82781982,130436300
2021-09-29,435.19000244,437.04000854,433.85000610,434.45001221,409.51589966,82329200
2021-09-30,436.01998901,436.76998901,428.77999878,429.14001465,404.51071167,140506000
2021-10-01,430.98001099,436.02999878,427.23001099,434.23999023,409.31802368,129240100
2021-10-04,433.00000000,433.95999146,426.35998535,428.64001465,404.03936768,128570000
2021-10-05,430.23999023,435.48999023,429.39001465,433.10000610,408.24343872,90682500
2021-10-06,429.26998901,435.11999512,427.54000854,434.89999390,409.94012451,113032200
2021-10-07,438.39001465,441.67999268,438.20001221,438.66000366,413.48434448,72437500
2021-10-08,439.48001099,439.89001465,437.19000244,437.85998535,412.73025513,74557400
2021-10-11,437.16000366,440.26000977,434.61999512,434.69000244,409.74218750,65233300
2021-10-12,435.67001343,436.10000610,432.77999878,433.61999512,408.73355103,71181200
2021-10-13,434.70999146,436.04998779,431.54000854,435.17999268,410.20401001,72974000
2021-10-14,439.07998657,442.66000366,438.57998657,442.50000000,417.10400391,70236800
2021-10-15,444.75000000,446.26000977,444.08999634,445.86999512,420.28048706,66260200
2021-10-18,443.97000122,447.54998779,443.26998901,447.19000244,421.52474976,62213200
2021-10-19,448.92001343,450.70999146,448.26998901,450.64001465,424.77679443,46996800
2021-10-20,451.13000488,452.73001099,451.01000977,452.41000366,426.44519043,49571600
2021-10-21,451.76998901,453.82998657,451.30999756,453.58999634,427.55743408,41305400
2021-10-22,453.13000488,454.67001343,451.04998779,453.11999512,427.11447144,58845100
2021-10-25,454.27999878,455.89999390,452.39001465,455.54998779,429.40493774,45214500
2021-10-26,457.20001221,458.48999023,455.55999756,455.95999146,429.79144287,56075100
2021-10-27,456.45001221,457.16000366,453.85998535,453.94000244,427.88739014,72438000
2021-10-28,455.45999146,458.39999390,455.45001221,458.32000732,432.01599121,51437900
2021-10-29,455.86999512,459.55999756,455.55999756,459.25000000,432.89266968,70162400
2021-11-01,460.29998779,460.70001221,458.20001221,460.04000854,433.63729858,48433600
2021-11-02,460.22000122,462.23001099,460.07998657,461.89999390,435.39053345,48908400
2021-11-03,461.29998779,465.14999390,460.82998657,464.72000122,438.04873657,52509800
2021-11-04,465.35998535,467.00000000,464.98999023,466.91000366,440.11300659,52847100
2021-11-05,469.27999878,470.64999390,466.92001343,468.52999878,441.64007568,66390600
2021-11-08,469.70001221,470.23001099,468.20001221,468.92999268,442.01712036,50405200
2021-11-09,469.32000732,469.57000732,465.88000488,467.38000488,440.55606079,51149100
2021-11-10,465.57998657,467.38000488,462.04000854,463.61999512,437.01190186,69429700
2021-11-11,465.20999146,465.29000854,463.75000000,463.76998901,437.15325928,34848500
2021-11-12,465.11999512,467.85998535,464.10998535,467.26998901,440.45236206,53466700
2021-11-15,468.64001465,468.80999756,466.23001099,467.42999268,440.60317993,46980500
2021-11-16,467.14999390,470.48999023,467.07000732,469.27999878,442.34692383,48857500
2021-11-17,469.00000000,469.19000244,467.48001099,468.14001465,441.27236938,47858300
2021-11-18,469.23999023,470.01000977,466.33999634,469.73001099,442.77120972,50625600
2021-11-19,469.60998535,470.94000244,468.50000000,468.89001465,441.97933960,57315600
2021-11-22,470.89001465,473.54000854,467.35000610,467.57000732,440.73513794,72762000
2021-11-23,467.22000122,469.10000610,464.45001221,468.19000244,441.31958008,73206500
2021-11-24,466.05999756,469.57000732,465.19000244,469.44000244,442.49777222,61858800
2021-11-26,462.33999634,463.89999390,457.76998901,458.97000122,432.62872314,112669600
2021-11-29,464.07000732,466.55999756,461.73001099,464.60000610,437.93557739,86268800
2021-11-30,462.00000000,464.02999878,455.29998779,455.55999756,429.41442871,148559600
2021-12-01,461.64001465,464.67001343,450.29000854,450.50000000,424.64480591,131939200
2021-12-02,450.73001099,459.07000732,450.30999756,457.39999390,431.14886475,127637800
2021-12-03,459.17001343,460.29998779,448.92001343,453.42001343,427.39724731,137331600
2021-12-06,456.13000488,460.79000854,453.55999756,458.79000854,432.45907593,98977500
2021-12-07,464.41000366,468.88000488,458.64999390,468.27999878,441.40441895,95484700
2021-12-08,468.70001221,470.00000000,466.82998657,469.51998901,442.57315063,72238800
2021-12-09,468.14999390,469.63000488,466.14001465,466.35000610,439.58526611,61272600
2021-12-10,469.23001099,470.89999390,466.51000977,470.73999023,443.72314453,77159800
2021-12-13,470.19000244,470.55999756,466.26998901,466.57000732,439.79254150,87724700
2021-12-14,463.08999634,465.73999023,460.25000000,463.35998535,436.76672363,97264100
2021-12-15,463.42001343,470.85998535,460.73999023,470.60000610,443.59133911,116899300
2021-12-16,472.57000732,472.86999512,464.79998779,466.45001221,439.67947388,116568600
2021-12-17,461.54998779,464.73999023,458.05999756,459.86999512,434.99993896,135511600
2021-12-20,454.48001099,455.39999390,451.14001465,454.98001099,430.37448120,107134800
2021-12-21,458.60998535,463.20999146,456.30999756,463.05999756,438.01748657,69806300
2021-12-22,462.79000854,467.80999756,462.57998657,467.69000244,442.39706421,58890200
2021-12-23,468.75000000,472.19000244,468.64001465,470.60000610,445.14974976,56439700
2021-12-27,472.05999756,477.30999756,472.01000977,477.26000977,451.44949341,56808600
2021-12-28,477.72000122,478.80999756,476.05999756,476.86999512,451.08059692,47274600
2021-12-29,476.98001099,478.55999756,475.92001343,477.48001099,451.65762329,54503000
2021-12-30,477.92999268,479.00000000,475.67001343,476.16000366,450.40893555,55329000
2021-12-31,475.64001465,476.85998535,474.67001343,474.95999146,449.27386475,65237400
2022-01-03,476.29998779,477.85000610,473.85000610,477.70999146,451.87515259,72668200
2022-01-04,479.22000122,479.98001099,475.57998657,477.54998779,451.72384644,71178700
2022-01-05,477.16000366,477.98001099,468.27999878,468.38000488,443.04974365,104538900
2022-01-06,467.89001465,470.82000732,465.42999268,467.94000244,442.63348389,86858900
2022-01-07,467.95001221,469.20001221,464.64999390,466.08999634,440.88357544,85111600
2022-01-10,462.70001221,465.73999023,456.60000610,465.51000977,440.33489990,119362000
2022-01-11,465.23001099,469.85000610,462.04998779,469.75000000,444.34564209,74303100
2022-01-12,471.58999634,473.20001221,468.94000244,471.01998901,445.54696655,67605400
2022-01-13,472.19000244,472.88000488,463.44000244,464.52999878,439.40792847,91173100
2022-01-14,461.19000244,465.08999634,459.89999390,464.72000122,439.58767700,95890900
2022-01-18,459.73999023,459.95999146,455.30999756,456.48999023,431.80273438,109709100
2022-01-19,458.13000488,459.60998535,451.45999146,451.75000000,427.31918335,109357600
2022-01-20,453.75000000,458.73999023,444.50000000,446.75000000,422.58950806,122379700
2022-01-21,445.55999756,448.05999756,437.95001221,437.98001099,414.29379272,202271200
2022-01-24,432.02999878,440.38000488,420.76000977,439.83999634,416.05322266,251783900
2022-01-25,433.05999756,439.72000122,427.14999390,434.47000122,410.97354126,167997300
2022-01-26,440.72000122,444.04000854,428.85998535,433.38000488,409.94253540,186391100
2022-01-27,438.26000977,441.58999634,429.45001221,431.23999023,407.91830444,149878300
2022-01-28,432.67999268,442.00000000,427.82000732,441.95001221,418.04913330,164457400
2022-01-31,441.23999023,450.27999878,439.80999756,449.91000366,425.57855225,152251400
2022-02-01,450.67999268,453.63000488,446.94000244,452.95001221,428.45428467,123155400
2022-02-02,455.50000000,458.11999512,453.04998779,457.35000610,432.61621094,117361000
2022-02-03,450.95001221,452.97000122,445.70999146,446.60000610,422.44760132,118024400
2022-02-04,446.35000610,452.77999878,443.82998657,448.70001221,424.43408203,118454400
2022-02-07,449.51000977,450.98999023,445.85000610,447.26000977,423.07196045,84472900
2022-02-08,446.73001099,451.92001343,445.22000122,450.94000244,426.55291748,81012000
2022-02-09,455.22000122,457.88000488,455.01000977,457.54000854,432.79595947,92589900
2022-02-10,451.33999634,457.70999146,447.20001221,449.32000732,425.02053833,140103700
2022-02-11,449.41000366,451.60998535,438.94000244,440.45999146,416.63964844,153214600
2022-02-14,439.92001343,441.60000610,435.33999634,439.01998901,415.27749634,123006300
2022-02-15,443.73001099,446.27999878,443.17999268,446.10000610,421.97470093,88482700
2022-02-16,443.92999268,448.05999756,441.94000244,446.60000610,422.44760132,84863600
2022-02-17,443.22000122,446.57000732,436.42001343,437.05999756,413.42349243,102259100
2022-02-18,437.32998657,438.66000366,431.82000732,434.23001099,410.74661255,132642900
2022-02-22,431.89001465,435.50000000,425.85998535,429.57000732,406.33859253,124391800
2022-02-23,432.66000366,433.26000977,421.35000610,421.95001221,399.13073730,132578000
2022-02-24,411.01998901,428.76000977,410.64001465,428.29998779,405.13732910,213942900
2022-02-25,429.60998535,437.83999634,427.85998535,437.75000000,414.07620239,121804500
2022-02-28,432.02999878,438.20001221,430.70001221,436.63000488,413.01675415,145615000
2022-03-01,435.04000854,437.17001343,427.10998535,429.98001099,406.72637939,137785900
2022-03-02,432.36999512,439.72000122,431.57000732,437.89001465,414.20870972,117726500
2022-03-03,440.47000122,441.10998535,433.79998779,435.70999146,412.14654541,105501700
2022-03-04,431.75000000,433.36999512,427.88000488,432.17001343,408.79797363,113978200
2022-03-07,431.54998779,432.29998779,419.35998535,419.42999268,396.74700928,137896600
2022-03-08,419.61999512,427.20999146,415.11999512,416.25000000,393.73895264,164772700
2022-03-09,425.14001465,429.51000977,422.82000732,427.41000366,404.29544067,116990800
2022-03-10,422.51998901,426.42999268,420.44000244,425.48001099,402.46978760,93972700
2022-03-11,428.11999512,428.76998901,419.52999878,420.07000732,397.35229492,95636300
2022-03-14,420.89001465,424.54998779,415.79000854,417.00000000,394.44839478,95729200
2022-03-15,419.76998901,426.83999634,418.42001343,426.17001343,403.12243652,106219100
2022-03-16,429.89001465,435.67999268,424.79998779,435.61999512,412.06143188,144954800
2022-03-17,433.58999634,441.07000732,433.19000244,441.07000732,417.21664429,102676900
2022-03-18,438.00000000,444.85998535,437.22000122,444.51998901,421.78640747,106345500
2022-03-21,444.33999634,446.45999146,440.67999268,444.39001465,421.66305542,88349800
2022-03-22,445.85998535,450.57998657,445.85998535,449.58999634,426.59710693,74650400
2022-03-23,446.91000366,448.48999023,443.70999146,443.79998779,421.10317993,79426100
2022-03-24,445.94000244,450.50000000,444.76000977,450.48999023,427.45098877,64736900
2022-03-25,451.16000366,452.98001099,448.42999268,452.69000244,429.53854370,77101300
2022-03-28,452.05999756,455.91000366,450.05999756,455.91000366,432.59384155,68529800
2022-03-29,460.01998901,462.07000732,457.17999268,461.54998779,437.94543457,86581500
2022-03-30,460.33999634,461.20001221,456.47000122,458.70001221,435.24114990,79666900
2022-03-31,457.89001465,458.76000977,451.16000366,451.64001465,428.54226685,121699900
2022-04-01,453.30999756,453.45999146,449.14001465,452.92001343,429.75680542,89048800
2022-04-04,453.13000488,456.91000366,452.26000977,456.79998779,433.43829346,59601000
2022-04-05,455.22000122,457.82998657,449.82000732,451.02999878,427.96340942,74214500
2022-04-06,446.89001465,448.92999268,443.47000122,446.51998901,423.68408203,106898000
2022-04-07,445.58999634,450.69000244,443.52999878,448.76998901,425.81896973,78097200
2022-04-08,447.97000122,450.63000488,445.94000244,447.57000732,424.68035889,79272700
2022-04-11,444.10998535,445.00000000,439.39001465,439.92001343,417.42160034,89770500
2022-04-12,443.07998657,445.75000000,436.64999390,438.29000854,415.87493896,84363600
2022-04-13,438.02999878,444.10998535,437.83999634,443.30999756,420.63821411,74070400
2022-04-14,443.54998779,444.73001099,437.67999268,437.79000854,415.40051270,97869500
2022-04-18,436.80999756,439.75000000,435.60998535,437.97000122,415.57138062,66002500
2022-04-19,437.85998535,445.79998779,437.67999268,445.04000854,422.27984619,77821000
2022-04-20,446.92001343,447.57000732,443.48001099,444.70999146,421.96664429,65224400
2022-04-21,448.54000854,450.01000977,437.10000610,438.05999756,415.65676880,85417300
2022-04-22,436.91000366,438.07998657,425.44000244,426.04000854,404.25146484,132471800
2022-04-25,423.67001343,428.69000244,418.83999634,428.51000977,406.59512329,119647700
2022-04-26,425.82998657,426.04000854,416.07000732,416.10000610,394.81985474,103996300
2022-04-27,417.23999023,422.92001343,415.01000977,417.26998901,395.93002319,122030000
2022-04-28,422.29000854,429.64001465,417.60000610,427.80999756,405.93093872,105449100
2022-04-29,423.58999634,425.86999512,411.20999146,412.00000000,390.92956543,145491100
2022-05-02,412.07000732,415.92001343,405.01998901,414.48001099,393.28262329,158312500
2022-05-03,415.01000977,418.92999268,413.35998535,416.38000488,395.08547974,100028200
2022-05-04,417.07998657,429.66000366,413.70999146,429.05999756,407.11700439,144247900
2022-05-05,424.54998779,425.00000000,409.44000244,413.80999756,392.64697266,172929100
2022-05-06,411.10000610,414.79998779,405.73001099,411.33999634,390.30328369,151770800
2022-05-09,405.10000610,406.41000366,396.50000000,398.17001343,377.80673218,155586100
2022-05-10,404.48999023,406.07998657,394.82000732,399.08999634,378.67977905,132497200
2022-05-11,398.07000732,404.04000854,391.95999146,392.75000000,372.66394043,142361000
2022-05-12,389.36999512,395.79998779,385.14999390,392.33999634,372.27496338,125090800
2022-05-13,396.70999146,403.17999268,395.60998535,401.72000122,381.17520142,104174400
2022-05-16,399.98001099,403.97000122,397.60000610,400.08999634,379.62857056,78622400
2022-05-17,406.52999878,408.57000732,402.57998657,408.32000732,387.43771362,83029700
2022-05-18,403.50000000,403.79998779,390.54998779,391.85998535,371.81948853,117674500
2022-05-19,388.61999512,394.14001465,387.10998535,389.45999146,369.54217529,98510700
2022-05-20,393.25000000,397.02999878,380.54000854,389.63000488,369.70352173,131432200
2022-05-23,392.82998657,397.73001099,390.38000488,396.92001343,376.62072754,76414900
2022-05-24,392.55999756,395.14999390,386.95999146,393.89001465,373.74569702,91448800
2022-05-25,392.30999756,399.45001221,391.89001465,397.36999512,377.04776001,91472900
2022-05-26,398.67001343,407.04000854,398.45001221,405.30999756,384.58163452,82168300
2022-05-27,407.91000366,415.38000488,407.70001221,415.26000977,394.02282715,84768700
2022-05-31,413.54998779,416.45999146,410.02999878,412.92999268,391.81192017,95937000
2022-06-01,415.17001343,416.23999023,406.92999268,409.58999634,388.64279175,86585800
2022-06-02,409.42001343,417.44000244,407.04000854,417.39001465,396.04388428,79609600
2022-06-03,412.39999390,414.04000854,409.51000977,410.54000854,389.54415894,71874300
2022-06-06,414.77999878,416.60998535,410.54998779,411.79000854,390.73025513,57508900
2022-06-07,408.10000610,416.22000122,407.60998535,415.73999023,394.47824097,59272400
2022-06-08,413.92999268,415.82000732,410.38000488,411.22000122,390.18942261,64350000
2022-06-09,409.33999634,411.73999023,401.44000244,401.44000244,380.90957642,86289800
2022-06-10,394.88000488,395.77999878,389.75000000,389.79998779,369.86480713,132893900
2022-06-13,379.85000610,381.80999756,373.29998779,375.00000000,355.82174683,170004900
2022-06-14,376.85000610,377.94000244,370.58999634,373.86999512,354.74951172,104011800
2022-06-15,377.35998535,383.89999390,372.11999512,379.20001221,359.80697632,125666800
2022-06-16,370.51000977,370.94000244,364.07998657,366.64999390,347.89880371,134473300
2022-06-17,365.51000977,369.38000488,362.17001343,365.85998535,348.64874268,111113900
2022-06-21,371.89001465,376.52999878,371.80999756,375.07000732,357.42550659,76811900
2022-06-22,370.61999512,378.72000122,370.17999268,374.39001465,356.77749634,90059400
2022-06-23,376.64001465,378.82998657,372.89001465,378.05999756,360.27478027,79292100
2022-06-24,381.39999390,390.08999634,381.36999512,390.07998657,371.72940063,98050300
2022-06-27,391.04998779,391.35998535,387.44000244,388.58999634,370.30947876,66009600
2022-06-28,390.23001099,393.16000366,380.52999878,380.64999390,362.74304199,86548900
2022-06-29,381.23001099,382.26998901,378.42001343,380.33999634,362.44760132,65676000
2022-06-30,376.23999023,380.66000366,372.55999756,377.25000000,359.50302124,112508300
2022-07-01,376.55999756,381.70001221,373.79998779,381.23999023,363.30526733,74839700
2022-07-05,375.88000488,381.98001099,372.89999390,381.95999146,363.99136353,81438000
2022-07-06,382.10998535,385.86999512,379.60000610,383.25000000,365.22067261,70426200
2022-07-07,385.11999512,389.82998657,383.26998901,388.98999023,370.69064331,64525900
2022-07-08,387.26998901,390.64001465,385.66000366,388.67001343,370.38577271,72397800
2022-07-11,385.85000610,386.86999512,383.50000000,384.23001099,366.15457153,58366900
2022-07-12,383.64999390,386.16000366,378.98999023,380.82998657,362.91452026,62219200
2022-07-13,375.10000610,381.92001343,374.66000366,378.82998657,361.00863647,84224600
2022-07-14,373.60998535,379.04998779,371.04000854,377.91000366,360.13186646,89704800
2022-07-15,382.54998779,385.25000000,380.54000854,385.13000488,367.01226807,79060400
2022-07-18,388.38000488,389.08999634,380.66000366,381.95001221,363.98187256,63203600
2022-07-19,386.07998657,392.86999512,385.39001465,392.26998901,373.81637573,78506000
2022-07-20,392.47000122,396.26000977,391.02999878,394.76998901,376.19873047,71843800
2022-07-21,394.16000366,398.83999634,391.63000488,398.79000854,380.02966309,64903900
2022-07-22,398.92001343,400.17999268,392.75000000,395.08999634,376.50375366,72197300
2022-07-25,395.75000000,396.47000122,393.20999146,395.57000732,376.96109009,53631500
2022-07-26,393.83999634,394.05999756,389.95001221,390.89001465,372.50122070,52946400
2022-07-27,394.35998535,402.88000488,394.04998779,401.04000854,382.17379761,82342100
2022-07-28,401.89001465,406.79998779,398.14999390,406.07000732,386.96719360,73966600
2022-07-29,407.57998657,413.02999878,406.76998901,411.98999023,392.60870361,87003700
2022-08-01,409.14999390,413.41000366,408.39999390,410.76998901,391.44607544,69997500
2022-08-02,409.11999512,413.00000000,406.82000732,408.05999756,388.86355591,63435400
2022-08-03,410.29998779,415.67999268,410.00000000,414.45001221,394.95297241,67820600
2022-08-04,414.36999512,415.08999634,412.44000244,414.17001343,394.68612671,45656600
2022-08-05,409.66000366,414.14999390,409.60000610,413.47000122,394.01901245,56814900
2022-08-08,415.25000000,417.61999512,411.82998657,412.98999023,393.56158447,53886100
2022-08-09,412.22000122,412.75000000,410.22000122,411.35000610,391.99877930,44931800
2022-08-10,418.77999878,420.14001465,416.72000122,419.98999023,400.23229980,68665700
2022-08-11,422.98999023,424.95001221,419.20999146,419.98999023,400.23229980,59489700
2022-08-12,422.02999878,427.20999146,421.02999878,427.10000610,407.00787354,61694500
2022-08-15,424.76998901,429.41000366,424.70999146,428.85998535,408.68508911,54048300
2022-08-16,427.73001099,431.73001099,426.88000488,429.70001221,409.48559570,59289000
2022-08-17,425.91000366,429.50000000,424.54000854,426.64999390,406.57904053,63563400
2022-08-18,426.85998535,428.60998535,425.50000000,427.89001465,407.76074219,49023200
2022-08-19,424.98001099,425.26000977,421.22000122,422.14001465,402.28121948,68016900
2022-08-22,417.04998779,417.23001099,412.39999390,413.35000610,393.90469360,77695600
2022-08-23,412.89999390,415.42001343,411.76998901,412.35000610,392.95169067,49105200
2022-08-24,412.10998535,415.10998535,411.39001465,413.67001343,394.20968628,49177800
2022-08-25,415.23999023,419.55999756,414.08999634,419.51000977,399.77490234,50942300
2022-08-26,419.39001465,419.95999146,405.25000000,405.30999756,386.24298096,103087000
2022-08-29,402.20001221,405.83999634,401.20001221,402.63000488,383.68902588,65370800
2022-08-30,403.85000610,404.10000610,396.00000000,398.20999146,379.47689819,85652400
2022-08-31,399.92999268,401.23999023,395.04000854,395.17999268,376.58944702,76029700
2022-09-01,392.89001465,396.77999878,390.04000854,396.42001343,377.77120972,78740100
2022-09-02,400.27999878,401.55999756,390.32998657,392.23999023,373.78778076,99632100
2022-09-06,393.13000488,394.11999512,388.42001343,390.76000977,372.37744141,76637400
2022-09-07,390.42999268,398.58999634,390.20001221,397.77999878,379.06716919,70964200
2022-09-08,395.39001465,400.85998535,394.11999512,400.38000488,381.54486084,80821700
2022-09-09,402.73999023,407.51000977,402.45999146,406.60000610,387.47222900,76706900
2022-09-12,408.77999878,411.73001099,408.45999146,410.97000122,391.63659668,69256300
2022-09-13,401.82998657,403.10000610,391.92001343,393.10000610,374.60736084,122947100
2022-09-14,394.47000122,396.20001221,391.11999512,394.60000610,376.03680420,85023700
2022-09-15,392.95999146,395.95999146,388.77999878,390.11999512,371.76748657,87633800
2022-09-16,384.14001465,386.25000000,382.10998535,385.55999756,368.93133545,103084800
2022-09-19,382.26000977,388.54998779,382.17999268,388.54998779,371.79238892,73278500
2022-09-20,385.05999756,386.11999512,381.20001221,384.08999634,367.52474976,77274900
2022-09-21,386.10998535,389.30999756,377.38000488,377.39001465,361.11364746,106746600
2022-09-22,376.57998657,378.29998779,373.44000244,374.22000122,358.08038330,89472600
2022-09-23,370.57998657,370.61999512,363.29000854,367.95001221,352.08087158,122346900
2022-09-26,366.41000366,370.20999146,363.02999878,364.30999756,348.59790039,92581200
2022-09-27,368.01998901,370.39999390,360.86999512,363.38000488,347.70788574,108294100
2022-09-28,364.38000488,372.29998779,362.60000610,370.52999878,354.54949951,110802200
2022-09-29,366.80999756,367.10998535,359.70001221,362.79000854,347.14340210,112952300
2022-09-30,361.79998779,365.91000366,357.04000854,357.17999268,341.77536011,153711200
2022-10-03,361.07998657,368.54998779,359.20999146,366.60998535,350.79858398,89756500
2022-10-04,372.39999390,378.00000000,366.57000732,377.97000122,361.66870117,103602800
2022-10-05,373.39001465,379.45999146,370.95001221,377.08999634,360.82662964,88065700
2022-10-06,375.61999512,378.72000122,372.67999268,373.20001221,357.10446167,82333500
2022-10-07,368.97000122,373.29000854,360.94000244,362.79000854,347.14340210,107789500
2022-10-10,363.95999146,364.20999146,357.67001343,360.01998901,344.49282837,76042800
2022-10-11,358.23999023,363.02999878,355.70999146,357.73999023,342.31115723,92482800
2022-10-12,358.17001343,359.82000732,356.29998779,356.55999756,341.18200684,76991800
2022-10-13,349.20999146,367.51000977,348.10998535,365.97000122,350.18621826,147254500
2022-10-14,368.54998779,370.26000977,356.95999146,357.63000488,342.20593262,123737000
2022-10-17,364.01000977,367.98001099,357.27999878,366.82000732,350.99954224,93168200
2022-10-18,375.13000488,375.45001221,367.51998901,371.13000488,355.12365723,97162900
2022-10-19,368.98999023,371.85000610,365.54998779,368.50000000,352.60711670,79746900
2022-10-20,368.02999878,372.67001343,364.60998535,365.41000366,349.65032959,88283100
2022-10-21,365.11999512,374.79998779,363.54000854,374.29000854,358.14736938,131038400
2022-10-24,375.89001465,380.05999756,373.10998535,378.86999512,362.52990723,85436900
2022-10-25,378.79000854,385.25000000,378.67001343,384.92001343,368.31893921,78846300
2022-10-26,381.61999512,387.57998657,381.35000610,382.01998901,365.54403687,104087300
2022-10-27,383.07000732,385.00000000,379.32998657,379.98001099,363.59197998,81971800
2022-10-28,379.86999512,389.51998901,379.67999268,389.01998901,372.24206543,100302000
2022-10-31,386.44000244,388.39999390,385.26000977,386.20999146,369.55325317,96631300
2022-11-01,390.14001465,390.39001465,383.29000854,384.51998901,367.93615723,85407600
2022-11-02,383.89999390,388.63000488,374.76000977,374.86999512,358.70239258,126990400
2022-11-03,371.47000122,374.20001221,368.79000854,371.01000977,355.00885010,87100100
2022-11-04,377.00000000,378.86999512,370.00000000,376.35000610,360.11853027,103505200
2022-11-07,377.70999146,380.57000732,375.52999878,379.95001221,363.56332397,68286900
2022-11-08,381.10998535,385.11999512,377.72000122,382.00000000,365.52487183,84641100
2022-11-09,379.92999268,381.14001465,373.60998535,374.13000488,357.99426270,78495500
2022-11-10,388.04998779,395.04000854,385.64001465,394.69000244,377.66760254,141455800
2022-11-11,395.58999634,399.35000610,393.60998535,398.51000977,381.32281494,93839900
2022-11-14,396.66000366,400.17999268,394.82998657,395.11999512,378.07907104,71903500
2022-11-15,401.14999390,402.30999756,394.48999023,398.48999023,381.30371094,93194500
2022-11-16,396.77999878,397.77999878,394.79000854,395.45001221,378.39477539,68508500
2022-11-17,390.45999146,394.95001221,390.14001465,394.23999023,377.23696899,74496300
2022-11-18,397.73999023,397.80999756,393.04000854,396.02999878,378.94976807,92922500
2022-11-21,394.64001465,395.82000732,392.66000366,394.58999634,377.57186890,51243200
2022-11-22,396.63000488,400.07000732,395.14999390,399.89999390,382.65289307,60429000
2022-11-23,399.54998779,402.92999268,399.30999756,402.42001343,385.06417847,68261600
2022-11-25,401.82998657,402.91000366,401.54000854,402.32998657,384.97802734,30545400
2022-11-28,399.08999634,400.80999756,395.10998535,395.91000366,378.83496094,67881600
2022-11-29,396.04998779,397.29998779,393.29998779,395.23001099,378.18423462,52310000
2022-11-30,395.48999023,407.67999268,393.48001099,407.67999268,390.09735107,144566700
2022-12-01,408.76998901,410.00000000,404.75000000,407.38000488,389.81027222,76398200
2022-12-02,402.25000000,407.85998535,402.14001465,406.91000366,389.36053467,85342700
2022-12-05,403.95001221,404.92999268,398.17001343,399.58999634,382.35623169,77289800
2022-12-06,399.42001343,399.98999023,391.64001465,393.82998657,376.84457397,77972200
2022-12-07,392.94000244,395.64001465,391.97000122,393.16000366,376.20355225,65927900
2022-12-08,395.14001465,397.35998535,393.26998901,396.23999023,379.15069580,60737900
2022-12-09,394.94000244,397.61999512,393.14999390,393.27999878,376.31838989,81447700
2022-12-12,394.10998535,398.95001221,393.41000366,398.95001221,381.74383545,75405800
2022-12-13,410.22000122,410.48999023,399.07000732,401.97000122,384.63357544,123782500
2022-12-14,401.60998535,405.50000000,396.30999756,399.39999390,382.17437744,108111300
2022-12-15,394.29998779,395.25000000,387.89001465,389.63000488,372.82586670,117705900
2022-12-16,385.17999268,386.57998657,381.04000854,383.26998901,368.42410278,119858000
2022-12-19,383.47000122,383.82000732,378.27999878,380.01998901,365.30007935,79878100
2022-12-20,379.23001099,382.23001099,377.85000610,380.54000854,365.79986572,74427200
2022-12-21,383.25000000,387.41000366,382.69000244,386.23001099,371.26953125,78167400
2022-12-22,383.04998779,386.20999146,374.76998901,380.72000122,365.97299194,100120900
2022-12-23,379.64999390,383.05999756,378.02999878,382.91000366,368.07809448,59857300
2022-12-27,382.79000854,383.14999390,379.64999390,381.39999390,366.62658691,51638200
2022-12-28,381.32998657,383.39001465,376.42001343,376.66000366,362.07025146,70911500
2022-12-29,379.63000488,384.35000610,379.07998657,383.44000244,368.58761597,66970900
2022-12-30,380.64001465,382.57998657,378.42999268,382.42999268,367.61676025,84022200
2023-01-03,384.36999512,386.42999268,377.82998657,380.82000732,366.06909180,74850700
2023-01-04,383.17999268,385.88000488,380.00000000,383.76000977,368.89520264,85934100
2023-01-05,381.72000122,381.83999634,378.76000977,379.38000488,364.68487549,76970500
2023-01-06,382.60998535,389.25000000,379.41000366,388.07998657,373.04785156,104189600
2023-01-09,390.36999512,393.70001221,387.67001343,387.85998535,372.83639526,73978100
2023-01-10,387.25000000,390.64999390,386.26998901,390.57998657,375.45101929,65358100
2023-01-11,392.23001099,395.60000610,391.38000488,395.51998901,380.19964600,68881100
2023-01-12,396.67001343,398.48999023,392.42001343,396.95999146,381.58386230,90157700
2023-01-13,393.61999512,399.10000610,393.33999634,398.50000000,383.06423950,63903900
2023-01-17,398.48001099,400.23001099,397.05999756,397.76998901,382.36248779,62677300
2023-01-18,399.01000977,400.11999512,391.27999878,391.48999023,376.32577515,99632300
2023-01-19,389.35998535,391.07998657,387.26000977,388.64001465,373.58615112,86958900
2023-01-20,390.10000610,396.04000854,388.38000488,395.88000488,380.54580688,91806400
2023-01-23,396.72000122,402.64999390,395.72000122,400.63000488,385.11172485,84178800
2023-01-24,398.88000488,401.14999390,397.64001465,400.20001221,384.69839478,59524900
2023-01-25,395.95001221,400.70001221,393.55999756,400.35000610,384.84259033,84800300
2023-01-26,403.13000488,404.92001343,400.02999878,404.75000000,389.07214355,72287400
2023-01-27,403.66000366,408.16000366,403.44000244,405.67999268,389.96618652,68346200
2023-01-30,402.79998779,405.13000488,400.27999878,400.58999634,385.07327271,74202000
2023-01-31,401.13000488,406.52999878,400.76998901,406.48001099,390.73510742,86811800
2023-02-01,405.20999146,413.67001343,402.35000610,410.79998779,394.88781738,101459200
2023-02-02,414.85998535,418.30999756,412.88000488,416.77999878,400.63623047,101654500
2023-02-03,411.58999634,416.97000122,411.08999634,412.35000610,396.37774658,94736800
2023-02-06,409.79000854,411.29000854,408.10000610,409.82998657,393.95538330,60295300
2023-02-07,408.86999512,416.48999023,407.57000732,415.19000244,399.10775757,90990700
2023-02-08,413.13000488,414.52999878,409.92999268,410.64999390,394.74362183,76227500
2023-02-09,414.41000366,414.57000732,405.80999756,407.08999634,391.32150269,78694900
2023-02-10,405.85998535,408.44000244,405.01000977,408.04000854,392.23477173,70769700
2023-02-13,408.72000122,412.97000122,408.23999023,412.82998657,396.83914185,64913500
2023-02-14,411.23999023,415.04998779,408.51000977,412.64001465,396.65655518,88389300
2023-02-15,410.35000610,414.05999756,409.47000122,413.98001099,397.94458008,61555700
2023-02-16,408.79000854,412.91000366,408.14001465,408.27999878,392.46542358,76431500
2023-02-17,406.05999756,407.51000977,404.04998779,407.26000977,391.48495483,89257800
2023-02-21,403.05999756,404.16000366,398.82000732,399.08999634,383.63134766,82655900
2023-02-22,399.51998901,401.13000488,397.01998901,398.54000854,383.10269165,83742300
2023-02-23,401.55999756,402.20001221,396.25000000,400.66000366,385.14059448,96242400
2023-02-24,395.42001343,397.25000000,393.64001465,396.38000488,381.02633667,108194400
2023-02-27,399.86999512,401.29000854,396.75000000,397.73001099,382.32406616,80444700
2023-02-28,397.23001099,399.27999878,396.14999390,396.26000977,380.91101074,96438600
2023-03-01,395.41000366,396.69000244,393.38000488,394.73999023,379.44989014,99706800
2023-03-02,392.67999268,398.69000244,392.32998657,397.80999756,382.40093994,85127800
2023-03-03,399.70999146,404.45001221,399.02999878,404.19000244,388.53378296,90120000
2023-03-06,405.04998779,407.45001221,404.01000977,404.47000122,388.80303955,72795900
2023-03-07,404.42001343,404.67001343,397.63000488,398.26998901,382.84313965,108310600
2023-03-08,398.39001465,399.70999146,396.58999634,398.92001343,383.46798706,74746600
2023-03-09,399.73999023,401.48001099,390.52999878,391.55999756,376.39306641,111945300
2023-03-10,390.98999023,393.16000366,384.32000732,385.91000366,370.96191406,189253000
2023-03-13,381.80999756,390.39001465,380.64999390,385.35998535,370.43319702,157790000
2023-03-14,390.50000000,393.45001221,387.04998779,391.73001099,376.55648804,149752400
2023-03-15,385.89001465,389.48999023,383.70999146,389.27999878,374.20138550,172996900
2023-03-16,386.82000732,396.47000122,386.29000854,396.10998535,380.76678467,143254200
2023-03-17,393.22000122,394.39999390,388.54998779,389.98999023,376.31460571,140553400
2023-03-20,390.79998779,394.17001343,390.07000732,393.73999023,379.93307495,93055800
2023-03-21,397.23999023,399.41000366,395.57998657,398.91000366,384.92184448,91524200
2023-03-22,398.73001099,402.48999023,392.07000732,392.10998535,378.36026001,111746600
2023-03-23,395.08999634,399.29000854,390.35000610,393.17001343,379.38308716,119351300
2023-03-24,391.83999634,395.83999634,389.39999390,395.75000000,381.87265015,107682400
2023-03-27,398.11999512,398.92001343,395.55999756,396.48999023,382.58670044,74010400
2023-03-28,395.76998901,396.48999023,393.69000244,395.60000610,381.72790527,62871700
2023-03-29,399.92999268,401.60000610,398.67999268,401.35000610,387.27627563,77497900
2023-03-30,404.08999634,404.35000610,401.76000977,403.70001221,389.54385376,69840000
2023-03-31,404.66000366,409.70001221,404.54998779,409.39001465,395.03433228,112062600
2023-04-03,408.85000610,411.36999512,408.44000244,410.95001221,396.53964233,67391100
2023-04-04,411.61999512,411.92001343,407.23999023,408.67001343,394.33956909,66601500
2023-04-05,407.91000366,408.70001221,405.88000488,407.60000610,393.30709839,65200200
2023-04-06,406.76998901,409.48001099,405.67999268,409.19000244,394.84136963,63743300
2023-04-10,406.60998535,409.69000244,405.97000122,409.60998535,395.24658203,63681000
2023-04-11,410.26000977,411.17999268,408.92001343,409.72000122,395.35275269,59297900
2023-04-12,411.86999512,412.17001343,407.44000244,408.04998779,393.74136353,86420400
2023-04-13,409.17999268,413.83999634,407.98999023,413.47000122,398.97128296,85814800
2023-04-14,412.80999756,415.08999634,410.05999756,412.45999146,397.99667358,78161500
2023-04-17,412.36999512,413.95999146,411.08999634,413.94000244,399.42480469,66436400
2023-04-18,415.57998657,415.72000122,412.77999878,414.20999146,399.68530273,63560000
2023-04-19,412.22000122,415.07998657,412.16000366,414.14001465,399.61782837,55227300
2023-04-20,411.20999146,413.70001221,410.26998901,411.88000488,397.43704224,75840400
2023-04-21,412.19000244,412.67999268,410.17001343,412.20001221,397.74581909,73457400
2023-04-24,411.98999023,413.07000732,410.60000610,412.63000488,398.16073608,64332100
2023-04-25,410.57998657,411.16000366,406.01998901,406.07998657,391.84042358,97766700
2023-04-26,406.72000122,407.83999634,403.77999878,404.35998535,390.18072510,80447000
2023-04-27,407.00000000,412.69000244,406.73999023,412.41000366,397.94845581,92968400
2023-04-28,411.48999023,415.94000244,411.42999268,415.92999268,401.34503174,89433100
2023-05-01,415.47000122,417.61999512,415.26998901,415.51000977,400.93972778,62122300
2023-05-02,414.76998901,414.82000732,407.82000732,410.83999634,396.43350220,103998500
2023-05-03,411.35998535,413.86999512,407.76998901,408.01998901,393.71237183,91531800
2023-05-04,406.92999268,407.26998901,403.73999023,405.13000488,390.92367554,94901900
2023-05-05,408.91000366,413.72000122,408.64001465,412.63000488,398.16073608,87891800
2023-05-08,412.97000122,413.23999023,411.27999878,412.73999023,398.26687622,50046800
2023-05-09,411.13000488,412.08999634,410.69000244,410.92999268,396.52032471,49220100
2023-05-10,413.88000488,414.54000854,408.86999512,412.85000610,398.37298584,96142900
2023-05-11,411.95001221,412.42999268,409.97000122,412.13000488,397.67822266,70157100
2023-05-12,413.42001343,413.64001465,409.07000732,411.58999634,397.15719604,70481500
2023-05-15,412.22000122,413.42999268,410.23001099,413.01000977,398.52737427,54289400
2023-05-16,411.85998535,412.82000732,410.23999023,410.25000000,395.86419678,57705500
2023-05-17,412.35000610,415.85998535,410.64001465,415.23001099,400.66955566,87287000
2023-05-18,414.89999390,419.67001343,414.67001343,419.23001099,404.52929688,97177200
2023-05-19,420.17001343,420.72000122,417.35000610,418.61999512,403.94067383,103793300
2023-05-22,418.64001465,420.39001465,417.35000610,418.79000854,404.10470581,60745400
2023-05-23,417.07998657,418.72000122,413.67999268,414.08999634,399.56951904,86383500
2023-05-24,412.42001343,412.82000732,409.88000488,411.08999634,396.67474365,89213700
2023-05-25,414.73999023,416.16000366,412.41000366,414.64999390,400.10983276,90961600
2023-05-26,415.32998657,420.76998901,415.25000000,420.01998901,405.29159546,93830000
2023-05-30,422.02999878,422.57998657,418.73999023,420.17999268,405.44598389,72216000
2023-05-31,418.27999878,419.22000122,416.22000122,417.85000610,403.19778442,110811800
2023-06-01,418.08999634,422.92001343,416.79000854,421.82000732,407.02850342,88865000
2023-06-02,424.50000000,428.73999023,423.95001221,427.92001343,412.91458130,91426200
2023-06-05,428.27999878,429.61999512,426.36999512,427.10000610,412.12332153,65460200
2023-06-06,426.67001343,428.57998657,425.98999023,428.02999878,413.02069092,64022200
2023-06-07,428.44000244,429.61999512,426.10998535,426.54998779,411.59265137,85373300
2023-06-08,426.61999512,429.60000610,425.82000732,429.13000488,414.08215332,61952800
2023-06-09,429.95999146,431.98999023,428.86999512,429.89999390,414.82516479,85742800
2023-06-12,430.92001343,433.88000488,430.17001343,433.79998779,418.58834839,76104300
2023-06-13,435.32000732,437.32998657,434.63000488,436.66000366,421.34808350,95899700
2023-06-14,437.01000977,439.05999756,433.58999634,437.17999268,421.84979248,100612100
2023-06-15,436.32998657,443.89999390,436.23001099,442.60000610,427.07980347,110303100
2023-06-16,443.01998901,443.60998535,438.97000122,439.45999146,425.62503052,114165800
2023-06-20,437.45001221,438.36999512,435.02999878,437.17999268,423.41680908,76160400
2023-06-21,436.16000366,436.98999023,434.32998657,434.94000244,421.24740601,76982300
2023-06-22,433.95001221,436.61999512,433.60000610,436.51000977,422.76794434,70637200
2023-06-23,432.92999268,435.05999756,432.47000122,433.20999146,419.57183838,92074500
2023-06-26,432.61999512,434.60998535,431.19000244,431.44000244,417.85757446,72823600
2023-06-27,432.35000610,436.80999756,431.88000488,436.17001343,422.43865967,72813700
2023-06-28,435.04998779,437.44000244,434.41000366,436.39001465,422.65179443,75636000
2023-06-29,435.95999146,438.27999878,435.54000854,438.10998535,424.31756592,67882300
2023-06-30,441.44000244,444.29998779,441.10998535,443.27999878,429.32485962,104964000
2023-07-03,442.92001343,444.07998657,442.63000488,443.79000854,429.81875610,32793400
2023-07-05,441.91000366,443.89001465,441.89999390,443.13000488,429.17950439,58418400
2023-07-06,439.42001343,440.10000610,437.05999756,439.66000366,425.81878662,80658300
2023-07-07,438.63000488,442.64001465,438.29998779,438.54998779,424.74368286,86134200
2023-07-10,438.17999268,439.83999634,437.58999634,439.66000366,425.81878662,62443500
2023-07-11,440.45001221,442.97000122,439.44000244,442.45999146,428.53054810,64463800
2023-07-12,446.39001465,447.48001099,444.91000366,446.01998901,431.97851562,91924500
2023-07-13,447.89999390,450.38000488,447.45001221,449.55999756,435.40704346,72425200
2023-07-14,450.48001099,451.35998535,448.48999023,449.27999878,435.13592529,69815800
2023-07-17,449.13000488,451.92999268,449.07998657,450.83999634,436.64685059,52680200
2023-07-18,450.50000000,454.85998535,450.04998779,454.19000244,439.89132690,80668200
2023-07-19,455.01000977,456.42999268,454.10998535,455.20001221,440.86953735,65891700
2023-07-20,454.17001343,455.10000610,451.44000244,452.17999268,437.94461060,70591600
2023-07-21,453.95999146,454.17001343,452.17001343,452.17999268,437.94461060,71275600
2023-07-24,453.36999512,455.04000854,452.29998779,454.20001221,439.90103149,54023400
2023-07-25,453.92001343,456.73999023,453.86999512,455.44000244,441.10198975,55191200
2023-07-26,454.47000122,456.98999023,453.38000488,455.51000977,441.16979980,71052900
2023-07-27,459.01998901,459.44000244,451.54998779,452.48999023,438.24484253,92194400
2023-07-28,455.88000488,457.77999878,452.48999023,456.92001343,442.53546143,80011800
2023-07-31,457.41000366,458.16000366,456.04998779,457.79000854,443.37805176,62040400
2023-08-01,456.26998901,457.25000000,455.48999023,456.48001099,442.10928345,55291500
2023-08-02,453.25000000,453.51998901,449.35000610,450.13000488,435.95916748,93933400
2023-08-03,448.04000854,450.79000854,447.36999512,448.83999634,434.70977783,64276100
2023-08-04,450.72000122,452.89999390,446.26998901,446.80999756,432.74371338,100128900
2023-08-07,448.70999146,450.86999512,447.98999023,450.70999146,436.52090454,58357500
2023-08-08,448.07998657,450.70001221,445.26998901,448.75000000,434.62258911,71361300
2023-08-09,449.02999878,449.20001221,444.95999146,445.75000000,431.71707153,78789600
2023-08-10,448.19000244,451.70001221,444.70001221,445.91000366,431.87200928,93005500
2023-08-11,443.97000122,446.70001221,443.35000610,445.64999390,431.62023926,68690900
2023-08-14,444.70001221,448.10998535,444.38000488,448.10998535,434.00274658,47867400
2023-08-15,446.26998901,446.64001465,442.29998779,442.89001465,428.94711304,75707500
2023-08-16,442.45999146,444.17999268,439.52999878,439.64001465,425.79940796,80107200
2023-08-17,441.16000366,441.42999268,435.75000000,436.29000854,422.55490112,95711300
2023-08-18,433.36999512,437.57000732,433.01000977,436.50000000,422.75827026,98852000
2023-08-21,437.54998779,440.10998535,435.32000732,439.33999634,425.50888062,68719000
2023-08-22,441.17999268,441.17999268,437.57000732,438.14999390,424.35635376,64994200
2023-08-23,439.25000000,443.67001343,439.10000610,443.02999878,429.08267212,68441000
2023-08-24,444.69000244,445.22000122,436.85998535,436.89001465,423.13601685,88517300
2023-08-25,438.67999268,441.29998779,435.00000000,439.97000122,426.11901855,102325100
2023-08-28,442.23999023,443.39999390,439.97000122,442.76000977,428.82125854,61595400
2023-08-29,442.64999390,449.45001221,442.45999146,449.16000366,435.01974487,83081900
2023-08-30,449.51000977,451.67001343,448.77999878,451.01000977,436.81146240,69053900
2023-08-31,451.64999390,452.82998657,450.16000366,450.35000610,436.17227173,66084600
2023-09-01,453.17001343,453.67001343,449.67999268,451.19000244,436.98577881,58944100
2023-09-05,450.73001099,451.05999756,449.17001343,449.23999023,435.09719849,55166200
2023-09-06,448.39999390,448.51000977,443.80999756,446.22000122,432.17227173,70758500
2023-09-07,443.10998535,445.54998779,442.75000000,444.85000610,430.84539795,70355400
2023-09-08,444.89999390,447.10998535,444.52999878,445.51998901,431.49429321,61659700
2023-09-11,448.23999023,448.76998901,446.47000122,448.45001221,434.33209229,60180100
2023-09-12,446.95001221,448.52999878,445.39001465,445.98999023,431.94946289,67565400
2023-09-13,446.22000122,447.70999146,445.07998657,446.51000977,432.45318604,60199300
2023-09-14,449.07000732,451.07998657,447.72000122,450.35998535,436.18194580,83430800
2023-09-15,447.14001465,447.48001099,442.92001343,443.36999512,430.92666626,111848900
2023-09-18,443.04998779,444.97000122,442.55999756,443.63000488,431.17938232,55752200
2023-09-19,442.67999268,443.29000854,439.94000244,442.70999146,430.28518677,66514600
2023-09-20,444.01000977,444.44000244,438.42999268,438.64001465,426.32943726,82562600
2023-09-21,435.70001221,435.97000122,431.23001099,431.39001465,419.28286743,104095800
2023-09-22,432.45001221,434.10000610,429.98999023,430.42001343,418.34014893,100829700
2023-09-25,429.17001343,432.26998901,428.72000122,432.23001099,420.09933472,70874500
2023-09-26,429.08999634,429.82000732,425.01998901,425.88000488,413.92758179,96168400
2023-09-27,427.08999634,427.67001343,422.29000854,426.04998779,414.09277344,104705800
2023-09-28,425.48001099,430.25000000,424.86999512,428.51998901,416.49346924,92258300
2023-09-29,431.67001343,431.85000610,425.91000366,427.48001099,415.48260498,115111300
2023-10-02,426.61999512,428.60000610,424.45999146,427.30999756,415.31741333,83798600
2023-10-03,425.05999756,427.36999512,420.17999268,421.58999634,409.75790405,103760600
2023-10-04,422.07000732,425.42999268,420.55999756,424.66000366,412.74182129,87453000
2023-10-05,424.35998535,425.36999512,421.17001343,424.50000000,412.58627319,70142700
2023-10-06,421.97000122,431.13000488,420.60000610,429.54000854,417.48483276,113273300
2023-10-09,427.57998657,432.88000488,427.01000977,432.29000854,420.15765381,80374400
2023-10-10,432.94000244,437.22000122,432.52999878,434.54000854,422.34445190,78607300
2023-10-11,435.64001465,436.57998657,433.17999268,436.32000732,424.07452393,62451700
2023-10-12,436.95001221,437.33999634,431.23001099,433.66000366,421.48922729,81154200
2023-10-13,435.20999146,436.45001221,429.88000488,431.50000000,419.38980103,95143100
2023-10-16,433.82000732,437.14001465,433.57000732,436.04000854,423.80239868,75433200
2023-10-17,432.80999756,438.14001465,432.45001221,436.01998901,423.78292847,75324700
2023-10-18,434.19000244,435.17999268,429.08999634,430.20999146,418.13604736,93559800
2023-10-19,430.95001221,432.82000732,425.73001099,426.42999268,414.46209717,121323000
2023-10-20,425.98001099,426.54000854,421.07998657,421.19000244,409.36920166,123919900
2023-10-23,419.60998535,424.45001221,417.79998779,420.45999146,408.65963745,92035100
2023-10-24,422.64999390,424.82000732,420.73999023,423.63000488,411.74072266,78564200
2023-10-25,421.89001465,421.92001343,417.01998901,417.54998779,405.83126831,94223200
2023-10-26,416.45001221,417.32998657,411.60000610,412.54998779,400.97167969,115156800
2023-10-27,414.19000244,414.60000610,409.20999146,410.67999268,399.15411377,107367700
2023-10-30,413.55999756,416.67999268,412.22000122,415.58999634,403.92636108,86562700
2023-10-31,416.17999268,418.52999878,414.20999146,418.20001221,406.46310425,79665200
2023-11-01,419.20001221,423.50000000,418.64999390,422.66000366,410.79791260,98068100
2023-11-02,426.57998657,430.92001343,426.55999756,430.76000977,418.67056274,94938900
2023-11-03,433.14001465,436.29000854,433.01000977,434.69000244,422.49029541,100167800
2023-11-06,435.47000122,436.14999390,433.67999268,435.69000244,423.46224976,67831700
2023-11-07,435.69000244,437.58999634,434.51000977,436.92999268,424.66738892,64256100
2023-11-08,437.54998779,438.08999634,434.86999512,437.25000000,424.97842407,61746000
2023-11-09,438.42999268,438.47000122,433.39999390,433.83999634,421.66412354,83174400
2023-11-10,435.98001099,440.92999268,433.82998657,440.60998535,428.24407959,89462200
2023-11-13,439.23001099,441.32998657,438.42001343,440.19000244,427.83590698,52236100
2023-11-14,446.32000732,450.05999756,446.08999634,448.73001099,436.13619995,97176900
2023-11-15,450.10998535,451.38000488,448.79998779,449.67999268,437.05963135,77327600
2023-11-16,449.22000122,450.55999756,448.11999512,450.23001099,437.59414673,66665800
2023-11-17,450.23999023,451.42001343,449.29000854,450.79000854,438.13842773,83133200
2023-11-20,450.52999878,455.13000488,450.51998901,454.26000977,441.51104736,69936200
2023-11-21,453.17999268,454.13000488,451.95999146,453.26998901,440.54885864,49244600
2023-11-22,454.98001099,456.38000488,453.89001465,455.01998901,442.24972534,59394900
2023-11-24,455.07000732,455.50000000,454.73001099,455.29998779,442.52182007,29737400
2023-11-27,454.64999390,455.48999023,454.07998657,454.48001099,441.72488403,50506000
2023-11-28,454.07998657,456.26998901,453.50000000,454.92999268,442.16220093,62115000
2023-11-29,457.14999390,458.32000732,454.20001221,454.60998535,441.85119629,63146000
2023-11-30,455.48001099,456.76000977,453.33999634,456.39999390,443.59097290,79752700
2023-12-01,455.76998901,459.64999390,455.16000366,459.10000610,446.21524048,89183400
2023-12-04,455.60000610,459.11999512,454.33999634,456.69000244,443.87286377,72430900
2023-12-05,455.26000977,457.58999634,454.86999512,456.60000610,443.78536987,69793500
2023-12-06,458.80999756,458.83999634,454.30999756,454.76000977,441.99703979,69124700
2023-12-07,456.91000366,458.89999390,456.29000854,458.23001099,445.36962891,66995400
2023-12-08,457.45999146,460.75000000,457.20999146,460.20001221,447.28436279,83194400
2023-12-11,459.69000244,462.17001343,459.47000122,461.98999023,449.02407837,65002200
2023-12-12,461.63000488,464.20001221,460.60000610,464.10000610,451.07489014,68327600
2023-12-13,464.48999023,470.76000977,464.11999512,470.50000000,457.29528809,93278000
2023-12-14,472.50000000,473.73001099,469.25000000,472.01000977,458.76287842,119026000
2023-12-15,469.48999023,470.70001221,467.42999268,469.32998657,458.00753784,141553700
2023-12-18,470.98001099,472.98001099,469.89001465,471.97000122,460.58386230,70375300
2023-12-19,472.52999878,474.92001343,472.45001221,474.83999634,463.38461304,55761800
2023-12-20,473.95999146,475.89999390,467.82000732,468.26000977,456.96337891,102921000
2023-12-21,471.32998657,472.98001099,468.83999634,472.70001221,461.29629517,86667500
2023-12-22,473.85998535,475.38000488,471.70001221,473.64999390,462.22329712,67160400
2023-12-26,474.07000732,476.57998657,473.98999023,475.64999390,464.17507935,55387000
2023-12-27,475.44000244,476.66000366,474.89001465,476.51000977,465.01434326,68000300
2023-12-28,476.88000488,477.54998779,476.26000977,476.69000244,465.19000244,77158100
2023-12-29,476.48999023,477.02999878,473.29998779,475.30999756,463.84329224,122283100
2024-01-02,472.16000366,473.67001343,470.48999023,472.64999390,461.24743652,123623700
2024-01-03,470.42999268,471.19000244,468.17001343,468.79000854,457.48059082,103585900
2024-01-04,468.29998779,470.95999146,467.04998779,467.27999878,456.00695801,84232200
2024-01-05,467.48999023,470.44000244,466.42999268,467.92001343,456.63156128,86118900
2024-01-08,468.42999268,474.75000000,468.29998779,474.60000610,463.15039062,74879100
2024-01-09,471.86999512,474.92999268,471.35000610,473.88000488,462.44775391,65931400
2024-01-10,474.16000366,477.45001221,473.86999512,476.55999756,465.06311035,67310600
2024-01-11,477.58999634,478.11999512,472.26000977,476.35000610,464.85821533,77940700
2024-01-12,477.83999634,478.60000610,475.23001099,476.67999268,465.18023682,58026400
2024-01-16,475.26000977,476.60998535,473.05999756,474.92999268,463.47244263,85014900
2024-01-17,471.82000732,472.79000854,469.86999512,472.29000854,460.89614868,68843900
2024-01-18,474.01000977,477.05999756,472.42001343,476.48999023,464.99484253,91856200
2024-01-19,477.64999390,482.72000122,476.54000854,482.42999268,470.79147339,110834500
2024-01-22,484.01000977,485.22000122,482.77999878,483.45001221,471.78692627,75844900
2024-01-23,484.01000977,485.10998535,482.89001465,484.85998535,473.16287231,49945300
2024-01-24,487.80999756,488.76998901,484.88000488,485.39001465,473.68011475,81765000
2024-01-25,487.57998657,488.30999756,485.39001465,488.02999878,476.25643921,72525000
2024-01-26,487.58999634,489.11999512,486.54000854,487.41000366,475.65139771,76641600
2024-01-29,487.73001099,491.42001343,487.17001343,491.26998901,479.41824341,61322800
2024-01-30,490.55999756,491.61999512,490.10998535,490.89001465,479.04742432,58618400
2024-01-31,488.61999512,489.07998657,482.85998535,482.88000488,471.23062134,126011100
2024-02-01,484.63000488,489.23001099,483.79998779,489.20001221,477.39822388,91891600
2024-02-02,489.64999390,496.04998779,489.29998779,494.35000610,482.42398071,99228200
2024-02-05,493.70001221,494.38000488,490.23001099,492.54998779,480.66732788,75757100
2024-02-06,493.51998901,494.32000732,492.04998779,493.98001099,482.06289673,55918600
2024-02-07,496.29000854,498.52999878,495.35998535,498.10000610,486.08349609,70556500
2024-02-08,498.10000610,498.70999146,497.26000977,498.32000732,486.29815674,52343600
2024-02-09,498.83999634,501.64999390,498.48999023,501.20001221,489.10870361,63979400
2024-02-12,501.17001343,503.50000000,500.23999023,500.98001099,488.89404297,56502300
2024-02-13,494.52999878,497.08999634,490.72000122,494.07998657,482.16046143,113099200
2024-02-14,496.79000854,499.07000732,494.39999390,498.57000732,486.54214478,68387800
2024-02-15,499.29000854,502.20001221,498.79998779,502.01000977,489.89913940,61683000
2024-02-16,501.70001221,502.86999512,498.75000000,499.51000977,487.45950317,75532900
2024-02-20,497.72000122,498.41000366,494.45001221,496.76000977,484.77584839,71736700
2024-02-21,495.42001343,497.36999512,493.55999756,497.20999146,485.21496582,59293400
2024-02-22,504.01000977,508.48999023,503.01998901,507.50000000,495.25668335,76402500
2024-02-23,509.26998901,510.13000488,507.10000610,507.85000610,495.59829712,61321800
2024-02-26,508.29998779,508.75000000,505.85998535,505.98999023,493.78311157,50386700
2024-02-27,506.70001221,507.16000366,504.75000000,506.92999268,494.70043945,48854500
2024-02-28,505.32998657,506.85998535,504.95999146,506.26000977,494.04660034,56506600
2024-02-29,508.07000732,509.73999023,505.35000610,508.07998657,495.82269287,83924800
2024-03-01,508.98001099,513.28997803,508.55999756,512.84997559,500.47756958,76844800
2024-03-04,512.03002930,514.20001221,512.00000000,512.29998779,499.94094849,49799300
2024-03-05,510.23999023,510.70001221,504.91000366,507.17999268,494.94442749,72855600
2024-03-06,510.54998779,512.07000732,508.42001343,509.75000000,497.45239258,68382400
2024-03-07,513.14001465,515.89001465,509.80999756,514.80999756,502.39035034,58652100
2024-03-08,515.46002197,518.21997070,511.13000488,511.72000122,499.37487793,86532500
2024-03-11,510.48001099,511.88000488,508.50000000,511.27999878,498.94552612,62557200
2024-03-12,513.45001221,517.38000488,510.85998535,516.78002930,504.31286621,73114400
2024-03-13,517.10998535,517.28997803,514.48999023,515.96997070,503.52239990,55104100
2024-03-14,516.96997070,517.13000488,511.82000732,514.95001221,502.52703857,110171800
2024-03-15,510.20999146,511.70001221,508.11999512,509.82998657,499.07632446,107646300
2024-03-18,514.00000000,515.47998047,512.44000244,512.85998535,502.04238892,88893300
2024-03-19,512.15002441,516.00000000,511.11999512,515.71002197,504.83239746,60755300
2024-03-20,515.77001953,520.61999512,515.08001709,520.47998047,509.50167847,69594600
2024-03-21,523.39001465,524.10998535,521.90997314,522.20001221,511.18548584,60256100
2024-03-22,522.10998535,522.60998535,520.96997070,521.21002197,510.21630859,79070800
2024-03-25,519.79998779,520.95001221,519.60998535,519.77001953,508.80673218,48512100
2024-03-26,521.22998047,521.58001709,518.40002441,518.80999756,507.86694336,65463700
2024-03-27,521.71002197,523.21002197,519.48999023,523.16998291,512.13494873,82999800
2024-03-28,523.21002197,524.60998535,522.78002930,523.07000732,512.03704834,96294900
2024-04-01,523.83001709,524.38000488,520.96997070,522.15997314,511.14630127,62477500
2024-04-02,518.23999023,518.97998047,516.47998047,518.84002686,507.89633179,74230300
2024-04-03,517.71997070,520.95001221,517.66998291,519.40997314,508.45431519,59155800
2024-04-04,523.52001953,523.86999512,512.76000977,513.07000732,502.24801636,96858100
2024-04-05,514.46002197,520.44000244,514.01000977,518.42999268,507.49496460,74546500
2024-04-08,519.15002441,520.17999268,517.89001465,518.71997070,507.77883911,48401800
2024-04-09,520.50000000,520.75000000,514.34997559,519.32000732,508.36618042,68049200
2024-04-10,513.47998047,516.15997314,512.09002686,514.11999512,503.27584839,82652800
2024-04-11,515.67999268,519.47998047,512.08001709,518.00000000,507.07397461,70099000
2024-04-12,514.36999512,515.82000732,509.07998657,510.85000610,500.07485962,92561100
2024-04-15,515.13000488,515.29998779,503.57998657,504.45001221,493.80984497,92101400
2024-04-16,504.94000244,506.50000000,502.20999146,503.52999878,492.90921021,73484000
2024-04-17,506.04998779,506.22000122,499.11999512,500.54998779,489.99209595,75910300
2024-04-18,501.98001099,504.13000488,498.55999756,499.51998901,488.98382568,74548100
2024-04-19,499.44000244,500.45999146,493.85998535,495.16000366,484.71575928,102212600
2024-04-22,497.82998657,502.38000488,495.42999268,499.72000122,489.17965698,67961000
2024-04-23,501.77999878,506.08999634,499.52999878,505.64999390,494.98452759,64633600
2024-04-24,506.55999756,507.36999512,503.13000488,505.41000366,494.74963379,55928100
2024-04-25,499.17999268,504.26998901,497.48999023,503.48999023,492.87002563,69122400
2024-04-26,506.35000610,509.88000488,505.70001221,508.26000977,497.53948975,64306100
2024-04-29,510.08999634,510.75000000,507.25000000,510.05999756,499.30148315,46415400
2024-04-30,508.55999756,509.55999756,501.98001099,501.98001099,491.39193726,77483600
2024-05-01,501.38000488,508.19000244,499.86999512,500.35000610,489.79632568,80242800
2024-05-02,504.14999390,505.89001465,499.54998779,505.02999878,494.37759399,62550200
2024-05-03,511.16000366,512.54998779,508.55999756,511.29000854,500.50558472,72756700
2024-05-06,513.75000000,516.60998535,513.29998779,516.57000732,505.67410278,47264700
2024-05-07,517.55999756,518.57000732,516.45001221,517.14001465,506.23211670,52561300
2024-05-08,515.26000977,517.73999023,515.14001465,517.19000244,506.28109741,42047200
2024-05-09,517.38000488,520.21002197,516.71002197,520.16998291,509.19821167,43643700
2024-05-10,521.80999756,522.64001465,519.59002686,520.84002686,509.85415649,52233200
2024-05-13,522.55999756,522.66998291,519.73999023,520.90997314,509.92260742,36716400
2024-05-14,521.10998535,523.83001709,520.55999756,523.29998779,512.26220703,57535900
2024-05-15,525.83001709,530.08001709,525.17999268,529.78002930,518.60552979,59504900
2024-05-16,529.88000488,531.52001953,528.53997803,528.69000244,517.53857422,50244800
2024-05-17,528.80999756,529.52001953,527.32000732,529.45001221,518.28253174,59187600
2024-05-20,529.57000732,531.55999756,529.16998291,530.05999756,518.87969971,37764200
2024-05-21,529.28002930,531.52001953,529.07000732,531.35998535,520.15222168,33437000
2024-05-22,530.65002441,531.38000488,527.59997559,529.83001709,518.65454102,48390000
2024-05-23,532.96002197,533.07000732,524.71997070,525.96002197,514.86614990,57211200
2024-05-24,527.84997559,530.27001953,526.88000488,529.44000244,518.27270508,41291100
2024-05-28,530.27001953,530.51000977,527.10998535,529.80999756,518.63494873,36269600
2024-05-29,525.67999268,527.30999756,525.36999512,526.09997559,515.00311279,45190300
2024-05-30,524.52001953,525.20001221,521.33001709,522.60998535,511.58679199,46377600
2024-05-31,523.59002686,527.50000000,518.35998535,527.36999512,516.24633789,90785800
2024-06-03,529.02001953,529.30999756,522.59997559,527.79998779,516.66729736,46835700
2024-06-04,526.46002197,529.15002441,524.96002197,528.39001465,517.24487305,34632700
2024-06-05,530.77001953,534.69000244,528.72998047,534.66998291,523.39245605,47610400
2024-06-06,534.97998047,535.41998291,532.67999268,534.65997314,523.38256836,30808500
2024-06-07,533.65997314,536.89001465,532.53997803,534.01000977,522.74633789,43224500
2024-06-10,533.17999268,535.98999023,532.57000732,535.65997314,524.36145020,35686100
2024-06-11,534.07000732,537.01000977,532.04998779,536.95001221,525.62432861,36383400
2024-06-12,541.63000488,544.11999512,540.29998779,541.35998535,529.94128418,63251300
2024-06-13,543.15002441,543.33001709,539.59002686,542.45001221,531.00836182,44760900
2024-06-14,540.88000488,542.80999756,539.84997559,542.78002930,531.33142090,40089900
2024-06-17,542.08001709,548.53002930,541.60998535,547.09997559,535.56024170,55839500
2024-06-18,547.15997314,548.61999512,546.72998047,548.48999023,536.92089844,41376400
2024-06-20,549.44000244,550.11999512,545.17999268,547.00000000,535.46234131,70328200
2024-06-21,544.40002441,545.65002441,543.02001953,544.51000977,534.74450684,64338600
2024-06-24,544.33001709,546.95001221,542.61999512,542.73999023,533.00622559,45528700
2024-06-25,543.98999023,545.20001221,542.44000244,544.83001709,535.05877686,37936200
2024-06-26,543.69000244,546.23999023,543.03002930,545.51000977,535.72650146,38550600
2024-06-27,545.36999512,546.96002197,544.60998535,546.36999512,536.57110596,35041500
2024-06-28,547.15997314,550.28002930,542.95001221,544.21997070,534.45959473,76144500
2024-07-01,545.63000488,545.88000488,542.52001953,545.34002686,535.55957031,40297800
2024-07-02,543.70001221,549.01000977,543.65002441,549.01000977,539.16369629,40434800
2024-07-03,548.69000244,551.83001709,548.65002441,551.46002197,541.56988525,32789900
2024-07-05,551.77001953,555.04998779,551.11999512,554.64001465,544.69281006,41488400
2024-07-08,555.44000244,556.25000000,554.19000244,555.28002930,545.32128906,36110500
2024-07-09,556.26000977,557.17999268,555.52001953,555.82000732,545.85162354,27289700
2024-07-10,557.07000732,561.66998291,556.77001953,561.32000732,551.25292969,38701200
2024-07-11,561.44000244,562.33001709,555.83001709,556.47998047,546.49975586,53054200
2024-07-12,557.63000488,563.66998291,557.15002441,559.98999023,549.94677734,53084400
2024-07-15,562.03002930,564.84002686,559.63000488,561.53002930,551.45928955,40584300
2024-07-16,562.86999512,565.15997314,562.09997559,564.85998535,554.72955322,36475300
2024-07-17,558.79998779,560.51000977,556.60998535,556.94000244,546.95159912,57119000
2024-07-18,558.51000977,559.52001953,550.42999268,552.65997314,542.74829102,56270400
2024-07-19,552.41998291,554.08001709,547.90997314,548.98999023,539.14404297,65509100
2024-07-22,553.00000000,555.27001953,551.02001953,554.65002441,544.70263672,43346700
2024-07-23,554.53997803,556.73999023,553.28002930,553.78002930,543.84826660,34439600
2024-07-24,548.85998535,549.16998291,540.28997803,541.22998047,531.52319336,74515300
2024-07-25,541.34997559,547.46002197,537.45001221,538.40997314,528.75378418,61158300
2024-07-26,542.28002930,547.19000244,541.48999023,544.44000244,534.67565918,53763800
2024-07-29,546.02001953,547.04998779,542.71997070,544.76000977,534.98999023,39515800
2024-07-30,546.26000977,547.34002686,538.52001953,542.00000000,532.27941895,46853600
2024-07-31,548.97998047,553.50000000,547.58001709,550.80999756,540.93145752,65663400
2024-08-01,552.57000732,554.86999512,539.42999268,543.01000977,533.27136230,76428700
2024-08-02,535.75000000,536.98999023,528.59997559,532.90002441,523.34271240,82789100
2024-08-05,511.64001465,523.58001709,510.26998901,517.38000488,508.10104370,146267400
2024-08-06,519.21997070,529.75000000,517.86999512,522.15002441,512.78552246,84826300
2024-08-07,528.46997070,531.59002686,518.04998779,518.65997314,509.35806274,70698300
2024-08-08,523.90997314,531.28997803,521.84002686,530.65002441,521.13311768,63276600
2024-08-09,529.80999756,534.51000977,528.55999756,532.98999023,523.43109131,45619600
2024-08-12,534.21002197,535.72998047,530.95001221,533.27001953,523.70605469,42542100
2024-08-13,536.53002930,542.28002930,536.28002930,542.03997803,532.31866455,52333100
2024-08-14,542.84997559,544.96002197,540.11999512,543.75000000,533.99804688,42446900
2024-08-15,549.50000000,553.35998535,548.88000488,553.07000732,543.15093994,60846800
2024-08-16,551.41998291,555.02001953,551.26000977,554.30999756,544.36871338,44430700
2024-08-19,554.72998047,559.60998535,553.85998535,559.60998535,549.57360840,39121800
2024-08-20,559.15002441,560.84002686,557.33001709,558.70001221,548.67993164,33732300
2024-08-21,559.77001953,562.10998535,554.72998047,560.61999512,550.56549072,41514600
2024-08-22,562.55999756,563.17999268,554.97998047,556.21997070,546.24438477,56121500
2024-08-23,559.53002930,563.09002686,557.28997803,562.13000488,552.04846191,50639400
2024-08-26,563.17999268,563.90997314,559.04998779,560.78997803,550.73254395,35788600
2024-08-27,559.48999023,562.05999756,558.32000732,561.55999756,551.48858643,32693900
2024-08-28,561.21002197,561.65002441,555.03997803,558.29998779,548.28717041,41066000
2024-08-29,560.30999756,563.67999268,557.17999268,558.34997559,548.33618164,38715200
2024-08-30,560.77001953,564.20001221,557.14001465,563.67999268,553.57061768,62700100
2024-09-03,560.46997070,560.80999756,549.51000977,552.08001709,542.17871094,60600100
2024-09-04,550.20001221,554.42999268,549.46002197,550.95001221,541.06896973,47224900
2024-09-05,550.89001465,553.79998779,547.09997559,549.60998535,539.75299072,44264300
2024-09-06,549.94000244,551.59997559,539.44000244,540.35998535,530.66882324,68493800
2024-09-09,544.65002441,547.71002197,542.67999268,546.40997314,536.61029053,40445800
2024-09-10,548.35998535,549.15002441,543.38000488,548.78997803,538.94763184,36394600
2024-09-11,548.70001221,555.35998535,539.96002197,554.41998291,544.47680664,75248600
2024-09-12,555.01000977,559.40002441,552.73999023,559.09002686,549.06304932,51819600
2024-09-13,559.71002197,563.03002930,559.45001221,562.01000977,551.93066406,39310500
2024-09-16,561.73999023,563.10998535,559.90002441,562.84002686,552.74572754,36656100
2024-09-17,565.09997559,566.58001709,560.78997803,563.07000732,552.97155762,49321000
2024-09-18,563.73999023,568.69000244,560.83001709,561.40002441,551.33160400,59044900
2024-09-19,571.01000977,572.88000488,568.08001709,570.97998047,560.73968506,75315500
2024-09-20,567.84002686,569.30999756,565.16998291,568.25000000,559.77038574,77503100
2024-09-23,569.34002686,570.33001709,568.09997559,569.66998291,561.16918945,44116900
2024-09-24,570.47998047,571.35998535,567.59997559,571.29998779,562.77490234,46805700
2024-09-25,571.14001465,571.89001465,568.90997314,570.03997803,561.53363037,38428600
2024-09-26,574.38000488,574.71002197,569.90002441,572.29998779,563.75994873,48336000
2024-09-27,573.39001465,574.21997070,570.41998291,571.46997070,562.94232178,42100900
2024-09-30,570.41998291,574.38000488,568.08001709,573.76000977,565.19818115,63557400
2024-10-01,573.40002441,574.05999756,566.00000000,568.61999512,560.13494873,72668800
2024-10-02,567.71002197,569.90002441,565.27001953,568.85998535,560.37127686,38097800
2024-10-03,567.35998535,569.79998779,565.48999023,567.82000732,559.34686279,40846500
2024-10-04,572.34997559,573.35998535,568.09997559,572.97998047,564.42987061,42939100
2024-10-07,571.29998779,571.96002197,566.63000488,567.79998779,559.32702637,49964700
2024-10-08,570.41998291,573.78002930,569.53002930,573.16998291,564.61694336,37398700
2024-10-09,573.15997314,577.71002197,572.54998779,577.14001465,568.52783203,37912200
2024-10-10,575.77001953,577.58001709,574.48999023,576.13000488,567.53283691,44138100
2024-10-11,576.04998779,580.33001709,575.90997314,579.58001709,570.93133545,42268000
2024-10-14,581.21997070,585.27001953,580.72998047,584.32000732,575.60052490,36217200
2024-10-15,584.59002686,584.90002441,578.53997803,579.78002930,571.12829590,54203600
2024-10-16,579.78002930,582.83001709,578.96002197,582.29998779,573.61077881,30725400
2024-10-17,585.90997314,586.11999512,582.15997314,582.34997559,573.65991211,34393700
2024-10-18,584.07000732,585.39001465,582.58001709,584.59002686,575.86657715,37416800
2024-10-21,583.84997559,584.84997559,580.59997559,583.63000488,574.92089844,36439000
2024-10-22,581.04998779,584.50000000,580.38000488,583.32000732,574.61547852,34183800
2024-10-23,581.26000977,581.71002197,574.41998291,577.98999023,569.36499023,49314600
2024-10-24,579.97998047,580.05999756,576.57000732,579.23999023,570.59643555,34979900
2024-10-25,581.51000977,584.46002197,578.08001709,579.03997803,570.39941406,47268200
2024-10-28,582.58001709,582.71002197,580.52001953,580.83001709,572.16265869,30174700
2024-10-29,579.84997559,582.90997314,578.42999268,581.77001953,573.08868408,42899700
2024-10-30,581.28997803,583.32000732,579.28997803,580.01000977,571.35485840,41435800
2024-10-31,575.55999756,575.63000488,568.44000244,568.64001465,560.15460205,60182500
2024-11-01,571.32000732,575.54998779,570.61999512,571.03997803,562.51867676,45667500
2024-11-04,571.17999268,572.50000000,567.89001465,569.80999756,561.30706787,38217000
2024-11-05,570.73999023,576.73999023,570.52001953,576.70001221,568.09436035,39478300
2024-11-06,589.20001221,591.92999268,585.39001465,591.03997803,582.22033691,68182000
2024-11-07,593.08001709,596.65002441,593.00000000,595.60998535,586.72216797,47233200
2024-11-08,596.16998291,599.64001465,596.16998291,598.19000244,589.26361084,46444900
2024-11-11,599.80999756,600.16998291,597.00000000,598.76000977,589.82513428,37586800
2024-11-12,598.67999268,599.28997803,594.36999512,596.90002441,587.99285889,43006100
2024-11-13,597.36999512,599.22998047,594.96002197,597.19000244,588.27850342,47388600
2024-11-14,597.32000732,597.80999756,592.65002441,593.34997559,584.49578857,38904100
2024-11-15,589.71997070,590.20001221,583.85998535,585.75000000,577.00927734,75988800
2024-11-18,586.21997070,589.48999023,585.34002686,588.15002441,579.37347412,37001700
2024-11-19,584.71002197,591.03997803,584.03002930,590.29998779,581.49139404,49412000
2024-11-20,590.38000488,590.78997803,584.63000488,590.50000000,581.68841553,50032600
2024-11-21,593.40002441,595.11999512,587.45001221,593.66998291,584.81109619,46750300
2024-11-22,593.65997314,596.15002441,593.15002441,595.51000977,586.62365723,38226400
2024-11-25,599.52001953,600.85998535,595.20001221,597.53002930,588.61346436,42441400
2024-11-26,598.79998779,601.33001709,598.07000732,600.65002441,591.68695068,45621300
2024-11-27,600.46002197,600.84997559,597.28002930,598.83001709,589.89410400,34000200
2024-11-29,599.65997314,603.34997559,599.38000488,602.54998779,593.55853271,30177400
2024-12-02,602.96997070,604.32000732,602.46997070,603.63000488,594.62237549,31746000
2024-12-03,603.39001465,604.15997314,602.34002686,603.90997314,594.89831543,26906600
2024-12-04,605.63000488,607.90997314,604.95001221,607.65997314,598.59222412,42787600
2024-12-05,607.65997314,608.47998047,606.29998779,606.65997314,597.60723877,28762200
2024-12-06,607.44000244,609.07000732,607.02001953,607.80999756,598.74005127,31241500
2024-12-09,607.69000244,607.85998535,604.08001709,604.67999268,595.65679932,34742700
2024-12-10,605.36999512,605.79998779,602.13000488,602.79998779,593.80480957,37234500
2024-12-11,605.78002930,608.42999268,605.50000000,607.46002197,598.39532471,28677700
2024-12-12,606.58001709,607.15997314,604.33001709,604.33001709,595.31207275,31543800
2024-12-13,606.40002441,607.13000488,602.80999756,604.21002197,595.19372559,35904700
2024-12-16,606.00000000,607.78002930,605.21002197,606.78997803,597.73529053,43695200
2024-12-17,604.19000244,605.16998291,602.89001465,604.28997803,595.27264404,55773500
2024-12-18,603.97998047,606.40997314,585.89001465,586.28002930,577.53137207,108248700
2024-12-19,591.35998535,593.00000000,585.84997559,586.09997559,577.35406494,85919500
2024-12-20,581.77001953,595.75000000,580.90997314,591.15002441,584.28863525,125716700
2024-12-23,590.89001465,595.29998779,587.65997314,594.69000244,587.78753662,57635800
2024-12-24,596.05999756,601.34002686,595.46997070,601.29998779,594.32080078,33160100
2024-12-26,599.50000000,602.47998047,598.08001709,601.34002686,594.36035156,41219100
2024-12-27,597.53997803,597.78002930,590.76000977,595.01000977,588.10382080,64969300
2024-12-30,587.89001465,591.73999023,584.40997314,588.21997070,581.39257812,56578800
2024-12-31,589.90997314,590.64001465,584.41998291,586.08001709,579.27740479,57052700
2025-01-02,589.39001465,591.13000488,580.50000000,584.64001465,577.85424805,50204000
2025-01-03,587.53002930,592.59997559,586.42999268,591.95001221,585.07934570,37888500
2025-01-06,596.27001953,599.70001221,593.59997559,595.35998535,588.44976807,47679400
2025-01-07,597.41998291,597.75000000,586.78002930,588.63000488,581.79791260,60393100
2025-01-08,588.70001221,590.58001709,585.20001221,589.48999023,582.64782715,47304700
2025-01-10,585.88000488,585.95001221,578.54998779,580.48999023,573.75225830,73105000
2025-01-13,575.77001953,581.75000000,575.34997559,581.39001465,574.64190674,47910100
2025-01-14,584.35998535,585.00000000,578.34997559,582.19000244,575.43261719,48420600
2025-01-15,590.33001709,593.94000244,589.20001221,592.78002930,585.89971924,56900200
2025-01-16,594.16998291,594.34997559,590.92999268,591.64001465,584.77301025,43319700
2025-01-17,596.96002197,599.35998535,595.60998535,597.58001709,590.64398193,58070600
2025-01-21,600.66998291,603.05999756,598.66998291,603.04998779,596.05047607,42532900
2025-01-22,605.91998291,607.82000732,605.35998535,606.44000244,599.40112305,48196000
2025-01-23,605.79998779,609.75000000,605.52001953,609.75000000,602.67272949,41152100
2025-01-24,609.80999756,610.78002930,606.79998779,607.96997070,600.91333008,34604700
2025-01-27,594.80999756,599.69000244,594.64001465,599.36999512,592.41320801,70361100
2025-01-28,600.61999512,605.36999512,597.25000000,604.52001953,597.50341797,44433300
2025-01-29,603.71997070,604.13000488,599.21997070,601.80999756,594.82482910,37177400
2025-01-30,603.96002197,606.59997559,600.71997070,605.03997803,598.01733398,39281300
2025-01-31,607.50000000,609.96002197,601.04998779,601.82000732,594.83477783,66566900
2025-02-03,592.66998291,600.28997803,590.48999023,597.77001953,590.83172607,65857200
2025-02-04,597.83001709,602.29998779,597.28002930,601.78002930,594.79522705,33457800
2025-02-05,600.64001465,604.36999512,598.58001709,604.21997070,597.20684814,30653100
2025-02-06,605.98999023,606.45001221,602.63000488,606.32000732,599.28253174,35771500
2025-02-07,606.89001465,608.13000488,600.04998779,600.77001953,593.79699707,50788500
2025-02-10,604.03002930,605.50000000,602.73999023,604.84997559,597.82952881,26048700
2025-02-11,602.54998779,605.85998535,602.42999268,605.30999756,598.28424072,30056700
2025-02-12,599.20001221,604.54998779,598.51000977,603.35998535,596.35687256,45076100
2025-02-13,604.47998047,609.94000244,603.20001221,609.72998047,602.65289307,40921300
2025-02-14,609.94000244,610.98999023,609.07000732,609.70001221,602.62335205,26910400
2025-02-18,610.88000488,611.48999023,608.38000488,611.48999023,604.39251709,26749000
2025-02-19,610.08001709,613.22998047,609.55999756,612.92999268,605.81579590,31011100
2025-02-20,611.53997803,611.67999268,607.02001953,610.38000488,603.29541016,36554000
2025-02-21,610.15997314,610.29998779,599.46997070,599.94000244,592.97656250,76519800
2025-02-24,602.02001953,603.03002930,596.48999023,597.21002197,590.27832031,50737200
2025-02-25,597.15002441,597.89001465,589.55999756,594.23999023,587.34277344,58266500
2025-02-26,595.92999268,599.58001709,591.85998535,594.53997803,587.63916016,43321600
2025-02-27,596.84997559,598.02001953,584.65002441,585.04998779,578.25933838,74196700
2025-02-28,585.55999756,594.71997070,582.44000244,594.17999268,587.28350830,88744100
2025-03-03,596.17999268,597.34002686,579.90002441,583.77001953,576.99426270,74249200
2025-03-04,579.71002197,585.39001465,572.25000000,576.85998535,570.16442871,109648200
2025-03-05,576.69000244,584.88000488,573.08001709,583.05999756,576.29248047,71230500
2025-03-06,575.47998047,580.16998291,570.11999512,572.71002197,566.06262207,80094900
2025-03-07,570.90002441,577.39001465,565.63000488,575.91998291,569.23529053,81158800
2025-03-10,567.59002686,569.53997803,555.59002686,560.58001709,554.07348633,99326600
2025-03-11,559.40002441,564.02001953,552.02001953,555.91998291,549.46746826,88102100
2025-03-12,562.16998291,563.10998535,553.69000244,558.86999512,552.38330078,69588200
2025-03-13,558.48999023,559.10998535,549.67999268,551.41998291,545.01971436,74079400
2025-03-14,556.10998535,563.83001709,551.48999023,562.80999756,556.27752686,62660300
2025-03-17,562.78997803,569.71002197,562.34997559,567.15002441,560.56713867,49008700
2025-03-18,564.79998779,565.02001953,559.05999756,561.02001953,554.50830078,66041400
2025-03-19,562.83001709,570.95001221,561.63000488,567.13000488,560.54736328,66556000
2025-03-20,563.33001709,570.57000732,562.59997559,565.48999023,558.92645264,62958200
2025-03-21,559.28002930,564.89001465,558.03002930,563.97998047,559.11077881,83763000
2025-03-24,570.79998779,575.15002441,570.20001221,574.08001709,569.12365723,58766800
2025-03-25,575.29998779,576.40997314,573.69000244,575.46002197,570.49169922,38355700
2025-03-26,575.19000244,576.33001709,567.19000244,568.59002686,563.68109131,51848300
2025-03-27,567.17999268,570.90002441,564.94000244,567.08001709,562.18414307,42164200
2025-03-28,565.53002930,566.27001953,555.07000732,555.65997314,550.86267090,71662700
2025-03-31,549.83001709,560.71002197,546.86999512,559.39001465,554.56048584,95328200
2025-04-01,557.45001221,562.94000244,553.67999268,560.96997070,556.12683105,54609600
2025-04-02,555.04998779,567.41998291,554.80999756,564.52001953,559.64617920,76014500
2025-04-03,545.10998535,547.96997070,536.70001221,536.70001221,532.06640625,125986000
2025-04-04,523.66998291,525.86999512,505.05999756,505.27999878,500.91763306,217965100
2025-04-07,489.19000244,523.16998291,481.79998779,504.38000488,500.02542114,256611400
2025-04-08,521.85998535,524.97998047,489.16000366,496.48001099,492.19360352,165816600
2025-04-09,493.44000244,548.61999512,493.04998779,548.61999512,543.88348389,241867300
2025-04-10,532.16998291,533.50000000,509.32000732,524.58001709,520.05096436,162331200
2025-04-11,523.01000977,536.42999268,520.07000732,533.94000244,529.33013916,97866300
2025-04-14,544.04998779,544.28002930,533.85998535,539.11999512,534.46545410,68034000
2025-04-15,539.66998291,543.22998047,536.80999756,537.60998535,532.96850586,56892900
2025-04-16,531.67999268,537.89001465,520.28997803,525.65997314,521.12164307,83484800
2025-04-17,527.64001465,531.16998291,523.90997314,526.40997314,521.86517334,79868100
2025-04-21,521.15997314,521.70001221,508.45999146,513.88000488,509.44342041,69368100
2025-04-22,520.14001465,529.29998779,519.19000244,527.25000000,522.69793701,75948100
2025-04-23,540.42999268,545.42999268,533.88000488,535.41998291,530.79736328,90590700
2025-04-24,536.71997070,547.42999268,535.45001221,546.69000244,541.97015381,64150400
2025-04-25,546.65002441,551.04998779,543.69000244,550.64001465,545.88598633,61119600
2025-04-28,551.39001465,553.54998779,545.02001953,550.84997559,546.09417725,47613800
2025-04-29,548.90997314,555.45001221,548.54998779,554.32000732,549.53424072,47775100
2025-04-30,547.57000732,556.52001953,541.52001953,554.53997803,549.75231934,93101500
2025-05-01,560.36999512,564.07000732,557.85998535,558.46997070,553.64831543,63186100
2025-05-02,564.72998047,568.38000488,562.38000488,566.76000977,561.86682129,60717300
2025-05-05,562.57000732,566.65002441,561.70001221,563.51000977,558.64489746,38659200
2025-05-06,557.92999268,563.34997559,556.96002197,558.79998779,553.97552490,48264700
2025-05-07,560.15002441,563.82000732,556.03997803,561.15002441,556.30529785,55588000
2025-05-08,565.23999023,570.30999756,561.70001221,565.05999756,560.18151855,65130800
2025-05-09,566.47998047,567.50000000,562.76000977,564.34002686,559.46777344,37603400
2025-05-12,581.46997070,583.00000000,577.03997803,582.98999023,577.95672607,78993600
2025-05-13,583.40997314,589.08001709,582.84002686,586.84002686,581.77349854,67947200
2025-05-14,587.80999756,588.97998047,585.53997803,587.59002686,582.51702881,66283500
2025-05-15,585.55999756,590.96997070,585.09997559,590.46002197,585.36224365,71268100
2025-05-16,591.25000000,594.50000000,589.28002930,594.20001221,589.06994629,76052100
2025-05-19,588.09997559,595.53997803,588.09997559,594.84997559,589.71429443,68168500
2025-05-20,593.09002686,594.04998779,589.59997559,592.84997559,587.73156738,60614500
2025-05-21,588.44000244,592.58001709,581.82000732,582.85998535,577.82781982,95197700
2025-05-22,582.65997314,586.61999512,581.40997314,583.09002686,578.05590820,70860400
2025-05-23,575.97998047,581.80999756,575.59997559,579.10998535,574.11016846,76029000
2025-05-27,586.07000732,591.30999756,578.42999268,591.15002441,586.04632568,72588500
2025-05-28,591.55999756,592.77001953,586.98999023,587.72998047,582.65576172,68445500
2025-05-29,593.05999756,593.20001221,586.07000732,590.04998779,584.95574951,69973300
2025-05-30,588.92999268,591.13000488,583.23999023,589.39001465,584.30145264,90601200
2025-06-02,587.76000977,592.78997803,585.05999756,592.71002197,587.59289551,61630500
2025-06-03,592.34002686,597.08001709,591.84997559,596.09002686,590.94360352,63606200
2025-06-04,596.96002197,597.95001221,595.48999023,595.92999268,590.78503418,57314200
2025-06-05,597.63000488,599.00000000,591.04998779,593.04998779,587.92980957,92278700
2025-06-06,598.65997314,600.83001709,596.85998535,599.14001465,593.96728516,66588700
2025-06-09,599.71997070,601.25000000,598.48999023,599.67999268,594.50262451,53016400
2025-06-10,600.21997070,603.46997070,599.09002686,603.08001709,597.87329102,66247000
2025-06-11,604.19000244,605.05999756,599.27001953,601.35998535,596.16809082,73658200
2025-06-12,600.01000977,603.75000000,599.52001953,603.75000000,598.53747559,64129000
2025-06-13,598.50000000,601.84997559,595.47998047,597.00000000,591.84576416,89506000
2025-06-16,600.40002441,604.45001221,600.21997070,602.67999268,597.47674561,79984100
2025-06-17,600.21002197,601.75000000,596.76000977,597.53002930,592.37121582,82209400
2025-06-18,598.44000244,601.21997070,596.46997070,597.44000244,592.28198242,76605000
2025-06-20,598.38000488,599.46002197,592.85998535,594.28002930,590.89099121,94051400
2025-06-23,595.03997803,600.53997803,591.89001465,600.15002441,596.72747803,87426000
2025-06-24,604.33001709,607.84997559,603.40997314,606.78002930,603.31964111,67735300
2025-06-25,607.90997314,608.60998535,605.53997803,607.11999512,603.65771484,62114800
2025-06-26,608.98999023,612.30999756,608.36999512,611.86999512,608.38061523,78548400
2025-06-27,612.88000488,616.39001465,610.83001709,614.90997314,611.40325928,86258400
2025-06-30,617.38000488,619.21997070,615.03997803,617.84997559,614.32647705,92502500
2025-07-01,616.35998535,618.83001709,615.52001953,617.65002441,614.12768555,70030100
2025-07-02,617.23999023,620.48999023,616.60998535,620.45001221,616.91174316,66510400
2025-07-03,622.45001221,626.28002930,622.42999268,625.34002686,621.77386475,51065800
2025-07-07,623.35998535,624.03002930,617.86999512,620.67999268,617.14031982,74814500
2025-07-08,621.34997559,622.10998535,619.52001953,620.34002686,616.80236816,59024600
2025-07-09,622.77001953,624.71997070,620.90997314,624.05999756,620.50109863,66113300
2025-07-10,624.20001221,626.86999512,623.01000977,625.82000732,622.25103760,57529000
2025-07-11,622.73999023,624.85998535,621.53002930,623.61999512,620.06365967,63670200
2025-07-14,623.15997314,625.15997314,621.79998779,624.80999756,621.24682617,51898500
2025-07-15,627.52001953,627.85998535,622.05999756,622.14001465,618.59204102,74317300
2025-07-16,623.73999023,624.72998047,618.04998779,624.21997070,620.66015625,88987500
2025-07-17,624.40002441,628.40002441,624.17999268,628.03997803,624.45837402,68885700
2025-07-18,629.29998779,629.46997070,626.46002197,627.58001709,624.00103760,65621600
2025-07-21,628.77001953,631.53997803,628.34002686,628.77001953,625.18426514,63375000
2025-07-22,629.09997559,629.72998047,626.19000244,628.85998535,625.27374268,60046300
2025-07-23,631.54998779,634.21002197,629.72998047,634.21002197,630.59320068,70511000
2025-07-24,634.59997559,636.15002441,633.98999023,634.41998291,630.80200195,71307100
2025-07-25,635.09002686,637.58001709,634.84002686,637.09997559,633.46673584,56865400
2025-07-28,637.47998047,638.03997803,635.53997803,636.94000244,633.30767822,54917100
2025-07-29,638.34997559,638.66998291,634.34002686,635.26000977,631.63726807,60556300
2025-07-30,635.91998291,637.67999268,631.53997803,634.46002197,630.84179688,80418900
2025-07-31,639.46002197,639.84997559,630.77001953,632.08001709,628.47534180,103385200
2025-08-01,626.29998779,626.34002686,619.28997803,621.71997070,618.17437744,140103600
2025-08-04,625.66998291,631.21997070,625.58001709,631.16998291,627.57055664,73218000
2025-08-05,631.78997803,632.60998535,627.03997803,627.96997070,624.38879395,68051400
2025-08-06,629.04998779,633.44000244,628.13000488,632.78002930,629.17138672,64357500
2025-08-07,636.23999023,636.97998047,629.10998535,632.25000000,628.64440918,74205800
2025-08-08,634.05999756,637.65002441,633.73999023,637.17999268,633.54626465,64051600
2025-08-11,637.46002197,638.95001221,634.65997314,635.91998291,632.29345703,58742300
2025-08-12,638.28997803,642.84997559,636.78997803,642.69000244,639.02484131,64730800
2025-08-13,644.90997314,646.19000244,642.67999268,644.89001465,641.21234131,60092800
2025-08-14,642.78997803,645.61999512,642.34002686,644.95001221,641.27197266,59327500
2025-08-15,645.98999023,646.09002686,642.52001953,643.44000244,639.77056885,68592500
2025-08-18,642.85998535,644.00000000,642.17999268,643.29998779,639.63140869,43804900
2025-08-19,643.11999512,644.10998535,638.47998047,639.80999756,636.16125488,69750700
2025-08-20,639.40002441,639.65997314,632.95001221,638.10998535,634.47094727,88890300
2025-08-21,636.28002930,637.96997070,633.80999756,635.54998779,631.92559814,54805800
2025-08-22,637.76000977,646.50000000,637.25000000,645.30999756,641.62994385,84083200
2025-08-25,644.03997803,645.28997803,642.34997559,642.46997070,638.80609131,51274300
2025-08-26,642.20001221,645.51000977,641.57000732,645.15997314,641.48077393,51581600
2025-08-27,644.57000732,647.36999512,644.41998291,646.63000488,642.94238281,48341100
2025-08-28,647.23999023,649.47998047,645.34002686,648.91998291,645.21929932,61519500
2025-08-29,647.46997070,647.84002686,643.14001465,645.04998779,641.37139893,74522200
2025-09-02,637.50000000,640.48999023,634.91998291,640.27001953,636.61871338,81983500
2025-09-03,642.66998291,644.21002197,640.46002197,643.73999023,640.06884766,70820900
2025-09-04,644.41998291,649.15002441,643.51000977,649.11999512,645.41821289,65219200
2025-09-05,651.47998047,652.21002197,643.33001709,647.23999023,643.54888916,85178900
2025-09-08,648.61999512,649.84002686,647.22998047,648.83001709,645.12988281,63133100
2025-09-09,648.96997070,650.85998535,647.21997070,650.33001709,646.62127686,66133900
2025-09-10,653.61999512,654.54998779,650.63000488,652.21002197,648.49053955,78034500
2025-09-11,654.17999268,658.33001709,653.59002686,657.63000488,653.87969971,69934400
2025-09-12,657.59997559,659.10998535,656.90002441,657.40997314,653.66082764,72780100
2025-09-15,659.64001465,661.03997803,659.34002686,660.90997314,657.14093018,63772400
2025-09-16,661.46997070,661.78002930,659.21002197,660.00000000,656.23614502,61169000
2025-09-17,660.01000977,661.71997070,654.29998779,659.17999268,655.42083740,101952200
2025-09-18,661.89001465,664.89001465,660.27001953,662.26000977,658.48321533,90459200
2025-09-19,662.33001709,664.54998779,660.36999512,663.70001221,661.74462891,97945600
2025-09-22,662.20001221,667.28997803,662.16998291,666.84002686,664.87536621,69452200
2025-09-23,666.71997070,667.34002686,661.97998047,663.21002197,661.25610352,81708900
2025-09-24,664.51000977,664.60998535,659.66998291,661.09997559,659.15222168,68082200
2025-09-25,657.94000244,659.40997314,654.40997314,658.04998779,656.11126709,89622100
2025-09-26,659.51000977,662.36999512,657.88000488,661.82000732,659.87017822,69179200
2025-09-29,664.35998535,665.28002930,661.85998535,663.67999268,661.72467041,73499000
2025-09-30,662.92999268,666.65002441,661.60998535,666.17999268,664.21728516,86288000
2025-10-01,663.16998291,669.36999512,663.05999756,668.45001221,666.48065186,72545400
2025-10-02,670.45001221,670.57000732,666.78002930,669.21997070,667.24829102,56896000
2025-10-03,669.98999023,672.67999268,668.15997314,669.21002197,667.23840332,70494400
2025-10-06,671.61999512,672.51000977,669.46002197,671.60998535,669.63128662,54623300
2025-10-07,672.53997803,672.98999023,667.66998291,669.11999512,667.14862061,72020100
2025-10-08,670.25000000,673.21002197,669.41998291,673.10998535,671.12689209,60702200
2025-10-09,673.53002930,673.94000244,669.21002197,671.15997314,669.18261719,66501900
2025-10-10,672.13000488,673.95001221,652.84002686,653.02001953,651.09606934,159422600
2025-10-13,660.65002441,665.13000488,659.77001953,663.03997803,661.08654785,79560500
2025-10-14,657.16998291,665.83001709,653.16998291,662.22998047,660.27893066,88779600
2025-10-15,666.82000732,670.22998047,658.92999268,665.16998291,663.21026611,81702600
2025-10-16,666.82000732,668.71002197,657.10998535,660.64001465,658.69366455,110563300
2025-10-17,659.50000000,665.76000977,658.14001465,664.39001465,662.43261719,96500900
2025-10-20,667.32000732,672.21002197,667.27001953,671.29998779,669.32220459,60493400
2025-10-21,671.44000244,672.98999023,669.97998047,671.28997803,669.31219482,56249000
2025-10-22,672.00000000,672.00000000,663.29998779,667.79998779,665.83251953,80564000
2025-10-23,668.11999512,672.71002197,667.79998779,671.76000977,669.78088379,65604500
2025-10-24,676.46002197,678.46997070,675.65002441,677.25000000,675.25469971,74356500
2025-10-27,682.72998047,685.53997803,682.11999512,685.23999023,683.22113037,63339800
2025-10-28,687.04998779,688.90997314,684.83001709,687.05999756,685.03576660,61738100
2025-10-29,688.71997070,689.70001221,682.86999512,687.39001465,685.36480713,85657100
2025-10-30,683.90002441,685.94000244,679.83001709,679.83001709,677.82708740,76335800
2025-10-31,685.03997803,685.08001709,679.23999023,682.05999756,680.05053711,87164100
2025-11-03,685.66998291,685.79998779,679.94000244,683.34002686,681.32678223,57315000
2025-11-04,676.10998535,679.96002197,674.58001709,675.23999023,673.25061035,78427000
2025-11-05,674.97998047,680.85998535,674.16998291,677.58001709,675.58374023,74402400
2025-11-06,676.46997070,677.38000488,668.71997070,670.30999756,668.33514404,85035300
2025-11-07,667.90997314,671.08001709,661.21002197,670.96997070,668.99316406,100592400
2025-11-10,677.23999023,682.17999268,675.03002930,681.44000244,679.43237305,75842900
2025-11-11,679.95001221,683.57000732,678.72998047,683.00000000,680.98773193,58953400
2025-11-12,684.78997803,684.96002197,680.95001221,683.38000488,681.36663818,62312500
2025-11-13,680.50000000,680.85998535,670.52001953,672.03997803,670.05999756,103457800
2025-11-14,665.38000488,675.65997314,663.27001953,671.92999268,669.95037842,96846700
2025-11-17,669.70001221,673.71002197,662.16998291,665.66998291,663.70880127,90456100
2025-11-18,662.09997559,665.11999512,655.85998535,660.08001709,658.13531494,114467500
2025-11-19,660.78002930,667.34002686,658.75000000,662.63000488,660.67779541,94703000
2025-11-20,672.90997314,675.55999756,651.89001465,652.53002930,650.60754395,165293500
2025-11-21,655.04998779,664.54998779,650.84997559,659.03002930,657.08837891,123956200
2025-11-24,662.69000244,670.05999756,661.59002686,668.72998047,666.75976562,80437900
2025-11-25,668.63000488,676.21002197,664.47998047,675.02001953,673.03125000,81077100
2025-11-26,677.63000488,681.70001221,676.71997070,679.67999268,677.67755127,71879600
2025-11-28,680.85998535,683.66998291,680.50000000,683.39001465,681.37658691,49212000
2025-12-01,678.80999756,682.98999023,678.73999023,680.27001953,678.26580811,61201200
2025-12-02,681.91998291,683.82000732,679.33001709,681.53002930,679.52209473,62953800
2025-12-03,680.57000732,684.90997314,679.69000244,683.89001465,681.87512207,57238500
2025-12-04,685.29998779,685.36999512,681.34002686,684.39001465,682.37365723,61970300
2025-12-05,685.46997070,688.39001465,684.58001709,685.69000244,683.66979980,79241000
2025-12-08,686.59002686,686.64001465,681.57000732,683.63000488,681.61590576,55231500
2025-12-09,683.15002441,685.39001465,682.59002686,683.03997803,681.02758789,58310100
2025-12-10,682.55999756,688.96997070,681.30999756,687.57000732,685.54431152,85671300
2025-12-11,685.14001465,689.25000000,682.16998291,689.16998291,687.13952637,86173700
2025-12-12,688.16998291,688.88000488,679.16998291,681.76000977,679.75140381,113160300
2025-12-15,685.73999023,685.76000977,679.25000000,680.72998047,678.72442627,90811000
2025-12-16,679.22998047,681.08001709,674.97998047,678.86999512,676.86993408,122030600
2025-12-17,679.89001465,680.44000244,671.20001221,671.40002441,669.42193604,110625200
2025-12-18,677.59997559,680.73999023,674.90002441,676.46997070,674.47692871,108650100
2025-12-19,676.59002686,681.09002686,676.46997070,680.59002686,680.59002686,103599500
2025-12-22,683.94000244,685.35998535,680.59002686,684.83001709,684.83001709,69556700
2025-12-23,683.91998291,688.20001221,683.86999512,687.96002197,687.96002197,64840000
2025-12-24,687.95001221,690.83001709,687.79998779,690.38000488,690.38000488,39445600
2025-12-26,690.64001465,691.65997314,689.27001953,690.30999756,690.30999756,41613300
2025-12-29,687.53997803,689.20001221,686.07000732,687.84997559,687.84997559,62559500
2025-12-30,687.45001221,688.55999756,686.58001709,687.01000977,687.01000977,47160700
2025-12-31,687.14001465,687.35998535,681.71002197,681.91998291,681.91998291,74144800
2026-01-02,685.71002197,686.86999512,679.82000732,683.16998291,683.16998291,89377200
2026-01-05,686.53997803,689.42999268,686.38000488,687.71997070,687.71997070,71927200
2026-01-06,687.92999268,692.32000732,687.78002930,691.80999756,691.80999756,69273800
2026-01-07,692.19000244,693.96002197,689.32000732,689.58001709,689.58001709,75588300
2026-01-08,688.82000732,690.61999512,687.48999023,689.51000977,689.51000977,64019200
2026-01-09,690.63000488,695.30999756,689.17999268,694.07000732,694.07000732,80125500
2026-01-12,690.67999268,696.09002686,690.63000488,695.15997314,695.15997314,63976000
2026-01-13,695.48999023,696.09002686,691.34997559,693.77001953,693.77001953,78309700
2026-01-14,691.00000000,691.71997070,686.03997803,690.35998535,690.35998535,94676700
2026-01-15,694.57000732,695.45001221,691.25000000,692.23999023,692.23999023,77862000
2026-01-16,693.65997314,694.25000000,690.09997559,691.65997314,691.65997314,79289200
2026-01-20,681.48999023,684.77001953,676.57000732,677.58001709,677.58001709,111623300
2026-01-21,679.65002441,688.73999023,678.13000488,685.40002441,685.40002441,127844500
2026-01-22,689.84997559,691.13000488,686.91998291,688.97998047,688.97998047,77112200
2026-01-23,688.15002441,690.96002197,687.15997314,689.22998047,689.22998047,63059600
2026-01-26,690.48999023,694.13000488,689.91998291,692.72998047,692.72998047,60473800
2026-01-27,694.17999268,696.53002930,693.57000732,695.48999023,695.48999023,55506100
2026-01-28,697.04998779,697.84002686,693.94000244,695.41998291,695.41998291,61172200
2026-01-29,696.39001465,697.05999756,684.83001709,694.03997803,694.03997803,97486200
2026-01-30,691.78997803,694.21002197,687.11999512,691.96997070,691.96997070,101835100
2026-02-02,689.58001709,696.92999268,689.41998291,695.40997314,695.40997314,79286500
2026-02-03,696.21002197,696.96002197,684.03002930,689.53002930,689.53002930,107904600
2026-02-04,690.34997559,691.45001221,681.76000977,686.19000244,686.19000244,105204600
2026-02-05,680.94000244,683.69000244,675.78997803,677.61999512,677.61999512,113610800
2026-02-06,681.46002197,692.30999756,680.84997559,690.61999512,690.61999512,89127600
2026-02-09,689.41998291,695.86999512,688.34002686,693.95001221,693.95001221,73885200
2026-02-10,694.95001221,696.53997803,691.65997314,692.11999512,692.11999512,65185700
2026-02-11,696.39001465,697.14001465,689.17999268,691.96002197,691.96002197,76353900
2026-02-12,694.23999023,695.34997559,680.36999512,681.27001953,681.27001953,118829000
2026-02-13,681.69000244,686.28002930,677.52001953,681.75000000,681.75000000,96267500
2026-02-17,680.14001465,684.94000244,675.78002930,682.84997559,682.84997559,81354700
2026-02-18,684.02001953,689.15002441,682.83001709,686.28997803,686.28997803,73570300
2026-02-19,683.84002686,686.17999268,681.54998779,684.47998047,684.47998047,58649400
2026-02-20,682.32000732,690.05999756,681.72998047,689.42999268,689.42999268,100034000
2026-02-23,687.83001709,690.00000000,680.36999512,682.39001465,682.39001465,90558100
2026-02-24,681.90002441,688.34997559,680.00000000,687.34997559,687.34997559,73798700
2026-02-25,690.17999268,693.67999268,690.09997559,693.15002441,693.15002441,56369500
2026-02-26,693.28002930,693.29998779,684.34997559,689.29998779,689.29998779,71311200
2026-02-27,683.09002686,684.25000000,681.65002441,682.50000000,682.50000000,7710346
