Date,Open,High,Low,Close,Adj Close,Volume
2018-01-02,236.38746858,237.24356228,235.99913576,237.20825195,237.20825195,86655700
2018-01-03,237.37591418,238.85865159,237.37591418,238.70860291,238.70860291,90070400
2018-01-04,239.35293754,240.20019700,238.77043825,239.71476746,239.71476746,80636400
2018-01-05,240.50909887,241.43578636,240.01486195,241.31224060,241.31224060,83524000
2018-01-08,241.21505186,241.91228926,240.92381580,241.75343323,241.75343323,57319200
2018-01-09,242.17707126,242.92726074,241.89464255,242.30064392,242.30064392,57254000
2018-01-10,241.54165987,242.19477974,240.87092524,241.92999268,241.92999268,69574300
2018-01-11,242.48601327,243.69512939,242.31832288,243.69512939,243.69512939,62361500
2018-01-12,243.95991323,245.45143115,243.65981585,245.28376770,245.28376770,90816100
2018-01-16,246.54577098,247.19886372,243.74801409,244.44525146,244.44525146,106555100
2018-01-17,245.38072943,247.16350963,244.44520817,246.77517700,246.77517700,113258800
2018-01-18,246.66052877,247.08414488,245.86619468,246.36045837,246.36045837,100728000
2018-01-19,246.94300273,247.48138428,246.36053040,247.48138428,247.48138428,140920100
2018-01-22,247.26954083,249.49360657,247.21656188,249.49360657,249.49360657,91322400
2018-01-23,249.53773338,250.31439897,249.21118692,250.02316284,250.02316284,97084700
2018-01-24,250.66739585,251.26756361,248.74340068,249.92604065,249.92604065,134816100
2018-01-25,250.79105228,250.88812203,249.23772072,250.03202820,250.03202820,84587300
2018-01-26,250.87036757,252.97088719,250.61441489,252.92674255,252.92674255,107743100
2018-01-29,252.35312045,252.79440525,251.09105238,251.24990845,251.24990845,90118300
2018-01-30,249.41417628,251.30286124,248.19622592,248.67282104,248.67282104,131796400
2018-01-31,249.52888872,250.03193288,247.71960506,248.79634094,248.79634094,108364800
2018-02-01,248.06386956,249.82017463,247.71965446,248.51396179,248.51396179,90102500
2018-02-02,247.19006462,247.32247160,243.06847996,243.10379028,243.10379028,173174800
2018-02-05,241.33863255,243.45679390,232.38936519,232.93655396,232.93655396,294681800
2018-02-06,229.41513861,238.02902632,228.32076095,237.52595520,237.52595520,355026800
2018-02-07,236.96994771,240.37665358,236.15797179,236.23742676,236.23742676,167376100
2018-02-08,236.53748030,236.67869467,227.34109348,227.37640381,227.37640381,246449500
2018-02-09,230.17415215,232.65417069,223.21951252,230.79196167,230.79196167,283565300
2018-02-12,232.84831112,235.65490275,230.93315030,234.18099976,234.18099976,143736000
2018-02-13,232.97188889,235.31069285,232.38938975,234.76350403,234.76350403,81223600
2018-02-14,233.27197918,238.29380258,233.26314487,237.93194580,237.93194580,120735700
2018-02-15,239.67945811,240.97683664,237.20824681,240.96800232,240.96800232,111200300
2018-02-16,240.34139405,242.98910322,240.29724940,241.03860474,241.03860474,160420100
2018-02-20,240.08538101,241.53280792,238.73505074,239.52935791,239.52935791,86369700
2018-02-21,239.97061891,242.45947113,238.24079040,238.33786011,238.33786011,98883700
2018-02-22,239.26458368,240.98557795,237.97603982,238.64677429,238.64677429,110511300
2018-02-23,239.87353510,242.45062256,239.39694010,242.45062256,242.45062256,92766400
2018-02-26,243.52734385,245.36310310,242.93603749,245.26600647,245.26600647,86491400
2018-02-27,245.45140169,246.16630779,242.14176591,242.20355225,242.20355225,99099200
2018-02-28,243.30676950,243.75688860,239.43230315,239.75001526,239.75001526,121907800
2018-03-01,239.53819560,241.09152657,234.76349129,236.26387024,236.26387024,176855100
2018-03-02,234.58695422,238.04663839,233.72205338,237.48178101,237.48178101,139083200
2018-03-05,236.29040065,240.84446363,236.18446966,240.22665405,240.22665405,97307400
2018-03-06,241.20626596,241.28572093,239.33522268,240.83560181,240.83560181,79213200
2018-03-07,238.66444817,241.10032160,238.47028181,240.74729919,240.74729919,87063500
2018-03-08,241.42687835,242.03585346,240.42959743,241.91230774,241.91230774,66901200
2018-03-09,243.32438627,246.12211609,243.00664729,246.12211609,246.12211609,113625300
2018-03-12,246.41341541,247.04003222,245.42491495,245.81324768,245.81324768,71924800
2018-03-13,246.97826793,247.48133905,243.61567999,244.22465515,244.22465515,91968900
2018-03-14,245.18666339,245.37199547,242.41540879,242.97140503,242.97140503,105895100
2018-03-15,243.48326945,244.12752792,242.20353294,242.70660400,242.70660400,83433000
2018-03-16,243.23560805,244.02425378,242.91662351,242.96978760,242.96978760,100343700
2018-03-19,242.21661488,243.14701357,238.02533182,239.68234253,239.68234253,109208400
2018-03-20,240.08115716,240.72802318,239.40770908,240.09002686,240.09002686,59757300
2018-03-21,240.04560516,242.14566763,239.41647879,239.62913513,239.62913513,78709600
2018-03-22,237.39621867,238.24687127,233.36442767,233.63914490,233.63914490,148785900
2018-03-23,234.08217577,234.41003002,228.46425093,228.65919495,228.65919495,183534800
2018-03-26,232.27448130,235.19861413,229.86427698,234.91505432,234.91505432,141956100
2018-03-27,235.85441589,236.38605689,229.35925561,230.91880798,230.91880798,129941400
2018-03-28,231.05169330,232.72644338,229.12883509,230.23646545,230.23646545,146452300
2018-03-29,231.37956919,235.04805427,230.24535668,233.17835999,233.17835999,111601600
2018-04-02,232.64667695,233.16063260,225.66418415,228.14527893,228.14527893,186286300
2018-04-03,229.38580430,231.54790084,227.58701374,231.06939697,231.06939697,119956900
2018-04-04,227.50728813,234.25052915,227.37437789,233.54165649,233.54165649,123715300
2018-04-05,235.30505345,236.27093121,234.21516216,235.38482666,235.38482666,82652600
2018-04-06,233.41761974,234.91511121,228.61492226,230.13902283,230.13902283,179521200
2018-04-09,231.60109342,234.67587665,230.33397067,231.27323914,231.27323914,105442900
2018-04-10,234.17084621,235.73926861,233.02779078,234.95062256,234.95062256,103529000
2018-04-11,233.46189426,235.38475243,233.39101782,233.71887207,233.71887207,91140200
2018-04-12,235.04806408,236.58987710,234.87083238,235.64173889,235.64173889,68890500
2018-04-13,236.95322755,237.06842547,233.94047741,234.95062256,234.95062256,85079200
2018-04-16,236.58984541,237.65318137,235.76577491,236.88224792,236.88224792,63405300
2018-04-17,238.65445542,240.01906359,238.14052683,239.41651917,239.41651917,64682000
2018-04-18,239.85955519,240.40006579,239.13294324,239.59373474,239.59373474,57303900
2018-04-19,238.93805416,239.14186791,237.22787910,238.26463318,238.26463318,77655900
2018-04-20,238.19374919,238.41527532,235.35820397,236.24430847,236.24430847,99953100
2018-04-23,236.82027652,237.37852663,235.12781383,236.20886230,236.20886230,65558000
2018-04-24,237.23672077,237.45824685,231.52133705,233.02772522,233.02772522,112885500
2018-04-25,232.96570250,234.04675091,231.14032967,233.60369873,233.60369873,103840900
2018-04-26,234.63154016,236.81134893,234.18848805,235.97840881,235.97840881,67731900
2018-04-27,236.58977808,236.89105020,235.26062202,236.19989014,236.19989014,57053600
2018-04-30,236.82022474,237.37847473,234.31253463,234.38343811,234.38343811,82182300
2018-05-01,233.81638251,234.90630074,232.25682999,234.79997253,234.79997253,74203400
2018-05-02,234.60496141,235.42016215,232.83275297,233.22264099,233.22264099,86368900
2018-05-03,232.38972515,233.36441825,229.54531084,232.70870972,232.70870972,136311500
2018-05-04,231.73395154,236.40373780,231.40609733,235.72142029,235.72142029,91222100
2018-05-07,236.49235411,237.49362911,235.80116690,236.51893616,236.51893616,55304900
2018-05-08,236.14676051,236.88221507,234.95051447,236.51893616,236.51893616,67499200
2018-05-09,237.19241355,239.13298430,236.66961521,238.80513000,238.80513000,59666100
2018-05-10,239.54945234,241.36598253,239.44312415,241.03810120,241.03810120,72063900
2018-05-11,241.16213023,242.03936476,240.64817463,241.77354431,241.77354431,59871500
2018-05-14,242.20779383,242.86350249,241.33940171,241.88880920,241.88880920,54790600
2018-05-15,240.65699116,240.67470351,239.27467103,240.22280884,240.22280884,87036100
2018-05-16,240.25827832,241.69376263,240.23166923,241.23297119,241.23297119,53942600
2018-05-17,240.96724781,242.11033013,240.24950537,241.02928162,241.02928162,56536400
2018-05-18,240.68367463,241.04698068,240.07226042,240.42669678,240.42669678,64368000
2018-05-21,241.91539037,242.77491279,241.52550224,242.23437500,242.23437500,58025900
2018-05-22,242.75709812,243.01407591,241.23299782,241.56085205,241.56085205,52966400
2018-05-23,240.28493542,242.25208822,240.12541608,242.22547913,242.22547913,64694200
2018-05-24,241.82665726,242.10134735,239.93925132,241.72917175,241.72917175,76043800
2018-05-25,241.15325928,241.78238571,240.64817338,241.15325928,241.15325928,56374800
2018-05-29,239.52282749,240.28489117,237.26327256,238.37974548,238.37974548,115908600
2018-05-30,239.69118518,242.00390415,239.62030874,241.56085205,241.56085205,69678400
2018-05-31,241.15335573,241.45462804,239.47863213,240.08117676,240.08117676,93519900
2018-06-01,241.38365940,242.73939781,241.31275592,242.43812561,242.43812561,71258400
2018-06-04,243.26223360,243.84706573,243.02299515,243.59008789,243.59008789,45385200
2018-06-05,243.72304305,244.14838296,242.95213643,243.76736450,243.76736450,51135000
2018-06-06,244.37871342,245.91165656,243.75842959,245.80532837,245.80532837,62732200
2018-06-07,246.29268791,246.58509041,244.86604600,245.77873230,245.77873230,72969400
2018-06-08,245.31797933,246.55851993,245.14961735,246.50535583,246.50535583,72139700
2018-06-11,246.72689324,247.55096378,246.61169535,246.83322144,246.83322144,58892500
2018-06-12,247.24969544,247.51551592,246.50537103,247.15223694,247.15223694,72329000
2018-06-13,247.39145537,247.64843319,246.15975745,246.36357117,246.36357117,79070600
2018-06-14,247.23197959,247.51551243,246.39016966,246.98387146,246.98387146,77097600
2018-06-15,246.19698874,247.00696761,245.08438487,246.66873169,246.66873169,120041600
2018-06-18,245.20899673,246.28601689,244.72837139,246.16139221,246.16139221,52917600
2018-06-19,243.88280120,245.44044683,243.46446100,245.21792603,245.21792603,97531500
2018-06-20,245.90329036,246.30383868,245.29804026,245.63627625,245.63627625,53785500
2018-06-21,245.62736456,245.64518360,243.59797584,244.09642029,244.09642029,71061400
2018-06-22,245.36037727,245.47609245,244.31896781,244.54148865,244.54148865,54898500
2018-06-25,243.38436018,243.54456864,239.52140223,241.21255493,241.21255493,137854200
2018-06-26,241.78226927,242.60113079,241.02569294,241.74665833,241.74665833,68547400
2018-06-27,242.33408792,243.76710900,239.59261615,239.74394226,239.74394226,105110700
2018-06-28,239.69056147,241.88015899,238.97847847,241.11470032,241.11470032,76650500
2018-06-29,242.20945869,243.58019455,241.34607682,241.46179199,241.46179199,97592500
2018-07-02,239.88629286,242.13820190,239.64595305,241.97796631,241.97796631,63554800
2018-07-03,242.87700016,242.97492344,240.69631260,241.12353516,241.12353516,42187100
2018-07-05,242.25404472,243.15301061,241.17702410,243.09069824,243.09069824,56925900
2018-07-06,243.11733989,245.52054825,242.73458347,245.14672852,245.14672852,66493700
2018-07-09,246.15244744,247.40746775,246.10795415,247.35406494,247.35406494,50550400
2018-07-10,247.80802388,248.34207914,247.51428127,248.24415588,248.24415588,51966800
2018-07-11,246.68662913,247.47881646,246.12587219,246.42849731,246.42849731,77054700
2018-07-12,247.69233400,248.71592418,247.08708399,248.66252136,248.66252136,60124700
2018-07-13,248.48460912,249.16105407,248.03065786,248.85842896,248.85842896,48216000
2018-07-16,248.90293609,249.04532554,248.19085307,248.63589478,248.63589478,48201000
2018-07-17,247.86148086,250.03328614,247.80807804,249.64164734,249.64164734,52315500
2018-07-18,249.72170651,250.27355367,249.27666497,250.16674805,250.16674805,44593500
2018-07-19,249.49925129,249.88198060,248.74267504,249.22332764,249.22332764,61412100
2018-07-20,249.01859606,249.65057476,248.77828335,248.93849182,248.93849182,82337700
2018-07-23,248.73378945,249.60605370,248.38664393,249.40135193,249.40135193,47047600
2018-07-24,250.81653138,251.50188561,249.78403170,250.65629578,250.65629578,68026900
2018-07-25,250.40711297,253.11297370,250.36261967,252.79255676,252.79255676,78882900
2018-07-26,252.07159997,252.88155187,251.97367669,252.19619751,252.19619751,57919500
2018-07-27,252.52554553,252.62346883,249.56157986,250.48727417,250.48727417,76768700
2018-07-30,250.56729942,250.72750786,248.65359905,249.17877197,249.17877197,63742500
2018-07-31,249.94424053,251.02123350,249.56151130,250.40707397,250.40707397,68570500
2018-08-01,250.61185397,251.11920798,249.33904136,249.98878479,249.98878479,53853300
2018-08-02,248.68039696,251.51973782,248.47566801,251.35064697,251.35064697,63426400
2018-08-03,251.47526232,252.48106091,251.29723478,252.42765808,252.42765808,53935400
2018-08-06,252.46323398,253.66482468,252.07159517,253.35331726,253.35331726,39400900
2018-08-07,254.02080485,254.57265197,253.88727066,254.18989563,254.18989563,43196600
2018-08-08,254.02089047,254.48372402,253.62034211,254.08317566,254.08317566,42114600
2018-08-09,254.14551475,254.53715362,253.60257691,253.73608398,253.73608398,35717000
2018-08-10,252.29406615,252.83700381,251.32385167,252.03593445,252.03593445,77076000
2018-08-13,252.31193919,252.92609890,250.79878657,251.09252930,251.09252930,65732900
2018-08-14,251.82237687,252.93498099,251.43073805,252.69464111,252.69464111,43842000
2018-08-15,251.34168778,251.48410434,249.36570207,250.80763245,250.80763245,102925400
2018-08-16,252.24951706,253.70926622,252.21390613,252.83697510,252.83697510,69967900
2018-08-17,252.63223894,254.17209227,252.22280838,253.72705078,253.72705078,65618500
2018-08-20,254.18105156,254.53707939,253.72710046,254.27006531,254.27006531,39807500
2018-08-21,254.78625931,255.72974512,254.30560689,254.86636353,254.86636353,67272000
2018-08-22,254.45695619,255.24023365,254.18991497,254.71508789,254.71508789,44993300
2018-08-23,254.53705475,255.40043640,254.05640229,254.37684631,254.37684631,49204900
2018-08-24,254.95556296,256.05037563,254.90216011,255.90795898,255.90795898,57487400
2018-08-27,257.10939527,258.03508932,256.94918683,257.92828369,257.92828369,57072400
2018-08-28,258.39124849,258.49808133,257.59017871,258.05303955,258.05303955,46943500
2018-08-29,258.26658129,259.67290100,258.02626857,259.44149780,259.44149780,61485500
2018-08-30,258.96074892,259.33456857,257.79474237,258.39108276,258.39108276,61229500
2018-08-31,257.98168427,258.84506597,257.49214942,258.40002441,258.40002441,66140800
2018-09-04,257.98174902,258.31107551,256.94924910,257.95504761,257.95504761,57594400
2018-09-05,257.59906982,257.80379880,256.24615267,257.26083374,257.26083374,72452400
2018-09-06,257.36759350,257.67021857,255.45391974,256.48641968,256.48641968,65909900
2018-09-07,255.43612875,256.96707319,255.19578886,255.98797607,255.98797607,73524800
2018-09-10,257.00259195,257.26963319,256.23713351,256.43295288,256.43295288,50210900
2018-09-11,255.78329172,257.72366724,255.43617328,257.27862549,257.27862549,50530500
2018-09-12,257.28750903,257.94616207,256.54875175,257.34091187,257.34091187,59810800
2018-09-13,258.40902149,259.04988263,258.12418828,258.86294556,258.86294556,51034200
2018-09-14,259.06761813,259.25452800,258.12413209,258.90740967,258.90740967,55079900
2018-09-17,258.85392309,258.88950685,257.26066704,257.53659058,257.53659058,68244000
2018-09-18,257.75028666,259.53045309,257.72358525,258.93411255,258.93411255,61930400
2018-09-19,258.98750118,259.62836215,258.86287650,259.21002197,259.21002197,49080600
2018-09-20,260.47401555,261.63111309,259.22787708,261.31066895,261.31066895,100360600
2018-09-21,262.05530609,262.17154502,260.91084372,261.07177734,261.07177734,105479700
2018-09-24,260.49080402,260.63386534,259.62351357,260.20468140,260.20468140,53409600
2018-09-25,260.66057182,260.76786094,259.72176477,259.96316528,259.96316528,44370000
2018-09-26,260.10629865,261.29545640,258.76512976,259.18536377,259.18536377,79739700
2018-09-27,259.65922600,261.00039481,259.38205329,259.90957642,259.90957642,59249500
2018-09-28,259.28371982,260.43713279,259.24797496,259.93643188,259.93643188,70091400
2018-10-01,261.17915629,261.91233500,260.16883221,260.83941650,260.83941650,62078900
2018-10-02,260.68743896,261.40271805,260.31192699,260.68743896,260.68743896,47258200
2018-10-03,261.74242907,262.16266295,260.47280487,260.83044434,260.83044434,64694600
2018-10-04,260.34761681,260.40126137,257.20035129,258.79187012,258.79187012,111545900
2018-10-05,259.01543069,259.53400389,255.91285949,257.34344482,257.34344482,105951700
2018-10-08,256.65496079,257.70108434,255.26909745,257.34344482,257.34344482,87742200
2018-10-09,256.95897294,258.27329196,256.40460034,256.96789551,256.96789551,74339000
2018-10-10,256.45829143,256.52983572,248.45600046,248.83151245,248.83151245,214731000
2018-10-11,247.74068491,249.36797625,241.73224769,243.35061646,243.35061646,274840500
2018-10-12,247.46351347,247.74963603,243.52942382,246.73036194,246.73036194,183186500
2018-10-15,246.37272174,247.70496810,245.25508096,245.34449768,245.34449768,102263700
2018-10-16,247.31149031,251.08464565,246.83761184,250.70910645,250.70910645,118255800
2018-10-17,250.74486484,251.37967696,248.16981696,250.75381470,250.75381470,110626000
2018-10-18,249.81499709,250.41406440,245.85408574,247.13265991,247.13265991,134557500
2018-10-19,247.78543492,249.72564403,246.30120470,246.99861145,246.99861145,139901600
2018-10-22,247.66912165,247.99098900,245.35337393,245.88984680,245.88984680,82415800
2018-10-23,242.25977696,245.76468245,240.16752983,244.63809204,244.63809204,146352700
2018-10-24,244.38775952,244.77224863,236.67159150,237.22593689,237.22593689,177806700
2018-10-25,239.06778537,243.02869688,238.03956154,241.48187256,241.48187256,138061500
2018-10-26,237.76236780,242.30444653,234.51673561,237.23481750,237.23481750,201574600
2018-10-29,240.33748164,241.63395597,232.33518939,235.92056274,235.92056274,160749100
2018-10-30,235.75069439,239.72947931,235.25891606,239.41653442,239.41653442,157116000
2018-10-31,241.99148998,244.29831500,241.51761155,241.97361755,241.97361755,128296300
2018-11-01,242.84097830,244.74544243,241.75015988,244.54873657,244.54873657,99495000
2018-11-02,245.65744504,246.08662893,241.04382060,243.10029602,243.10029602,122634100
2018-11-05,243.59201895,244.99578217,242.61743957,244.44143677,244.44143677,65622500
2018-11-06,244.37888931,246.14921499,244.31629487,245.98828125,245.98828125,60085900
2018-11-07,248.16986334,251.33502923,247.74067952,251.25456238,251.25456238,102752100
2018-11-08,250.44977555,251.44225436,249.65402981,250.79849243,250.79849243,65584900
2018-11-09,249.48423754,249.67199355,246.93601118,248.34872437,248.34872437,98812600
2018-11-12,247.83900081,248.08040131,243.18960574,243.70820618,243.70820618,99673600
2018-11-13,244.17322377,246.17602740,242.52805974,243.25228882,243.25228882,98176600
2018-11-14,245.12991162,245.53224592,240.02453636,241.58923340,241.58923340,125335900
2018-11-15,240.31953722,244.57552111,238.73696805,244.11056519,244.11056519,135101400
2018-11-16,243.01085710,245.65742260,242.49225654,244.74543762,244.74543762,126668000
2018-11-19,244.13744139,244.43251383,239.68477798,240.60571289,240.60571289,103061700
2018-11-20,237.26170603,238.72806379,235.28572482,236.15301514,236.15301514,136021300
2018-11-21,237.70873861,238.86215139,236.94876481,236.95768738,236.95768738,75563700
2018-11-23,235.31254290,236.77890063,235.21420361,235.37513733,235.37513733,42807900
2018-11-26,237.63722001,239.39862273,237.24380832,239.17509460,239.17509460,79981400
2018-11-27,238.13785203,239.97972107,237.52986225,239.97972107,239.97972107,75502400
2018-11-28,241.05269382,245.50535583,239.91715368,245.50535583,245.50535583,127629600
2018-11-29,244.72755102,246.37271492,243.58308799,244.96897888,244.96897888,82346400
2018-11-30,244.81699412,247.02545357,244.49512665,246.46215820,246.46215820,98204200
2018-12-03,250.60188717,250.70917632,248.12520501,249.72564697,249.72564697,103176300
2018-12-04,248.89406907,249.32325286,241.32093581,241.63388062,241.63388062,177986000
2018-12-06,237.76242797,241.38357298,234.65090639,241.26733398,241.26733398,204185400
2018-12-07,240.92757929,242.50122624,234.82080209,235.66127014,235.66127014,161018900
2018-12-10,235.48244762,237.08291693,231.23541248,236.10833740,236.10833740,151445900
2018-12-11,239.31815760,239.50591358,234.68666134,236.16194153,236.16194153,121504400
2018-12-12,239.14831040,240.51630166,237.27066839,237.35113525,237.35113525,97976700
2018-12-13,238.29882315,239.16611326,236.15295888,237.27059937,237.27059937,96662700
2018-12-14,235.11579655,236.07250339,232.33511999,232.88946533,232.88946533,116961100
2018-12-17,231.93279595,233.05043667,226.68435951,228.32058716,228.32058716,165492300
2018-12-18,229.96574875,230.63633313,226.46081570,228.07022095,228.07022095,134515100
2018-12-19,228.15070762,231.93280005,222.94697945,224.65472412,224.65472412,214992800
2018-12-20,223.40290604,224.97653882,218.74457482,220.99774170,220.99774170,252053400
2018-12-21,221.90160301,224.57262520,215.82209839,216.46961975,216.46961975,255345600
2018-12-24,214.97674402,216.59554759,210.68693170,210.74987793,210.74987793,147311600
2018-12-26,212.21580430,221.39799500,210.22827051,221.39799500,221.39799500,218485400
2018-12-27,218.15142670,223.29560389,214.90483083,223.09776306,223.09776306,186267300
2018-12-28,224.45573430,226.09251470,221.64081508,222.80995178,222.80995178,153100200
2018-12-31,224.43769869,225.00428327,222.55809470,224.76145935,224.76145935,144299400
2019-01-02,221.21811647,225.92164196,221.19113755,224.99531555,224.99531555,126925200
2019-01-03,223.24159321,223.54737709,219.14063387,219.62628174,219.62628174,144140700
2019-01-04,222.66602932,227.63035523,222.28831081,226.98283386,226.98283386,142628800
2019-01-07,227.25269122,230.18451487,226.35335730,228.77256775,228.77256775,103139100
2019-01-08,230.96688867,231.40755340,228.43076104,230.92190552,230.92190552,102512600
2019-01-09,231.63242949,232.84653570,230.40034648,232.00115967,232.00115967,95006600
2019-01-10,230.46326908,233.07133139,229.77976666,232.81951904,232.81951904,96823900
2019-01-11,231.74031924,232.93644852,231.15575778,232.90946960,232.90946960,73858100
2019-01-14,231.00289266,232.29793567,230.59820887,231.48854065,231.48854065,70908200
2019-01-15,231.86622730,234.45631282,231.85722518,234.14154053,234.14154053,85208300
2019-01-16,234.57323837,235.59849214,234.36640914,234.70816040,234.70816040,77636700
2019-01-17,233.83579699,237.35219554,233.79081383,236.48881531,236.48881531,96118400
2019-01-18,238.30544781,240.10411517,236.52475725,239.63644409,239.63644409,127900300
2019-01-22,238.16159409,238.37742543,234.78009007,236.39888000,236.39888000,115531200
2019-01-23,237.43308407,238.13456321,234.42031087,236.89347839,236.89347839,86030300
2019-01-24,236.71366946,237.60402869,235.69741776,237.01943970,237.01943970,59204100
2019-01-25,238.87201879,239.85231671,237.11833449,239.02491760,239.02491760,96883400
2019-01-28,236.87554861,237.27123024,235.43660900,237.20829773,237.20829773,85613700
2019-01-29,237.35214733,237.91870448,236.05710469,236.89347839,236.89347839,66136300
2019-01-30,238.41340743,241.48911380,237.64896817,240.64373779,240.64373779,92473700
2019-01-31,240.58076891,243.24278900,240.36491016,242.75714111,242.75714111,104012100
2019-02-01,242.95499069,243.89930753,242.08263592,242.87405396,242.87405396,85782500
2019-02-04,242.91900614,244.64573887,242.24450588,244.58277893,244.58277893,60744800
2019-02-05,245.01451437,245.91384822,244.51088962,245.60807800,245.60807800,79552800
2019-02-06,245.32926966,245.82389226,244.54685366,245.28428650,245.28428650,58347800
2019-02-07,243.66547037,244.21405075,241.28224160,242.94601440,242.94601440,95482000
2019-02-08,241.69597304,243.34174192,240.86857382,243.24282837,243.24282837,75788900
2019-02-11,243.89932976,244.16011680,242.84709717,243.37770081,243.37770081,68021400
2019-02-12,244.99645049,246.88502893,244.92448844,246.50732422,246.50732422,72270200
2019-02-13,247.34378133,248.15317629,246.92109333,247.30780029,247.30780029,65277200
2019-02-14,246.21962576,247.89240103,245.40122864,246.75923157,246.75923157,83234400
2019-02-15,248.53986055,249.48417745,248.33303135,249.44819641,249.44819641,97088700
2019-02-19,248.64786073,250.53644007,248.63885860,249.87994385,249.87994385,59120800
2019-02-20,249.84393911,250.84221398,249.34031434,250.38354492,250.38354492,76610800
2019-02-21,249.74494585,250.10467379,248.53084003,249.49313354,249.49313354,64214700
2019-02-22,250.11369894,251.23786614,249.47517966,251.04003906,251.04003906,78114600
2019-02-25,252.47000389,252.99160545,251.30085341,251.38179016,251.38179016,69030700
2019-02-26,251.03104394,252.08324910,250.82418729,251.20191956,251.20191956,56844100
2019-02-27,250.48247200,251.44476587,249.54718449,251.09403992,251.09403992,56921600
2019-02-28,250.87824679,251.31893919,250.30268721,250.62643433,250.62643433,69268300
2019-03-01,252.20913890,252.60484792,250.75222274,252.19116211,252.19116211,78880500
2019-03-04,253.25242551,253.49523578,248.97158747,251.27388000,251.27388000,106494600
2019-03-05,251.39972365,251.59757814,250.38347229,250.93205261,250.93205261,59114600
2019-03-06,251.04897948,251.05798160,249.08843873,249.41218567,249.41218567,75039800
2019-03-07,248.96254166,249.10643835,246.48039925,247.32577515,247.32577515,94885100
2019-03-08,245.46415357,247.00200659,244.99650991,246.83113098,246.83113098,85795800
2019-03-11,247.55058703,250.57233489,247.52360812,250.41046143,250.41046143,65098900
2019-03-12,250.96810565,251.87644163,250.77925322,251.35481262,251.35481262,79667500
2019-03-13,252.24507999,253.95380821,252.08317909,253.01849365,253.01849365,80639200
2019-03-14,253.04554186,253.46822984,252.41602468,252.85668945,252.85668945,67518400
2019-03-15,253.41042969,254.91891715,253.22071786,254.10595703,254.10595703,81309000
2019-03-18,254.32271367,255.32538552,254.09688990,255.02728271,255.02728271,62199800
2019-03-19,256.09324825,256.86102716,254.19632268,255.09057617,255.09057617,90268100
2019-03-20,254.87376302,256.08417522,253.21170325,254.32273865,254.32273865,84609200
2019-03-21,253.50068718,257.60162607,253.45550589,257.19515991,257.19515991,79550400
2019-03-22,255.83119928,256.35509822,252.18187992,252.24511719,252.24511719,122659300
2019-03-25,251.90192391,253.09428017,250.79088847,252.05549622,252.05549622,85575200
2019-03-26,253.81684764,254.89177087,252.52514243,253.93428040,253.93428040,68125900
2019-03-27,253.92527899,254.51244288,251.05280711,252.60647583,252.60647583,72224700
2019-03-28,253.23879183,254.01561240,252.08257518,253.56396484,253.56396484,56238500
2019-03-29,255.08153328,255.48799956,253.95241433,255.16282654,255.16282654,82186800
2019-04-01,257.16814240,258.48694561,256.89713731,258.18884277,258.18884277,77617900
2019-04-02,258.37860594,258.55023426,257.52046435,258.31536865,258.31536865,40070400
2019-04-03,259.53479247,259.93224458,258.11661234,258.72183228,258.72183228,68243200
2019-04-04,259.04701261,259.66124676,258.35148518,259.40832520,259.40832520,48997500
2019-04-05,260.07671263,260.71804437,259.78765161,260.66384888,260.66384888,58621700
2019-04-08,260.23924268,260.97090928,259.57982754,260.86251831,260.86251831,53566300
2019-04-09,259.89601951,260.22119246,258.97466861,259.52566528,259.52566528,66142300
2019-04-10,259.94121862,260.50128473,259.52571059,260.41094971,260.41094971,52601500
2019-04-11,260.89872266,260.90776443,259.76960373,260.33868408,260.33868408,55093100
2019-04-12,261.95559764,262.38014747,260.38387287,262.10012817,262.10012817,69727800
2019-04-15,262.17243817,262.27181500,261.12461224,261.92855835,261.92855835,49596700
2019-04-16,262.81373907,262.86793458,261.50395006,262.10012817,262.10012817,52153200
2019-04-17,263.22017961,263.24727736,261.04323517,261.45877075,261.45877075,58268300
2019-04-18,262.04597291,262.24469898,260.74522547,261.97369385,261.97369385,68708500
2019-04-22,261.20586032,262.35303519,261.11552529,262.19946289,262.19946289,40160100
2019-04-23,262.56980767,264.79193341,262.33496969,264.55706787,264.55706787,52246600
2019-04-24,264.47575267,264.80996741,263.82537916,263.96990967,263.96990967,50392900
2019-04-25,263.87057981,264.46675793,262.61501386,263.80734253,263.80734253,57770900
2019-04-26,263.85254360,265.10810964,263.07569537,265.03585815,265.03585815,50916400
2019-04-29,265.12618194,265.97528163,265.03584691,265.45135498,265.45135498,57197700
2019-04-30,265.10807720,265.87588357,263.68992480,265.58682251,265.58682251,81111700
2019-05-01,266.21907611,266.42684386,263.58144285,263.59048462,263.59048462,71671900
2019-05-02,263.47316254,264.39454137,261.52204141,263.02151489,263.02151489,65030200
2019-05-03,264.50287637,265.87587499,263.12985018,265.59585571,265.59585571,56543700
2019-05-06,261.27809864,264.94547441,260.96193985,264.50286865,264.50286865,107198100
2019-05-07,262.09110139,262.68727954,258.17080346,260.08578491,260.08578491,144729900
2019-05-08,259.72433472,261.44058920,259.12815688,259.72433472,259.72433472,91568300
2019-05-09,257.64686278,259.54376038,255.90348235,258.93856812,258.93856812,103471100
2019-05-10,257.99910686,260.99805280,255.00016092,260.23928833,260.23928833,112429300
2019-05-13,255.10859800,256.07510275,252.85937460,253.69943237,253.69943237,127290500
2019-05-14,254.72015564,257.52941750,254.59370867,255.99380493,255.99380493,77003200
2019-05-15,254.35882104,258.13458731,254.15105328,257.49325562,257.49325562,73956400
2019-05-16,258.19778699,261.24188612,258.12553554,259.87792969,259.87792969,76749600
2019-05-17,257.56558593,260.69097935,257.54750238,258.19787598,258.19787598,100353000
2019-05-20,256.59001085,258.30626608,255.74091123,256.49066162,256.49066162,62877600
2019-05-21,258.18880849,259.18243855,257.93588698,258.80307007,258.80307007,46847100
2019-05-22,257.84562271,258.96569992,257.52946388,258.00820923,258.00820923,49482500
2019-05-23,255.77709467,255.82224841,253.43756320,254.85574341,254.85574341,98733800
2019-05-24,256.30093240,256.71646797,254.81050106,255.43377686,255.43377686,55268100
2019-05-28,255.71381057,256.67130118,253.04006475,253.05812073,253.05812073,70029400
2019-05-29,251.93798525,252.34445142,249.95072543,251.35986328,251.35986328,104972900
2019-05-30,252.11872976,252.95881532,250.94445694,252.04647827,252.04647827,62523800
2019-05-31,249.49015571,250.32117189,248.62297244,248.65007019,248.65007019,86862800
2019-06-03,248.68612963,249.80620655,246.68081375,248.01770020,248.01770020,96428000
2019-06-04,250.32115781,253.53688647,249.86951022,253.40139771,253.40139771,77231900
2019-06-05,255.02723329,255.62341122,253.21162931,255.59631348,255.59631348,71169700
2019-06-06,255.89452676,257.93595534,255.24415306,257.25848389,257.25848389,69430400
2019-06-07,258.27918640,260.91682048,258.10755811,259.83285522,259.83285522,74272200
2019-06-10,261.38648952,262.69627839,260.93484198,261.02517700,261.02517700,60799100
2019-06-11,262.84979726,263.22015151,260.31154057,260.96191406,260.96191406,58641300
2019-06-12,260.72707496,261.28711344,259.98636647,260.50125122,260.50125122,47096300
2019-06-13,261.41355488,261.93748139,260.70898592,261.57614136,261.57614136,48945200
2019-06-14,261.28717041,261.89236274,260.51936400,261.28717041,261.28717041,52324700
2019-06-17,261.52205495,262.15437271,261.21493784,261.38656616,261.38656616,39205700
2019-06-18,263.21119525,265.18037213,262.84985513,264.12350464,264.12350464,85434800
2019-06-19,264.25903712,265.25266750,263.28349030,264.71972656,264.71972656,78674400
2019-06-20,267.41154599,267.65542579,264.78295338,267.24893188,267.24893188,116570000
2019-06-21,266.97838600,268.24005844,266.64254573,266.86038208,266.86038208,83309500
2019-06-24,267.06922435,267.38689320,266.37937216,266.53369141,266.53369141,47582700
2019-06-25,266.58806998,266.61529952,263.81054595,263.91946411,263.91946411,82028700
2019-06-26,264.81812069,265.32642404,263.54736233,263.65628052,263.65628052,51584900
2019-06-27,264.41875400,265.09952042,264.03754031,264.59121704,264.59121704,40355200
2019-06-28,265.57142597,266.45188471,265.05406470,265.95266724,265.95266724,59350900
2019-07-01,269.29305043,269.51091453,267.15997665,268.36721802,268.36721802,78705600
2019-07-02,268.32182027,269.12059069,267.47767650,269.06613159,269.06613159,61504500
2019-07-03,269.74689507,271.23551769,269.60166157,271.21734619,271.21734619,40898900
2019-07-05,269.98279832,271.07203531,268.68481075,270.90863037,270.90863037,51677300
2019-07-08,269.59253747,270.72714796,268.87545589,269.42007446,269.42007446,45841800
2019-07-09,268.25820973,270.05541485,268.20375065,269.75588989,269.75588989,41101300
2019-07-10,270.82699396,271.99791980,270.29146111,271.04483032,271.04483032,58448500
2019-07-11,271.68926153,271.92524164,270.67265509,271.68017578,271.68017578,50826100
2019-07-12,272.17040568,272.96917600,271.86179491,272.89654541,272.89654541,40326000
2019-07-15,273.33220018,273.33220018,272.47897090,272.98727417,272.98727417,33900000
2019-07-16,272.89652656,273.10530487,271.79823129,272.10684204,272.10684204,36650100
2019-07-17,272.07958944,272.24296670,270.25512695,270.25512695,270.25512695,36036300
2019-07-18,269.75594264,271.62577870,269.31118415,271.24453735,271.24453735,51392600
2019-07-19,272.34288524,272.37011479,269.56536044,269.73782349,269.73782349,58678600
2019-07-22,270.13721419,270.94507041,269.61985269,270.40045166,270.40045166,43638100
2019-07-23,271.52588156,272.33370972,270.69079617,272.33370972,272.33370972,44564500
2019-07-24,271.57131787,273.61361694,271.48054348,273.61361694,273.61361694,47213200
2019-07-25,273.15977848,273.21423757,271.49869301,272.30654907,272.30654907,55394100
2019-07-26,272.99637095,274.33067400,272.86928128,274.13098145,274.13098145,45084100
2019-07-29,274.01298571,274.13098964,273.07806774,273.63174438,273.63174438,38126500
2019-07-30,272.22485755,273.36855391,271.84361620,272.96008301,272.96008301,45849000
2019-07-31,273.20515426,273.39578879,267.94965776,269.97378540,269.97378540,104245200
2019-08-01,270.12803119,273.09616182,266.82403264,267.62280273,267.62280273,142646600
2019-08-02,266.72428549,266.96935143,264.04659319,265.60781860,265.60781860,116749700
2019-08-05,261.49590554,261.60482370,255.71393580,257.62008667,257.62008667,178745400
2019-08-06,259.51721027,261.45059112,258.03767365,261.23272705,261.23272705,120711700
2019-08-07,258.14656976,262.15856459,256.00443848,261.38702393,261.38702393,140572300
2019-08-08,262.88477890,266.51553345,262.33110212,266.51553345,266.51553345,87713900
2019-08-09,265.57150754,266.17058532,262.91198670,264.70013428,264.70013428,93730000
2019-08-12,263.19339189,264.69107262,260.52478506,261.47787476,261.47787476,65527600
2019-08-13,261.17830118,266.99658826,260.83337509,265.54428101,265.54428101,94299800
2019-08-14,261.47779114,262.08592682,257.56565654,257.69271851,257.69271851,135622100
2019-08-15,258.58231349,259.27216564,256.32217791,258.37353516,258.37353516,99556600
2019-08-16,260.03454375,262.62143314,258.42791779,262.18576050,262.18576050,83018300
2019-08-19,265.21745098,266.02527918,264.53668474,265.34451294,265.34451294,53571800
2019-08-20,264.83631168,265.37184466,263.18433936,263.31140137,263.31140137,51596400
2019-08-21,265.48072076,265.82561909,264.79086869,265.45349121,265.45349121,49524700
2019-08-22,266.16147731,266.79684256,263.59270364,265.37176514,265.37176514,51666400
2019-08-23,264.06476027,265.73490385,257.30246962,258.55508423,258.55508423,149161500
2019-08-26,260.75168402,261.41430664,259.21768813,261.41430664,261.41430664,72423800
2019-08-27,262.81218227,263.18433794,259.62618621,260.38864136,260.38864136,66668900
2019-08-28,259.72593368,262.38545366,258.91807783,262.22207642,262.22207642,59696700
2019-08-29,264.79090383,266.09797755,263.78335514,265.57150269,265.57150269,57899400
2019-08-30,267.06008975,267.07823355,264.51857324,265.45349121,265.45349121,62901200
2019-09-03,263.74701464,264.66376105,262.56700315,263.90130615,263.90130615,69101400
2019-09-04,266.07978400,266.91484179,265.32638713,266.89669800,266.89669800,46887300
2019-09-05,269.39284087,271.24450521,266.86038254,270.32775879,270.32775879,83258100
2019-09-06,270.64550595,271.18103887,269.96473954,270.53656006,270.53656006,49584300
2019-09-09,271.52592831,271.61667499,269.72869526,270.67269897,270.67269897,51260300
2019-09-10,269.91019311,270.67267569,268.64852071,270.60913086,270.60913086,57947100
2019-09-11,270.91770232,272.61507485,270.26416570,272.53338623,272.53338623,68821100
2019-09-12,273.44113222,274.53942743,272.67867728,273.47744751,273.47744751,72908700
2019-09-13,273.92217507,274.27618680,272.92371239,273.29586792,273.29586792,62104800
2019-09-16,272.16137623,273.34138816,271.80739204,272.45184326,272.45184326,58191200
2019-09-17,272.25202655,273.23231771,272.07956356,273.14157104,273.14157104,41475500
2019-09-18,272.75128833,273.41391086,270.70898935,273.30499268,273.30499268,73375800
2019-09-19,273.69527505,274.69373780,272.95096393,273.28680420,273.28680420,76560500
2019-09-20,273.89230390,274.17501235,271.20227420,271.99560547,271.99560547,89565000
2019-09-23,271.32991848,272.65215578,271.07459316,271.93176270,271.93176270,43476800
2019-09-24,273.02606802,273.41816984,268.83141332,269.79800415,269.79800415,94869400
2019-09-25,269.88001356,271.84055012,268.39364462,271.39373779,271.39373779,71854000
2019-09-26,271.40288859,271.61260322,269.41499658,270.82839966,270.82839966,56179700
2019-09-27,271.58521603,271.69466501,267.81004719,269.36935425,269.36935425,84746600
2019-09-30,269.88922025,271.32997892,269.84363737,270.61871338,270.61871338,51662400
2019-10-01,271.50324178,272.15979673,267.18093790,267.39978027,267.39978027,88242400
2019-10-02,265.81314038,265.82226809,261.38141493,262.67626953,262.67626953,122539500
2019-10-03,262.44819515,264.85557184,259.72168270,264.82821655,264.82821655,85278800
2019-10-04,265.48476861,268.66722105,265.43003021,268.41189575,268.41189575,65091200
2019-10-07,267.60949186,269.24176526,266.97116457,267.25384521,267.25384521,59610500
2019-10-08,265.39356404,266.13218462,263.06825334,263.10473633,263.10473633,95708100
2019-10-09,265.12913438,266.54253738,264.49993489,265.60330200,265.60330200,62359400
2019-10-10,265.52130901,268.28430531,265.35717723,267.39978027,267.39978027,55296300
2019-10-11,270.16274729,272.41509259,270.04422624,270.17187500,270.17187500,98720400
2019-10-14,269.85268575,270.52749598,269.52442225,269.87094116,269.87094116,40394800
2019-10-15,270.91963984,273.29053416,270.80109095,272.54278564,272.54278564,46754500
2019-10-16,272.07768621,272.79807935,271.66735683,272.10504150,272.10504150,48928200
2019-10-17,273.27221717,273.78286779,272.21443293,272.90747070,272.90747070,45736600
2019-10-18,272.36947594,273.01690304,270.85575160,271.71292114,271.71292114,64304000
2019-10-21,273.03515062,273.75551586,272.59743815,273.55490112,273.55490112,39048600
2019-10-22,274.09297740,274.38478579,272.57015284,272.66134644,272.66134644,48594700
2019-10-23,272.40593337,273.50930042,272.19619094,273.45458984,273.45458984,34352200
2019-10-24,274.39382071,274.53972485,273.07158355,273.90139771,273.90139771,35453100
2019-10-25,273.32698999,275.57023555,273.27227940,275.02310181,275.02310181,45205400
2019-10-28,276.24500917,277.07482355,276.21765387,276.57327271,276.57327271,42147000
2019-10-29,276.29975437,277.42137725,276.17207776,276.49124146,276.49124146,44284900
2019-10-30,276.69180892,277.71311032,275.37869918,277.33926392,277.33926392,49643900
2019-10-31,277.33019853,277.33019853,275.14169107,276.60067749,276.60067749,69053800
2019-11-01,278.05049952,279.20857726,277.88633995,279.16299438,279.16299438,71141500
2019-11-04,280.72231944,280.85909590,279.91073272,280.28460693,280.28460693,60606900
2019-11-05,280.48513783,280.78607378,279.68267906,279.97448730,279.97448730,42933200
2019-11-06,279.97455283,280.31194402,279.09002799,280.03839111,280.03839111,46487100
2019-11-07,281.37890106,282.36371950,280.54908667,281.02325439,281.02325439,54272300
2019-11-08,280.67669086,281.77095814,279.97455318,281.71624756,281.71624756,49032100
2019-11-11,280.33018088,281.35148209,280.19337661,281.17822266,281.17822266,35797300
2019-11-12,281.54293455,282.67365679,280.99580102,281.77090454,281.77090454,46484600
2019-11-13,280.77701252,282.26338158,280.54904249,281.86215210,281.86215210,53917700
2019-11-14,281.57954234,282.35464621,280.94121497,282.27255249,282.27255249,51219900
2019-11-15,283.61292853,284.36067687,282.91991860,284.31509399,284.31509399,62023600
2019-11-18,284.07790705,284.76181689,283.62196716,284.52471924,284.52471924,49228000
2019-11-19,285.12665909,285.13578680,283.79532195,284.44274902,284.44274902,67804700
2019-11-20,283.85004702,284.36982538,281.82567201,283.38497925,283.38497925,79406200
2019-11-21,283.49446628,283.60388746,282.12664590,282.92907715,282.92907715,54664700
2019-11-22,283.67677640,283.81355285,282.54605399,283.55822754,283.55822754,44850200
2019-11-25,284.48842128,285.75592041,284.48842128,285.75592041,285.75592041,48647200
2019-11-26,285.79231526,286.58564641,285.47315169,286.40325928,286.40325928,37569000
2019-11-27,286.88663348,287.67999268,286.66779112,287.67999268,287.67999268,44444600
2019-11-29,287.11452947,287.36075489,286.38503659,286.61300659,286.61300659,36592700
2019-12-02,286.86834368,286.93218196,283.74972947,284.17831421,284.17831421,75767800
2019-12-03,281.45186574,282.35464621,280.06581762,282.27255249,282.27255249,73941700
2019-12-04,283.32115022,284.61600434,282.97463134,284.01416016,284.01416016,49080000
2019-12-05,284.71623403,284.73446161,283.21161013,284.52471924,284.52471924,40709000
2019-12-06,286.43971677,287.52485610,286.43058906,287.12362671,287.12362671,48927000
2019-12-09,286.73156735,287.40634969,286.14795076,286.22091675,286.22091675,34838500
2019-12-10,286.16624748,286.83190221,285.24523958,285.90179443,285.90179443,52649800
2019-12-11,286.35776276,286.96873479,285.81975673,286.71340942,286.71340942,53429100
2019-12-12,286.72251292,289.96880452,286.48544296,289.18460083,289.18460083,96389600
2019-12-13,288.94746140,290.58886238,288.17235770,289.35781860,289.35781860,81503900
2019-12-16,291.09034731,291.93838907,289.29394252,291.34567261,291.34567261,82749700
2019-12-17,291.72874007,292.02964830,291.32751053,291.40957642,291.40957642,61097700
2019-12-18,291.80160853,292.02957853,291.37302380,291.42773438,291.42773438,48133000
2019-12-19,291.61924079,292.69528044,291.36391548,292.62231445,292.62231445,85310500
2019-12-20,293.65783740,295.04155522,292.67734971,293.90527344,293.90527344,147142100
2019-12-23,294.69335913,294.74833871,294.20768755,294.35430908,294.35430908,52990000
2019-12-24,294.58332157,294.62912855,294.06098776,294.36340332,294.36340332,20270000
2019-12-26,294.74830322,295.93959251,294.73915860,295.93041992,295.93041992,30911200
2019-12-27,296.66345988,296.71843944,295.32557723,295.85705566,295.85705566,42528800
2019-12-30,295.93948313,296.07693201,293.74018926,294.22586060,294.22586060,49729100
2019-12-31,293.72201414,295.18820144,293.37379151,294.94076538,294.94076538,57077300
2020-01-02,296.48025398,297.71735029,295.55471790,297.69900513,297.69900513,59151200
2020-01-03,294.29930879,296.57190037,294.24432922,295.44476318,295.44476318,77709700
2020-01-06,293.68524133,296.65427720,293.56610963,296.57180786,296.57180786,55653900
2020-01-07,296.00373188,296.48025880,295.28896945,295.73800659,295.73800659,40496400
2020-01-08,295.93046049,298.53292974,295.68305239,297.31417847,297.31417847,68296000
2020-01-09,298.88106904,299.40340285,298.29458308,299.33007812,299.33007812,48473300
2020-01-10,299.91662000,300.07238614,298.00142363,298.46875000,298.46875000,53029300
2020-01-13,299.09183776,300.53050692,298.66114588,300.52136230,300.52136230,47086800
2020-01-14,300.08148859,301.13530078,299.50417524,300.06317139,300.06317139,62832800
2020-01-15,299.97162148,301.50193299,299.88915211,300.74136353,300.74136353,72056600
2020-01-16,302.12501652,303.24298096,301.89592567,303.24298096,303.24298096,54050300
2020-01-17,303.95764629,304.39748267,303.17873207,304.18673706,304.18673706,95846000
2020-01-21,303.22467723,304.39762140,303.15138046,303.59121704,303.59121704,77742400
2020-01-22,304.45252898,305.10316705,303.47204152,303.62780762,303.62780762,48914900
2020-01-23,302.97718061,304.38838783,301.85921635,303.97601318,303.97601318,51963000
2020-01-24,304.63589360,304.71836296,299.98075122,301.27282715,301.27282715,87578400
2020-01-27,296.01278964,297.92798529,295.67373975,296.44348145,296.44348145,84062500
2020-01-28,297.87311847,300.42978048,296.53523559,299.55007935,299.55007935,63834000
2020-01-29,300.91542085,301.14451171,299.10101124,299.30261230,299.30261230,53888900
2020-01-30,297.23159285,300.48469941,296.48019618,300.27392578,300.27392578,75491800
2020-01-31,299.65085010,299.80664419,293.90526130,294.82162476,294.82162476,113845600
2020-02-03,296.30612896,298.88110803,296.18699723,297.01171875,297.01171875,69083000
2020-02-04,300.63138329,302.40913074,300.31065047,301.53857422,301.53857422,62573200
2020-02-05,304.48007036,305.23149509,303.01391123,305.02072144,305.02072144,65951100
2020-02-06,305.98290596,306.23948659,304.96572804,306.04705811,306.04705811,50359700
2020-02-07,304.98403432,306.05616370,303.86606999,304.41589355,304.41589355,64139400
2020-02-10,303.52703981,306.75262871,303.49037745,306.68847656,306.68847656,42070000
2020-02-11,308.04469208,308.83275110,306.68846433,307.21997070,307.21997070,54864500
2020-02-12,308.65866182,309.41008650,308.29212207,309.19934082,309.19934082,43992700
2020-02-13,307.76979853,309.84078877,307.49490070,308.86944580,308.86944580,54501900
2020-02-14,309.28175796,309.48335899,308.08132439,309.36422729,309.36422729,64582200
2020-02-18,308.36547656,309.42846153,307.17418728,308.56707764,308.56707764,57226200
2020-02-19,309.53840023,310.72048888,309.25432982,310.04238892,310.04238892,48814700
2020-02-20,309.49258375,310.31733323,305.77215037,308.76867676,308.76867676,74163400
2020-02-21,307.41245205,307.72401227,304.76414822,305.58889771,305.58889771,113788200
2020-02-24,296.11370127,305.66219284,294.37258832,295.45391846,295.45391846,161088400
2020-02-25,296.84675754,297.46070535,285.62130606,286.50100708,286.50100708,218913200
2020-02-26,287.90314418,291.50444685,284.71421636,285.44729614,285.44729614,194773800
2020-02-27,279.91236120,285.50218363,272.62728882,272.62728882,272.62728882,284353500
2020-02-28,264.55413666,272.97551892,261.65842483,271.48184204,271.48184204,384975800
2020-03-02,273.26873093,283.30292168,269.83236806,283.23876953,283.23876953,238703600
2020-03-03,283.61450221,287.59151643,272.68229241,275.12896729,275.12896729,300139100
2020-03-04,280.51714046,286.91336663,277.96047892,286.69342041,286.69342041,176613400
2020-03-05,279.47258428,282.67068433,274.91825601,277.16333008,277.16333008,186366800
2020-03-06,268.63198752,273.79111913,265.95622143,272.58151245,272.58151245,228667200
2020-03-09,252.27492152,260.42140844,250.57967101,251.29443359,251.29443359,309417300
2020-03-10,260.83363359,264.38909930,250.62533416,264.29748535,264.29748535,276444100
2020-03-11,257.22322079,258.35950247,248.22452537,251.41345215,251.41345215,255316300
2020-03-12,234.58907093,244.35750982,226.96491941,227.35896301,227.35896301,392220700
2020-03-13,241.08604411,248.77434647,227.73463661,246.79499817,246.79499817,329566100
2020-03-16,221.00854609,235.41378168,217.50804473,219.78979492,219.78979492,297240000
2020-03-17,224.54571768,234.74486243,217.24231307,231.65670776,231.65670776,262070500
2020-03-18,216.49086785,227.59718854,208.94920048,219.92723083,219.92723083,327597100
2020-03-19,219.23990335,226.68994091,212.79787095,220.39451599,220.39451599,289322000
2020-03-20,223.55250102,225.34070207,210.62032219,210.89685059,210.89685059,347158800
2020-03-23,210.33454691,211.70794810,201.18154416,205.50456238,205.50456238,326025200
2020-03-24,216.07707249,224.99963793,215.50559082,224.12396240,224.12396240,235494500
2020-03-25,225.70937931,236.29110106,220.99001416,227.47914124,227.47914124,299430300
2020-03-26,229.99555681,242.23640785,229.56233226,240.76162720,240.76162720,257632800
2020-03-27,233.45210539,240.40210846,231.40581507,233.59036255,233.59036255,224341200
2020-03-30,235.69195541,241.89534169,233.69175550,241.17637634,241.17637634,171369500
2020-03-31,240.17166346,242.72490599,236.17126374,237.58154297,237.58154297,194881100
2020-04-01,228.57604420,237.49861038,224.81529457,226.88923645,226.88923645,189554600
2020-04-02,226.00436908,232.90828238,225.45131227,232.12480164,232.12480164,177660400
2020-04-03,231.13848721,233.49818374,226.03198818,228.76959229,228.76959229,135561200
2020-04-06,237.66450471,246.10775542,228.75116559,244.13519287,244.13519287,188061200
2020-04-07,252.75351050,253.50935360,244.16280655,244.38401794,244.38401794,201427200
2020-04-08,246.99265103,254.40354477,244.49471106,252.58769226,252.58769226,153774500
2020-04-09,255.85988666,259.19665226,253.91500361,256.43139648,256.43139648,189999200
2020-04-13,255.45433661,255.79538032,250.17268807,254.09013367,254.09013367,114839100
2020-04-14,258.99383352,262.60708486,253.95185000,261.58395386,261.58395386,134143400
2020-04-15,255.85065226,261.72220669,253.90574135,256.02578735,256.02578735,121775000
2020-04-16,257.30703215,258.11817831,254.18230790,257.26095581,257.26095581,131798300
2020-04-17,263.04952128,264.81926891,260.30269092,264.21093750,264.21093750,146684800
2020-04-20,260.49626804,264.34921202,259.33487987,259.55609131,259.55609131,100109300
2020-04-21,255.07643799,256.28393084,250.73496587,251.67517090,251.67517090,126385700
2020-04-22,256.56964190,259.01227876,255.24231694,257.26095581,257.26095581,92951600
2020-04-23,258.54216615,261.72222127,256.93832694,257.24249268,257.24249268,104709700
2020-04-24,258.76350066,261.50110577,256.70798317,260.82821655,260.82821655,85063200
2020-04-27,262.80992311,265.71343626,262.34904712,264.58889771,264.58889771,77896600
2020-04-28,268.24823990,268.59851014,263.06799849,263.37219238,263.37219238,105270000
2020-04-29,268.71837007,271.80624502,267.68601229,270.26690674,270.26690674,118745600
2020-04-30,268.88425570,270.36829098,266.00839410,267.75051880,267.75051880,122901700
2020-05-01,262.98503614,267.91641450,259.49158851,260.66223145,260.66223145,125180000
2020-05-04,258.77268184,261.68542193,257.28867443,261.38125610,261.38125610,80873200
2020-05-05,264.21103383,266.61679329,261.51027881,263.79623413,263.79623413,79569900
2020-05-06,265.50138157,265.88850156,261.57471012,262.00793457,262.00793457,73632600
2020-05-07,265.23414609,267.10530158,264.66266434,265.16961670,265.16961670,75250400
2020-05-08,268.31272783,270.02720081,267.17896299,269.55709839,269.55709839,76452400
2020-05-11,267.62149989,270.99511594,267.19750180,269.61248779,269.61248779,79514200
2020-05-12,270.80145438,271.21622579,264.10030116,264.23858643,264.23858643,95870800
2020-05-13,263.67631269,264.71789671,257.13186941,259.56530762,259.56530762,144721100
2020-05-14,257.12263500,262.80060043,251.62897489,262.67156982,262.67156982,121977900
2020-05-15,260.27503664,263.92516569,259.32563347,263.87908936,263.87908936,111146300
2020-05-18,270.11938163,273.52987490,269.79679097,271.91680908,271.91680908,119703800
2020-05-19,271.31764461,273.03208943,269.10544594,269.12387085,269.12387085,95189300
2020-05-20,272.67263921,274.56221925,272.44220125,273.69577026,273.69577026,85861700
2020-05-21,273.56676294,274.37790914,270.70932633,271.80621338,271.80621338,78293900
2020-05-22,271.52046803,272.49752281,270.27609732,272.32238770,272.32238770,63958200
2020-05-26,278.30451905,278.54418353,272.34078368,275.67752075,275.67752075,88951400
2020-05-27,278.47968433,279.81623586,273.64048677,279.77935791,279.77935791,104817400
2020-05-28,280.81172009,282.83035907,278.59029456,279.26318359,279.26318359,90405200
2020-05-29,278.79306472,281.09744442,276.03703561,280.50753784,280.50753784,119090800
2020-06-01,279.86229155,282.24962546,279.34611277,281.64126587,281.64126587,55758300
2020-06-02,282.56307865,284.01946263,281.22655506,283.97335815,283.97335815,74267200
2020-06-03,285.96424084,288.71107106,285.68772658,287.75244141,287.75244141,92567600
2020-06-04,286.76617461,288.50829893,284.89501968,286.99661255,286.99661255,75794400
2020-06-05,292.40738129,296.13123892,292.34285190,294.35226440,294.35226440,150524700
2020-06-08,295.16335633,298.10374677,294.61952616,297.91018677,297.91018677,73641200
2020-06-09,295.23716515,297.98399634,294.37071599,295.68884277,295.68884277,77479200
2020-06-10,296.26947005,297.16357040,293.31985309,294.03881836,294.03881836,95000800
2020-06-11,287.08881187,287.72482287,276.53477049,277.08779907,277.08779907,209243600
2020-06-12,284.12081775,284.89508603,275.23514341,280.40615845,280.40615845,194678900
2020-06-15,274.70050677,284.15769081,273.52066540,283.02392578,283.02392578,135782700
2020-06-16,290.79432961,290.94181331,283.59544878,288.47149658,288.47149658,137627500
2020-06-17,289.49461876,289.78958611,286.53577498,287.27319336,287.27319336,83398900
2020-06-18,285.75235911,287.86315103,285.29148309,287.38385010,287.38385010,80828700
2020-06-19,290.86120433,291.05561617,283.78801540,285.74148560,285.74148560,135549600
2020-06-22,285.13958344,287.97255353,283.99159062,287.57446289,287.57446289,74649400
2020-06-23,290.23157291,291.16664813,288.49104916,288.89840698,288.89840698,68471200
2020-06-24,286.85238846,287.47269234,279.68664256,281.52899170,281.52899170,132813500
2020-06-25,280.95497927,284.81561139,278.92745731,284.54711914,284.54711914,89468000
2020-06-26,283.44536707,283.65831307,277.20543049,277.78866577,277.78866577,127961000
2020-06-29,279.04787807,282.01044762,276.75186335,281.87158203,281.87158203,79773300
2020-06-30,281.43637069,287.18565884,281.27899915,285.48214722,285.48214722,113394800
2020-07-01,286.60243281,288.75031448,286.13952874,287.48193359,287.48193359,72396500
2020-07-02,290.92601062,292.27771118,288.39857188,289.06515503,289.06515503,69344200
2020-07-06,292.89795350,294.11076006,292.14805108,293.52749634,293.52749634,61713800
2020-07-07,291.98132896,293.96254337,290.12044585,290.50003052,290.50003052,82910000
2020-07-08,291.26842907,292.83304678,289.50016072,292.72195435,292.72195435,54638600
2020-07-09,293.33308342,293.57380261,287.63010119,291.05560303,291.05560303,83354200
2020-07-10,290.99081561,294.29595815,289.55582399,294.02746582,294.02746582,57550400
2020-07-13,296.37894749,298.76751992,290.82409896,291.48141479,291.48141479,102997500
2020-07-14,290.05566284,296.03640343,288.85212362,295.25872803,295.25872803,93657000
2020-07-15,298.48976370,299.07302727,295.58271299,297.97131348,297.97131348,87196500
2020-07-16,296.06421255,297.44365773,295.41613551,296.99002075,296.99002075,54622500
2020-07-17,297.99914588,298.63795580,296.01790279,297.85101318,297.85101318,62774900
2020-07-20,297.58254870,301.00805064,296.83264626,300.25814819,300.25814819,56308800
2020-07-21,302.23007760,302.67444742,299.90629013,300.89691162,300.89691162,57292200
2020-07-22,300.53584837,302.92444930,300.42475590,302.60964966,302.60964966,57792900
2020-07-23,302.24858858,302.95221181,297.62881494,298.99899292,298.99899292,75738000
2020-07-24,297.13805552,298.10087539,295.56417080,297.07324219,297.07324219,73766600
2020-07-27,297.76762325,299.41556032,296.97141370,299.23965454,299.23965454,48293000
2020-07-28,298.50832649,299.62857474,297.04556199,297.34182739,297.34182739,57495000
2020-07-29,298.22132426,301.56350646,298.18428402,300.99874878,300.99874878,48454200
2020-07-30,298.01761181,300.34139910,295.92530478,299.92477417,299.92477417,61861700
2020-07-31,301.72092524,302.39677548,297.48997444,302.29492188,302.29492188,84986800
2020-08-03,303.96132292,305.16486215,303.41509953,304.39645386,304.39645386,53077900
2020-08-04,303.53538525,305.57217407,303.53538525,305.57217407,305.57217407,41917900
2020-08-05,306.87762078,307.72937669,306.60912851,307.47012329,307.47012329,42697700
2020-08-06,306.88689056,309.64578072,306.56285206,309.52542114,309.52542114,43679400
2020-08-07,308.55334968,310.03464842,307.64604749,309.74765015,309.74765015,57308300
2020-08-10,310.20129069,310.85860660,308.25708784,310.67346191,310.67346191,44282100
2020-08-11,311.85854957,312.49735960,307.37764053,308.10900879,308.10900879,69601100
2020-08-12,310.55304703,313.18233844,310.52527392,312.40466309,312.40466309,53774400
2020-08-13,311.63622589,313.15456461,310.91409676,311.83990479,311.83990479,41816100
2020-08-14,311.45109145,312.38616662,310.71969517,311.84918213,311.84918213,47260400
2020-08-17,312.86764739,313.23796504,311.85851977,312.83987427,312.83987427,35481000
2020-08-18,313.23789615,313.94151931,311.63623803,313.51565552,313.51565552,38733900
2020-08-19,313.89518465,314.41363486,311.64547804,312.21023560,312.21023560,68054200
2020-08-20,310.47900088,313.66378310,310.34940243,313.18237305,313.18237305,42207800
2020-08-21,312.84904625,314.51548932,312.50647356,314.29330444,314.29330444,55106600
2020-08-24,316.73754682,317.55226269,314.26565436,317.47821045,317.47821045,48588700
2020-08-25,318.04285742,318.67240015,316.87633016,318.58908081,318.58908081,38463400
2020-08-26,319.18165375,322.05163665,318.63543028,321.78317261,321.78317261,50790200
2020-08-27,322.65342232,323.94028101,320.82031193,322.48675537,322.48675537,58034100
2020-08-28,323.51447841,324.69951199,322.32017770,324.56988525,324.56988525,48588900
2020-08-31,324.35689136,325.23639215,323.16259093,323.39404297,323.39404297,66099200
2020-09-01,324.22724649,326.54176674,323.32921150,326.43994141,326.43994141,54908700
2020-09-02,328.35636272,332.13364724,327.20834149,331.16156006,331.16156006,69540000
2020-09-03,329.46734397,329.93951517,317.17261279,319.76489258,319.76489258,148011100
2020-09-04,320.45005029,322.02390754,310.02543917,317.15417480,317.15417480,139156300
2020-09-08,311.72888475,317.21894909,308.18305162,308.48855591,308.48855591,114465300
2020-09-09,312.50655367,317.05227543,311.63629169,314.58038330,314.58038330,91462300
2020-09-10,316.45969254,317.11700830,308.15519378,309.11804199,309.11804199,90569500
2020-09-11,310.90485228,311.96952584,306.44245090,309.27542114,309.27542114,84680200
2020-09-14,312.45102490,315.12662437,309.42364202,313.34906006,313.34906006,65605700
2020-09-15,315.81162958,316.64485115,313.35824396,314.93212891,314.93212891,52920900
2020-09-16,316.17273810,317.60772937,313.40455263,313.68231201,313.68231201,82096000
2020-09-17,308.81255946,312.64541870,308.28484204,310.92340088,310.92340088,91523300
2020-09-18,311.73108748,311.84262461,304.85268995,307.34378052,307.34378052,105877900
2020-09-21,302.74277551,304.07197396,299.05260313,303.92324829,303.92324829,99450800
2020-09-22,305.41048278,307.57623835,302.89147892,307.01852417,307.01852417,63612100
2020-09-23,307.57620454,307.85507579,299.39649195,299.89843750,299.89843750,93112200
2020-09-24,298.57855421,303.76523099,297.25863155,300.69784546,300.69784546,76681300
2020-09-25,299.84269919,306.34929905,298.96898188,305.55923462,305.55923462,71069400
2020-09-28,309.73270851,311.35005407,308.73812156,310.63433838,310.63433838,64584600
2020-09-29,310.42985533,311.17345534,308.24549131,308.94262695,308.94262695,51304000
2020-09-30,309.61183084,314.44531523,309.41664083,311.28497314,311.28497314,104081100
2020-10-01,313.88762577,314.86360425,311.39653473,313.28344727,313.28344727,88698700
2020-10-02,308.31984501,313.25556272,307.84578373,310.30899048,310.30899048,89431100
2020-10-05,312.37252335,315.99762287,312.32605899,315.81173706,315.81173706,45713100
2020-10-06,315.95116485,318.05187595,310.81095263,311.32217407,311.32217407,90128900
2020-10-07,314.28737112,317.54997539,314.25948682,316.74130249,316.74130249,56999600
2020-10-08,318.68389858,319.61341264,317.76366038,319.54833984,319.54833984,45242500
2020-10-09,321.20286598,322.86670404,320.58010747,322.40194702,322.40194702,59528600
2020-10-12,324.94883688,329.06657761,324.45619553,327.58865356,327.58865356,80388500
2020-10-13,327.44928619,327.62589617,324.48413340,325.45083618,325.45083618,73255500
2020-10-14,326.02699770,327.12381729,322.67146617,323.40576172,323.40576172,57727900
2020-10-15,319.48329801,323.48950169,318.94419229,323.00616455,323.00616455,60357700
2020-10-16,324.36321619,326.02705429,322.63433366,322.81094360,322.81094360,89501900
2020-10-19,324.07503407,324.70709675,317.00144650,317.90307617,317.90307617,68425600
2020-10-20,319.25092336,322.42987425,318.48874331,319.17657471,319.17657471,60051900
2020-10-21,319.13010405,321.30519228,318.26566264,318.57241821,318.57241821,63575000
2020-10-22,318.78610133,320.90539204,316.63892634,320.31979370,320.31979370,55399300
2020-10-23,321.54683112,321.60259970,318.94420278,321.40740967,321.40740967,49143900
2020-10-26,318.01466351,318.80475617,311.96351764,315.46780396,315.46780396,91473000
2020-10-27,315.81173929,316.14635077,314.16648107,314.38027954,314.38027954,65994100
2020-10-28,308.69159861,314.40810391,303.14239901,303.63504028,303.63504028,127094300
2020-10-29,303.86742404,309.89996080,302.17570176,306.72103882,306.72103882,90597700
2020-10-30,305.14090512,306.45152348,299.86127154,303.52355957,303.52355957,120287300
2020-11-02,306.92553711,308.93326241,304.17415522,306.92553711,306.92553711,86068300
2020-11-03,310.16954502,314.40812681,307.00920293,312.34460449,312.34460449,93294200
2020-11-04,316.83416748,323.41514330,315.65369477,319.32528687,319.32528687,126959700
2020-11-05,324.62349493,327.36557287,324.27027504,325.55300903,325.55300903,82039700
2020-11-06,325.26490025,326.73354859,323.14560899,325.47869873,325.47869873,74973000
2020-11-09,338.31521159,338.69631573,329.10372445,329.56848145,329.56848145,172304200
2020-11-10,328.57392479,330.14480587,325.80399098,329.08517456,329.08517456,85552000
2020-11-11,331.27885920,332.35709909,330.03331356,331.52984619,331.52984619,58649000
2020-11-12,330.51660349,331.57626316,326.50112424,328.31365967,328.31365967,67546200
2020-11-13,330.22846797,333.60260873,329.70794234,332.85900879,332.85900879,62892200
2020-11-16,335.53605285,337.20916709,334.24401447,337.01397705,337.01397705,74541100
2020-11-17,334.59714605,336.40970965,333.08203374,335.20132446,335.20132446,66111000
2020-11-18,335.47095238,336.01936232,331.13010885,331.16729736,331.16729736,70591300
2020-11-19,330.53528069,332.93341503,329.18747365,332.56161499,332.56161499,59940900
2020-11-20,332.30126815,332.50576237,330.20986156,330.28421021,330.28421021,70417300
2020-11-23,332.09685440,333.52831430,329.85672162,332.26416016,332.26416016,63230600
2020-11-24,334.82025659,338.16651293,333.96511953,337.61810303,337.61810303,62415900
2020-11-25,337.53443743,337.56232172,336.00074494,337.09756470,337.09756470,45330900
2020-11-27,338.19440898,338.51044038,337.02321213,338.03640747,338.03640747,28514100
2020-11-30,337.25554098,337.52510798,333.85354482,336.53982544,336.53982544,83872700
2020-12-01,339.80246933,341.76373042,339.20756670,340.22073364,340.22073364,74231400
2020-12-02,339.10537932,341.09452497,338.52908505,340.93652344,340.93652344,45927000
2020-12-03,340.83420164,342.23777692,339.73738188,340.84350586,340.84350586,62882000
2020-12-04,341.42909241,343.78076172,341.33613534,343.78076172,343.78076172,50749900
2020-12-07,343.00926803,343.56698214,341.80091110,343.07434082,343.07434082,48944300
2020-12-08,341.80089586,344.64520649,341.75443151,344.07821655,344.07821655,42458900
2020-12-09,344.73825088,344.89625242,340.15575242,340.99230957,340.99230957,74098300
2020-12-10,339.61652249,341.93100325,338.74277707,340.88067627,340.88067627,57735400
2020-12-11,339.17973434,340.89003711,337.65534577,340.48104858,340.48104858,57698600
2020-12-14,342.65611106,343.73432252,338.78002456,338.95663452,338.95663452,69216200
2020-12-15,341.50354600,343.53918457,340.12788300,343.53918457,343.53918457,63865300
2020-12-16,343.75288097,344.99842635,342.86983131,344.07821655,344.07821655,58420500
2020-12-17,345.72344596,346.20678304,344.89616487,346.00228882,346.00228882,64119500
2020-12-18,346.29181120,346.45983015,342.60456728,344.62088013,344.62088013,136542300
2020-12-21,340.69087889,353.28346626,337.94645603,343.38861084,343.38861084,96386700
2020-12-22,343.71534877,343.82736138,341.68037698,342.80987549,342.80987549,47949000
2020-12-23,343.78064960,345.03150442,342.79116700,343.11788940,343.11788940,46201400
2020-12-24,343.59391761,344.48073142,343.00585151,344.45272827,344.45272827,26457900
2020-12-28,347.01047928,347.80393985,346.38506610,347.41189575,347.41189575,39000400
2020-12-29,348.94279010,349.12015288,346.16102034,346.74911499,346.74911499,53680500
2020-12-30,347.57049676,348.27994773,346.85173039,347.24377441,347.24377441,49455300
2020-12-31,347.04784213,349.73625862,346.53444152,349.00814819,349.00814819,78520700
2021-01-04,350.34293770,350.47363804,340.55078183,344.25668335,344.25668335,110210800
2021-01-05,343.61263632,347.71992640,343.56594542,346.62774658,346.62774658,66426200
2021-01-06,345.11549733,351.90188792,344.56474976,348.70004272,348.70004272,107997700
2021-01-07,351.08040029,354.62759841,350.90303754,353.88082886,353.88082886,68766800
2021-01-08,355.27177508,356.11189813,352.01395160,355.89721680,355.89721680,71677200
2021-01-11,352.71399131,355.26236313,352.59263485,353.49810791,353.49810791,51034700
2021-01-12,353.68482550,354.59027010,351.32310327,353.57278442,353.57278442,52547700
2021-01-13,353.49816421,355.52379195,352.71404748,354.52499390,354.52499390,45303600
2021-01-14,355.27178711,355.77587236,352.94743995,353.28347778,353.28347778,49989100
2021-01-15,351.65925855,352.46203465,348.84016985,350.70712280,350.70712280,107160000
2021-01-19,353.17144004,354.00224767,351.68721606,353.46081543,353.46081543,51233300
2021-01-20,355.75717270,359.19238746,355.36512857,358.35226440,358.35226440,61836100
2021-01-21,358.91235471,359.34177439,357.75485302,358.67898560,358.67898560,47840100
2021-01-22,356.82139011,358.57633048,356.43866133,357.40948486,357.40948486,52860500
2021-01-25,358.14686565,359.17366679,353.28343360,358.81896973,358.81896973,70402000
2021-01-26,359.77107703,360.18180885,358.02548104,358.25885010,358.25885010,42665300
2021-01-27,354.92639473,355.01974806,347.26256153,349.50289917,349.50289917,123351100
2021-01-28,351.32313383,356.52260377,350.88442731,352.50866699,352.50866699,94198100
2021-01-29,350.64166339,351.61248659,343.77126386,345.45153809,345.45153809,126765100
2021-02-01,348.85877802,352.23795780,345.74097047,351.20181274,351.20181274,75817600
2021-02-02,354.39427789,357.72679518,351.28581429,356.16787720,356.16787720,64450700
2021-02-03,356.99871518,358.17490456,355.16910942,356.44796753,356.44796753,52427100
2021-02-04,357.48406791,360.54586896,356.55993551,360.49920654,360.49920654,47142600
2021-02-05,362.37560525,362.62763366,360.45264585,361.91818237,361.91818237,48669800
2021-02-08,363.37442156,364.57861434,362.51563905,364.53195190,364.53195190,38365200
2021-02-09,363.69168503,364.88656204,363.28098167,364.28912354,364.28912354,35551100
2021-02-10,366.03470113,366.18406075,361.72204543,364.13040161,364.13040161,59154400
2021-02-11,365.21330826,365.63338405,362.28220709,364.71856689,364.71856689,42913300
2021-02-12,363.91579540,366.76288714,363.84110133,366.52020264,366.52020264,50593300
2021-02-16,367.75236359,367.94841415,365.48402272,366.20278931,366.20278931,50972400
2021-02-17,364.44788499,366.53886310,363.43037060,366.28683472,366.28683472,52290600
2021-02-18,363.67304194,365.47464443,361.94610502,364.72787476,364.72787476,59712800
2021-02-19,365.98807044,366.27744582,363.63569186,364.08377075,364.08377075,83241000
2021-02-22,361.31138938,363.70108680,361.01267009,361.28338623,361.28338623,67414200
2021-02-23,359.07103736,363.07565912,354.90774057,361.72210693,361.72210693,107284100
2021-02-24,360.62995454,366.13748854,359.64047175,365.70806885,365.70806885,72433900
2021-02-25,364.43850086,365.81071222,355.44911916,356.89599609,356.89599609,146670500
2021-02-26,358.78159638,359.92975392,353.06872639,355.05700684,355.05700684,152701600
2021-03-01,359.93907444,364.91451840,355.25303430,363.66363525,363.66363525,105348800
2021-03-02,363.88772878,364.12109785,360.32184257,360.82592773,360.82592773,79595300
2021-03-03,360.12582614,361.09662097,355.94384210,356.04653931,356.04653931,119940200
2021-03-04,355.85983607,358.45489904,347.14117085,351.64053345,351.64053345,183433000
2021-03-05,355.15045563,359.16442161,347.85069117,358.10958862,358.10958862,152039600
2021-03-08,359.07096041,361.89004829,356.04650662,356.32653809,356.32653809,123149200
2021-03-09,360.18183643,363.97174793,359.67775125,361.41403198,361.41403198,113633600
2021-03-10,363.76633245,365.36256873,362.34745892,363.66363525,363.66363525,109899400
2021-03-11,366.13741385,369.32988680,365.67999110,367.35092163,367.35092163,86245000
2021-03-12,365.98800314,367.98562730,365.17588344,367.84561157,367.84561157,64653600
2021-03-15,368.09762982,370.30064830,365.95064612,370.03927612,370.03927612,73427200
2021-03-16,370.65546784,371.36489051,368.79783050,369.57263184,369.57263184,73722500
2021-03-17,368.28442401,371.63560070,367.13623784,370.83282471,370.83282471,97959300
2021-03-18,368.23768433,370.32866180,364.75580801,365.43725586,365.43725586,115349100
2021-03-19,365.13571611,366.71846015,362.57896916,364.76110840,364.76110840,113624500
2021-03-22,365.27621275,369.05981664,365.22002302,367.67373657,367.67373657,73778600
2021-03-23,367.03692636,368.48854216,363.99319183,364.77987671,364.77987671,90686600
2021-03-24,366.18468475,367.82361876,362.87872186,362.92553711,362.92553711,97588600
2021-03-25,361.48331733,365.76325497,359.53531107,364.96722412,364.96722412,116128600
2021-03-26,366.11909025,371.25130490,365.51972358,370.84860229,370.84860229,114409100
2021-03-29,369.36886440,371.56972418,367.87977933,370.66128540,370.66128540,108107600
2021-03-30,369.38756386,370.35219224,368.07639406,369.67788696,369.67788696,76262200
2021-03-31,370.24920194,372.74038482,370.22110707,371.17636108,371.17636108,112734200
2021-04-01,373.11502193,375.24097173,372.90898338,375.18475342,375.18475342,99682900
2021-04-05,377.85391248,381.11306034,377.77900235,380.56985474,380.56985474,91684800
2021-04-06,380.00792384,381.39397543,379.67075685,380.34506226,380.34506226,62021000
2021-04-07,380.17647612,381.13173017,379.71758378,380.78521729,380.78521729,55836300
2021-04-08,382.04019146,382.64893266,381.10365774,382.59274292,382.59274292,57863100
2021-04-09,382.47103579,385.54286538,382.34928183,385.37426758,385.37426758,61104600
2021-04-12,384.77483992,385.78628364,384.16609879,385.51470947,385.51470947,56704900
2021-04-13,385.41174078,387.28480832,385.02775850,386.65731812,386.65731812,56551000
2021-04-14,386.62915384,387.68744138,384.79355598,385.33676147,385.33676147,61659900
2021-04-15,387.48143601,389.74786009,387.43462076,389.47625732,389.47625732,60229800
2021-04-16,390.76867117,391.38678682,389.34515029,390.77804565,390.77804565,82037300
2021-04-19,389.84147065,390.29098847,387.52823161,388.85809326,388.85809326,78498500
2021-04-20,387.64063725,388.74574007,384.53133874,386.01107788,386.01107788,81851800
2021-04-21,385.39289238,389.86952117,385.25238950,389.66348267,389.66348267,66793000
2021-04-22,389.49504310,390.32854329,385.03713321,386.10476685,386.10476685,97582800
2021-04-23,386.66669552,391.70525181,386.59178539,390.29107666,390.29107666,73209200
2021-04-26,390.94664023,391.67713539,390.35661941,391.10583496,391.10583496,52182400
2021-04-27,391.40555821,391.60225088,389.87900357,391.02157593,391.02157593,51303100
2021-04-28,391.29316195,392.41701388,390.44091281,390.90917969,390.90917969,51238900
2021-04-29,393.64389856,394.01850637,390.01014280,393.40039062,393.40039062,78544300
2021-04-30,391.12459338,391.97684252,389.91645685,390.81552124,390.81552124,85527000
2021-05-03,392.81033494,393.19431720,391.16205502,391.65841675,391.65841675,68128300
2021-05-04,389.66354751,390.15990918,385.54280532,389.24209595,389.24209595,101591200
2021-05-05,390.89044613,391.12457956,388.80196566,389.36389160,389.36389160,60162200
2021-05-06,389.43875622,392.60424437,387.42521468,392.47314453,392.47314453,74321400
2021-05-07,393.24113804,395.98517485,392.55745817,395.32958984,395.32958984,67733800
2021-05-10,395.68550860,395.91026755,391.29316303,391.41491699,391.41491699,81852400
2021-05-11,386.88200082,388.91426255,384.03493093,387.92153931,387.92153931,116888000
2021-05-12,385.13077847,386.40445063,378.35962927,379.68014526,379.68014526,134811000
2021-05-13,381.23488391,386.17978205,381.18804006,384.24114990,384.24114990,106394000
2021-05-14,386.98506050,390.99342337,386.95696563,390.14117432,390.14117432,82201600
2021-05-17,389.02680366,389.96333750,387.12561254,389.14852905,389.14852905,65129200
2021-05-18,389.41072189,389.65422981,385.63649202,385.79571533,385.79571533,59810200
2021-05-19,381.09426361,384.96212336,379.60515004,384.78417969,384.78417969,106467100
2021-05-20,385.66455855,390.18803224,385.54283318,388.92370605,388.92370605,78022200
2021-05-21,390.41281944,391.65842533,388.14642377,388.60531616,388.60531616,76578700
2021-05-24,390.85296086,393.64384151,390.60945296,392.56683350,392.56683350,51376700
2021-05-25,393.65309122,394.00897850,391.11509358,391.69573975,391.69573975,57451400
2021-05-26,392.28582638,392.97885210,391.24628780,392.47314453,392.47314453,43088600
2021-05-27,393.50341456,394.01849671,392.39828297,392.67926025,392.67926025,56707700
2021-05-28,394.25256121,394.51478948,393.14745839,393.38159180,393.38159180,58520200
2021-06-01,395.75103712,395.89151146,392.59492325,393.03509521,393.03509521,54216600
2021-06-02,393.69066759,394.49610144,392.67922377,393.65319824,393.65319824,49097100
2021-06-03,391.33057427,393.33474134,389.86020965,392.19216919,392.19216919,58138800
2021-06-04,394.04652086,396.07881139,392.25773821,395.77911377,395.77911377,55938800
2021-06-07,395.76981044,395.94775414,394.45866885,395.39520264,395.39520264,51555000
2021-06-08,396.25677209,396.35043118,393.64386356,395.47946167,395.47946167,47134300
2021-06-09,396.32229963,396.39723832,394.66464537,394.88940430,394.88940430,48436300
2021-06-10,396.11626495,397.68028872,394.79574907,396.72500610,396.72500610,51020100
2021-06-11,397.27764075,397.49302523,395.98521957,397.38064575,397.38064575,45570800
2021-06-14,397.49301620,398.37336022,396.24743888,398.27035522,398.27035522,42358500
2021-06-15,398.42023055,398.45767133,396.65954240,397.53988647,397.53988647,51508500
2021-06-16,397.68027343,397.90503235,393.26920811,395.32019043,395.32019043,80386100
2021-06-17,394.90826025,396.17255814,392.70739988,395.18920898,395.18920898,90949700
2021-06-18,391.89682121,392.59211437,389.65119750,389.85791016,389.85791016,118676300
2021-06-21,391.62429220,395.62698740,390.80684683,395.43905640,395.43905640,72822000
2021-06-22,395.42966000,398.38938674,394.70615149,397.55313110,397.55313110,57700300
2021-06-23,397.62830322,398.43634338,396.98938375,397.07394409,397.07394409,49445400
2021-06-24,399.22560515,399.84571428,398.97189546,399.42291260,399.42291260,45110300
2021-06-25,400.17466001,401.29278358,399.84579508,400.84176636,400.84176636,58129500
2021-06-28,401.36791247,401.81890096,400.16522871,401.64978027,401.64978027,53159600
2021-06-29,402.03499592,402.67391536,401.33029777,401.86587524,401.86587524,35970500
2021-06-30,401.40549887,402.88067404,401.37731209,402.20416260,402.20416260,64827900
2021-07-01,402.96522975,404.59074397,402.89945104,404.43099976,404.43099976,53441000
2021-07-02,405.59608382,407.87929897,404.51552371,407.52224731,407.52224731,57697700
2021-07-06,407.57872366,407.79484147,404.03645036,406.78005981,406.78005981,68710400
2021-07-07,407.46589321,408.49945630,405.44576414,408.21755981,408.21755981,63549500
2021-07-08,402.88060506,405.65242908,401.69670306,404.89135742,404.89135742,97595200
2021-07-09,406.40408326,409.51414852,404.69400903,409.21347046,409.21347046,76238600
2021-07-12,409.12896053,410.93300047,408.69675367,410.67929077,410.67929077,52889600
2021-07-13,409.89009068,411.39345273,409.01627170,409.27935791,409.27935791,52911300
2021-07-14,410.97995122,411.46856028,408.64036256,409.89001465,409.89001465,64130400
2021-07-15,408.54651640,409.22302796,406.58276044,408.49014282,408.49014282,55126400
2021-07-16,409.67403654,409.72100496,404.89148729,405.28610229,405.28610229,75874700
2021-07-19,400.44712204,405.35182289,396.48201884,399.30081177,399.30081177,147987000
2021-07-20,399.96784914,406.30075567,399.16918555,405.02288818,405.02288818,99608200
2021-07-21,406.22559100,408.44305607,404.97593891,408.30209351,408.30209351,64724400
2021-07-22,408.48059317,409.40140901,407.49402730,409.15710449,409.15710449,47878500
2021-07-23,411.09267760,413.70475744,410.40678980,413.36651611,413.36651611,63766600
2021-07-26,412.77467409,414.39078333,412.72770568,414.38137817,414.38137817,43719200
2021-07-27,413.33833831,413.36652509,409.65510351,412.49270630,412.49270630,67397100
2021-07-28,413.12224153,413.70478742,410.89539994,412.32357788,412.32357788,52472400
2021-07-29,413.25380753,415.11419235,413.24440238,414.03366089,414.03366089,47435300
2021-07-30,411.45918493,413.47931402,411.32762750,412.02294922,412.02294922,68951200
2021-08-02,413.74246311,414.29682233,410.80151761,411.15856934,411.15856934,58783300
2021-08-03,411.95723818,414.62569233,409.75858289,414.50354004,414.50354004,58053900
2021-08-04,413.21620514,414.47526240,412.22963919,412.46453857,412.46453857,46732200
2021-08-05,413.62964136,415.16118998,413.31018163,415.07662964,415.07662964,38969700
2021-08-06,415.39611456,416.18537312,415.11421807,415.76254272,415.76254272,46930000
2021-08-09,415.73434048,416.05380021,414.65380899,415.42428589,415.42428589,41222600
2021-08-10,415.87535287,416.65523507,415.18946485,415.94113159,415.94113159,43339300
2021-08-11,417.01220131,417.06857487,415.88467275,416.97460938,416.97460938,44034300
2021-08-12,416.82428243,418.36523626,415.92227677,418.22427368,418.22427368,38909400
2021-08-13,418.67526831,419.00413319,418.18668791,418.98535156,418.98535156,39470300
2021-08-16,417.67927313,420.10342205,416.11953785,419.97189331,419.97189331,73740000
2021-08-17,417.40680489,418.08331627,414.22158412,417.21890259,417.21890259,92673900
2021-08-18,416.20414359,417.77328419,412.40818994,412.65246582,412.65246582,89351900
2021-08-19,409.91826020,414.49412488,409.77732629,413.29141235,413.29141235,92812200
2021-08-20,413.63916102,416.90894310,413.15055180,416.58007812,416.58007812,72008700
2021-08-23,418.27128504,421.15585665,416.65517597,420.24444580,420.24444580,54973000
2021-08-24,420.91162109,421.44719871,420.39485378,420.91162109,420.91162109,38744700
2021-08-25,421.09947623,422.31153651,420.72361424,421.79476929,421.79476929,40529700
2021-08-26,421.51287154,421.74777094,419.21087459,419.30484009,419.30484009,57829600
2021-08-27,420.11294845,423.42972741,420.05657488,423.05389404,423.05389404,77235100
2021-08-30,423.73037385,425.70353475,423.48606927,424.91427612,424.91427612,48357400
2021-08-31,424.82021490,425.15845623,423.68330997,424.28463745,424.28463745,59300200
2021-09-01,425.22432681,425.74109406,424.27532397,424.51022339,424.51022339,48721400
2021-09-02,425.93846699,426.62435501,424.61363070,425.81631470,425.81631470,42501000
2021-09-03,424.67935615,426.22968654,424.27530737,425.71289062,425.71289062,47170500
2021-09-07,425.36523189,425.45919739,423.51422343,424.19073486,424.19073486,51671500
2021-09-08,423.65516857,424.38805354,421.74775794,423.67395020,423.67395020,56181900
2021-09-09,423.47670493,425.23374809,421.61629112,421.86059570,421.86059570,57970400
2021-09-10,423.79614606,424.21894781,418.41224102,418.53439331,418.53439331,89948200
2021-09-13,421.54106612,421.80415229,417.28466161,419.60546875,419.60546875,83738600
2021-09-14,421.05248843,421.25920106,416.44846575,417.34109497,417.34109497,78197100
2021-09-15,417.76389837,421.32498145,416.65518003,420.82699585,420.82699585,78792200
2021-09-16,420.30084603,421.27800698,417.20015644,420.15991211,420.15991211,77786700
2021-09-17,419.38507551,419.80923176,415.70888207,416.06707764,416.06707764,118425000
2021-09-20,409.92127316,411.50484732,404.24675595,409.12948608,409.12948608,166445500
2021-09-21,411.47653753,412.77734076,408.21512295,408.74298096,408.74298096,92526100
2021-09-22,411.02416763,414.77575747,408.85618094,412.73028564,412.73028564,102350100
2021-09-23,414.60603236,419.35678356,414.37038041,417.74490356,417.74490356,76396000
2021-09-24,416.10480195,419.14943559,415.88799179,418.43304443,418.43304443,62094800
2021-09-27,417.39618914,418.56501370,416.53841253,417.23596191,417.23596191,61371100
2021-09-28,414.45521998,414.78513846,408.09261742,408.82785034,408.82785034,130436300
2021-09-29,410.21351181,411.95734209,408.95042075,409.51599121,409.51599121,82329200
2021-09-30,410.99585996,411.70281584,404.17138841,404.51074219,404.51074219,140506000
2021-10-01,406.24505079,411.00520786,402.71027214,409.31793213,409.31793213,129240100
2021-10-04,408.14921582,409.05411133,401.89028563,404.03945923,404.03945923,128570000
2021-10-05,405.54753517,410.49622569,404.74634163,408.24340820,408.24340820,90682500
2021-10-06,404.63317778,410.14743831,403.00248494,409.94006348,409.94006348,113032200
2021-10-07,413.22988123,416.33104043,413.05078343,413.48437500,413.48437500,72437500
2021-10-08,414.25733462,414.64380732,412.09875445,412.73028564,412.73028564,74557400
2021-10-11,412.07039923,414.99248895,409.67616754,409.74215698,409.74215698,65233300
2021-10-12,410.66591409,411.07122850,407.94176400,408.73355103,408.73355103,71181200
2021-10-13,409.76107470,411.02416584,406.77302374,410.20410156,410.20410156,72974000
2021-10-14,413.88018132,417.25473304,413.40887747,417.10391235,417.10391235,70236800
2021-10-15,419.22477105,420.64811787,418.60264652,420.28048706,420.28048706,66260200
2021-10-18,418.48955174,421.86407473,417.82971483,421.52474976,421.52474976,62213200
2021-10-19,423.15547746,424.84272460,422.54275942,424.77676392,424.77676392,46996800
2021-10-20,425.23868405,426.74686236,425.12557571,426.44522095,426.44522095,49571600
2021-10-21,425.84194191,427.78371180,425.40835035,427.55749512,427.55749512,41305400
2021-10-22,427.12384568,428.57546964,425.16320549,427.11441040,427.11441040,58845100
2021-10-25,428.20783629,429.73485620,426.42632265,429.40493774,429.40493774,45214500
2021-10-26,430.96035730,432.17630082,429.41446649,429.79150391,429.79150391,56075100
2021-10-27,430.25334494,430.92258843,427.81196540,427.88739014,427.88739014,72438000
2021-10-28,429.32011809,432.09138717,429.31071157,432.01599121,432.01599121,51437900
2021-10-29,429.70658985,433.18481474,429.41438375,432.89260864,432.89260864,70162400
2021-11-01,433.88232652,434.25939262,431.90287330,433.63726807,433.63726807,48433600
2021-11-02,433.80695926,435.70161013,433.67498036,435.39053345,435.39053345,48908400
2021-11-03,434.82503525,438.45408160,434.38200836,438.04876709,438.04876709,52509800
2021-11-04,438.65197767,440.19786836,438.30321737,440.11303711,440.11303711,52847100
2021-11-05,442.34700104,443.63836916,440.12246037,441.64004517,441.64004517,66390600
2021-11-08,442.74288573,443.24246670,441.32897406,442.01705933,442.01705933,50405200
2021-11-09,442.38472232,442.62037428,439.14214902,440.55606079,440.55606079,51149100
2021-11-10,438.85925219,440.55596320,435.52244185,437.01174927,437.01174927,69429700
2021-11-11,438.51055574,438.58598047,437.13435644,437.15319824,437.15319824,34848500
2021-11-12,438.42570017,441.00843613,437.47365716,440.45230103,440.45230103,53466700
2021-11-15,441.74369495,441.90392215,439.47200689,440.60311890,440.60311890,46980500
2021-11-16,440.33922566,443.48753224,440.26382969,442.34698486,442.34698486,48857500
2021-11-17,442.08302875,442.26212652,440.65027534,441.27239990,441.27239990,47858300
2021-11-18,442.30925132,443.03507770,439.57569460,442.77114868,442.77114868,50625600
2021-11-19,442.65798953,443.91167388,441.61170879,441.97933960,441.97933960,57315600
2021-11-22,443.86457202,446.36247677,440.52773257,440.73510742,440.73510742,72762000
2021-11-23,440.40524930,442.17735669,437.79423586,441.31958008,441.31958008,73206500
2021-11-24,439.31178381,442.62034635,438.49171963,442.49780273,442.49780273,61858800
2021-11-26,435.80536846,437.27583460,431.49764310,432.62878418,432.62878418,112669600
2021-11-29,437.43602691,439.78311122,435.23032801,437.93560791,437.93560791,86268800
2021-11-30,435.48476365,437.39825616,429.16928047,429.41436768,429.41436768,148559600
2021-12-01,435.14550168,438.00160232,424.44689683,424.64483643,424.64483643,131939200
2021-12-02,424.86159570,432.72294077,424.46568779,431.14877319,431.14877319,127637800
2021-12-03,432.81724224,433.88236491,423.15551216,427.39724731,427.39724731,137331600
2021-12-06,429.95170518,434.34426103,427.52919621,432.45904541,432.45904541,98977500
2021-12-07,437.75650077,441.96995887,432.32707053,441.40438843,441.40438843,95484700
2021-12-08,441.80026466,443.02564323,440.03756400,442.57318115,442.57318115,72238800
2021-12-09,441.28185718,442.67692714,439.38723497,439.58517456,439.58517456,61272600
2021-12-10,442.29985687,443.87399574,439.73596257,443.72317505,443.72317505,77159800
2021-12-13,443.20474649,443.55350676,439.50971140,439.79251099,439.79251099,87724700
2021-12-14,436.51226039,439.01016541,433.83525758,436.76675415,436.76675415,97264100
2021-12-15,436.82333029,443.83630603,434.29711946,443.59124756,443.59124756,116899300
2021-12-16,445.44822972,445.73100059,438.12414780,439.67947388,439.67947388,116568600
2021-12-17,436.58907659,439.60656171,433.28782720,434.99993896,434.99993896,135511600
2021-12-20,429.90152143,430.77175124,426.74215364,430.37448120,430.37448120,107134800
2021-12-21,433.80813320,438.15936873,431.63252987,438.01748657,438.01748657,69806300
2021-12-22,437.76203454,442.51053940,437.56337069,442.39703369,442.39703369,58890200
2021-12-23,443.39973200,446.65369715,443.29569472,445.14968872,445.14968872,56439700
2021-12-27,446.53073126,451.49680835,446.48344684,451.44952393,451.44952393,56808600
2021-12-28,451.88463422,452.91568294,450.31440449,451.08059692,451.08059692,47274600
2021-12-29,451.18469406,452.67923417,450.18202170,451.65765381,451.65765381,54503000
2021-12-30,452.08323294,453.09537358,449.94547482,450.40896606,450.40896606,55329000
2021-12-31,449.91711187,451.07110581,448.99956891,449.27386475,449.27386475,65237400
2022-01-03,450.54137233,452.00756463,448.22388726,451.87512207,451.87512207,72668200
2022-01-04,453.30351408,454.02242209,449.86035347,451.72381592,451.72381592,71178700
2022-01-05,451.35497721,452.13063817,442.95520696,443.04980469,443.04980469,104538900
2022-01-06,442.58626050,445.35779753,440.25927789,442.63354492,442.63354492,86858900
2022-01-07,442.64290864,443.82530766,439.52135791,440.88348389,440.88348389,85111600
2022-01-10,437.67689933,440.55247340,431.90678546,440.33493042,440.33493042,119362000
2022-01-11,440.07009676,444.44023980,437.06205110,444.34564209,444.34564209,74303100
2022-01-12,446.08611701,447.60906222,443.57943643,445.54693604,445.54693604,67605400
2022-01-13,446.65367438,447.30636106,438.37687981,439.40792847,439.40792847,91173100
2022-01-14,436.24861287,439.93769311,435.02836864,439.58770752,439.58770752,95890900
2022-01-18,434.87697240,435.08507582,430.68655642,431.80273438,431.80273438,109709100
2022-01-19,433.35415507,434.75409762,427.04485858,427.31918335,427.31918335,109357600
2022-01-20,429.21094411,433.93107286,420.46118933,422.58950806,422.58950806,122379700
2022-01-21,421.46381809,423.82861644,414.26538578,414.29376221,414.29376221,202271200
2022-01-24,408.66550386,416.56393560,398.00500401,416.05313110,416.05313110,251783900
2022-01-25,409.63982206,415.93964825,404.04943537,410.97357178,410.97357178,167997300
2022-01-26,416.88558001,420.02603921,405.66696143,409.94253540,409.94253540,186391100
2022-01-27,414.55861559,417.70851427,406.22506859,407.91824341,407.91824341,149878300
2022-01-28,409.28038133,418.09635669,404.68322710,418.04907227,418.04907227,164457400
2022-01-31,417.37750907,425.92862939,416.02485112,425.57864380,425.57864380,152251400
2022-02-01,426.30690729,429.09738080,422.76917831,428.45416260,428.45416260,123155400
2022-02-02,430.86625441,433.34455843,428.54874050,432.61621094,432.61621094,117361000
2022-02-03,426.56235640,428.47310316,421.60571921,422.44760132,422.44760132,118024400
2022-02-04,422.21107441,428.29332842,419.82733936,424.43399048,424.43399048,118454400
2022-02-07,425.20021796,426.60016013,421.73814966,423.07189941,423.07189941,84472900
2022-02-08,422.57054423,427.47986776,421.14219683,426.55285645,426.55285645,81012000
2022-02-09,430.60141959,433.11756860,430.40278461,432.79595947,432.79595947,92589900
2022-02-10,426.93122394,432.95672541,423.01513295,425.02047729,425.02047729,140103700
2022-02-11,425.10563857,427.18664391,415.20186135,416.63964844,416.63964844,153214600
2022-02-14,416.12887741,417.71801509,411.79655037,415.27752686,415.27752686,123006300
2022-02-15,419.73281559,422.14489845,419.21254261,421.97463989,421.97463989,88482700
2022-02-16,419.92198387,423.82863553,418.03961354,422.44760132,422.44760132,84863600
2022-02-17,419.25038981,422.41922551,412.81814956,413.42352295,413.42352295,102259100
2022-02-18,413.67887827,414.93696712,408.46688252,410.74655151,410.74655151,132642900
2022-02-22,408.53319377,411.94794937,402.82927137,406.33865356,406.33865356,124391800
2022-02-23,409.26146430,409.82902167,398.56311889,399.13067627,399.13067627,132578000
2022-02-24,388.79178197,405.57241178,388.43235684,405.13726807,405.13726807,213942900
2022-02-25,406.37643485,414.16136220,404.72107584,414.07623291,414.07623291,121804500
2022-02-28,408.66554973,414.50188503,407.40748966,413.01678467,413.01678467,145615000
2022-03-01,411.51275948,413.52757230,404.01159715,406.72640991,406.72640991,137785900
2022-03-02,408.98718539,415.93969908,408.23046138,414.20867920,414.20867920,117726500
2022-03-03,416.64916197,417.25453544,410.33986622,412.14657593,412.14657593,105501700
2022-03-04,408.40067481,409.93305952,404.73997158,408.79797363,408.79797363,113978200
2022-03-07,408.21148621,408.92092573,396.68072696,396.74694824,396.74694824,137896600
2022-03-08,396.92672718,404.10625256,392.67008952,393.73898315,393.73898315,164772700
2022-03-09,402.14824424,406.28190798,399.95370400,404.29547119,404.29547119,116990800
2022-03-10,399.66978484,403.36833252,397.70228553,402.46972656,402.46972656,93972700
2022-03-11,404.96699532,405.58183714,396.84155142,397.35235596,397.35235596,95636300
2022-03-14,398.12803514,401.59007479,393.30384037,394.44839478,394.44839478,95729200
2022-03-15,397.06852997,403.75618628,395.79156203,403.12243652,403.12243652,106219100
2022-03-16,406.64130172,412.11815422,401.82654661,412.06140137,412.06140137,144954800
2022-03-17,410.14118733,417.21667480,409.76282535,417.21667480,417.21667480,102676900
2022-03-18,415.59980272,422.10895468,414.85969464,421.78634644,421.78634644,106345500
2022-03-21,421.61559514,423.62716964,418.14277110,421.66305542,421.66305542,88349800
2022-03-22,423.05779529,427.53640601,423.05779529,426.59704590,426.59704590,74650400
2022-03-23,424.05408198,425.55326471,421.01772516,421.10311890,421.10311890,79426100
2022-03-24,423.13372709,427.46051713,422.01408163,427.45101929,427.45101929,64736900
2022-03-25,428.08676166,429.81369010,425.49636900,429.53851318,429.53851318,77101300
2022-03-28,428.94070231,432.59381104,427.04298650,432.59381104,432.59381104,68529800
2022-03-29,436.49365245,438.43882875,433.79889917,437.94540405,437.94540405,86581500
2022-03-30,436.79732312,437.61335613,433.12524700,435.24121094,435.24121094,79666900
2022-03-31,434.47253688,435.29803858,428.08671310,428.54217529,428.54217529,121699900
2022-04-01,430.12675337,430.26907626,426.17003232,429.75671387,429.75671387,89048800
2022-04-04,429.95600105,433.54268289,429.13049928,433.43829346,433.43829346,59601000
2022-04-05,431.93909584,434.41560107,426.81526895,427.96337891,427.96337891,74214500
2022-04-06,424.03521437,425.97086407,420.79010690,423.68411255,423.68411255,106898000
2022-04-07,422.80163871,427.64082037,420.84699352,425.81900024,425.81900024,78097200
2022-04-08,425.05992682,427.58389262,423.13374620,424.68038940,424.68038940,79272700
2022-04-11,421.39731930,422.24181684,416.91873727,417.42163086,417.42163086,89770500
2022-04-12,420.42000918,422.95347290,414.31885891,415.87500000,415.87500000,84363600
2022-04-13,415.62827546,421.39731946,415.44799012,420.63824463,420.63824463,74070400
2022-04-14,420.86597641,421.98565091,415.29618429,415.40057373,415.40057373,97869500
2022-04-18,414.47073219,417.26037751,413.33209081,415.57141113,415.57141113,66002500
2022-04-19,415.46696250,423.00089757,415.29617501,422.27978516,422.27978516,77821000
2022-04-20,424.06364137,424.68039330,420.79956745,421.96664429,421.96664429,65224400
2022-04-21,425.60078067,426.99560310,414.74584270,415.65673828,415.65673828,85417300
2022-04-22,414.56557782,415.67572554,403.68217473,404.25149536,404.25149536,132471800
2022-04-25,402.00268453,406.76594130,397.41968414,406.59515381,406.59515381,119647700
2022-04-26,404.05219413,404.25147517,394.79135964,394.81982422,394.81982422,103996300
2022-04-27,395.90152809,401.29106389,393.78559315,395.92999268,395.92999268,122030000
2022-04-28,400.69328311,407.66739572,396.24313644,405.93096924,405.93096924,105449100
2022-04-29,401.92682813,404.09022359,390.17995937,390.92956543,390.92956543,145491100
2022-05-02,390.99596335,394.64907282,384.30649639,393.28271484,393.28271484,158312500
2022-05-03,393.78554897,397.50505594,392.21991018,395.08547974,395.08547974,100028200
2022-05-04,395.74973465,407.68638610,392.55208740,407.11706543,407.11706543,144247900
2022-05-05,402.83760557,403.26460321,388.50037676,392.64688110,392.64688110,172929100
2022-05-06,390.07550602,393.58626303,384.98014350,390.30322266,390.30322266,151770800
2022-05-09,384.38243414,385.62543597,376.22224843,377.80685425,377.80685425,155586100
2022-05-10,383.80357612,385.31225691,374.62813516,378.67974854,378.67974854,132497200
2022-05-11,377.71193327,383.37661702,371.91439549,372.66400146,372.66400146,142361000
2022-05-12,369.45685382,375.55800412,365.45267169,372.27496338,372.27496338,125090800
2022-05-13,376.42147429,382.56058712,375.37772463,381.17526245,381.17526245,104174400
2022-05-16,379.52424059,383.31017482,377.26595387,379.62860107,379.62860107,78622400
2022-05-17,385.73921928,387.67489759,381.99121881,387.43768311,387.43768311,83029700
2022-05-18,382.86427259,383.14891846,370.57654767,371.81954956,371.81954956,117674500
2022-05-19,368.74519907,373.98291387,367.31241419,369.54223633,369.54223633,98510700
2022-05-20,373.13844442,376.72512685,361.07846619,369.70358276,369.70358276,131432200
2022-05-23,372.73987286,377.38930020,370.41518815,376.62072754,376.62072754,76414900
2022-05-24,372.48369965,374.94123843,367.17008898,373.74569702,373.74569702,91448800
2022-05-25,372.24647981,379.02133983,371.84797566,377.04769897,377.04769897,91472900
2022-05-26,378.28129248,386.22323059,378.07254253,384.58169556,384.58169556,82168300
2022-05-27,387.04862433,394.13659391,386.84937228,394.02273560,394.02273560,84768700
2022-05-31,392.40020748,395.16138769,389.06023781,391.81192017,391.81192017,95937000
2022-06-01,393.93734344,394.95259938,386.11873473,388.64270020,388.64270020,86585800
2022-06-02,388.48148429,396.09131560,386.22319745,396.04388428,396.04388428,79609600
2022-06-03,391.30902086,392.86516183,388.56683639,389.54415894,389.54415894,71874300
2022-06-06,393.56733136,395.30372881,389.55365148,390.73025513,390.73025513,57508900
2022-06-07,387.22895048,394.93367271,386.76399038,394.47821045,394.47821045,59272400
2022-06-08,392.76078919,394.55414473,389.39235484,390.18939209,390.18939209,64350000
2022-06-09,388.40551807,390.68277141,380.90954590,380.90954590,380.90954590,86289800
2022-06-10,374.68511434,375.53908090,369.81746736,369.86489868,369.86489868,132893900
2022-06-13,360.42374479,362.28349850,354.20870704,355.82177734,355.82177734,170004900
2022-06-14,357.57721107,358.61146302,351.63734960,354.74960327,354.74960327,104011800
2022-06-15,358.06108243,364.26662258,353.08907520,359.80700684,359.80700684,125666800
2022-06-16,351.56144174,351.96944379,345.46026184,347.89883423,347.89883423,134473300
2022-06-17,348.31526157,352.00319986,345.13238923,348.64877319,348.64877319,111113900
2022-06-21,354.39517153,358.81687662,354.31891869,357.42556763,357.42556763,76811900
2022-06-22,353.18483073,360.90378632,352.76552743,356.77749634,356.77749634,90059400
2022-06-23,358.92159815,361.00854641,355.34801080,360.27478027,360.27478027,79292100
2022-06-24,363.45774204,371.73893951,363.42915449,371.72940063,371.72940063,98050300
2022-06-27,372.65374434,372.94915862,369.21358426,370.30947876,370.30947876,66009600
2022-06-28,371.87235419,374.66451072,362.62866131,362.74301147,362.74301147,86548900
2022-06-29,363.29577745,364.28683171,360.61797083,362.44763184,362.44763184,65676000
2022-06-30,358.54040364,362.75248486,355.03353012,359.50289917,359.50289917,112508300
2022-07-01,358.84537588,363.74358732,356.21520606,363.30520630,363.30520630,74839700
2022-07-05,358.19742913,364.01047179,355.35760722,363.99139404,363.99139404,81438000
2022-07-06,364.13434881,367.71747608,361.74244676,365.22073364,365.22073364,70426200
2022-07-07,367.00273549,371.49115409,365.23975951,370.69067383,370.69067383,64525900
2022-07-08,369.05154896,372.26303762,367.51730256,370.38571167,370.38571167,72397800
2022-07-11,367.69838742,368.67039288,365.45893312,366.15460205,366.15460205,58366900
2022-07-12,365.60189613,367.99382717,361.16111364,362.91455078,362.91455078,62219200
2022-07-13,357.45406555,363.95323725,357.03476227,361.00857544,361.00857544,84224600
2022-07-14,356.03419558,361.21828318,353.58511857,360.13192749,360.13192749,89704800
2022-07-15,364.55365348,367.12664876,362.63822987,367.01229858,367.01229858,79060400
2022-07-18,370.10944005,370.78603137,362.75261093,363.98193359,363.98193359,63203600
2022-07-19,367.91757046,374.38815566,367.26005699,373.81637573,373.81637573,78506000
2022-07-20,374.00694155,377.61865582,372.63468149,376.19873047,376.19873047,71843800
2022-07-21,375.61749846,380.07732982,373.20651865,380.02969360,380.02969360,64903900
2022-07-22,380.15350259,381.35420826,374.27374690,376.50366211,376.50366211,72197300
2022-07-25,377.13264585,377.81877589,374.71212748,376.96112061,376.96112061,53631500
2022-07-26,375.31248673,375.52213838,371.60550006,372.50128174,372.50128174,52946400
2022-07-27,375.80799417,383.92720395,375.51257991,382.17376709,382.17376709,82342100
2022-07-28,382.98381076,387.66280292,379.41973266,386.96716309,386.96716309,73966600
2022-07-29,388.40616020,393.59978693,387.63426744,392.60870361,392.60870361,87003700
2022-08-01,389.90222920,393.96183406,389.18751167,391.44601440,391.44601440,69997500
2022-08-02,389.87368781,393.57116490,387.68189876,388.86355591,388.86355591,63435400
2022-08-03,390.99811785,396.12502949,390.71224248,394.95291138,394.95291138,67820600
2022-08-04,394.87670062,395.56283067,393.03750099,394.68612671,394.68612671,45656600
2022-08-05,390.38831018,394.66707717,390.33113510,394.01907349,394.01907349,56814900
2022-08-08,395.71533732,397.97384044,392.45621206,393.56164551,393.56164551,53886100
2022-08-09,392.82790821,393.33297422,390.92199434,391.99884033,391.99884033,44931800
2022-08-10,399.07926070,400.37529711,397.11617195,400.23233032,400.23233032,68665700
2022-08-11,403.09120082,404.95901715,399.48902516,400.23233032,400.23233032,59489700
2022-08-12,402.17631505,407.11262378,401.22335835,407.00781250,407.00781250,61694500
2022-08-15,404.78746859,409.20920231,404.73029350,408.68505859,408.68505859,54048300
2022-08-16,407.60820867,411.42003574,406.79818960,409.48553467,409.48553467,59289000
2022-08-17,405.87386175,409.29497341,404.56831550,406.57904053,406.57904053,63563400
2022-08-18,406.77913822,408.44681267,405.48313089,407.76071167,407.76071167,49023200
2022-08-19,404.98761345,405.25444021,401.40448638,402.28121948,402.28121948,68016900
2022-08-22,397.43058547,397.60213979,392.99934258,393.90466309,393.90466309,77695600
2022-08-23,393.47586633,395.87733613,392.39902047,392.95175171,392.95175171,49105200
2022-08-24,392.72298598,395.58185619,392.03688505,394.20962524,394.20962524,49177800
2022-08-25,395.70572813,399.82250803,394.60983375,399.77487183,399.77487183,50942300
2022-08-26,399.66050485,400.20366804,386.18568381,386.24285889,386.24285889,103087000
2022-08-29,383.27926141,386.74800926,382.32630455,383.68902588,383.68902588,65370800
2022-08-30,384.85155726,385.08979643,377.37084158,379.47686768,379.47686768,85652400
2022-08-31,381.11596077,382.36433170,376.45601769,376.58941650,376.58941650,76029700
2022-09-01,374.40721233,378.11419917,371.69127962,377.77114868,377.77114868,78740100
2022-09-02,381.44959302,382.66937671,371.96766008,373.78781128,373.78781128,99632100
2022-09-06,374.63588316,375.57930102,370.14746512,372.37738037,372.37738037,76637400
2022-09-07,372.06293063,379.83906190,371.84376917,379.06716919,379.06716919,70964200
2022-09-08,376.78961556,382.00226151,375.57934177,381.54486084,381.54486084,80821700
2022-09-09,383.79380074,388.33942316,383.52697401,387.47222900,387.47222900,76706900
2022-09-12,389.54967999,392.36091419,389.24472684,391.63665771,391.63665771,69256300
2022-09-13,382.92662472,384.13689849,373.48284826,374.60733032,374.60733032,122947100
2022-09-14,375.91288464,377.56151044,372.72047342,376.03677368,376.03677368,85023700
2022-09-15,374.47394176,377.33281251,370.49058883,371.76754761,371.76754761,87633800
2022-09-16,367.57262482,369.59160962,365.63014768,368.93136597,368.93136597,103084800
2022-09-19,365.77368854,371.79238892,365.69712247,371.79238892,371.79238892,73278500
2022-09-20,368.45285504,369.46713626,364.75934589,367.52468872,367.52468872,77274900
2022-09-21,369.45759900,372.51959913,361.10413044,361.11370850,361.11370850,106746600
2022-09-22,360.33864700,361.98446710,357.33408575,358.08044434,358.08044434,89472600
2022-09-23,354.59738830,354.63567133,347.62181686,352.08084106,352.08084106,122346900
2022-09-26,350.60727526,354.24337513,347.37304505,348.59783936,348.59783936,92581200
2022-09-27,352.14784596,354.42520485,345.30622044,347.70797729,347.70797729,108294100
2022-09-28,348.66474722,356.24315109,346.96151758,354.54949951,354.54949951,110802200
2022-09-29,350.99004568,351.27709546,344.18670308,347.14343262,347.14343262,112952300
2022-09-30,346.19604000,350.12879640,341.64135227,341.77529907,341.77529907,153711200
2022-10-03,345.50708670,352.65491670,343.71774199,350.79858398,350.79858398,89756500
2022-10-04,356.33886008,361.69734511,350.76031335,361.66864014,361.66864014,103602800
2022-10-05,357.28622301,363.09441017,354.95145448,360.82662964,360.82662964,88065700
2022-10-06,359.42001296,362.38631999,356.60680884,357.10440063,357.10440063,82333500
2022-10-07,353.05689170,357.19058374,345.37321444,347.14343262,347.14343262,107789500
2022-10-10,348.26284229,348.50206010,342.24414332,344.49276733,344.49276733,76042800
2022-10-11,342.78956236,347.37298402,340.36867915,342.31112671,342.31112671,92482800
2022-10-12,342.72264603,344.30147801,340.93327196,341.18206787,341.18206787,76991800
2022-10-13,334.14904467,351.65980836,333.09648032,350.18621826,350.18621826,147254500
2022-10-14,352.65495223,354.29122340,341.56481591,342.20593262,342.20593262,123737000
2022-10-17,348.31076647,352.10954708,341.87101145,350.99957275,350.99957275,93168200
2022-10-18,358.95117335,359.25737921,351.66936680,355.12368774,355.12368774,97162900
2022-10-19,353.07597435,355.81264178,349.78433434,352.60711670,352.60711670,79746900
2022-10-20,352.15732761,356.59722426,348.88481506,349.65032959,349.65032959,88283100
2022-10-21,349.37290620,358.63541501,347.86106212,358.14743042,358.14743042,131038400
2022-10-24,359.67838824,363.66852544,357.01825783,362.52984619,362.52984619,85436900
2022-10-25,362.45331306,368.63469391,362.33849317,368.31893921,368.31893921,78846300
2022-10-26,365.16120265,370.86414714,364.90285793,365.54394531,365.54394531,104087300
2022-10-27,366.54877043,368.39552541,362.97005118,363.59204102,363.59204102,81971800
2022-10-28,363.48672861,372.72053164,363.30492071,372.24209595,372.24209595,100302000
2022-10-31,369.77337462,371.64883433,368.64427341,369.55328369,369.55328369,96631300
2022-11-01,373.31376772,373.55298554,366.75919375,367.93612671,367.93612671,85407600
2022-11-02,367.34294053,371.86895296,358.59715074,358.70239258,358.70239258,126990400
2022-11-03,355.44906385,358.06133361,352.88465520,355.00891113,355.00891113,87100100
2022-11-04,360.74049080,362.52983551,354.04239150,360.11853027,360.11853027,103505200
2022-11-07,361.41991204,364.15657961,359.33393926,363.56332397,363.56332397,68286900
2022-11-08,364.67324227,368.51030590,361.42946344,365.52487183,365.52487183,84641100
2022-11-09,363.54413552,364.70197092,357.49670141,357.99429321,357.99429321,78495500
2022-11-10,371.31396197,378.00251339,369.00792742,377.66760254,377.66760254,141455800
2022-11-11,378.52876802,382.12661396,376.63415206,381.32284546,381.32284546,93839900
2022-11-14,379.55263073,382.92080770,377.80153963,378.07904053,378.07904053,71903500
2022-11-15,383.84893116,384.95890542,377.47616455,381.30364990,381.30364990,93194500
2022-11-16,379.66743202,380.62430342,377.76326728,378.39480591,378.39480591,68508500
2022-11-17,373.61999629,377.91636871,373.31381964,377.23696899,377.23696899,74496300
2022-11-18,380.58600994,380.65299794,376.08873201,378.94976807,378.94976807,92922500
2022-11-21,377.61976051,378.74886180,375.72514454,377.57189941,377.57189941,51243200
2022-11-22,379.52390362,382.81554353,378.10772345,382.65286255,382.65286255,60429000
2022-11-23,382.31793318,385.55216299,382.08829341,385.06417847,385.06417847,68261600
2022-11-25,384.49962216,385.53305963,384.22215048,384.97805786,384.97805786,30545400
2022-11-28,381.87777423,383.52359408,378.06941584,378.83493042,378.83493042,67881600
2022-11-29,378.96890801,380.16499727,376.33751165,378.18429565,378.18429565,52310000
2022-11-30,378.43305600,390.09732056,376.50976436,390.09732056,390.09732056,144566700
2022-12-01,391.14033889,392.31730130,387.29372611,389.81030273,389.81030273,76398200
2022-12-02,384.90151056,390.26954495,384.79626872,389.36053467,389.36053467,85342700
2022-12-05,386.52823695,387.46595229,380.99752109,382.35626221,382.35626221,77289800
2022-12-06,382.19360256,382.73899709,374.74914394,376.84466553,376.84466553,77972200
2022-12-07,375.99306988,378.57663447,375.06490340,376.20358276,376.20358276,65927900
2022-12-08,378.09822154,380.22244825,376.30884729,379.15075684,379.15075684,60737900
2022-12-09,377.90679995,380.47120834,376.19399194,376.31838989,376.31838989,81447700
2022-12-12,377.11261273,381.74389648,376.44282020,381.74389648,381.74389648,75405800
2022-12-13,392.52782632,392.78617111,381.85871498,384.63363647,384.63363647,123782500
2022-12-14,384.28911613,388.01135997,379.21770930,382.17443848,382.17443848,108111300
2022-12-15,377.29440960,378.20344918,371.16088917,372.82583618,372.82583618,117705900
2022-12-16,370.26018418,371.60594981,366.28056084,368.42416382,368.42416382,119858000
2022-12-19,368.61639524,368.95284395,363.62742612,365.30001831,365.30001831,79878100
2022-12-20,364.54067149,367.42446756,363.21412060,365.79992676,365.79992676,74427200
2022-12-21,368.40494991,372.40381734,367.86664366,371.26953125,371.26953125,78167400
2022-12-22,368.21266618,371.25026809,360.25339057,365.97293091,365.97293091,100120900
2022-12-23,364.94436026,368.22227841,363.38711519,368.07809448,368.07809448,59857300
2022-12-27,367.96275979,368.30880122,364.94437261,366.62658691,366.62658691,51638200
2022-12-28,366.55928294,368.53951644,361.83949615,362.07019043,362.07019043,70911500
2022-12-29,364.92513663,369.46230984,364.39642313,368.58755493,368.58755493,66970900
2022-12-30,365.89605537,367.76088315,363.77163783,367.61669922,367.61669922,84022200
2023-01-03,369.48157219,371.46177654,363.19488834,366.06909180,366.06909180,74850700
2023-01-04,368.33765230,370.93308050,365.28083551,368.89520264,368.89520264,85934100
2023-01-05,366.93420232,367.04954946,364.08886516,364.68484497,364.68484497,76970500
2023-01-06,367.78975891,374.17257556,364.71372708,373.04788208,373.04788208,104189600
2023-01-09,375.24918088,378.45021119,372.65378182,372.83639526,372.83639526,73978100
2023-01-10,372.24998822,375.51828438,371.30793766,375.45098877,375.45098877,65358100
2023-01-11,377.03710424,380.27656365,376.22002286,380.19964600,380.19964600,68881100
2023-01-12,381.30505550,383.05453576,377.21967866,381.58380127,381.58380127,90157700
2023-01-13,378.37325993,383.64100458,378.10410681,383.06423950,383.06423950,63903900
2023-01-17,383.04500728,384.72722155,381.67999764,382.36248779,382.36248779,62677300
2023-01-18,383.55444739,384.62143771,376.12385663,376.32571411,376.32571411,99632300
2023-01-19,374.27823396,375.93161141,372.25960035,373.58615112,373.58615112,86958900
2023-01-20,374.98960302,380.69952130,373.33622551,380.54571533,380.54571533,91806400
2023-01-23,381.35317398,387.05347021,380.39190867,385.11172485,385.11172485,84178800
2023-01-24,383.42951751,385.61157923,382.23755789,384.69839478,384.69839478,59524900
2023-01-25,380.61302864,385.17903907,378.31559036,384.84259033,384.84259033,84800300
2023-01-26,387.51489841,389.23557157,384.53497001,389.07214355,389.07214355,72287400
2023-01-27,388.02434965,392.35004345,387.81287011,389.96609497,389.96609497,68346200
2023-01-30,387.19766086,389.43742549,384.77528280,385.07327271,385.07327271,74202000
2023-01-31,385.59239272,390.78321999,385.24632193,390.73516846,390.73516846,86811800
2023-02-01,389.51431718,397.64664301,386.76511241,394.88778687,394.88778687,101459200
2023-02-02,398.79052706,402.10690424,396.88724045,400.63616943,400.63616943,101654500
2023-02-03,395.64720604,400.81881837,395.16657336,396.37777710,396.37777710,94736800
2023-02-06,393.91692329,395.35882127,392.29238256,393.95535278,393.95535278,60295300
2023-02-07,393.03255360,400.35739077,391.78292039,399.10775757,399.10775757,90990700
2023-02-08,397.12757053,398.47333619,394.05150958,394.74362183,394.74362183,76227500
2023-02-09,398.35794093,398.51174689,390.09105381,391.32147217,391.32147217,78694900
2023-02-10,390.13916035,392.61924150,389.32210823,392.23474121,392.23474121,70769700
2023-02-13,392.88838575,396.97376360,392.42696781,396.83917236,396.83917236,64913500
2023-02-14,395.31076019,398.97317890,392.68652452,396.65655518,396.65655518,88389300
2023-02-15,394.45524319,398.02152943,393.60932499,397.94464111,397.94464111,61555700
2023-02-16,392.95561720,396.91602521,392.33080067,392.46536255,392.46536255,76431500
2023-02-17,390.33139420,391.72524065,388.39924151,391.48492432,391.48492432,89257800
2023-02-21,387.44760272,388.50500045,383.37184709,383.63137817,383.63137817,82655900
2023-02-22,384.04471290,385.59236533,381.64154958,383.10269165,383.10269165,83742300
2023-02-23,386.00578864,386.62101267,380.90147096,385.14065552,385.14065552,96242400
2023-02-24,380.10353021,381.86263277,378.39247919,381.02633667,381.02633667,108194400
2023-02-27,384.38115869,385.74616835,381.38201559,382.32406616,382.32406616,80444700
2023-02-28,381.84340870,383.81399074,380.80522579,380.91098022,380.91098022,96438600
2023-03-01,380.09392029,381.32433871,378.14255288,379.44985962,379.44985962,99706800
2023-03-02,377.46970459,383.24691925,377.13325582,382.40100098,382.40100098,85127800
2023-03-03,384.22736467,388.78378237,383.57371127,388.53384399,388.53384399,90120000
2023-03-06,389.36049948,391.66755968,388.36080469,388.80297852,388.80297852,72795900
2023-03-07,388.75491402,388.99523034,382.22791461,382.84310913,382.84310913,108310600
2023-03-08,382.95851760,384.22736557,381.22822236,383.46798706,383.46798706,74746600
2023-03-09,384.25621010,385.92883180,375.40296425,376.39306641,376.39306641,111945300
2023-03-10,375.84509820,377.93105675,369.43347529,370.96188354,370.96188354,189253000
2023-03-13,367.02074704,375.26842076,365.90567563,370.43322754,370.43322754,157790000
2023-03-14,375.37412109,378.20986562,372.05774388,376.55648804,376.55648804,149752400
2023-03-15,370.94274137,374.40327355,368.84716038,374.20141602,374.20141602,172996900
2023-03-16,371.83662133,381.11282489,371.32715194,380.76675415,380.76675415,143254200
2023-03-17,379.43138394,380.56999910,374.92512879,376.31463623,376.31463623,140553400
2023-03-20,377.09625772,380.34811057,376.39187463,379.93316650,379.93316650,93055800
2023-03-21,383.31039167,385.40431151,381.70859761,384.92184448,384.92184448,91524200
2023-03-22,384.74824098,388.37637371,378.32177539,378.36035156,378.36035156,111746600
2023-03-23,381.23571315,385.28844712,376.66193610,379.38305664,379.38305664,119351300
2023-03-24,378.09975448,381.95949068,375.74531304,381.87265015,381.87265015,107682400
2023-03-27,384.15951704,384.93148191,381.68928837,382.58666992,382.58666992,74010400
2023-03-28,381.89192757,382.58668124,379.88487776,381.72790527,381.72790527,62871700
2023-03-29,385.90605637,387.51750914,384.69988884,387.27627563,387.27627563,77497900
2023-03-30,389.92022379,390.17111608,387.67194025,389.54391479,389.54391479,69840000
2023-03-31,390.47015383,395.33342891,390.36399579,395.03430176,395.03430176,112062600
2023-04-03,394.51330539,396.94492868,394.11767888,396.53967285,396.53967285,67391100
2023-04-04,397.18619878,397.47569670,392.95978240,394.33966064,394.33966064,66601500
2023-04-05,393.60625611,394.36856226,391.64744114,393.30712891,393.30712891,65200200
2023-04-06,392.50624659,395.12123929,391.45447192,394.84140015,394.84140015,63743300
2023-04-10,392.35184076,395.32385429,391.73429825,395.24664307,395.24664307,63681000
2023-04-11,395.87382528,396.76154806,394.58081728,395.35275269,395.35275269,59297900
2023-04-12,397.42738820,397.71688609,393.15273736,393.74133301,393.74133301,86420400
2023-04-13,394.83167744,399.32827330,393.68340365,398.97125244,398.97125244,85814800
2023-04-14,398.33446746,400.53451617,395.68089853,397.99673462,397.99673462,78161500
2023-04-17,397.90988156,399.44412329,396.67476705,399.42483521,399.42483521,66436400
2023-04-18,401.00722698,401.14233186,398.30542377,399.68527222,399.68527222,63560000
2023-04-19,397.76511154,400.52480876,397.70721785,399.61779785,399.61779785,55227300
2023-04-20,396.79052346,399.19322928,395.88348310,397.43704224,397.43704224,75840400
2023-04-21,397.73616033,398.20896858,395.78700419,397.74581909,397.74581909,73457400
2023-04-24,397.54322511,398.58537052,396.20198190,398.16079712,398.16079712,64332100
2023-04-25,396.18262700,396.74230527,391.78252989,391.84042358,391.84042358,97766700
2023-04-26,392.45795411,393.53867547,389.62104582,390.18069458,390.18069458,80447000
2023-04-27,392.72812894,398.21860563,392.47723668,397.94842529,397.94842529,92968400
2023-04-28,397.06069180,401.35465998,397.00279812,401.34500122,401.34500122,89433100
2023-05-01,400.90115269,402.97575502,400.70815410,400.93975830,400.93975830,62122300
2023-05-02,400.22568595,400.27395032,393.51941196,396.43350220,396.43350220,103998500
2023-05-03,396.93530948,399.35730369,393.47119932,393.71243286,393.71243286,91531800
2023-05-04,392.66057543,392.98864945,389.58243369,390.92370605,390.92370605,94901900
2023-05-05,394.57124078,399.21257185,394.31071915,398.16079712,398.16079712,87891800
2023-05-08,398.48882166,398.74934325,396.85808073,398.26687622,398.26687622,50046800
2023-05-09,396.71335382,397.63968229,396.28878047,396.52035522,396.52035522,49220100
2023-05-10,399.36686663,400.00372657,394.53253813,398.37298584,398.37298584,96142900
2023-05-11,397.50454162,397.96769105,395.59396185,397.67822266,397.67822266,70157100
2023-05-12,398.92307247,399.13535916,394.72560321,397.15722656,397.15722656,70481500
2023-05-15,397.76509867,398.93266058,395.84488942,398.52740479,398.52740479,54289400
2023-05-16,397.41772647,398.34408437,395.85453801,395.86419678,395.86419678,57705500
2023-05-17,397.89057134,401.27746991,396.24054232,400.66958618,400.66958618,87287000
2023-05-18,400.35114631,404.95390075,400.12923032,404.52932739,404.52932739,97177200
2023-05-19,405.43640049,405.96710250,402.71527908,403.94073486,403.94073486,103793300
2023-05-22,403.96000211,405.64863669,402.71522895,404.10473633,404.10473633,60745400
2023-05-23,402.45466230,404.03716820,399.17389257,399.56951904,399.56951904,86383500
2023-05-24,397.95809184,398.34405955,395.50715124,396.67471313,396.67471313,89213700
2023-05-25,400.19673433,401.56695362,397.94845097,400.10989380,400.10989380,90961600
2023-05-26,400.76608251,406.01532658,400.68890074,405.29162598,405.29162598,93830000
2023-05-30,407.23108712,407.76178904,404.05644608,405.44595337,405.44595337,72216000
2023-05-31,403.61263799,404.51967841,401.62487608,403.19772339,403.19772339,110811800
2023-06-01,403.42922818,408.08987561,402.17482583,407.02844238,407.02844238,88865000
2023-06-02,409.61452425,413.70583540,409.08382227,412.91461182,412.91461182,91426200
2023-06-05,413.26193660,414.55494464,411.41890910,412.12332153,412.12332153,65460200
2023-06-06,411.70845568,413.55145394,411.05227809,413.02075195,413.02075195,64022200
2023-06-07,413.41632975,414.55494481,411.16801701,411.59259033,411.59259033,85373300
2023-06-08,411.66018977,414.53570405,410.88825425,414.08218384,414.08218384,61952800
2023-06-09,414.88302796,416.84184287,413.83125340,414.82513428,414.82513428,85742800
2023-06-12,415.80939358,418.66559012,415.08569304,418.58837891,418.58837891,76104300
2023-06-13,420.05513632,421.99463391,419.38932941,421.34814453,421.34814453,95899700
2023-06-14,421.68583122,423.66393421,418.38574387,421.84985352,421.84985352,100612100
2023-06-15,421.02961823,428.33417531,420.93314839,427.07977295,427.07977295,110303100
2023-06-16,429.07301472,429.64443704,425.15052699,425.62509155,425.62509155,114165800
2023-06-20,423.67838900,424.56940939,421.33456145,423.41687012,423.41687012,76160400
2023-06-21,422.42896906,423.23282629,420.65656392,421.24737549,421.24737549,76982300
2023-06-22,420.28857012,422.87449769,419.94958277,422.76797485,422.76797485,70637200
2023-06-23,419.30068491,421.36363394,418.85517470,419.57186890,419.57186890,92074500
2023-06-26,419.00038846,420.92773045,417.61541437,417.85754395,417.85754395,72823600
2023-06-27,418.73897300,423.05855716,418.28376813,422.43872070,422.43872070,72813700
2023-06-28,421.35389281,423.66866583,420.73405644,422.65173340,422.65173340,75636000
2023-06-29,422.23528772,424.48225757,421.82852653,424.31759644,424.31759644,67882300
2023-06-30,427.54272843,430.31267663,427.22310083,429.32479858,429.32479858,104964000
2023-07-03,428.97611943,430.09957460,428.69524086,429.81872559,429.81872559,32793400
2023-07-05,427.99797179,429.91564888,427.98827715,429.17956543,429.17956543,58418400
2023-07-06,425.58635167,426.24493706,423.30063297,425.81878662,425.81878662,80658300
2023-07-07,424.82127245,428.70504107,424.50164479,424.74377441,424.74377441,86134200
2023-07-10,424.38536880,425.99311283,423.81394652,425.81878662,425.81878662,62443500
2023-07-11,426.58390740,429.02456293,425.60569443,428.53060913,428.53060913,64463800
2023-07-12,432.33695330,433.39263484,430.90353540,431.97857666,431.97857666,91924500
2023-07-13,433.79936049,436.20129663,433.36354497,435.40710449,435.40710449,72425200
2023-07-14,436.29815914,437.15043047,434.37078752,435.13592529,435.13592529,69815800
2023-07-17,434.99066193,437.70250155,434.94221827,436.64682007,436.64682007,52680200
2023-07-18,436.31755257,440.54027874,435.88170745,439.89138794,439.89138794,80668200
2023-07-19,440.68560803,442.06088773,439.81391774,440.86962891,440.86962891,65891700
2023-07-20,439.87201282,440.77272783,437.22794696,437.94464111,437.94464111,70591600
2023-07-21,439.66860268,439.87201282,437.93497603,437.94464111,437.94464111,71275600
2023-07-24,439.09717520,440.71461391,438.06085344,439.90106201,439.90106201,54023400
2023-07-25,439.62994377,442.36114356,439.58150011,441.10208130,441.10208130,55191200
2023-07-26,440.16256290,442.60321865,439.10688138,441.16983032,441.16983032,71052900
2023-07-27,444.56929690,444.97608762,437.33446340,438.24487305,438.24487305,92194400
2023-07-28,441.52816352,443.36834253,438.24487202,442.53543091,442.53543091,80011800
2023-07-31,443.00997954,443.73636830,441.69277922,443.37802124,443.37802124,62040400
2023-08-01,441.90584280,442.85500139,441.15039970,442.10925293,442.10925293,55291500
2023-08-02,438.98100145,439.24249080,435.20378528,435.95922852,435.95922852,93933400
2023-08-03,433.93497497,436.59840046,433.28605466,434.70977783,434.70977783,64276100
2023-08-04,436.53062395,438.64198702,432.22070516,432.74371338,432.74371338,100128900
2023-08-07,434.58383743,436.67584050,433.88650307,436.52087402,436.52087402,58357500
2023-08-08,433.97372979,436.51127293,431.25219533,434.62265015,434.62265015,71361300
2023-08-09,434.89377992,435.05844104,430.95190327,431.71704102,431.71704102,78789600
2023-08-10,434.08029122,437.47980048,430.70017125,431.87207031,431.87207031,93005500
2023-08-11,429.99313536,432.63720136,429.39265866,431.62023926,431.62023926,68690900
2023-08-14,430.70012500,434.00274658,430.39019203,434.00274658,434.00274658,47867400
2023-08-15,432.22068028,432.57905691,428.37566119,428.94711304,428.94711304,75707500
2023-08-16,428.53060716,430.19645985,425.69285557,425.79940796,425.79940796,80107200
2023-08-17,427.27151929,427.53300858,422.03183195,422.55484009,422.55484009,95711300
2023-08-18,419.72680302,423.79459202,419.37815060,422.75827026,422.75827026,98852000
2023-08-21,423.77519397,426.25459859,421.61541696,425.50885010,425.50885010,68719000
2023-08-22,427.29090203,427.29090203,423.79456511,424.35629272,424.35629272,64994200
2023-08-23,425.42167403,429.70253803,425.27640220,429.08267212,429.08267212,68441000
2023-08-24,430.69041746,431.20373099,423.10690240,423.13598633,423.13598633,88517300
2023-08-25,424.86962161,427.40713495,421.30548119,426.11901855,426.11901855,102325100
2023-08-28,428.31751857,429.44100333,426.11899269,428.82116699,428.82116699,61595400
2023-08-29,428.71468039,435.30062350,428.53065952,435.01974487,435.01974487,83081900
2023-08-30,435.35871532,437.45071861,434.65168625,436.81149292,436.81149292,69053900
2023-08-31,437.43130323,438.57414778,435.98822036,436.17224121,436.17224121,66084600
2023-09-01,438.90345570,439.38771486,435.52330670,436.98577881,436.98577881,58944100
2023-09-05,436.54034163,436.85993972,435.02945517,435.09722900,435.09722900,55166200
2023-09-06,434.28366537,434.39021776,429.83816924,432.17230225,432.17230225,70758500
2023-09-07,429.16015591,431.52334307,428.81150348,430.84539795,430.84539795,70355400
2023-09-08,430.89378608,433.03420325,430.53543904,431.49426270,431.49426270,61659700
2023-09-11,434.12868214,434.64199571,432.41441520,434.33209229,434.33209229,60180100
2023-09-12,432.87932290,434.40956901,431.36843651,431.94952393,431.94952393,67565400
2023-09-13,432.17224641,433.61532925,431.06812134,432.45312500,432.45312500,60199300
2023-09-14,434.93251745,436.87921912,433.62501184,436.18188477,436.18188477,83430800
2023-09-15,434.59090969,434.92136394,430.48934395,430.92669678,430.92669678,111848900
2023-09-18,430.61567408,432.48180183,430.13943555,431.17941284,431.17941284,55752200
2023-09-19,430.25606043,430.84895604,427.59296875,430.28521729,430.28521729,66514600
2023-09-20,431.54872168,431.96664647,426.12530962,426.32943726,426.32943726,82562600
2023-09-21,423.47199551,423.73440723,419.12744586,419.28295898,419.28295898,104095800
2023-09-22,420.31317519,421.91686152,417.92219446,418.34014893,418.34014893,100829700
2023-09-25,417.12515638,420.13812971,416.68777398,420.09927368,420.09927368,70874500
2023-09-26,417.04745332,417.75697633,413.09167201,413.92755127,413.92755127,96168400
2023-09-27,415.10362444,415.66736322,410.43834933,414.09280396,414.09280396,104705800
2023-09-28,413.53874835,418.17486576,412.94585281,416.49340820,416.49340820,92258300
2023-09-29,419.55504406,419.72998518,413.95669098,415.48263550,415.48263550,115111300
2023-10-02,414.64674555,416.57118679,412.54736320,415.31738281,415.31738281,83798600
2023-10-03,413.13054907,415.37571578,408.38750312,409.75793457,409.75793457,103760600
2023-10-04,410.22451380,413.49020038,408.75688282,412.74182129,412.74182129,87453000
2023-10-05,412.45018810,413.43185162,409.34974375,412.58627319,412.58627319,70142700
2023-10-06,410.12728008,419.03020535,408.79573431,417.48483276,417.48483276,113273300
2023-10-09,415.57982008,420.73109171,415.02583985,420.15765381,420.15765381,80374400
2023-10-10,420.78938108,424.94926011,420.39088432,422.34448242,422.34448242,78607300
2023-10-11,423.41358503,424.32717622,421.02260466,424.07449341,424.07449341,62451700
2023-10-12,424.68687018,425.06590928,419.12740262,421.48919678,421.48919678,81154200
2023-10-13,422.99563949,424.20085853,417.81524124,419.38977051,419.38977051,95143100
2023-10-16,421.64473291,424.87156334,421.40174922,423.80242920,423.80242920,75433200
2023-10-17,420.66305689,425.84348547,420.31317463,423.78295898,423.78295898,75324700
2023-10-18,422.00432761,422.96653347,417.04745473,418.13601685,418.13601685,93559800
2023-10-19,418.85526089,420.67277399,413.78176069,414.46209717,414.46209717,121323000
2023-10-20,414.02474658,414.56902762,409.26224290,409.36917114,409.36917114,123919900
2023-10-23,407.83345660,412.53764609,406.07425738,408.65960693,408.65960693,92035100
2023-10-24,410.78818548,412.89729678,408.93178668,411.74069214,411.74069214,78564200
2023-10-25,410.04955212,410.07870898,405.31620513,405.83132935,405.83132935,94223200
2023-10-26,404.76218743,405.61746498,400.04829855,400.97161865,400.97161865,115156800
2023-10-27,402.56561387,402.96411064,397.72536865,399.15411377,399.15411377,107367700
2023-10-30,401.95327398,404.98570521,400.65088517,403.92630005,403.92630005,86562700
2023-10-31,404.49980754,406.78386019,402.58509484,406.46313477,406.46313477,79665200
2023-11-01,407.43502693,411.61433416,406.90044507,410.79791260,410.79791260,98068100
2023-11-02,414.60791397,418.82613690,414.58848595,418.67062378,418.67062378,94938900
2023-11-03,420.98380850,424.04539686,420.85745224,422.49029541,422.49029541,100167800
2023-11-06,423.24839242,423.90930088,421.50862106,423.46221924,423.46221924,67831700
2023-11-07,423.46226033,425.30893046,422.31538443,424.66744995,424.66744995,64256100
2023-11-08,425.27002314,425.79487619,422.66524522,424.97845459,424.97845459,61746000
2023-11-09,426.12526916,426.16415485,421.23643943,421.66409302,421.66409302,83174400
2023-11-10,423.74413801,428.55519739,421.65445449,428.24417114,428.24417114,89462200
2023-11-13,426.90282759,428.94386644,426.11556297,427.83587646,427.83587646,52236100
2023-11-14,433.79392519,437.42895167,433.57036952,436.13629150,436.13629150,97176900
2023-11-15,437.47746455,438.71184046,436.20423261,437.05953979,437.05953979,77327600
2023-11-16,436.61248324,437.91487211,435.54334920,437.59414673,437.59414673,66665800
2023-11-17,437.60387636,438.75078187,436.68055618,438.13845825,438.13845825,83133200
2023-11-20,437.88569014,442.35659519,437.87596131,441.51101685,441.51101685,69936200
2023-11-21,440.46132705,441.38467681,439.27556562,440.54879761,440.54879761,49244600
2023-11-22,442.21080828,443.57151077,441.15140314,442.24966431,442.24966431,59394900
2023-11-24,442.29829409,442.71621886,441.96783988,442.52182007,442.52182007,29737400
2023-11-27,441.89009632,442.70651789,441.33608643,441.72488403,441.72488403,50506000
2023-11-28,441.33608105,443.46462034,440.77237199,442.16223145,442.16223145,62115000
2023-11-29,444.31994929,445.45712596,441.45275968,441.85122681,441.85122681,63146000
2023-11-30,442.69687054,443.94094589,440.61691584,443.59103394,443.59103394,79752700
2023-12-01,442.97868122,446.74979272,442.38581527,446.21524048,446.21524048,89183400
2023-12-04,442.81345850,446.23465799,441.58881128,443.87286377,443.87286377,72430900
2023-12-05,442.48301142,444.74760627,442.10394264,443.78540039,443.78540039,69793500
2023-12-06,445.93336352,445.96252038,441.55965731,441.99703979,441.99703979,69124700
2023-12-07,444.08666804,446.02080852,443.48407330,445.36962891,445.36962891,66995400
2023-12-08,444.62124153,447.81891502,444.37825786,447.28436279,447.28436279,83194400
2023-12-11,446.78867091,449.19907968,446.57484409,449.02410889,449.02410889,65002200
2023-12-12,448.67421029,451.17208954,447.67311876,451.07489014,451.07489014,68327600
2023-12-13,451.45389064,457.54793954,451.09427959,457.29522705,457.29522705,93278000
2023-12-14,459.23914745,460.43463781,456.08035966,458.76290894,458.76290894,119026000
2023-12-15,458.16368146,459.34451201,456.15338074,458.00753784,458.00753784,141553700
2023-12-18,459.61778575,461.56953646,458.55408519,460.58389282,460.58389282,70375300
2023-12-19,461.13037390,463.46273026,461.05231697,463.38464355,463.38464355,55761800
2023-12-20,462.52585026,464.41905073,456.53399139,456.96337891,456.96337891,102921000
2023-12-21,459.95929048,461.56950854,457.52937052,461.29626465,461.29626465,86667500
2023-12-22,462.42825311,463.91160262,460.32038868,462.22332764,462.22332764,67160400
2023-12-26,462.63320948,465.08263622,462.55512278,464.17507935,464.17507935,55387000
2023-12-27,463.97014956,465.16071860,463.43343006,465.01434326,465.01434326,68000300
2023-12-28,465.37539060,466.02921034,464.77035272,465.18997192,465.18997192,77158100
2023-12-29,464.99481796,465.52179896,461.88177333,463.84329224,463.84329224,122283100
2024-01-02,460.76926718,462.24284835,459.13954238,461.24743652,461.24743652,123623700
2024-01-03,459.08104145,459.82271626,456.87558338,457.48062134,457.48062134,103585900
2024-01-04,457.00237057,459.59820232,455.78252650,456.00698853,456.00698853,84232200
2024-01-05,456.21191229,459.09075619,455.17748690,456.63156128,456.63156128,86118900
2024-01-08,457.12925747,463.29679648,457.00238891,463.15042114,463.15042114,74879100
2024-01-09,460.48626557,463.47244156,459.97882115,462.44778442,462.44778442,65931400
2024-01-10,462.72101569,465.93165363,462.43800353,465.06311035,465.06311035,67310600
2024-01-11,466.06826060,466.58547330,460.86685859,464.85818481,464.85818481,77940700
2024-01-12,466.31222516,467.05389988,463.76520506,465.18020630,465.18020630,58026400
2024-01-16,463.79446761,465.11187534,461.64753021,463.47241211,463.47241211,85014900
2024-01-17,460.43748610,461.38408633,458.53451738,460.89614868,460.89614868,68843900
2024-01-18,462.57462997,465.55103753,461.02299192,464.99478149,464.99478149,91856200
2024-01-19,466.12685148,471.07454661,465.04364414,470.79153442,470.79153442,110834500
2024-01-22,472.33344461,473.51424546,471.13310719,471.78695679,471.78695679,75844900
2024-01-23,472.33340215,473.40684113,471.24042661,473.16287231,473.16287231,49945300
2024-01-24,476.04174691,476.97857889,473.18243931,473.68014526,473.68014526,81765000
2024-01-25,475.81725291,476.52965258,473.68011345,476.25640869,476.25640869,72525000
2024-01-26,475.82698706,477.32007493,474.80233001,475.65133667,475.65133667,76641600
2024-01-29,475.96369662,479.56467905,475.41720880,479.41827393,479.41827393,61322800
2024-01-30,478.72539930,479.75982476,478.28624349,479.04745483,479.04745483,58618400
2024-01-31,476.83219722,477.28109153,471.21114581,471.23068237,471.23068237,126011100
2024-02-01,472.93840600,477.42743791,472.12841290,477.39816284,477.39816284,91891600
2024-02-02,477.83732447,484.08292030,477.49576217,482.42395020,482.42395020,99228200
2024-02-05,481.78966939,482.45325747,478.40338075,480.66738892,480.66738892,75757100
2024-02-06,481.61394215,482.39466022,480.17940435,482.06286621,482.06286621,55918600
2024-02-07,484.31716417,486.50311533,483.40957750,486.08349609,486.08349609,70556500
2024-02-08,486.08346299,486.67873260,485.26373137,486.29815674,486.29815674,52343600
2024-02-09,486.80562246,489.54782962,486.46406015,489.10870361,489.10870361,63979400
2024-02-12,489.07943114,491.35320746,488.17184449,488.89401245,488.89401245,56502300
2024-02-13,482.59958668,485.09782494,478.88150436,482.16043091,482.16043091,113099200
2024-02-14,484.80508797,487.03008241,482.47273176,486.54214478,486.54214478,68387800
2024-02-15,487.24478791,490.08458861,486.76658876,489.89916992,489.89916992,61683000
2024-02-16,489.59667256,490.73843004,486.71782838,487.45950317,487.45950317,75532900
2024-02-20,485.71268039,486.38603676,482.52157871,484.77584839,484.77584839,71736700
2024-02-21,483.46814001,485.37107892,481.65299652,485.21493530,485.21493530,59293400
2024-02-22,491.85088830,496.22279031,490.88475156,495.25668335,495.25668335,76402500
2024-02-23,496.98396222,497.82323039,494.86632967,495.59823608,495.59823608,61321800
2024-02-26,496.03738103,496.47653681,493.65624302,493.78311157,493.78311157,50386700
2024-02-27,494.47603771,494.92493202,492.57306892,494.70046997,494.70046997,48854500
2024-02-28,493.13904421,494.63213220,492.77797512,494.04663086,494.04663086,56506600
2024-02-29,495.81295437,497.44264939,493.15857245,495.82269287,495.82269287,83924800
2024-03-01,496.70102770,500.90701814,496.29114696,500.47763062,500.47763062,76844800
2024-03-04,499.67747213,501.79510491,499.64816728,499.94091797,499.94091797,49799300
2024-03-05,497.93054212,498.37946615,492.72914052,494.94436646,494.94436646,72855600
2024-03-06,498.23314197,499.71649155,496.15455252,497.45245361,497.45245361,68382400
2024-03-07,500.76065530,503.44431232,497.51097394,502.39035034,502.39035034,58652100
2024-03-08,503.02467157,505.71803719,498.79911511,499.37487793,499.37487793,86532500
2024-03-11,498.16486826,499.53108782,496.23262431,498.94555664,498.94555664,62557200
2024-03-12,501.06309382,504.89827591,498.53555104,504.31277466,504.31277466,73114400
2024-03-13,504.63491215,504.81056257,502.07812338,503.52239990,503.52239990,55104100
2024-03-14,504.49820506,504.65437846,499.47248321,502.52697754,502.52697754,110171800
2024-03-15,499.44831404,500.90690631,497.40240125,499.07632446,499.07632446,107646300
2024-03-18,503.15841876,504.60718264,501.63132556,502.04244995,502.04244995,88893300
2024-03-19,501.34745892,505.11622859,500.33915560,504.83236694,504.83236694,60755300
2024-03-20,504.89106309,509.63873984,504.21561462,509.50167847,509.50167847,69594600
2024-03-21,512.35032693,513.05511153,510.90150344,511.18542480,511.18542480,60256100
2024-03-22,511.09735048,511.58680420,509.98138165,510.21636963,510.21636963,79070800
2024-03-25,508.83597677,509.96174401,508.64998201,508.80664062,508.80664062,48512100
2024-03-26,510.23582121,510.57847460,507.46555663,507.86688232,507.86688232,65463700
2024-03-27,510.70584308,512.17420430,508.53263741,512.13500977,512.13500977,82999800
2024-03-28,512.17417075,513.54460529,511.75324773,512.03710938,512.03710938,96294900
2024-04-01,512.78105854,513.31944564,509.98133809,511.14624023,511.14624023,62477500
2024-04-02,507.30895151,508.03333341,505.58606496,507.89633179,507.89633179,74230300
2024-04-03,506.79989829,509.96180975,506.75096487,508.45425415,508.45425415,59155800
2024-04-04,512.47764156,512.82023527,501.94458796,502.24804688,502.24804688,96858100
2024-04-05,503.60867027,509.46251679,503.16815003,507.49490356,507.49490356,74546500
2024-04-08,508.19979135,509.20803488,506.96635848,507.77880859,507.77880859,48401800
2024-04-09,509.52125336,509.76598018,503.50094952,508.36614990,508.36614990,68049200
2024-04-10,502.64933334,505.27279790,501.28869751,503.27584839,503.27584839,82652800
2024-04-11,504.80296330,508.52279948,501.27892054,507.07403564,507.07403564,70099000
2024-04-12,503.52057224,504.93999986,498.34214396,500.07482910,500.07482910,92561100
2024-04-15,504.26453757,504.43093508,492.95813998,493.80981445,493.80981445,92101400
2024-04-16,494.28947314,495.81656619,491.61704535,492.90921021,492.90921021,73484000
2024-04-17,495.37602504,495.54245242,488.59220465,489.99203491,489.99203491,75910300
2024-04-18,491.39195946,493.49660444,488.04408292,488.98382568,488.98382568,74548100
2024-04-19,488.90548147,489.90395620,483.44316182,484.71575928,484.71575928,102212600
2024-04-22,487.32947707,491.78352384,484.98010519,489.17962646,489.17962646,67961000
2024-04-23,491.19613039,495.41521870,488.99358885,494.98449707,494.98449707,64633600
2024-04-24,495.87527966,496.66819218,492.51763479,494.74954224,494.74954224,55928100
2024-04-25,488.65099809,493.63363326,486.99664216,492.87008667,492.87008667,69122400
2024-04-26,495.66977301,499.12531497,495.03348917,497.53948975,497.53948975,64306100
2024-04-29,499.33084918,499.97693162,496.55075588,499.30148315,499.30148315,46415400
2024-04-30,497.83310375,498.81201107,491.39190674,491.39190674,491.39190674,77483600
2024-05-01,490.80459912,497.47095615,489.32643937,489.79632568,489.79632568,80242800
2024-05-02,493.51612025,495.21943931,489.01314060,494.37756348,494.37756348,62550200
2024-05-03,500.37832197,501.73898776,497.83315670,500.50558472,500.50558472,72756700
2024-05-06,502.91366834,505.71332912,502.47314807,505.67419434,505.67419434,47264700
2024-05-07,506.64330211,507.63200812,505.55672925,506.23217773,506.23217773,52561300
2024-05-08,504.39178298,506.81945396,504.27431889,506.28106689,506.28106689,42047200
2024-05-09,506.46705136,509.23737568,505.81120022,509.19818115,509.19818115,43643700
2024-05-10,510.80366799,511.61617786,508.63052224,509.85415649,509.85415649,52233200
2024-05-13,511.53779785,511.64546332,508.77727209,509.92257690,509.92257690,36716400
2024-05-14,510.11839753,512.78105661,509.58001044,512.26220703,512.26220703,57535900
2024-05-15,514.73889464,518.89925109,514.10258093,518.60559082,518.60559082,59504900
2024-05-16,518.70335411,520.30877627,517.39159217,517.53845215,517.53845215,50244800
2024-05-17,517.65595571,518.35100138,516.19739342,518.28247070,518.28247070,59187600
2024-05-20,518.39998362,520.34799973,518.00839677,518.87963867,518.87963867,37764200
2024-05-21,518.11613731,520.30888032,517.91054524,520.15222168,520.15222168,33437000
2024-05-22,519.45725228,520.17183558,516.47153682,518.65454102,518.65454102,48390000
2024-05-23,521.71843975,521.82610521,513.65219367,514.86608887,514.86608887,57211200
2024-05-24,516.71621612,519.08521490,515.76670467,518.27270508,518.27270508,41291100
2024-05-28,519.08526766,519.32019589,515.99188669,518.63494873,518.63494873,36269600
2024-05-29,514.59198845,516.18761215,514.28852957,515.00311279,515.00311279,45190300
2024-05-30,513.45650799,514.12215783,510.33379112,511.58676147,511.58676147,46377600
2024-05-31,512.54609937,516.37360062,507.42637356,516.24633789,516.24633789,90785800
2024-06-03,517.86165660,518.14551826,511.57702753,516.66735840,516.66735840,46835700
2024-06-04,515.35558902,517.98885220,513.88722798,517.24487305,517.24487305,34632700
2024-06-05,519.57475266,523.41205332,517.57774312,523.39245605,523.39245605,47610400
2024-06-06,523.69582588,524.12654749,521.44435096,523.38256836,523.38256836,30808500
2024-06-07,522.40368446,525.56559592,521.30731298,522.74633789,522.74633789,43224500
2024-06-10,521.93384000,524.68456740,521.33672083,524.36151123,524.36151123,35686100
2024-06-11,522.80500988,525.68299962,520.82759808,525.62426758,525.62426758,36383400
2024-06-12,530.20560829,532.64307810,528.90364475,529.94128418,529.94128418,63251300
2024-06-13,531.69348676,531.86968289,528.20857940,531.00823975,531.00823975,44760900
2024-06-14,529.47141200,531.36069601,528.46310875,531.33135986,531.33135986,40089900
2024-06-17,530.64610646,536.96007074,530.18598894,535.56018066,535.56018066,55839500
2024-06-18,535.61887401,537.04810013,535.19795105,536.92083740,536.92083740,41376400
2024-06-20,537.85087773,538.51652758,533.68072269,535.46234131,535.46234131,70328200
2024-06-21,534.63637197,535.86395359,533.28111706,534.74438477,534.74438477,64338600
2024-06-24,534.56761369,537.14061995,532.88826048,533.00610352,533.00610352,45528700
2024-06-25,534.23381544,535.42213630,532.71162586,535.05877686,535.05877686,37936200
2024-06-26,533.93919609,536.44345114,533.29105923,535.72656250,535.72656250,38550600
2024-06-27,535.58904049,537.15055096,534.84266114,536.57110596,536.57110596,35041500
2024-06-28,537.34686935,540.41096850,533.21241245,534.45959473,534.45959473,76144500
2024-07-01,535.84440877,536.08992514,532.79019942,535.55963135,535.55963135,40297800
2024-07-02,533.94893179,539.16369629,533.89984051,539.16369629,539.16369629,40434800
2024-07-03,538.84954452,541.93324471,538.81028348,541.56988525,541.56988525,32789900
2024-07-05,541.87422622,545.09536945,541.23585975,544.69274902,544.69274902,41488400
2024-07-08,545.47845420,546.27392484,544.25087235,545.32135010,545.32135010,36110500
2024-07-09,546.28373473,547.18721816,545.55701589,545.85162354,545.85162354,27289700
2024-07-10,547.07921252,551.59668966,546.78460487,551.25299072,551.25299072,38701200
2024-07-11,551.37076043,552.24481296,545.86138832,546.49969482,546.49969482,53054200
2024-07-12,547.62911745,553.56077072,547.15774526,549.94677734,549.94677734,53084400
2024-07-15,551.95026123,554.70986268,549.59328023,551.45922852,551.45922852,40584300
2024-07-16,552.77519147,555.02409984,552.01898187,554.72949219,554.72949219,36475300
2024-07-17,548.77810421,550.45745753,546.62737870,546.95147705,546.95147705,57119000
2024-07-18,548.49334845,549.48524408,540.55824335,542.74822998,542.74822998,56270400
2024-07-19,542.51251990,544.14278194,538.08339562,539.14404297,539.14404297,65509100
2024-07-22,543.08220472,545.31151251,541.13773427,544.70263672,544.70263672,43346700
2024-07-23,544.59452492,546.75508079,543.35717287,543.84820557,543.84820557,34439600
2024-07-24,539.01641843,539.32085632,530.60011049,531.52325439,531.52325439,74515300
2024-07-25,531.64112010,537.64158570,527.81110072,528.75384521,528.75384521,61158300
2024-07-26,532.55448520,537.37640022,531.77861513,534.67572021,534.67572021,53763800
2024-07-29,536.22734113,537.23883727,532.98647753,534.98992920,534.98992920,39515800
2024-07-30,536.46308844,537.52373592,528.86191136,532.27947998,532.27947998,46853600
2024-07-31,539.13426100,543.57321593,537.75940536,540.93145752,540.93145752,65663400
2024-08-01,542.65990548,544.91864400,529.75555126,533.27136230,533.27136230,76428700
2024-08-02,526.14145229,527.35920360,519.11966185,523.34259033,523.34259033,82789100
2024-08-05,502.46396725,514.18983079,501.11851244,508.10101318,508.10101318,146267400
2024-08-06,509.90789643,520.24907240,508.58213230,512.78540039,512.78540039,84826300
2024-08-07,518.99215394,522.05625361,508.75904766,509.35809326,509.35809326,70698300
2024-08-08,514.51382488,521.76147187,512.48100237,521.13299561,521.13299561,63276600
2024-08-09,520.30813015,524.92385008,519.08054825,523.43109131,523.43109131,45619600
2024-08-12,524.62919860,526.12189730,521.42765568,523.70605469,523.70605469,42542100
2024-08-13,526.90759540,532.55447164,526.66207904,532.31872559,532.31872559,52333100
2024-08-14,533.11416406,535.18636756,530.43314477,533.99804688,533.99804688,42446900
2024-08-15,539.64495913,543.43571734,539.03608335,543.15093994,543.15093994,60846800
2024-08-16,541.53046904,545.06594033,541.37336496,544.36865234,544.36865234,44430700
2024-08-19,544.78106391,549.57354736,543.92667190,549.57354736,549.57354736,39121800
2024-08-20,549.12193413,550.78162718,547.33456777,548.67999268,548.67999268,33732300
2024-08-21,549.73075912,552.02875855,544.78111123,550.56549072,550.56549072,41514600
2024-08-22,552.47076747,553.07964329,545.02669417,546.24444580,546.24444580,56121500
2024-08-23,549.49511569,552.99126633,547.29523871,552.04846191,552.04846191,50639400
2024-08-26,553.07951122,553.79639969,549.02357686,550.73236084,550.73236084,35788600
2024-08-27,549.45582569,551.97974125,548.30682582,551.48870850,551.48870850,32693900
2024-08-28,551.14501465,551.57712588,545.08562721,548.28717041,548.28717041,41066000
2024-08-29,550.26105137,553.57060691,547.18718193,548.33618164,548.33618164,38715200
2024-08-30,550.71283373,554.08131086,547.14793154,553.57061768,553.57061768,62700100
2024-09-03,550.41813255,550.75206114,539.65473478,542.17864990,542.17864990,60600100
2024-09-04,540.33235969,544.48647688,539.60564093,541.06890869,541.06890869,47224900
2024-09-05,541.01006330,543.86784746,537.28799679,539.75299072,539.75299072,44264300
2024-09-06,540.07708829,541.70729060,529.76540083,530.66888428,530.66888428,68493800
2024-09-09,534.88196674,537.88708459,532.94726665,536.61035156,536.61035156,40445800
2024-09-10,538.52541191,539.30128200,533.63474500,538.94769287,538.94769287,36394600
2024-09-11,538.85923882,545.39976731,530.27599775,544.47662354,544.47662354,75248600
2024-09-12,545.05614454,549.36742617,542.82683683,549.06298828,549.06298828,51819600
2024-09-13,549.67186452,552.93232895,549.41651792,551.93060303,551.93060303,39310500
2024-09-16,551.66541961,553.01084444,549.85845281,552.74572754,552.74572754,36656100
2024-09-17,554.96511916,556.41861667,550.73241979,552.97155762,552.97155762,49321000
2024-09-18,553.62960374,558.49084003,550.77181947,551.33160400,551.33160400,59044900
2024-09-19,560.76917579,562.60563330,557.89173135,560.73968506,560.73968506,75315500
2024-09-20,559.36653035,560.81456567,556.73632969,559.77038574,559.77038574,77503100
2024-09-23,560.84415711,561.81937440,559.62261027,561.16918945,561.16918945,44116900
2024-09-24,561.96707043,562.83394356,559.13004203,562.77484131,562.77484131,46805700
2024-09-25,562.61725184,563.35606006,560.42048784,561.53363037,561.53363037,38428600
2024-09-26,565.80898841,566.13408092,561.39585913,563.76000977,563.76000977,48336000
2024-09-27,564.83377548,565.65134677,561.90806314,562.94238281,562.94238281,42100900
2024-09-30,561.90793456,565.80886340,559.60288670,565.19812012,565.19812012,63557400
2024-10-01,564.84358805,565.49371289,557.55398888,560.13488770,560.13488770,72668800
2024-10-02,559.23853451,561.39585727,556.83494229,560.37133789,560.37133789,38097800
2024-10-03,558.89364439,561.29723628,557.05155398,559.34680176,559.34680176,40846500
2024-10-04,563.80920580,564.80414391,559.62262551,564.42980957,564.42980957,42939100
2024-10-07,562.77485924,563.42504417,558.17456337,559.32708740,559.32708740,49964700
2024-10-08,561.90804055,565.21794752,561.03136703,564.61700439,564.61700439,37398700
2024-10-09,564.60712078,569.08927251,564.00623780,568.52777100,568.52777100,37912200
2024-10-10,567.17822336,568.96121165,565.91729501,567.53283691,567.53283691,44138100
2024-10-11,567.45392173,571.67008259,567.31599645,570.93127441,570.93127441,42268000
2024-10-14,572.54680911,576.53642174,572.06413068,575.60058594,575.60058594,36217200
2024-10-15,575.86657809,576.17194976,569.90681013,571.12835693,571.12835693,54203600
2024-10-16,571.12836292,574.13283780,570.32059201,573.61071777,573.61071777,30725400
2024-10-17,577.16684734,577.37373530,573.47280598,573.65997314,573.65997314,34393700
2024-10-18,575.35431752,576.65462725,573.88656143,575.86657715,575.86657715,37416800
2024-10-21,575.13752561,576.12260320,571.93602345,574.92083740,574.92083740,36439000
2024-10-22,572.37939390,575.77792404,571.71940867,574.61553955,574.61553955,34183800
2024-10-23,572.58627459,573.02957159,565.84831666,569.36505127,569.36505127,49314600
2024-10-24,571.32538347,571.40420653,567.96629475,570.59643555,570.59643555,34979900
2024-10-25,572.83252614,575.73851729,569.45371694,570.39935303,570.39935303,47268200
2024-10-28,573.88660577,574.01467069,571.85734803,572.16271973,572.16271973,30174700
2024-10-29,571.19729157,574.21162699,569.79849804,573.08868408,573.08868408,42899700
2024-10-30,572.61584878,574.61558556,570.64569319,571.35498047,571.35498047,41435800
2024-10-31,566.97132295,567.04028561,559.95757448,560.15460205,560.15460205,60182500
2024-11-01,562.79464947,566.96150928,562.10508299,562.51879883,562.51879883,45667500
2024-11-04,562.65655820,563.95686771,559.41567487,561.30700684,561.30700684,38217000
2024-11-05,562.22327521,568.13374182,562.00658697,568.09436035,568.09436035,39478300
2024-11-06,580.40788835,583.09713168,576.65474410,582.22039795,582.22039795,68182000
2024-11-07,584.22989165,587.74662621,584.15106860,586.72210693,586.72210693,47233200
2024-11-08,587.27379555,590.69204666,587.27379555,589.26367188,589.26367188,46444900
2024-11-11,590.85945384,591.21406738,588.09138790,589.82513428,589.82513428,37586800
2024-11-12,589.74632701,590.34721000,585.50064441,587.99291992,587.99291992,43006100
2024-11-13,588.45593228,590.28816260,586.08192119,588.27862549,588.27862549,47388600
2024-11-14,588.40663948,588.88931795,583.80634329,584.49584961,584.49584961,38904100
2024-11-15,580.91994560,581.39282375,575.14740518,577.00921631,577.00921631,75988800
2024-11-18,577.47222125,580.69344457,576.60540819,579.37347412,579.37347412,37001700
2024-11-19,575.98478254,582.22028086,575.31493694,581.49133301,581.49133301,49412000
2024-11-20,581.57021101,581.97406643,575.90601390,581.68841553,581.68841553,50032600
2024-11-21,584.54510507,586.23940978,578.68388100,584.81103516,584.81103516,46750300
2024-11-22,584.80122732,587.25412141,584.29888818,586.62365723,586.62365723,38226400
2024-11-25,590.57375922,591.89372957,586.31821665,588.61346436,588.61346436,42441400
2024-11-26,589.86452085,592.35679631,589.14543336,591.68695068,591.68695068,45621300
2024-11-27,591.49972429,591.88385886,588.36718470,589.89404297,589.89404297,34000200
2024-11-29,590.71170459,594.34664394,590.43591408,593.55859375,593.55859375,30177400
2024-12-02,593.97231256,595.30220362,593.47977368,594.62249756,594.62249756,31746000
2024-12-03,594.38599389,595.14446276,593.35167442,594.89819336,594.89819336,26906600
2024-12-04,596.59260870,598.83855458,595.92276308,598.59228516,598.59228516,42787600
2024-12-05,598.59231652,599.40008748,597.25262521,597.60723877,597.60723877,28762200
2024-12-06,598.37563834,599.98131991,597.96192252,598.74011230,598.74011230,31241500
2024-12-09,598.62183159,598.78927795,595.06571575,595.65673828,595.65673828,34742700
2024-12-10,596.33646641,596.76004259,593.14482436,593.80480957,593.80480957,37234500
2024-12-11,596.74040138,599.35082122,596.46455076,598.39532471,598.39532471,28677700
2024-12-12,597.52837524,598.09967695,595.31195068,595.31195068,595.31195068,31543800
2024-12-13,597.35117033,598.07025785,593.81471476,595.19384766,595.19384766,35904700
2024-12-16,596.95716173,598.71062911,596.17897189,597.73535156,597.73535156,43695200
2024-12-17,595.17403826,596.13939507,593.89344941,595.27252197,595.27252197,55773500
2024-12-18,594.96719894,597.36093049,577.14717734,577.53137207,577.53137207,108248700
2024-12-19,582.53546054,584.15100219,577.10767348,577.35394287,577.35394287,85919500
2024-12-20,575.01750267,588.83521962,574.16743871,584.28863525,584.28863525,125716700
2024-12-23,584.03159400,588.39038088,580.83904337,587.78747559,587.78747559,57635800
2024-12-24,589.14156972,594.36031408,588.55839127,594.32073975,594.32073975,33160100
2024-12-26,592.54174251,595.48713503,591.13824101,594.36041260,594.36041260,41219100
2024-12-27,590.60442411,590.84168914,583.90314989,588.10382080,588.10382080,64969300
2024-12-30,581.06645183,584.87174125,577.62680271,581.39257812,581.39257812,56578800
2024-12-31,583.06290666,583.78447460,577.63663857,579.27740479,579.27740479,57052700
2025-01-02,582.54899295,584.26878720,573.76216428,577.85412598,577.85412598,50204000
2025-01-03,580.71060423,585.72170396,579.62333567,585.07928467,585.07928467,37888500
2025-01-06,589.34917854,592.73935967,586.71012551,588.44970703,588.44970703,47679400
2025-01-07,590.48574349,590.81193008,579.96928756,581.79779053,581.79779053,60393100
2025-01-08,581.86701833,583.72520215,578.40764255,582.64782715,582.64782715,47304700
2025-01-10,579.07977279,579.14896755,571.83483425,573.75231934,573.75231934,73105000
2025-01-13,569.08714207,574.99771379,568.67197352,574.64190674,574.64190674,47910100
2025-01-14,577.57741346,578.20999956,571.63716090,575.43261719,575.43261719,48420600
2025-01-15,583.47814396,587.04622875,582.36125488,585.89971924,585.89971924,56900200
2025-01-16,587.27349127,587.45139478,584.07110739,584.77288818,584.77288818,43319700
2025-01-17,590.03118302,592.40329033,588.69681610,590.64398193,590.64398193,58070600
2025-01-21,593.69809555,596.06036966,591.72130926,596.05047607,596.05047607,42532900
2025-01-22,598.88713932,600.76511037,598.33364159,599.40112305,599.40112305,48196000
2025-01-23,598.76856444,602.67272949,598.49184573,602.67272949,602.67272949,41152100
2025-01-24,602.73199994,603.69077263,599.75692703,600.91333008,600.91333008,34604700
2025-01-27,587.90613758,592.72950106,587.73812763,592.41320801,592.41320801,70361100
2025-01-28,593.64866074,598.34352798,590.31778080,597.50341797,597.50341797,44433300
2025-01-29,596.71275577,597.11803080,592.26498606,594.82495117,594.82495117,37177400
2025-01-30,596.94997381,599.55928599,593.74752919,598.01739502,598.01739502,39281300
2025-01-31,600.44878212,602.88025076,594.07363484,594.83471680,594.83471680,66566900
2025-02-03,585.79094590,593.32249680,583.63625609,590.83178711,590.83178711,65857200
2025-02-04,590.89106225,595.30915044,590.34745811,594.79522705,594.79522705,33457800
2025-02-05,593.66844429,597.35513124,591.63235693,597.20684814,597.20684814,30653100
2025-02-06,598.95634511,599.41102767,595.63535866,599.28253174,599.28253174,35771500
2025-02-07,599.84589692,601.07149470,593.08526164,593.79693604,593.79693604,50788500
2025-02-10,597.01909957,598.47200844,595.74403389,597.82952881,597.82952881,26048700
2025-02-11,595.55632680,598.82790597,595.43772444,598.28430176,598.28430176,30056700
2025-02-12,592.24518363,597.53306281,591.56318994,596.35687256,596.35687256,45076100
2025-02-13,597.46388991,602.86053839,596.19877801,602.65295410,602.65295410,40921300
2025-02-14,602.86049571,603.89829641,602.00059853,602.62329102,602.62329102,26910400
2025-02-18,603.78955077,604.39245605,601.31856815,604.39245605,604.39245605,26749000
2025-02-19,602.99889960,606.11230177,602.48491587,605.81579590,605.81579590,31011100
2025-02-20,604.44198081,604.58037034,599.97448438,603.29547119,603.29547119,36554000
2025-02-21,603.07791109,603.21630060,592.51198637,592.97656250,592.97656250,76519800
2025-02-24,595.03242763,596.03071430,589.56658488,590.27825928,590.27825928,50737200
2025-02-25,590.21897014,590.95037139,582.71703988,587.34271240,587.34271240,58266500
2025-02-26,589.01316328,592.62082266,584.99039564,587.63928223,587.63928223,43321600
2025-02-27,589.92242650,591.07888992,577.86407835,578.25939941,578.25939941,74196700
2025-02-28,578.76344281,587.81709677,575.67966126,587.28338623,587.28338623,88744100
2025-03-03,589.26019459,590.40676438,573.16918620,576.99426270,576.99426270,74249200
2025-03-04,572.98150791,578.59557468,565.60807210,570.16455078,570.16455078,109648200
2025-03-05,569.99642123,578.09136316,566.42833660,576.29248047,576.29248047,71230500
2025-03-06,568.80042988,573.43599583,563.50265745,566.06262207,566.06262207,80094900
2025-03-07,564.27365910,570.68832083,559.06480803,569.23535156,569.23535156,81158800
2025-03-10,561.00213243,562.92945094,549.14141383,554.07348633,554.07348633,99326600
2025-03-11,552.90717865,557.47355039,545.61283202,549.46752930,549.46752930,88102100
2025-03-12,555.64498626,556.57407828,547.26343126,552.38330078,552.38330078,69588200
2025-03-13,552.00766091,552.62045982,543.29991999,545.01971436,545.01971436,74079400
2025-03-14,549.65528092,557.28570714,545.08890955,556.27752686,556.27752686,62660300
2025-03-17,556.25775972,563.09748376,555.82286432,560.56719971,560.56719971,49008700
2025-03-18,558.24445667,558.46193454,552.57108946,554.50836182,554.50836182,66041400
2025-03-19,556.29734574,564.32309347,555.11126187,560.54742432,560.54742432,66556000
2025-03-20,556.79154990,563.94750691,556.06998185,558.92645264,558.92645264,62958200
2025-03-21,554.45146586,560.01301721,553.21225778,559.11083984,559.11083984,83763000
2025-03-24,565.87194629,570.18442657,565.27715064,569.12365723,569.12365723,58766800
2025-03-25,570.33310774,571.43350998,568.73702227,570.49176025,570.49176025,38355700
2025-03-26,570.22402410,571.35419629,562.29309315,563.68103027,563.68103027,51848300
2025-03-27,562.28319447,565.97110899,560.06254339,562.18408203,562.18408203,42164200
2025-03-28,560.64751371,561.38111522,550.27779856,550.86267090,550.86267090,71662700
2025-03-31,545.08302512,555.86909680,542.14855868,554.56048584,554.56048584,95328200
2025-04-01,552.63720150,558.07979326,548.89973088,556.12677002,556.12677002,54609600
2025-04-02,550.25796794,562.52116680,550.02004966,559.64624023,559.64624023,76014500
2025-04-03,540.40370980,543.23900311,532.06634521,532.06634521,532.06634521,125986000
2025-04-04,519.14884614,521.32986440,500.69953123,500.91763306,500.91763306,217965100
2025-04-07,484.96653256,518.65314353,477.64032033,500.02539062,500.02539062,256611400
2025-04-08,517.35448953,520.44754807,484.93682424,492.19363403,492.19363403,165816600
2025-04-09,489.17988773,543.88348389,488.79324027,543.88348389,543.88348389,241867300
2025-04-10,527.57546281,528.89399712,504.92276380,520.05102539,520.05102539,162331200
2025-04-11,518.49451246,531.79863163,515.57989304,529.33013916,529.33013916,97866300
2025-04-14,539.35288324,539.58093866,529.25085710,534.46545410,534.46545410,68034000
2025-04-15,535.01065707,538.53991883,532.17536385,532.96844482,532.96844482,56892900
2025-04-16,527.08968825,533.24609547,515.79801026,521.12164307,521.12164307,83484800
2025-04-17,523.08459519,526.58408721,519.38675728,521.86517334,521.86517334,79868100
2025-04-21,516.66047515,517.19585172,504.07014029,509.44335938,509.44335938,69368100
2025-04-22,515.64939661,524.73028731,514.70758631,522.69799805,522.69799805,75948100
2025-04-23,535.76411846,540.72095030,529.27068086,530.79736328,530.79736328,90590700
2025-04-24,532.08619835,542.70375534,530.82720404,541.97015381,541.97015381,64150400
2025-04-25,541.93050483,546.29248099,538.99603830,545.88604736,545.88604736,61119600
2025-04-28,546.62955385,548.77087873,540.31455449,546.09417725,546.09417725,47613800
2025-04-29,544.17091451,550.65448962,543.81403712,549.53424072,549.53424072,47775100
2025-04-30,542.84258462,551.71532727,536.84482914,549.75238037,549.75238037,93101500
2025-05-01,555.53199687,559.20006473,553.04365747,553.64837646,553.64837646,63186100
2025-05-02,559.85431849,563.47282999,557.52463169,561.86682129,561.86682129,60717300
2025-05-05,557.71294968,561.75774115,556.85046583,558.64483643,558.64483643,38659200
2025-05-06,553.11304099,558.48622986,552.15144464,553.97552490,553.97552490,48264700
2025-05-07,555.31393142,558.95222928,551.23936939,556.30529785,556.30529785,55588000
2025-05-08,560.35995725,565.38619237,556.85054184,560.18151855,560.18151855,65130800
2025-05-09,561.58919040,562.60040344,557.90133663,559.46771240,559.46771240,37603400
2025-05-12,576.44982968,577.96664942,572.05808350,577.95672607,577.95672607,78993600
2025-05-13,578.37311913,583.99421091,577.80809346,581.77355957,581.77355957,67947200
2025-05-14,582.73516144,583.89504334,580.48474004,582.51708984,582.51708984,66283500
2025-05-15,580.50452395,585.86778970,580.04847360,585.36224365,585.36224365,71268100
2025-05-16,586.14534248,589.36728305,584.19237985,589.06988525,589.06988525,76052100
2025-05-19,583.02257106,590.39833969,583.02257106,589.71429443,589.71429443,68168500
2025-05-20,587.96954615,588.92121921,584.50962647,587.73156738,587.73156738,60614500
2025-05-21,583.35972304,587.46399499,576.79688145,577.82788086,577.82788086,95197700
2025-05-22,577.62950638,581.55533901,576.39029841,578.05584717,578.05584717,70860400
2025-05-23,571.00724756,576.78693110,570.63052346,574.11022949,574.11022949,76029000
2025-05-27,581.01016696,586.20491770,573.43611245,586.04632568,586.04632568,72588500
2025-05-28,586.45277345,587.65234872,581.92222121,582.65582275,582.65582275,68445500
2025-05-29,587.93977215,588.07857797,581.01013049,584.95574951,584.95574951,69973300
2025-05-30,583.84546330,586.02648169,578.20458552,584.30151367,584.30151367,90601200
2025-06-02,582.68555841,587.67210022,580.00885687,587.59283447,587.59283447,61630500
2025-06-03,587.22604030,591.92510767,586.74021990,590.94366455,590.94366455,63606200
2025-06-04,591.80610958,592.78755264,590.34876951,590.78497314,590.78497314,57314200
2025-06-05,592.47028446,593.82845153,585.94707684,587.92980957,587.92980957,92278700
2025-06-06,593.49138813,595.64269681,591.70694070,593.96728516,593.96728516,66588700
2025-06-09,594.54225739,596.05907710,593.32289602,594.50262451,594.50262451,53016400
2025-06-10,595.03787626,598.25981687,593.91768796,597.87322998,597.87322998,66247000
2025-06-11,598.97373603,599.83622006,594.09622973,596.16815186,596.16815186,73658200
2025-06-12,594.82977486,598.53747559,594.34401500,598.53747559,598.53747559,64129000
2025-06-13,593.33281382,596.65386719,590.33886781,591.84576416,591.84576416,89506000
2025-06-16,595.21640068,599.23142243,595.03790148,597.47668457,597.47668457,79984100
2025-06-17,595.02807061,596.55475314,591.60784430,592.37121582,592.37121582,82209400
2025-06-18,593.27334889,596.02931619,591.32032549,592.28198242,592.28198242,76605000
2025-06-20,594.96752415,596.04138205,589.47898455,590.89093018,590.89093018,94051400
2025-06-23,591.64657331,597.11520781,588.51457359,596.72747803,596.72747803,87426000
2025-06-24,600.88360101,604.38348564,599.96880396,603.31964111,603.31964111,67735300
2025-06-25,604.44318779,605.13920797,602.08670827,603.65771484,603.65771484,62114800
2025-06-26,605.51703448,608.81810842,604.90057508,608.38061523,608.38061523,78548400
2025-06-27,609.38486754,612.87486039,607.34657043,611.40325928,611.40325928,86258400
2025-06-30,613.85924750,615.68872048,611.53256521,614.32653809,614.32653809,92502500
2025-07-01,612.84500333,615.30094895,612.00982767,614.12768555,614.12768555,70030100
2025-07-02,613.71996641,616.95143217,613.09355435,616.91168213,616.91168213,66510400
2025-07-03,618.90027040,622.70844546,618.88036503,621.77380371,621.77380371,51065800
2025-07-07,619.80509008,620.47131290,614.34640815,617.14038086,617.14038086,74814500
2025-07-08,617.80655739,618.56223299,615.98703716,616.80236816,616.80236816,59024600
2025-07-09,619.21847711,621.15730807,617.36903823,620.50109863,620.50109863,66113300
2025-07-10,620.64034198,623.29509859,619.45712585,622.25109863,622.25109863,57529000
2025-07-11,619.18861226,621.29651742,617.98555152,620.06359863,620.06359863,63670200
2025-07-14,619.60615066,621.59474484,618.25392117,621.24676514,621.24676514,51898500
2025-07-15,623.94136452,624.27939156,618.51248025,618.59204102,618.59204102,74317300
2025-07-16,620.18291302,621.16725752,614.52535964,620.66015625,620.66015625,88987500
2025-07-17,620.83917844,624.81636713,620.62040150,624.45837402,624.45837402,68885700
2025-07-18,625.71119961,625.88021313,622.88742962,624.00103760,624.00103760,65621600
2025-07-21,625.18426514,627.93842709,624.75672463,625.18426514,625.18426514,63375000
2025-07-22,625.51236430,626.13877641,622.61898606,625.27374268,625.27374268,60046300
2025-07-23,627.94839713,630.59326172,626.13876891,630.59326172,630.59326172,70511000
2025-07-24,630.98096816,632.52217735,630.37446145,630.80200195,630.80200195,71307100
2025-07-25,631.46824940,633.94403977,631.21967510,633.46673584,633.46673584,56865400
2025-07-28,633.84457688,634.40138090,631.91563783,633.30767822,633.30767822,54917100
2025-07-29,634.70955119,635.02773356,630.72247066,631.63720703,631.63720703,60556300
2025-07-30,632.29343189,634.04340459,627.93840548,630.84179688,630.84179688,80418900
2025-07-31,635.81332116,636.20105095,627.17287590,628.47540283,628.47540283,103385200
2025-08-01,622.72827525,622.76808598,615.75824272,618.17437744,618.17437744,140103600
2025-08-04,622.10186145,627.62019832,622.01240870,627.57049561,627.57049561,73218000
2025-08-05,628.18695519,629.00228611,623.46404387,624.38873291,624.38873291,68051400
2025-08-06,625.46261704,629.82759614,624.54788064,629.17138672,629.17138672,64357500
2025-08-07,632.61158391,633.34735406,625.52224065,628.64434814,628.64434814,74205800
2025-08-08,630.44406233,634.01361588,630.12587995,633.54626465,633.54626465,64051600
2025-08-11,633.82471356,635.30620667,631.04063285,632.29345703,632.29345703,58742300
2025-08-12,634.64997017,639.18396320,633.15852429,639.02490234,639.02490234,64730800
2025-08-13,641.23218599,642.50491554,639.01492263,641.21234131,641.21234131,60092800
2025-08-14,639.12425678,641.93813477,638.67687160,641.27197266,641.27197266,59327500
2025-08-15,642.30607575,642.40554189,638.85589340,639.77062988,639.77062988,68592500
2025-08-18,639.19385448,640.32736780,638.51773970,639.63134766,639.63134766,43804900
2025-08-19,639.45237601,640.43672048,634.83882269,636.16125488,636.16125488,69750700
2025-08-20,635.75362944,636.01209573,629.34040061,634.47094727,634.47094727,88890300
2025-08-21,632.65141529,634.33171920,630.19546979,631.92553711,631.92553711,54805800
2025-08-22,634.12301189,642.81315998,633.61591059,641.62994385,641.62994385,84083200
2025-08-25,640.36708401,641.60995538,638.68671948,638.80603027,638.80603027,51274300
2025-08-26,638.53769297,641.82881437,637.91128086,641.48077393,641.48077393,51581600
2025-08-27,640.89413307,643.67815301,640.74496422,642.94238281,642.94238281,48341100
2025-08-28,643.54888736,645.77610330,641.65975916,645.21929932,645.21929932,61519500
2025-08-29,643.77758117,644.14552696,639.47231797,641.37139893,641.37139893,74522200
2025-09-02,633.86442983,636.83736859,631.29912621,636.61865234,636.61865234,81983500
2025-09-03,639.00494241,640.53619888,636.80758451,640.06884766,640.06884766,70820900
2025-09-04,640.74494318,645.44800990,639.84015949,645.41815186,645.41815186,65219200
2025-09-05,647.76469944,648.49057764,639.66121394,643.54888916,643.54888916,85178900
2025-09-08,644.92099753,646.13407159,643.53890996,645.12982178,645.12982178,63133100
2025-09-09,645.26898662,647.14822278,643.52896662,646.62127686,646.62127686,66133900
2025-09-10,649.89253294,650.81722206,646.91959401,648.49060059,648.49060059,78034500
2025-09-11,650.44936209,654.57571991,649.86276070,653.87969971,653.87969971,69934400
2025-09-12,653.84980757,655.35120603,653.15384808,653.66088867,653.66088867,72780100
2025-09-15,655.87821401,657.27019367,655.57993699,657.14093018,657.14093018,63772400
2025-09-16,657.69773276,658.00602315,655.45067209,656.23614502,656.23614502,61169000
2025-09-17,656.24612109,657.94633051,650.56866209,655.42083740,655.42083740,101952200
2025-09-18,658.11539126,661.09828287,656.50463464,658.48327637,658.48327637,90459200
2025-09-19,660.37867005,662.59210031,658.42442266,661.74462891,661.74462891,97945600
2025-09-22,660.24902209,665.32399173,660.21908127,664.87536621,664.87536621,69452200
2025-09-23,664.75571140,665.37394077,660.02968590,661.25610352,661.25610352,81708900
2025-09-24,662.55220911,662.65189014,657.72644209,659.15222168,659.15222168,68082200
2025-09-25,656.00160577,657.46724571,652.48197651,656.11126709,656.11126709,89622100
2025-09-26,657.56698629,660.41854566,655.94178367,659.87017822,659.87017822,69179200
2025-09-29,662.40265970,663.31999303,659.91002516,661.72467041,661.72467041,73499000
2025-09-30,660.97686035,664.68593208,659.66074204,664.21728516,664.21728516,86288000
2025-10-01,661.21617837,667.39792435,661.10651705,666.48065186,666.48065186,72545400
2025-10-02,668.47470853,668.59435011,664.81553825,667.24829102,667.24829102,56896000
2025-10-03,668.01607365,670.69815084,666.19144813,667.23840332,667.23840332,70494400
2025-10-06,669.64126690,670.52865938,667.48765747,669.63128662,669.63128662,54623300
2025-10-07,670.55852749,671.00721387,665.70288045,667.14862061,667.14862061,72020100
2025-10-08,668.27533273,671.22663399,667.44776101,671.12689209,671.12689209,60702200
2025-10-09,671.54569074,671.95445603,667.23841092,669.18261719,669.18261719,66501900
2025-10-10,670.14975219,671.96439734,650.91660696,651.09606934,651.09606934,159422600
2025-10-13,658.70363545,663.17041713,657.82622322,661.08654785,661.08654785,79560500
2025-10-14,655.23384078,663.86836092,651.24562550,660.27893066,660.27893066,88779600
2025-10-15,664.85542924,668.25535596,656.98866007,663.21026611,663.21026611,81702600
2025-10-16,664.85544999,666.73989636,655.17403528,658.69366455,658.69366455,110563300
2025-10-17,657.55700929,663.79857608,656.20103067,662.43261719,662.43261719,96500900
2025-10-20,665.35394993,670.22955763,665.30410942,669.32220459,669.32220459,60493400
2025-10-21,669.46177723,671.00719838,668.00605684,669.31219482,669.31219482,56249000
2025-10-22,670.02015769,670.02015769,661.34577740,665.83251953,665.83251953,80564000
2025-10-23,666.15159328,670.72809709,665.83252875,669.78088379,669.78088379,65604500
2025-10-24,674.46704910,676.47107616,673.65943794,675.25469971,675.25469971,74356500
2025-10-27,680.71851562,683.52023434,680.11032741,683.22113037,683.22113037,63339800
2025-10-28,685.02578633,686.88029175,682.81235615,685.03576660,685.03576660,61738100
2025-10-29,686.69084483,687.66799891,680.85810460,685.36480713,685.36480713,85657100
2025-10-30,681.88510358,683.91907138,677.82708740,677.82708740,677.82708740,76335800
2025-10-31,683.02173807,683.06165917,677.23883799,680.05053711,680.05053711,87164100
2025-11-03,683.64987380,683.77949567,677.93677491,681.32678223,681.32678223,57315000
2025-11-04,674.11804230,677.95673602,672.59258161,673.25061035,673.25061035,78427000
2025-11-05,672.99136381,678.85404510,672.18375265,675.58374023,675.58374023,74402400
2025-11-06,674.47696880,675.38432186,666.74980169,668.33514404,668.33514404,85035300
2025-11-07,665.94218185,669.10288623,659.26197002,668.99316406,668.99316406,100592400
2025-11-10,675.24473474,680.17018315,673.04128469,679.43237305,679.43237305,75842900
2025-11-11,677.94673007,681.55605989,676.73029282,680.98773193,680.98773193,58953400
2025-11-12,682.77245728,682.94200024,678.94380473,681.36663818,681.36663818,62312500
2025-11-13,678.49509441,678.85401916,668.54451720,670.05999756,670.05999756,103457800
2025-11-14,663.41968795,673.66936976,661.31591895,669.95037842,669.95037842,96846700
2025-11-17,667.72695739,671.72515295,660.21911289,663.70880127,663.70880127,90456100
2025-11-18,660.14932231,663.16044438,653.92771610,658.13531494,658.13531494,114467500
2025-11-19,658.83327014,665.37394094,656.80922162,660.67779541,660.67779541,94703000
2025-11-20,670.92744436,673.56966127,649.96941491,650.60754395,650.60754395,165293500
2025-11-21,653.12006350,662.59207437,648.93242547,657.08837891,657.08837891,123956200
2025-11-24,660.73758260,668.08586421,659.64084777,666.75976562,666.75976562,80437900
2025-11-25,666.66006185,674.21774641,662.52226440,673.03125000,673.03125000,81077100
2025-11-26,675.63360305,679.69161951,674.72624998,677.67755127,677.67755127,71879600
2025-11-28,678.85401168,681.65573032,678.49508693,681.37658691,681.37658691,49212000
2025-12-01,676.81008765,680.97776523,676.74028658,678.26580811,678.26580811,61201200
2025-12-02,679.91089945,681.80532598,677.32856423,679.52209473,679.52209473,62953800
2025-12-03,678.56489623,682.89207554,677.68748404,681.87512207,681.87512207,57238500
2025-12-04,683.28094940,683.35075047,679.33265534,682.37365723,682.37365723,61970300
2025-12-05,683.45041633,686.36185715,682.56308473,683.66979980,683.66979980,79241000
2025-12-08,684.56720697,684.61704749,679.56197733,681.61590576,681.61590576,55231500
2025-12-09,681.13731006,683.37070077,680.57896238,681.02758789,681.02758789,58310100
2025-12-10,680.54906208,686.94015038,679.30274479,685.54431152,685.54431152,85671300
2025-12-11,683.12143134,687.21930771,680.16015001,687.13952637,687.13952637,86173700
2025-12-12,686.14249185,686.85042195,677.16900771,679.75140381,679.75140381,113160300
2025-12-15,683.71967564,683.73963619,677.24880609,678.72442627,678.72442627,90811000
2025-12-16,677.22885886,679.07344497,672.99138005,676.86993408,676.86993408,122030600
2025-12-17,677.88691294,678.43528035,669.22251311,669.42193604,669.42193604,110625200
2025-12-18,675.60360433,678.73436775,672.91160786,674.47692871,674.47692871,108650100
2025-12-19,676.59002686,681.09002686,676.46997070,680.59002686,680.59002686,103599500
2025-12-22,683.94000244,685.35998535,680.59002686,684.83001709,684.83001709,69556700
2025-12-23,683.91998291,688.20001221,683.86999512,687.96002197,687.96002197,64840000
2025-12-24,687.95001221,690.83001709,687.79998779,690.38000488,690.38000488,39445600
2025-12-26,690.64001465,691.65997314,689.27001953,690.30999756,690.30999756,41613300
2025-12-29,687.53997803,689.20001221,686.07000732,687.84997559,687.84997559,62559500
2025-12-30,687.45001221,688.55999756,686.58001709,687.01000977,687.01000977,47160700
2025-12-31,687.14001465,687.35998535,681.71002197,681.91998291,681.91998291,74144800
2026-01-02,685.71002197,686.86999512,679.82000732,683.16998291,683.16998291,89377200
2026-01-05,686.53997803,689.42999268,686.38000488,687.71997070,687.71997070,71927200
2026-01-06,687.92999268,692.32000732,687.78002930,691.80999756,691.80999756,69273800
2026-01-07,692.19000244,693.96002197,689.32000732,689.58001709,689.58001709,75588300
2026-01-08,688.82000732,690.61999512,687.48999023,689.51000977,689.51000977,64019200
2026-01-09,690.63000488,695.30999756,689.17999268,694.07000732,694.07000732,80125500
2026-01-12,690.67999268,696.09002686,690.63000488,695.15997314,695.15997314,63976000
2026-01-13,695.48999023,696.09002686,691.34997559,693.77001953,693.77001953,78309700
2026-01-14,691.00000000,691.71997070,686.03997803,690.35998535,690.35998535,94676700
2026-01-15,694.57000732,695.45001221,691.25000000,692.23999023,692.23999023,77862000
2026-01-16,693.65997314,694.25000000,690.09997559,691.65997314,691.65997314,79289200
2026-01-20,681.48999023,684.77001953,676.57000732,677.58001709,677.58001709,111623300
2026-01-21,679.65002441,688.73999023,678.13000488,685.40002441,685.40002441,127844500
2026-01-22,689.84997559,691.13000488,686.91998291,688.97998047,688.97998047,77112200
2026-01-23,688.15002441,690.96002197,687.15997314,689.22998047,689.22998047,63059600
2026-01-26,690.48999023,694.13000488,689.91998291,692.72998047,692.72998047,60473800
2026-01-27,694.17999268,696.53002930,693.57000732,695.48999023,695.48999023,55506100
2026-01-28,697.04998779,697.84002686,693.94000244,695.41998291,695.41998291,61172200
2026-01-29,696.39001465,697.05999756,684.83001709,694.03997803,694.03997803,97486200
2026-01-30,691.78997803,694.21002197,687.11999512,691.96997070,691.96997070,101835100
2026-02-02,689.58001709,696.92999268,689.41998291,695.40997314,695.40997314,79286500
2026-02-03,696.21002197,696.96002197,684.03002930,689.53002930,689.53002930,107904600
2026-02-04,690.34997559,691.45001221,681.76000977,686.19000244,686.19000244,105204600
2026-02-05,680.94000244,683.69000244,675.78997803,677.61999512,677.61999512,113610800
2026-02-06,681.46002197,692.30999756,680.84997559,690.61999512,690.61999512,89127600
2026-02-09,689.41998291,695.86999512,688.34002686,693.95001221,693.95001221,73885200
2026-02-10,694.95001221,696.53997803,691.65997314,692.11999512,692.11999512,65185700
2026-02-11,696.39001465,697.14001465,689.17999268,691.96002197,691.96002197,76353900
2026-02-12,694.23999023,695.34997559,680.36999512,681.27001953,681.27001953,118829000
2026-02-13,681.69000244,686.28002930,677.52001953,681.75000000,681.75000000,96267500
2026-02-17,680.14001465,684.94000244,675.78002930,682.84997559,682.84997559,81354700
2026-02-18,684.02001953,689.15002441,682.83001709,686.28997803,686.28997803,73570300
2026-02-19,683.84002686,686.17999268,681.54998779,684.47998047,684.47998047,58649400
2026-02-20,682.32000732,690.05999756,681.72998047,689.42999268,689.42999268,100034000
2026-02-23,687.83001709,690.00000000,680.36999512,682.39001465,682.39001465,90558100
2026-02-24,681.90002441,688.34997559,680.00000000,687.34997559,687.34997559,73798700
2026-02-25,690.17999268,693.67999268,690.09997559,693.15002441,693.15002441,56369500
2026-02-26,693.28002930,693.29998779,684.35998535,689.29998779,689.29998779,67867592
